ISO-10303-21;
HEADER;
  FILE_DESCRIPTION(('Benchmark plate with 400 triangular holes (20x20 grid)'),'2;1');
  FILE_NAME('benchmark_plate_20x20.stp','2026-01-04',(''),(''),'','','');
  FILE_SCHEMA(('AUTOMOTIVE_DESIGN'));
ENDSEC;
DATA;

#1 = CARTESIAN_POINT('', (0.0, 0.0, 0.0));
#2 = DIRECTION('', (0.0, 0.0, 1.0));
#3 = DIRECTION('', (1.0, 0.0, 0.0));
#4 = AXIS2_PLACEMENT_3D('', #1, #2, #3);
#5 = PLANE('', #4);

/* Direction vectors for edges */
#600 = DIRECTION('', (1.0, 0.0, 0.0));    /* +X direction */
#601 = DIRECTION('', (0.0, 1.0, 0.0));    /* +Y direction */
#602 = DIRECTION('', (-1.0, 0.0, 0.0));   /* -X direction */
#603 = DIRECTION('', (0.0, -1.0, 0.0));   /* -Y direction */
#604 = DIRECTION('', (0.8944271909999159, -0.4472135954999579, 0.0));   /* diagonal down-right */
#605 = DIRECTION('', (-0.8944271909999159, -0.4472135954999579, 0.0));  /* diagonal down-left */

#610 = VECTOR('', #600, 1.0);  /* +X */
#611 = VECTOR('', #601, 1.0);  /* +Y */
#612 = VECTOR('', #602, 1.0);  /* -X */
#613 = VECTOR('', #603, 1.0);  /* -Y */
#614 = VECTOR('', #604, 1.0);  /* diagonal down-right */
#615 = VECTOR('', #605, 1.0);  /* diagonal down-left */


/* ==== Outer rectangular boundary (CCW) ==== */
#7 = CARTESIAN_POINT('', (0.0, 0.0, 0.0));
#8 = CARTESIAN_POINT('', (100.0, 0.0, 0.0));
#9 = CARTESIAN_POINT('', (100.0, 100.0, 0.0));
#10 = CARTESIAN_POINT('', (0.0, 100.0, 0.0));
#11 = VERTEX_POINT('', #7);
#12 = VERTEX_POINT('', #8);
#13 = VERTEX_POINT('', #9);
#14 = VERTEX_POINT('', #10);
#15 = LINE('', #7, #610);   /* (0,0) -> (100,0): +X */
#16 = LINE('', #8, #611);   /* (100,0) -> (100,100): +Y */
#17 = LINE('', #9, #612);   /* (100,100) -> (0,100): -X */
#18 = LINE('', #10, #613);  /* (0,100) -> (0,0): -Y */
#19 = EDGE_CURVE('', #11, #12, #15, .T.);
#20 = EDGE_CURVE('', #12, #13, #16, .T.);
#21 = EDGE_CURVE('', #13, #14, #17, .T.);
#22 = EDGE_CURVE('', #14, #11, #18, .T.);
#23 = ORIENTED_EDGE('', *, *, #19, .T.);
#24 = ORIENTED_EDGE('', *, *, #20, .T.);
#25 = ORIENTED_EDGE('', *, *, #21, .T.);
#26 = ORIENTED_EDGE('', *, *, #22, .T.);
#27 = EDGE_LOOP('', (#23, #24, #25, #26));
#28 = FACE_OUTER_BOUND('', #27, .T.);

/* ==== Hole 1 (row 0, col 0) CW ==== */
#29 = CARTESIAN_POINT('', (5.750, 5.750, 0.0));
#30 = CARTESIAN_POINT('', (5.750, 8.750, 0.0));
#31 = CARTESIAN_POINT('', (8.750, 7.250, 0.0));
#32 = VERTEX_POINT('', #29);
#33 = VERTEX_POINT('', #30);
#34 = VERTEX_POINT('', #31);
#35 = LINE('', #29, #611);
#36 = LINE('', #30, #614);
#37 = LINE('', #31, #615);
#38 = EDGE_CURVE('', #32, #33, #35, .T.);
#39 = EDGE_CURVE('', #33, #34, #36, .T.);
#40 = EDGE_CURVE('', #34, #32, #37, .T.);
#41 = ORIENTED_EDGE('', *, *, #38, .T.);
#42 = ORIENTED_EDGE('', *, *, #39, .T.);
#43 = ORIENTED_EDGE('', *, *, #40, .T.);
#44 = EDGE_LOOP('', (#41, #42, #43));
#45 = FACE_BOUND('', #44, .T.);

/* ==== Hole 2 (row 0, col 1) CW ==== */
#46 = CARTESIAN_POINT('', (10.250, 5.750, 0.0));
#47 = CARTESIAN_POINT('', (10.250, 8.750, 0.0));
#48 = CARTESIAN_POINT('', (13.250, 7.250, 0.0));
#49 = VERTEX_POINT('', #46);
#50 = VERTEX_POINT('', #47);
#51 = VERTEX_POINT('', #48);
#52 = LINE('', #46, #611);
#53 = LINE('', #47, #614);
#54 = LINE('', #48, #615);
#55 = EDGE_CURVE('', #49, #50, #52, .T.);
#56 = EDGE_CURVE('', #50, #51, #53, .T.);
#57 = EDGE_CURVE('', #51, #49, #54, .T.);
#58 = ORIENTED_EDGE('', *, *, #55, .T.);
#59 = ORIENTED_EDGE('', *, *, #56, .T.);
#60 = ORIENTED_EDGE('', *, *, #57, .T.);
#61 = EDGE_LOOP('', (#58, #59, #60));
#62 = FACE_BOUND('', #61, .T.);

/* ==== Hole 3 (row 0, col 2) CW ==== */
#63 = CARTESIAN_POINT('', (14.750, 5.750, 0.0));
#64 = CARTESIAN_POINT('', (14.750, 8.750, 0.0));
#65 = CARTESIAN_POINT('', (17.750, 7.250, 0.0));
#66 = VERTEX_POINT('', #63);
#67 = VERTEX_POINT('', #64);
#68 = VERTEX_POINT('', #65);
#69 = LINE('', #63, #611);
#70 = LINE('', #64, #614);
#71 = LINE('', #65, #615);
#72 = EDGE_CURVE('', #66, #67, #69, .T.);
#73 = EDGE_CURVE('', #67, #68, #70, .T.);
#74 = EDGE_CURVE('', #68, #66, #71, .T.);
#75 = ORIENTED_EDGE('', *, *, #72, .T.);
#76 = ORIENTED_EDGE('', *, *, #73, .T.);
#77 = ORIENTED_EDGE('', *, *, #74, .T.);
#78 = EDGE_LOOP('', (#75, #76, #77));
#79 = FACE_BOUND('', #78, .T.);

/* ==== Hole 4 (row 0, col 3) CW ==== */
#80 = CARTESIAN_POINT('', (19.250, 5.750, 0.0));
#81 = CARTESIAN_POINT('', (19.250, 8.750, 0.0));
#82 = CARTESIAN_POINT('', (22.250, 7.250, 0.0));
#83 = VERTEX_POINT('', #80);
#84 = VERTEX_POINT('', #81);
#85 = VERTEX_POINT('', #82);
#86 = LINE('', #80, #611);
#87 = LINE('', #81, #614);
#88 = LINE('', #82, #615);
#89 = EDGE_CURVE('', #83, #84, #86, .T.);
#90 = EDGE_CURVE('', #84, #85, #87, .T.);
#91 = EDGE_CURVE('', #85, #83, #88, .T.);
#92 = ORIENTED_EDGE('', *, *, #89, .T.);
#93 = ORIENTED_EDGE('', *, *, #90, .T.);
#94 = ORIENTED_EDGE('', *, *, #91, .T.);
#95 = EDGE_LOOP('', (#92, #93, #94));
#96 = FACE_BOUND('', #95, .T.);

/* ==== Hole 5 (row 0, col 4) CW ==== */
#97 = CARTESIAN_POINT('', (23.750, 5.750, 0.0));
#98 = CARTESIAN_POINT('', (23.750, 8.750, 0.0));
#99 = CARTESIAN_POINT('', (26.750, 7.250, 0.0));
#100 = VERTEX_POINT('', #97);
#101 = VERTEX_POINT('', #98);
#102 = VERTEX_POINT('', #99);
#103 = LINE('', #97, #611);
#104 = LINE('', #98, #614);
#105 = LINE('', #99, #615);
#106 = EDGE_CURVE('', #100, #101, #103, .T.);
#107 = EDGE_CURVE('', #101, #102, #104, .T.);
#108 = EDGE_CURVE('', #102, #100, #105, .T.);
#109 = ORIENTED_EDGE('', *, *, #106, .T.);
#110 = ORIENTED_EDGE('', *, *, #107, .T.);
#111 = ORIENTED_EDGE('', *, *, #108, .T.);
#112 = EDGE_LOOP('', (#109, #110, #111));
#113 = FACE_BOUND('', #112, .T.);

/* ==== Hole 6 (row 0, col 5) CW ==== */
#114 = CARTESIAN_POINT('', (28.250, 5.750, 0.0));
#115 = CARTESIAN_POINT('', (28.250, 8.750, 0.0));
#116 = CARTESIAN_POINT('', (31.250, 7.250, 0.0));
#117 = VERTEX_POINT('', #114);
#118 = VERTEX_POINT('', #115);
#119 = VERTEX_POINT('', #116);
#120 = LINE('', #114, #611);
#121 = LINE('', #115, #614);
#122 = LINE('', #116, #615);
#123 = EDGE_CURVE('', #117, #118, #120, .T.);
#124 = EDGE_CURVE('', #118, #119, #121, .T.);
#125 = EDGE_CURVE('', #119, #117, #122, .T.);
#126 = ORIENTED_EDGE('', *, *, #123, .T.);
#127 = ORIENTED_EDGE('', *, *, #124, .T.);
#128 = ORIENTED_EDGE('', *, *, #125, .T.);
#129 = EDGE_LOOP('', (#126, #127, #128));
#130 = FACE_BOUND('', #129, .T.);

/* ==== Hole 7 (row 0, col 6) CW ==== */
#131 = CARTESIAN_POINT('', (32.750, 5.750, 0.0));
#132 = CARTESIAN_POINT('', (32.750, 8.750, 0.0));
#133 = CARTESIAN_POINT('', (35.750, 7.250, 0.0));
#134 = VERTEX_POINT('', #131);
#135 = VERTEX_POINT('', #132);
#136 = VERTEX_POINT('', #133);
#137 = LINE('', #131, #611);
#138 = LINE('', #132, #614);
#139 = LINE('', #133, #615);
#140 = EDGE_CURVE('', #134, #135, #137, .T.);
#141 = EDGE_CURVE('', #135, #136, #138, .T.);
#142 = EDGE_CURVE('', #136, #134, #139, .T.);
#143 = ORIENTED_EDGE('', *, *, #140, .T.);
#144 = ORIENTED_EDGE('', *, *, #141, .T.);
#145 = ORIENTED_EDGE('', *, *, #142, .T.);
#146 = EDGE_LOOP('', (#143, #144, #145));
#147 = FACE_BOUND('', #146, .T.);

/* ==== Hole 8 (row 0, col 7) CW ==== */
#148 = CARTESIAN_POINT('', (37.250, 5.750, 0.0));
#149 = CARTESIAN_POINT('', (37.250, 8.750, 0.0));
#150 = CARTESIAN_POINT('', (40.250, 7.250, 0.0));
#151 = VERTEX_POINT('', #148);
#152 = VERTEX_POINT('', #149);
#153 = VERTEX_POINT('', #150);
#154 = LINE('', #148, #611);
#155 = LINE('', #149, #614);
#156 = LINE('', #150, #615);
#157 = EDGE_CURVE('', #151, #152, #154, .T.);
#158 = EDGE_CURVE('', #152, #153, #155, .T.);
#159 = EDGE_CURVE('', #153, #151, #156, .T.);
#160 = ORIENTED_EDGE('', *, *, #157, .T.);
#161 = ORIENTED_EDGE('', *, *, #158, .T.);
#162 = ORIENTED_EDGE('', *, *, #159, .T.);
#163 = EDGE_LOOP('', (#160, #161, #162));
#164 = FACE_BOUND('', #163, .T.);

/* ==== Hole 9 (row 0, col 8) CW ==== */
#165 = CARTESIAN_POINT('', (41.750, 5.750, 0.0));
#166 = CARTESIAN_POINT('', (41.750, 8.750, 0.0));
#167 = CARTESIAN_POINT('', (44.750, 7.250, 0.0));
#168 = VERTEX_POINT('', #165);
#169 = VERTEX_POINT('', #166);
#170 = VERTEX_POINT('', #167);
#171 = LINE('', #165, #611);
#172 = LINE('', #166, #614);
#173 = LINE('', #167, #615);
#174 = EDGE_CURVE('', #168, #169, #171, .T.);
#175 = EDGE_CURVE('', #169, #170, #172, .T.);
#176 = EDGE_CURVE('', #170, #168, #173, .T.);
#177 = ORIENTED_EDGE('', *, *, #174, .T.);
#178 = ORIENTED_EDGE('', *, *, #175, .T.);
#179 = ORIENTED_EDGE('', *, *, #176, .T.);
#180 = EDGE_LOOP('', (#177, #178, #179));
#181 = FACE_BOUND('', #180, .T.);

/* ==== Hole 10 (row 0, col 9) CW ==== */
#182 = CARTESIAN_POINT('', (46.250, 5.750, 0.0));
#183 = CARTESIAN_POINT('', (46.250, 8.750, 0.0));
#184 = CARTESIAN_POINT('', (49.250, 7.250, 0.0));
#185 = VERTEX_POINT('', #182);
#186 = VERTEX_POINT('', #183);
#187 = VERTEX_POINT('', #184);
#188 = LINE('', #182, #611);
#189 = LINE('', #183, #614);
#190 = LINE('', #184, #615);
#191 = EDGE_CURVE('', #185, #186, #188, .T.);
#192 = EDGE_CURVE('', #186, #187, #189, .T.);
#193 = EDGE_CURVE('', #187, #185, #190, .T.);
#194 = ORIENTED_EDGE('', *, *, #191, .T.);
#195 = ORIENTED_EDGE('', *, *, #192, .T.);
#196 = ORIENTED_EDGE('', *, *, #193, .T.);
#197 = EDGE_LOOP('', (#194, #195, #196));
#198 = FACE_BOUND('', #197, .T.);

/* ==== Hole 11 (row 0, col 10) CW ==== */
#199 = CARTESIAN_POINT('', (50.750, 5.750, 0.0));
#200 = CARTESIAN_POINT('', (50.750, 8.750, 0.0));
#201 = CARTESIAN_POINT('', (53.750, 7.250, 0.0));
#202 = VERTEX_POINT('', #199);
#203 = VERTEX_POINT('', #200);
#204 = VERTEX_POINT('', #201);
#205 = LINE('', #199, #611);
#206 = LINE('', #200, #614);
#207 = LINE('', #201, #615);
#208 = EDGE_CURVE('', #202, #203, #205, .T.);
#209 = EDGE_CURVE('', #203, #204, #206, .T.);
#210 = EDGE_CURVE('', #204, #202, #207, .T.);
#211 = ORIENTED_EDGE('', *, *, #208, .T.);
#212 = ORIENTED_EDGE('', *, *, #209, .T.);
#213 = ORIENTED_EDGE('', *, *, #210, .T.);
#214 = EDGE_LOOP('', (#211, #212, #213));
#215 = FACE_BOUND('', #214, .T.);

/* ==== Hole 12 (row 0, col 11) CW ==== */
#216 = CARTESIAN_POINT('', (55.250, 5.750, 0.0));
#217 = CARTESIAN_POINT('', (55.250, 8.750, 0.0));
#218 = CARTESIAN_POINT('', (58.250, 7.250, 0.0));
#219 = VERTEX_POINT('', #216);
#220 = VERTEX_POINT('', #217);
#221 = VERTEX_POINT('', #218);
#222 = LINE('', #216, #611);
#223 = LINE('', #217, #614);
#224 = LINE('', #218, #615);
#225 = EDGE_CURVE('', #219, #220, #222, .T.);
#226 = EDGE_CURVE('', #220, #221, #223, .T.);
#227 = EDGE_CURVE('', #221, #219, #224, .T.);
#228 = ORIENTED_EDGE('', *, *, #225, .T.);
#229 = ORIENTED_EDGE('', *, *, #226, .T.);
#230 = ORIENTED_EDGE('', *, *, #227, .T.);
#231 = EDGE_LOOP('', (#228, #229, #230));
#232 = FACE_BOUND('', #231, .T.);

/* ==== Hole 13 (row 0, col 12) CW ==== */
#233 = CARTESIAN_POINT('', (59.750, 5.750, 0.0));
#234 = CARTESIAN_POINT('', (59.750, 8.750, 0.0));
#235 = CARTESIAN_POINT('', (62.750, 7.250, 0.0));
#236 = VERTEX_POINT('', #233);
#237 = VERTEX_POINT('', #234);
#238 = VERTEX_POINT('', #235);
#239 = LINE('', #233, #611);
#240 = LINE('', #234, #614);
#241 = LINE('', #235, #615);
#242 = EDGE_CURVE('', #236, #237, #239, .T.);
#243 = EDGE_CURVE('', #237, #238, #240, .T.);
#244 = EDGE_CURVE('', #238, #236, #241, .T.);
#245 = ORIENTED_EDGE('', *, *, #242, .T.);
#246 = ORIENTED_EDGE('', *, *, #243, .T.);
#247 = ORIENTED_EDGE('', *, *, #244, .T.);
#248 = EDGE_LOOP('', (#245, #246, #247));
#249 = FACE_BOUND('', #248, .T.);

/* ==== Hole 14 (row 0, col 13) CW ==== */
#250 = CARTESIAN_POINT('', (64.250, 5.750, 0.0));
#251 = CARTESIAN_POINT('', (64.250, 8.750, 0.0));
#252 = CARTESIAN_POINT('', (67.250, 7.250, 0.0));
#253 = VERTEX_POINT('', #250);
#254 = VERTEX_POINT('', #251);
#255 = VERTEX_POINT('', #252);
#256 = LINE('', #250, #611);
#257 = LINE('', #251, #614);
#258 = LINE('', #252, #615);
#259 = EDGE_CURVE('', #253, #254, #256, .T.);
#260 = EDGE_CURVE('', #254, #255, #257, .T.);
#261 = EDGE_CURVE('', #255, #253, #258, .T.);
#262 = ORIENTED_EDGE('', *, *, #259, .T.);
#263 = ORIENTED_EDGE('', *, *, #260, .T.);
#264 = ORIENTED_EDGE('', *, *, #261, .T.);
#265 = EDGE_LOOP('', (#262, #263, #264));
#266 = FACE_BOUND('', #265, .T.);

/* ==== Hole 15 (row 0, col 14) CW ==== */
#267 = CARTESIAN_POINT('', (68.750, 5.750, 0.0));
#268 = CARTESIAN_POINT('', (68.750, 8.750, 0.0));
#269 = CARTESIAN_POINT('', (71.750, 7.250, 0.0));
#270 = VERTEX_POINT('', #267);
#271 = VERTEX_POINT('', #268);
#272 = VERTEX_POINT('', #269);
#273 = LINE('', #267, #611);
#274 = LINE('', #268, #614);
#275 = LINE('', #269, #615);
#276 = EDGE_CURVE('', #270, #271, #273, .T.);
#277 = EDGE_CURVE('', #271, #272, #274, .T.);
#278 = EDGE_CURVE('', #272, #270, #275, .T.);
#279 = ORIENTED_EDGE('', *, *, #276, .T.);
#280 = ORIENTED_EDGE('', *, *, #277, .T.);
#281 = ORIENTED_EDGE('', *, *, #278, .T.);
#282 = EDGE_LOOP('', (#279, #280, #281));
#283 = FACE_BOUND('', #282, .T.);

/* ==== Hole 16 (row 0, col 15) CW ==== */
#284 = CARTESIAN_POINT('', (73.250, 5.750, 0.0));
#285 = CARTESIAN_POINT('', (73.250, 8.750, 0.0));
#286 = CARTESIAN_POINT('', (76.250, 7.250, 0.0));
#287 = VERTEX_POINT('', #284);
#288 = VERTEX_POINT('', #285);
#289 = VERTEX_POINT('', #286);
#290 = LINE('', #284, #611);
#291 = LINE('', #285, #614);
#292 = LINE('', #286, #615);
#293 = EDGE_CURVE('', #287, #288, #290, .T.);
#294 = EDGE_CURVE('', #288, #289, #291, .T.);
#295 = EDGE_CURVE('', #289, #287, #292, .T.);
#296 = ORIENTED_EDGE('', *, *, #293, .T.);
#297 = ORIENTED_EDGE('', *, *, #294, .T.);
#298 = ORIENTED_EDGE('', *, *, #295, .T.);
#299 = EDGE_LOOP('', (#296, #297, #298));
#300 = FACE_BOUND('', #299, .T.);

/* ==== Hole 17 (row 0, col 16) CW ==== */
#301 = CARTESIAN_POINT('', (77.750, 5.750, 0.0));
#302 = CARTESIAN_POINT('', (77.750, 8.750, 0.0));
#303 = CARTESIAN_POINT('', (80.750, 7.250, 0.0));
#304 = VERTEX_POINT('', #301);
#305 = VERTEX_POINT('', #302);
#306 = VERTEX_POINT('', #303);
#307 = LINE('', #301, #611);
#308 = LINE('', #302, #614);
#309 = LINE('', #303, #615);
#310 = EDGE_CURVE('', #304, #305, #307, .T.);
#311 = EDGE_CURVE('', #305, #306, #308, .T.);
#312 = EDGE_CURVE('', #306, #304, #309, .T.);
#313 = ORIENTED_EDGE('', *, *, #310, .T.);
#314 = ORIENTED_EDGE('', *, *, #311, .T.);
#315 = ORIENTED_EDGE('', *, *, #312, .T.);
#316 = EDGE_LOOP('', (#313, #314, #315));
#317 = FACE_BOUND('', #316, .T.);

/* ==== Hole 18 (row 0, col 17) CW ==== */
#318 = CARTESIAN_POINT('', (82.250, 5.750, 0.0));
#319 = CARTESIAN_POINT('', (82.250, 8.750, 0.0));
#320 = CARTESIAN_POINT('', (85.250, 7.250, 0.0));
#321 = VERTEX_POINT('', #318);
#322 = VERTEX_POINT('', #319);
#323 = VERTEX_POINT('', #320);
#324 = LINE('', #318, #611);
#325 = LINE('', #319, #614);
#326 = LINE('', #320, #615);
#327 = EDGE_CURVE('', #321, #322, #324, .T.);
#328 = EDGE_CURVE('', #322, #323, #325, .T.);
#329 = EDGE_CURVE('', #323, #321, #326, .T.);
#330 = ORIENTED_EDGE('', *, *, #327, .T.);
#331 = ORIENTED_EDGE('', *, *, #328, .T.);
#332 = ORIENTED_EDGE('', *, *, #329, .T.);
#333 = EDGE_LOOP('', (#330, #331, #332));
#334 = FACE_BOUND('', #333, .T.);

/* ==== Hole 19 (row 0, col 18) CW ==== */
#335 = CARTESIAN_POINT('', (86.750, 5.750, 0.0));
#336 = CARTESIAN_POINT('', (86.750, 8.750, 0.0));
#337 = CARTESIAN_POINT('', (89.750, 7.250, 0.0));
#338 = VERTEX_POINT('', #335);
#339 = VERTEX_POINT('', #336);
#340 = VERTEX_POINT('', #337);
#341 = LINE('', #335, #611);
#342 = LINE('', #336, #614);
#343 = LINE('', #337, #615);
#344 = EDGE_CURVE('', #338, #339, #341, .T.);
#345 = EDGE_CURVE('', #339, #340, #342, .T.);
#346 = EDGE_CURVE('', #340, #338, #343, .T.);
#347 = ORIENTED_EDGE('', *, *, #344, .T.);
#348 = ORIENTED_EDGE('', *, *, #345, .T.);
#349 = ORIENTED_EDGE('', *, *, #346, .T.);
#350 = EDGE_LOOP('', (#347, #348, #349));
#351 = FACE_BOUND('', #350, .T.);

/* ==== Hole 20 (row 0, col 19) CW ==== */
#352 = CARTESIAN_POINT('', (91.250, 5.750, 0.0));
#353 = CARTESIAN_POINT('', (91.250, 8.750, 0.0));
#354 = CARTESIAN_POINT('', (94.250, 7.250, 0.0));
#355 = VERTEX_POINT('', #352);
#356 = VERTEX_POINT('', #353);
#357 = VERTEX_POINT('', #354);
#358 = LINE('', #352, #611);
#359 = LINE('', #353, #614);
#360 = LINE('', #354, #615);
#361 = EDGE_CURVE('', #355, #356, #358, .T.);
#362 = EDGE_CURVE('', #356, #357, #359, .T.);
#363 = EDGE_CURVE('', #357, #355, #360, .T.);
#364 = ORIENTED_EDGE('', *, *, #361, .T.);
#365 = ORIENTED_EDGE('', *, *, #362, .T.);
#366 = ORIENTED_EDGE('', *, *, #363, .T.);
#367 = EDGE_LOOP('', (#364, #365, #366));
#368 = FACE_BOUND('', #367, .T.);

/* ==== Hole 21 (row 1, col 0) CW ==== */
#369 = CARTESIAN_POINT('', (5.750, 10.250, 0.0));
#370 = CARTESIAN_POINT('', (5.750, 13.250, 0.0));
#371 = CARTESIAN_POINT('', (8.750, 11.750, 0.0));
#372 = VERTEX_POINT('', #369);
#373 = VERTEX_POINT('', #370);
#374 = VERTEX_POINT('', #371);
#375 = LINE('', #369, #611);
#376 = LINE('', #370, #614);
#377 = LINE('', #371, #615);
#378 = EDGE_CURVE('', #372, #373, #375, .T.);
#379 = EDGE_CURVE('', #373, #374, #376, .T.);
#380 = EDGE_CURVE('', #374, #372, #377, .T.);
#381 = ORIENTED_EDGE('', *, *, #378, .T.);
#382 = ORIENTED_EDGE('', *, *, #379, .T.);
#383 = ORIENTED_EDGE('', *, *, #380, .T.);
#384 = EDGE_LOOP('', (#381, #382, #383));
#385 = FACE_BOUND('', #384, .T.);

/* ==== Hole 22 (row 1, col 1) CW ==== */
#386 = CARTESIAN_POINT('', (10.250, 10.250, 0.0));
#387 = CARTESIAN_POINT('', (10.250, 13.250, 0.0));
#388 = CARTESIAN_POINT('', (13.250, 11.750, 0.0));
#389 = VERTEX_POINT('', #386);
#390 = VERTEX_POINT('', #387);
#391 = VERTEX_POINT('', #388);
#392 = LINE('', #386, #611);
#393 = LINE('', #387, #614);
#394 = LINE('', #388, #615);
#395 = EDGE_CURVE('', #389, #390, #392, .T.);
#396 = EDGE_CURVE('', #390, #391, #393, .T.);
#397 = EDGE_CURVE('', #391, #389, #394, .T.);
#398 = ORIENTED_EDGE('', *, *, #395, .T.);
#399 = ORIENTED_EDGE('', *, *, #396, .T.);
#400 = ORIENTED_EDGE('', *, *, #397, .T.);
#401 = EDGE_LOOP('', (#398, #399, #400));
#402 = FACE_BOUND('', #401, .T.);

/* ==== Hole 23 (row 1, col 2) CW ==== */
#403 = CARTESIAN_POINT('', (14.750, 10.250, 0.0));
#404 = CARTESIAN_POINT('', (14.750, 13.250, 0.0));
#405 = CARTESIAN_POINT('', (17.750, 11.750, 0.0));
#406 = VERTEX_POINT('', #403);
#407 = VERTEX_POINT('', #404);
#408 = VERTEX_POINT('', #405);
#409 = LINE('', #403, #611);
#410 = LINE('', #404, #614);
#411 = LINE('', #405, #615);
#412 = EDGE_CURVE('', #406, #407, #409, .T.);
#413 = EDGE_CURVE('', #407, #408, #410, .T.);
#414 = EDGE_CURVE('', #408, #406, #411, .T.);
#415 = ORIENTED_EDGE('', *, *, #412, .T.);
#416 = ORIENTED_EDGE('', *, *, #413, .T.);
#417 = ORIENTED_EDGE('', *, *, #414, .T.);
#418 = EDGE_LOOP('', (#415, #416, #417));
#419 = FACE_BOUND('', #418, .T.);

/* ==== Hole 24 (row 1, col 3) CW ==== */
#420 = CARTESIAN_POINT('', (19.250, 10.250, 0.0));
#421 = CARTESIAN_POINT('', (19.250, 13.250, 0.0));
#422 = CARTESIAN_POINT('', (22.250, 11.750, 0.0));
#423 = VERTEX_POINT('', #420);
#424 = VERTEX_POINT('', #421);
#425 = VERTEX_POINT('', #422);
#426 = LINE('', #420, #611);
#427 = LINE('', #421, #614);
#428 = LINE('', #422, #615);
#429 = EDGE_CURVE('', #423, #424, #426, .T.);
#430 = EDGE_CURVE('', #424, #425, #427, .T.);
#431 = EDGE_CURVE('', #425, #423, #428, .T.);
#432 = ORIENTED_EDGE('', *, *, #429, .T.);
#433 = ORIENTED_EDGE('', *, *, #430, .T.);
#434 = ORIENTED_EDGE('', *, *, #431, .T.);
#435 = EDGE_LOOP('', (#432, #433, #434));
#436 = FACE_BOUND('', #435, .T.);

/* ==== Hole 25 (row 1, col 4) CW ==== */
#437 = CARTESIAN_POINT('', (23.750, 10.250, 0.0));
#438 = CARTESIAN_POINT('', (23.750, 13.250, 0.0));
#439 = CARTESIAN_POINT('', (26.750, 11.750, 0.0));
#440 = VERTEX_POINT('', #437);
#441 = VERTEX_POINT('', #438);
#442 = VERTEX_POINT('', #439);
#443 = LINE('', #437, #611);
#444 = LINE('', #438, #614);
#445 = LINE('', #439, #615);
#446 = EDGE_CURVE('', #440, #441, #443, .T.);
#447 = EDGE_CURVE('', #441, #442, #444, .T.);
#448 = EDGE_CURVE('', #442, #440, #445, .T.);
#449 = ORIENTED_EDGE('', *, *, #446, .T.);
#450 = ORIENTED_EDGE('', *, *, #447, .T.);
#451 = ORIENTED_EDGE('', *, *, #448, .T.);
#452 = EDGE_LOOP('', (#449, #450, #451));
#453 = FACE_BOUND('', #452, .T.);

/* ==== Hole 26 (row 1, col 5) CW ==== */
#454 = CARTESIAN_POINT('', (28.250, 10.250, 0.0));
#455 = CARTESIAN_POINT('', (28.250, 13.250, 0.0));
#456 = CARTESIAN_POINT('', (31.250, 11.750, 0.0));
#457 = VERTEX_POINT('', #454);
#458 = VERTEX_POINT('', #455);
#459 = VERTEX_POINT('', #456);
#460 = LINE('', #454, #611);
#461 = LINE('', #455, #614);
#462 = LINE('', #456, #615);
#463 = EDGE_CURVE('', #457, #458, #460, .T.);
#464 = EDGE_CURVE('', #458, #459, #461, .T.);
#465 = EDGE_CURVE('', #459, #457, #462, .T.);
#466 = ORIENTED_EDGE('', *, *, #463, .T.);
#467 = ORIENTED_EDGE('', *, *, #464, .T.);
#468 = ORIENTED_EDGE('', *, *, #465, .T.);
#469 = EDGE_LOOP('', (#466, #467, #468));
#470 = FACE_BOUND('', #469, .T.);

/* ==== Hole 27 (row 1, col 6) CW ==== */
#471 = CARTESIAN_POINT('', (32.750, 10.250, 0.0));
#472 = CARTESIAN_POINT('', (32.750, 13.250, 0.0));
#473 = CARTESIAN_POINT('', (35.750, 11.750, 0.0));
#474 = VERTEX_POINT('', #471);
#475 = VERTEX_POINT('', #472);
#476 = VERTEX_POINT('', #473);
#477 = LINE('', #471, #611);
#478 = LINE('', #472, #614);
#479 = LINE('', #473, #615);
#480 = EDGE_CURVE('', #474, #475, #477, .T.);
#481 = EDGE_CURVE('', #475, #476, #478, .T.);
#482 = EDGE_CURVE('', #476, #474, #479, .T.);
#483 = ORIENTED_EDGE('', *, *, #480, .T.);
#484 = ORIENTED_EDGE('', *, *, #481, .T.);
#485 = ORIENTED_EDGE('', *, *, #482, .T.);
#486 = EDGE_LOOP('', (#483, #484, #485));
#487 = FACE_BOUND('', #486, .T.);

/* ==== Hole 28 (row 1, col 7) CW ==== */
#488 = CARTESIAN_POINT('', (37.250, 10.250, 0.0));
#489 = CARTESIAN_POINT('', (37.250, 13.250, 0.0));
#490 = CARTESIAN_POINT('', (40.250, 11.750, 0.0));
#491 = VERTEX_POINT('', #488);
#492 = VERTEX_POINT('', #489);
#493 = VERTEX_POINT('', #490);
#494 = LINE('', #488, #611);
#495 = LINE('', #489, #614);
#496 = LINE('', #490, #615);
#497 = EDGE_CURVE('', #491, #492, #494, .T.);
#498 = EDGE_CURVE('', #492, #493, #495, .T.);
#499 = EDGE_CURVE('', #493, #491, #496, .T.);
#500 = ORIENTED_EDGE('', *, *, #497, .T.);
#501 = ORIENTED_EDGE('', *, *, #498, .T.);
#502 = ORIENTED_EDGE('', *, *, #499, .T.);
#503 = EDGE_LOOP('', (#500, #501, #502));
#504 = FACE_BOUND('', #503, .T.);

/* ==== Hole 29 (row 1, col 8) CW ==== */
#505 = CARTESIAN_POINT('', (41.750, 10.250, 0.0));
#506 = CARTESIAN_POINT('', (41.750, 13.250, 0.0));
#507 = CARTESIAN_POINT('', (44.750, 11.750, 0.0));
#508 = VERTEX_POINT('', #505);
#509 = VERTEX_POINT('', #506);
#510 = VERTEX_POINT('', #507);
#511 = LINE('', #505, #611);
#512 = LINE('', #506, #614);
#513 = LINE('', #507, #615);
#514 = EDGE_CURVE('', #508, #509, #511, .T.);
#515 = EDGE_CURVE('', #509, #510, #512, .T.);
#516 = EDGE_CURVE('', #510, #508, #513, .T.);
#517 = ORIENTED_EDGE('', *, *, #514, .T.);
#518 = ORIENTED_EDGE('', *, *, #515, .T.);
#519 = ORIENTED_EDGE('', *, *, #516, .T.);
#520 = EDGE_LOOP('', (#517, #518, #519));
#521 = FACE_BOUND('', #520, .T.);

/* ==== Hole 30 (row 1, col 9) CW ==== */
#522 = CARTESIAN_POINT('', (46.250, 10.250, 0.0));
#523 = CARTESIAN_POINT('', (46.250, 13.250, 0.0));
#524 = CARTESIAN_POINT('', (49.250, 11.750, 0.0));
#525 = VERTEX_POINT('', #522);
#526 = VERTEX_POINT('', #523);
#527 = VERTEX_POINT('', #524);
#528 = LINE('', #522, #611);
#529 = LINE('', #523, #614);
#530 = LINE('', #524, #615);
#531 = EDGE_CURVE('', #525, #526, #528, .T.);
#532 = EDGE_CURVE('', #526, #527, #529, .T.);
#533 = EDGE_CURVE('', #527, #525, #530, .T.);
#534 = ORIENTED_EDGE('', *, *, #531, .T.);
#535 = ORIENTED_EDGE('', *, *, #532, .T.);
#536 = ORIENTED_EDGE('', *, *, #533, .T.);
#537 = EDGE_LOOP('', (#534, #535, #536));
#538 = FACE_BOUND('', #537, .T.);

/* ==== Hole 31 (row 1, col 10) CW ==== */
#539 = CARTESIAN_POINT('', (50.750, 10.250, 0.0));
#540 = CARTESIAN_POINT('', (50.750, 13.250, 0.0));
#541 = CARTESIAN_POINT('', (53.750, 11.750, 0.0));
#542 = VERTEX_POINT('', #539);
#543 = VERTEX_POINT('', #540);
#544 = VERTEX_POINT('', #541);
#545 = LINE('', #539, #611);
#546 = LINE('', #540, #614);
#547 = LINE('', #541, #615);
#548 = EDGE_CURVE('', #542, #543, #545, .T.);
#549 = EDGE_CURVE('', #543, #544, #546, .T.);
#550 = EDGE_CURVE('', #544, #542, #547, .T.);
#551 = ORIENTED_EDGE('', *, *, #548, .T.);
#552 = ORIENTED_EDGE('', *, *, #549, .T.);
#553 = ORIENTED_EDGE('', *, *, #550, .T.);
#554 = EDGE_LOOP('', (#551, #552, #553));
#555 = FACE_BOUND('', #554, .T.);

/* ==== Hole 32 (row 1, col 11) CW ==== */
#556 = CARTESIAN_POINT('', (55.250, 10.250, 0.0));
#557 = CARTESIAN_POINT('', (55.250, 13.250, 0.0));
#558 = CARTESIAN_POINT('', (58.250, 11.750, 0.0));
#559 = VERTEX_POINT('', #556);
#560 = VERTEX_POINT('', #557);
#561 = VERTEX_POINT('', #558);
#562 = LINE('', #556, #611);
#563 = LINE('', #557, #614);
#564 = LINE('', #558, #615);
#565 = EDGE_CURVE('', #559, #560, #562, .T.);
#566 = EDGE_CURVE('', #560, #561, #563, .T.);
#567 = EDGE_CURVE('', #561, #559, #564, .T.);
#568 = ORIENTED_EDGE('', *, *, #565, .T.);
#569 = ORIENTED_EDGE('', *, *, #566, .T.);
#570 = ORIENTED_EDGE('', *, *, #567, .T.);
#571 = EDGE_LOOP('', (#568, #569, #570));
#572 = FACE_BOUND('', #571, .T.);

/* ==== Hole 33 (row 1, col 12) CW ==== */
#573 = CARTESIAN_POINT('', (59.750, 10.250, 0.0));
#574 = CARTESIAN_POINT('', (59.750, 13.250, 0.0));
#575 = CARTESIAN_POINT('', (62.750, 11.750, 0.0));
#576 = VERTEX_POINT('', #573);
#577 = VERTEX_POINT('', #574);
#578 = VERTEX_POINT('', #575);
#579 = LINE('', #573, #611);
#580 = LINE('', #574, #614);
#581 = LINE('', #575, #615);
#582 = EDGE_CURVE('', #576, #577, #579, .T.);
#583 = EDGE_CURVE('', #577, #578, #580, .T.);
#584 = EDGE_CURVE('', #578, #576, #581, .T.);
#585 = ORIENTED_EDGE('', *, *, #582, .T.);
#586 = ORIENTED_EDGE('', *, *, #583, .T.);
#587 = ORIENTED_EDGE('', *, *, #584, .T.);
#588 = EDGE_LOOP('', (#585, #586, #587));
#589 = FACE_BOUND('', #588, .T.);

/* ==== Hole 34 (row 1, col 13) CW ==== */
#590 = CARTESIAN_POINT('', (64.250, 10.250, 0.0));
#591 = CARTESIAN_POINT('', (64.250, 13.250, 0.0));
#592 = CARTESIAN_POINT('', (67.250, 11.750, 0.0));
#593 = VERTEX_POINT('', #590);
#594 = VERTEX_POINT('', #591);
#595 = VERTEX_POINT('', #592);
#596 = LINE('', #590, #611);
#597 = LINE('', #591, #614);
#598 = LINE('', #592, #615);
#599 = EDGE_CURVE('', #593, #594, #596, .T.);
#600 = EDGE_CURVE('', #594, #595, #597, .T.);
#601 = EDGE_CURVE('', #595, #593, #598, .T.);
#602 = ORIENTED_EDGE('', *, *, #599, .T.);
#603 = ORIENTED_EDGE('', *, *, #600, .T.);
#604 = ORIENTED_EDGE('', *, *, #601, .T.);
#605 = EDGE_LOOP('', (#602, #603, #604));
#606 = FACE_BOUND('', #605, .T.);

/* ==== Hole 35 (row 1, col 14) CW ==== */
#607 = CARTESIAN_POINT('', (68.750, 10.250, 0.0));
#608 = CARTESIAN_POINT('', (68.750, 13.250, 0.0));
#609 = CARTESIAN_POINT('', (71.750, 11.750, 0.0));
#610 = VERTEX_POINT('', #607);
#611 = VERTEX_POINT('', #608);
#612 = VERTEX_POINT('', #609);
#613 = LINE('', #607, #611);
#614 = LINE('', #608, #614);
#615 = LINE('', #609, #615);
#616 = EDGE_CURVE('', #610, #611, #613, .T.);
#617 = EDGE_CURVE('', #611, #612, #614, .T.);
#618 = EDGE_CURVE('', #612, #610, #615, .T.);
#619 = ORIENTED_EDGE('', *, *, #616, .T.);
#620 = ORIENTED_EDGE('', *, *, #617, .T.);
#621 = ORIENTED_EDGE('', *, *, #618, .T.);
#622 = EDGE_LOOP('', (#619, #620, #621));
#623 = FACE_BOUND('', #622, .T.);

/* ==== Hole 36 (row 1, col 15) CW ==== */
#624 = CARTESIAN_POINT('', (73.250, 10.250, 0.0));
#625 = CARTESIAN_POINT('', (73.250, 13.250, 0.0));
#626 = CARTESIAN_POINT('', (76.250, 11.750, 0.0));
#627 = VERTEX_POINT('', #624);
#628 = VERTEX_POINT('', #625);
#629 = VERTEX_POINT('', #626);
#630 = LINE('', #624, #611);
#631 = LINE('', #625, #614);
#632 = LINE('', #626, #615);
#633 = EDGE_CURVE('', #627, #628, #630, .T.);
#634 = EDGE_CURVE('', #628, #629, #631, .T.);
#635 = EDGE_CURVE('', #629, #627, #632, .T.);
#636 = ORIENTED_EDGE('', *, *, #633, .T.);
#637 = ORIENTED_EDGE('', *, *, #634, .T.);
#638 = ORIENTED_EDGE('', *, *, #635, .T.);
#639 = EDGE_LOOP('', (#636, #637, #638));
#640 = FACE_BOUND('', #639, .T.);

/* ==== Hole 37 (row 1, col 16) CW ==== */
#641 = CARTESIAN_POINT('', (77.750, 10.250, 0.0));
#642 = CARTESIAN_POINT('', (77.750, 13.250, 0.0));
#643 = CARTESIAN_POINT('', (80.750, 11.750, 0.0));
#644 = VERTEX_POINT('', #641);
#645 = VERTEX_POINT('', #642);
#646 = VERTEX_POINT('', #643);
#647 = LINE('', #641, #611);
#648 = LINE('', #642, #614);
#649 = LINE('', #643, #615);
#650 = EDGE_CURVE('', #644, #645, #647, .T.);
#651 = EDGE_CURVE('', #645, #646, #648, .T.);
#652 = EDGE_CURVE('', #646, #644, #649, .T.);
#653 = ORIENTED_EDGE('', *, *, #650, .T.);
#654 = ORIENTED_EDGE('', *, *, #651, .T.);
#655 = ORIENTED_EDGE('', *, *, #652, .T.);
#656 = EDGE_LOOP('', (#653, #654, #655));
#657 = FACE_BOUND('', #656, .T.);

/* ==== Hole 38 (row 1, col 17) CW ==== */
#658 = CARTESIAN_POINT('', (82.250, 10.250, 0.0));
#659 = CARTESIAN_POINT('', (82.250, 13.250, 0.0));
#660 = CARTESIAN_POINT('', (85.250, 11.750, 0.0));
#661 = VERTEX_POINT('', #658);
#662 = VERTEX_POINT('', #659);
#663 = VERTEX_POINT('', #660);
#664 = LINE('', #658, #611);
#665 = LINE('', #659, #614);
#666 = LINE('', #660, #615);
#667 = EDGE_CURVE('', #661, #662, #664, .T.);
#668 = EDGE_CURVE('', #662, #663, #665, .T.);
#669 = EDGE_CURVE('', #663, #661, #666, .T.);
#670 = ORIENTED_EDGE('', *, *, #667, .T.);
#671 = ORIENTED_EDGE('', *, *, #668, .T.);
#672 = ORIENTED_EDGE('', *, *, #669, .T.);
#673 = EDGE_LOOP('', (#670, #671, #672));
#674 = FACE_BOUND('', #673, .T.);

/* ==== Hole 39 (row 1, col 18) CW ==== */
#675 = CARTESIAN_POINT('', (86.750, 10.250, 0.0));
#676 = CARTESIAN_POINT('', (86.750, 13.250, 0.0));
#677 = CARTESIAN_POINT('', (89.750, 11.750, 0.0));
#678 = VERTEX_POINT('', #675);
#679 = VERTEX_POINT('', #676);
#680 = VERTEX_POINT('', #677);
#681 = LINE('', #675, #611);
#682 = LINE('', #676, #614);
#683 = LINE('', #677, #615);
#684 = EDGE_CURVE('', #678, #679, #681, .T.);
#685 = EDGE_CURVE('', #679, #680, #682, .T.);
#686 = EDGE_CURVE('', #680, #678, #683, .T.);
#687 = ORIENTED_EDGE('', *, *, #684, .T.);
#688 = ORIENTED_EDGE('', *, *, #685, .T.);
#689 = ORIENTED_EDGE('', *, *, #686, .T.);
#690 = EDGE_LOOP('', (#687, #688, #689));
#691 = FACE_BOUND('', #690, .T.);

/* ==== Hole 40 (row 1, col 19) CW ==== */
#692 = CARTESIAN_POINT('', (91.250, 10.250, 0.0));
#693 = CARTESIAN_POINT('', (91.250, 13.250, 0.0));
#694 = CARTESIAN_POINT('', (94.250, 11.750, 0.0));
#695 = VERTEX_POINT('', #692);
#696 = VERTEX_POINT('', #693);
#697 = VERTEX_POINT('', #694);
#698 = LINE('', #692, #611);
#699 = LINE('', #693, #614);
#700 = LINE('', #694, #615);
#701 = EDGE_CURVE('', #695, #696, #698, .T.);
#702 = EDGE_CURVE('', #696, #697, #699, .T.);
#703 = EDGE_CURVE('', #697, #695, #700, .T.);
#704 = ORIENTED_EDGE('', *, *, #701, .T.);
#705 = ORIENTED_EDGE('', *, *, #702, .T.);
#706 = ORIENTED_EDGE('', *, *, #703, .T.);
#707 = EDGE_LOOP('', (#704, #705, #706));
#708 = FACE_BOUND('', #707, .T.);

/* ==== Hole 41 (row 2, col 0) CW ==== */
#709 = CARTESIAN_POINT('', (5.750, 14.750, 0.0));
#710 = CARTESIAN_POINT('', (5.750, 17.750, 0.0));
#711 = CARTESIAN_POINT('', (8.750, 16.250, 0.0));
#712 = VERTEX_POINT('', #709);
#713 = VERTEX_POINT('', #710);
#714 = VERTEX_POINT('', #711);
#715 = LINE('', #709, #611);
#716 = LINE('', #710, #614);
#717 = LINE('', #711, #615);
#718 = EDGE_CURVE('', #712, #713, #715, .T.);
#719 = EDGE_CURVE('', #713, #714, #716, .T.);
#720 = EDGE_CURVE('', #714, #712, #717, .T.);
#721 = ORIENTED_EDGE('', *, *, #718, .T.);
#722 = ORIENTED_EDGE('', *, *, #719, .T.);
#723 = ORIENTED_EDGE('', *, *, #720, .T.);
#724 = EDGE_LOOP('', (#721, #722, #723));
#725 = FACE_BOUND('', #724, .T.);

/* ==== Hole 42 (row 2, col 1) CW ==== */
#726 = CARTESIAN_POINT('', (10.250, 14.750, 0.0));
#727 = CARTESIAN_POINT('', (10.250, 17.750, 0.0));
#728 = CARTESIAN_POINT('', (13.250, 16.250, 0.0));
#729 = VERTEX_POINT('', #726);
#730 = VERTEX_POINT('', #727);
#731 = VERTEX_POINT('', #728);
#732 = LINE('', #726, #611);
#733 = LINE('', #727, #614);
#734 = LINE('', #728, #615);
#735 = EDGE_CURVE('', #729, #730, #732, .T.);
#736 = EDGE_CURVE('', #730, #731, #733, .T.);
#737 = EDGE_CURVE('', #731, #729, #734, .T.);
#738 = ORIENTED_EDGE('', *, *, #735, .T.);
#739 = ORIENTED_EDGE('', *, *, #736, .T.);
#740 = ORIENTED_EDGE('', *, *, #737, .T.);
#741 = EDGE_LOOP('', (#738, #739, #740));
#742 = FACE_BOUND('', #741, .T.);

/* ==== Hole 43 (row 2, col 2) CW ==== */
#743 = CARTESIAN_POINT('', (14.750, 14.750, 0.0));
#744 = CARTESIAN_POINT('', (14.750, 17.750, 0.0));
#745 = CARTESIAN_POINT('', (17.750, 16.250, 0.0));
#746 = VERTEX_POINT('', #743);
#747 = VERTEX_POINT('', #744);
#748 = VERTEX_POINT('', #745);
#749 = LINE('', #743, #611);
#750 = LINE('', #744, #614);
#751 = LINE('', #745, #615);
#752 = EDGE_CURVE('', #746, #747, #749, .T.);
#753 = EDGE_CURVE('', #747, #748, #750, .T.);
#754 = EDGE_CURVE('', #748, #746, #751, .T.);
#755 = ORIENTED_EDGE('', *, *, #752, .T.);
#756 = ORIENTED_EDGE('', *, *, #753, .T.);
#757 = ORIENTED_EDGE('', *, *, #754, .T.);
#758 = EDGE_LOOP('', (#755, #756, #757));
#759 = FACE_BOUND('', #758, .T.);

/* ==== Hole 44 (row 2, col 3) CW ==== */
#760 = CARTESIAN_POINT('', (19.250, 14.750, 0.0));
#761 = CARTESIAN_POINT('', (19.250, 17.750, 0.0));
#762 = CARTESIAN_POINT('', (22.250, 16.250, 0.0));
#763 = VERTEX_POINT('', #760);
#764 = VERTEX_POINT('', #761);
#765 = VERTEX_POINT('', #762);
#766 = LINE('', #760, #611);
#767 = LINE('', #761, #614);
#768 = LINE('', #762, #615);
#769 = EDGE_CURVE('', #763, #764, #766, .T.);
#770 = EDGE_CURVE('', #764, #765, #767, .T.);
#771 = EDGE_CURVE('', #765, #763, #768, .T.);
#772 = ORIENTED_EDGE('', *, *, #769, .T.);
#773 = ORIENTED_EDGE('', *, *, #770, .T.);
#774 = ORIENTED_EDGE('', *, *, #771, .T.);
#775 = EDGE_LOOP('', (#772, #773, #774));
#776 = FACE_BOUND('', #775, .T.);

/* ==== Hole 45 (row 2, col 4) CW ==== */
#777 = CARTESIAN_POINT('', (23.750, 14.750, 0.0));
#778 = CARTESIAN_POINT('', (23.750, 17.750, 0.0));
#779 = CARTESIAN_POINT('', (26.750, 16.250, 0.0));
#780 = VERTEX_POINT('', #777);
#781 = VERTEX_POINT('', #778);
#782 = VERTEX_POINT('', #779);
#783 = LINE('', #777, #611);
#784 = LINE('', #778, #614);
#785 = LINE('', #779, #615);
#786 = EDGE_CURVE('', #780, #781, #783, .T.);
#787 = EDGE_CURVE('', #781, #782, #784, .T.);
#788 = EDGE_CURVE('', #782, #780, #785, .T.);
#789 = ORIENTED_EDGE('', *, *, #786, .T.);
#790 = ORIENTED_EDGE('', *, *, #787, .T.);
#791 = ORIENTED_EDGE('', *, *, #788, .T.);
#792 = EDGE_LOOP('', (#789, #790, #791));
#793 = FACE_BOUND('', #792, .T.);

/* ==== Hole 46 (row 2, col 5) CW ==== */
#794 = CARTESIAN_POINT('', (28.250, 14.750, 0.0));
#795 = CARTESIAN_POINT('', (28.250, 17.750, 0.0));
#796 = CARTESIAN_POINT('', (31.250, 16.250, 0.0));
#797 = VERTEX_POINT('', #794);
#798 = VERTEX_POINT('', #795);
#799 = VERTEX_POINT('', #796);
#800 = LINE('', #794, #611);
#801 = LINE('', #795, #614);
#802 = LINE('', #796, #615);
#803 = EDGE_CURVE('', #797, #798, #800, .T.);
#804 = EDGE_CURVE('', #798, #799, #801, .T.);
#805 = EDGE_CURVE('', #799, #797, #802, .T.);
#806 = ORIENTED_EDGE('', *, *, #803, .T.);
#807 = ORIENTED_EDGE('', *, *, #804, .T.);
#808 = ORIENTED_EDGE('', *, *, #805, .T.);
#809 = EDGE_LOOP('', (#806, #807, #808));
#810 = FACE_BOUND('', #809, .T.);

/* ==== Hole 47 (row 2, col 6) CW ==== */
#811 = CARTESIAN_POINT('', (32.750, 14.750, 0.0));
#812 = CARTESIAN_POINT('', (32.750, 17.750, 0.0));
#813 = CARTESIAN_POINT('', (35.750, 16.250, 0.0));
#814 = VERTEX_POINT('', #811);
#815 = VERTEX_POINT('', #812);
#816 = VERTEX_POINT('', #813);
#817 = LINE('', #811, #611);
#818 = LINE('', #812, #614);
#819 = LINE('', #813, #615);
#820 = EDGE_CURVE('', #814, #815, #817, .T.);
#821 = EDGE_CURVE('', #815, #816, #818, .T.);
#822 = EDGE_CURVE('', #816, #814, #819, .T.);
#823 = ORIENTED_EDGE('', *, *, #820, .T.);
#824 = ORIENTED_EDGE('', *, *, #821, .T.);
#825 = ORIENTED_EDGE('', *, *, #822, .T.);
#826 = EDGE_LOOP('', (#823, #824, #825));
#827 = FACE_BOUND('', #826, .T.);

/* ==== Hole 48 (row 2, col 7) CW ==== */
#828 = CARTESIAN_POINT('', (37.250, 14.750, 0.0));
#829 = CARTESIAN_POINT('', (37.250, 17.750, 0.0));
#830 = CARTESIAN_POINT('', (40.250, 16.250, 0.0));
#831 = VERTEX_POINT('', #828);
#832 = VERTEX_POINT('', #829);
#833 = VERTEX_POINT('', #830);
#834 = LINE('', #828, #611);
#835 = LINE('', #829, #614);
#836 = LINE('', #830, #615);
#837 = EDGE_CURVE('', #831, #832, #834, .T.);
#838 = EDGE_CURVE('', #832, #833, #835, .T.);
#839 = EDGE_CURVE('', #833, #831, #836, .T.);
#840 = ORIENTED_EDGE('', *, *, #837, .T.);
#841 = ORIENTED_EDGE('', *, *, #838, .T.);
#842 = ORIENTED_EDGE('', *, *, #839, .T.);
#843 = EDGE_LOOP('', (#840, #841, #842));
#844 = FACE_BOUND('', #843, .T.);

/* ==== Hole 49 (row 2, col 8) CW ==== */
#845 = CARTESIAN_POINT('', (41.750, 14.750, 0.0));
#846 = CARTESIAN_POINT('', (41.750, 17.750, 0.0));
#847 = CARTESIAN_POINT('', (44.750, 16.250, 0.0));
#848 = VERTEX_POINT('', #845);
#849 = VERTEX_POINT('', #846);
#850 = VERTEX_POINT('', #847);
#851 = LINE('', #845, #611);
#852 = LINE('', #846, #614);
#853 = LINE('', #847, #615);
#854 = EDGE_CURVE('', #848, #849, #851, .T.);
#855 = EDGE_CURVE('', #849, #850, #852, .T.);
#856 = EDGE_CURVE('', #850, #848, #853, .T.);
#857 = ORIENTED_EDGE('', *, *, #854, .T.);
#858 = ORIENTED_EDGE('', *, *, #855, .T.);
#859 = ORIENTED_EDGE('', *, *, #856, .T.);
#860 = EDGE_LOOP('', (#857, #858, #859));
#861 = FACE_BOUND('', #860, .T.);

/* ==== Hole 50 (row 2, col 9) CW ==== */
#862 = CARTESIAN_POINT('', (46.250, 14.750, 0.0));
#863 = CARTESIAN_POINT('', (46.250, 17.750, 0.0));
#864 = CARTESIAN_POINT('', (49.250, 16.250, 0.0));
#865 = VERTEX_POINT('', #862);
#866 = VERTEX_POINT('', #863);
#867 = VERTEX_POINT('', #864);
#868 = LINE('', #862, #611);
#869 = LINE('', #863, #614);
#870 = LINE('', #864, #615);
#871 = EDGE_CURVE('', #865, #866, #868, .T.);
#872 = EDGE_CURVE('', #866, #867, #869, .T.);
#873 = EDGE_CURVE('', #867, #865, #870, .T.);
#874 = ORIENTED_EDGE('', *, *, #871, .T.);
#875 = ORIENTED_EDGE('', *, *, #872, .T.);
#876 = ORIENTED_EDGE('', *, *, #873, .T.);
#877 = EDGE_LOOP('', (#874, #875, #876));
#878 = FACE_BOUND('', #877, .T.);

/* ==== Hole 51 (row 2, col 10) CW ==== */
#879 = CARTESIAN_POINT('', (50.750, 14.750, 0.0));
#880 = CARTESIAN_POINT('', (50.750, 17.750, 0.0));
#881 = CARTESIAN_POINT('', (53.750, 16.250, 0.0));
#882 = VERTEX_POINT('', #879);
#883 = VERTEX_POINT('', #880);
#884 = VERTEX_POINT('', #881);
#885 = LINE('', #879, #611);
#886 = LINE('', #880, #614);
#887 = LINE('', #881, #615);
#888 = EDGE_CURVE('', #882, #883, #885, .T.);
#889 = EDGE_CURVE('', #883, #884, #886, .T.);
#890 = EDGE_CURVE('', #884, #882, #887, .T.);
#891 = ORIENTED_EDGE('', *, *, #888, .T.);
#892 = ORIENTED_EDGE('', *, *, #889, .T.);
#893 = ORIENTED_EDGE('', *, *, #890, .T.);
#894 = EDGE_LOOP('', (#891, #892, #893));
#895 = FACE_BOUND('', #894, .T.);

/* ==== Hole 52 (row 2, col 11) CW ==== */
#896 = CARTESIAN_POINT('', (55.250, 14.750, 0.0));
#897 = CARTESIAN_POINT('', (55.250, 17.750, 0.0));
#898 = CARTESIAN_POINT('', (58.250, 16.250, 0.0));
#899 = VERTEX_POINT('', #896);
#900 = VERTEX_POINT('', #897);
#901 = VERTEX_POINT('', #898);
#902 = LINE('', #896, #611);
#903 = LINE('', #897, #614);
#904 = LINE('', #898, #615);
#905 = EDGE_CURVE('', #899, #900, #902, .T.);
#906 = EDGE_CURVE('', #900, #901, #903, .T.);
#907 = EDGE_CURVE('', #901, #899, #904, .T.);
#908 = ORIENTED_EDGE('', *, *, #905, .T.);
#909 = ORIENTED_EDGE('', *, *, #906, .T.);
#910 = ORIENTED_EDGE('', *, *, #907, .T.);
#911 = EDGE_LOOP('', (#908, #909, #910));
#912 = FACE_BOUND('', #911, .T.);

/* ==== Hole 53 (row 2, col 12) CW ==== */
#913 = CARTESIAN_POINT('', (59.750, 14.750, 0.0));
#914 = CARTESIAN_POINT('', (59.750, 17.750, 0.0));
#915 = CARTESIAN_POINT('', (62.750, 16.250, 0.0));
#916 = VERTEX_POINT('', #913);
#917 = VERTEX_POINT('', #914);
#918 = VERTEX_POINT('', #915);
#919 = LINE('', #913, #611);
#920 = LINE('', #914, #614);
#921 = LINE('', #915, #615);
#922 = EDGE_CURVE('', #916, #917, #919, .T.);
#923 = EDGE_CURVE('', #917, #918, #920, .T.);
#924 = EDGE_CURVE('', #918, #916, #921, .T.);
#925 = ORIENTED_EDGE('', *, *, #922, .T.);
#926 = ORIENTED_EDGE('', *, *, #923, .T.);
#927 = ORIENTED_EDGE('', *, *, #924, .T.);
#928 = EDGE_LOOP('', (#925, #926, #927));
#929 = FACE_BOUND('', #928, .T.);

/* ==== Hole 54 (row 2, col 13) CW ==== */
#930 = CARTESIAN_POINT('', (64.250, 14.750, 0.0));
#931 = CARTESIAN_POINT('', (64.250, 17.750, 0.0));
#932 = CARTESIAN_POINT('', (67.250, 16.250, 0.0));
#933 = VERTEX_POINT('', #930);
#934 = VERTEX_POINT('', #931);
#935 = VERTEX_POINT('', #932);
#936 = LINE('', #930, #611);
#937 = LINE('', #931, #614);
#938 = LINE('', #932, #615);
#939 = EDGE_CURVE('', #933, #934, #936, .T.);
#940 = EDGE_CURVE('', #934, #935, #937, .T.);
#941 = EDGE_CURVE('', #935, #933, #938, .T.);
#942 = ORIENTED_EDGE('', *, *, #939, .T.);
#943 = ORIENTED_EDGE('', *, *, #940, .T.);
#944 = ORIENTED_EDGE('', *, *, #941, .T.);
#945 = EDGE_LOOP('', (#942, #943, #944));
#946 = FACE_BOUND('', #945, .T.);

/* ==== Hole 55 (row 2, col 14) CW ==== */
#947 = CARTESIAN_POINT('', (68.750, 14.750, 0.0));
#948 = CARTESIAN_POINT('', (68.750, 17.750, 0.0));
#949 = CARTESIAN_POINT('', (71.750, 16.250, 0.0));
#950 = VERTEX_POINT('', #947);
#951 = VERTEX_POINT('', #948);
#952 = VERTEX_POINT('', #949);
#953 = LINE('', #947, #611);
#954 = LINE('', #948, #614);
#955 = LINE('', #949, #615);
#956 = EDGE_CURVE('', #950, #951, #953, .T.);
#957 = EDGE_CURVE('', #951, #952, #954, .T.);
#958 = EDGE_CURVE('', #952, #950, #955, .T.);
#959 = ORIENTED_EDGE('', *, *, #956, .T.);
#960 = ORIENTED_EDGE('', *, *, #957, .T.);
#961 = ORIENTED_EDGE('', *, *, #958, .T.);
#962 = EDGE_LOOP('', (#959, #960, #961));
#963 = FACE_BOUND('', #962, .T.);

/* ==== Hole 56 (row 2, col 15) CW ==== */
#964 = CARTESIAN_POINT('', (73.250, 14.750, 0.0));
#965 = CARTESIAN_POINT('', (73.250, 17.750, 0.0));
#966 = CARTESIAN_POINT('', (76.250, 16.250, 0.0));
#967 = VERTEX_POINT('', #964);
#968 = VERTEX_POINT('', #965);
#969 = VERTEX_POINT('', #966);
#970 = LINE('', #964, #611);
#971 = LINE('', #965, #614);
#972 = LINE('', #966, #615);
#973 = EDGE_CURVE('', #967, #968, #970, .T.);
#974 = EDGE_CURVE('', #968, #969, #971, .T.);
#975 = EDGE_CURVE('', #969, #967, #972, .T.);
#976 = ORIENTED_EDGE('', *, *, #973, .T.);
#977 = ORIENTED_EDGE('', *, *, #974, .T.);
#978 = ORIENTED_EDGE('', *, *, #975, .T.);
#979 = EDGE_LOOP('', (#976, #977, #978));
#980 = FACE_BOUND('', #979, .T.);

/* ==== Hole 57 (row 2, col 16) CW ==== */
#981 = CARTESIAN_POINT('', (77.750, 14.750, 0.0));
#982 = CARTESIAN_POINT('', (77.750, 17.750, 0.0));
#983 = CARTESIAN_POINT('', (80.750, 16.250, 0.0));
#984 = VERTEX_POINT('', #981);
#985 = VERTEX_POINT('', #982);
#986 = VERTEX_POINT('', #983);
#987 = LINE('', #981, #611);
#988 = LINE('', #982, #614);
#989 = LINE('', #983, #615);
#990 = EDGE_CURVE('', #984, #985, #987, .T.);
#991 = EDGE_CURVE('', #985, #986, #988, .T.);
#992 = EDGE_CURVE('', #986, #984, #989, .T.);
#993 = ORIENTED_EDGE('', *, *, #990, .T.);
#994 = ORIENTED_EDGE('', *, *, #991, .T.);
#995 = ORIENTED_EDGE('', *, *, #992, .T.);
#996 = EDGE_LOOP('', (#993, #994, #995));
#997 = FACE_BOUND('', #996, .T.);

/* ==== Hole 58 (row 2, col 17) CW ==== */
#998 = CARTESIAN_POINT('', (82.250, 14.750, 0.0));
#999 = CARTESIAN_POINT('', (82.250, 17.750, 0.0));
#1000 = CARTESIAN_POINT('', (85.250, 16.250, 0.0));
#1001 = VERTEX_POINT('', #998);
#1002 = VERTEX_POINT('', #999);
#1003 = VERTEX_POINT('', #1000);
#1004 = LINE('', #998, #611);
#1005 = LINE('', #999, #614);
#1006 = LINE('', #1000, #615);
#1007 = EDGE_CURVE('', #1001, #1002, #1004, .T.);
#1008 = EDGE_CURVE('', #1002, #1003, #1005, .T.);
#1009 = EDGE_CURVE('', #1003, #1001, #1006, .T.);
#1010 = ORIENTED_EDGE('', *, *, #1007, .T.);
#1011 = ORIENTED_EDGE('', *, *, #1008, .T.);
#1012 = ORIENTED_EDGE('', *, *, #1009, .T.);
#1013 = EDGE_LOOP('', (#1010, #1011, #1012));
#1014 = FACE_BOUND('', #1013, .T.);

/* ==== Hole 59 (row 2, col 18) CW ==== */
#1015 = CARTESIAN_POINT('', (86.750, 14.750, 0.0));
#1016 = CARTESIAN_POINT('', (86.750, 17.750, 0.0));
#1017 = CARTESIAN_POINT('', (89.750, 16.250, 0.0));
#1018 = VERTEX_POINT('', #1015);
#1019 = VERTEX_POINT('', #1016);
#1020 = VERTEX_POINT('', #1017);
#1021 = LINE('', #1015, #611);
#1022 = LINE('', #1016, #614);
#1023 = LINE('', #1017, #615);
#1024 = EDGE_CURVE('', #1018, #1019, #1021, .T.);
#1025 = EDGE_CURVE('', #1019, #1020, #1022, .T.);
#1026 = EDGE_CURVE('', #1020, #1018, #1023, .T.);
#1027 = ORIENTED_EDGE('', *, *, #1024, .T.);
#1028 = ORIENTED_EDGE('', *, *, #1025, .T.);
#1029 = ORIENTED_EDGE('', *, *, #1026, .T.);
#1030 = EDGE_LOOP('', (#1027, #1028, #1029));
#1031 = FACE_BOUND('', #1030, .T.);

/* ==== Hole 60 (row 2, col 19) CW ==== */
#1032 = CARTESIAN_POINT('', (91.250, 14.750, 0.0));
#1033 = CARTESIAN_POINT('', (91.250, 17.750, 0.0));
#1034 = CARTESIAN_POINT('', (94.250, 16.250, 0.0));
#1035 = VERTEX_POINT('', #1032);
#1036 = VERTEX_POINT('', #1033);
#1037 = VERTEX_POINT('', #1034);
#1038 = LINE('', #1032, #611);
#1039 = LINE('', #1033, #614);
#1040 = LINE('', #1034, #615);
#1041 = EDGE_CURVE('', #1035, #1036, #1038, .T.);
#1042 = EDGE_CURVE('', #1036, #1037, #1039, .T.);
#1043 = EDGE_CURVE('', #1037, #1035, #1040, .T.);
#1044 = ORIENTED_EDGE('', *, *, #1041, .T.);
#1045 = ORIENTED_EDGE('', *, *, #1042, .T.);
#1046 = ORIENTED_EDGE('', *, *, #1043, .T.);
#1047 = EDGE_LOOP('', (#1044, #1045, #1046));
#1048 = FACE_BOUND('', #1047, .T.);

/* ==== Hole 61 (row 3, col 0) CW ==== */
#1049 = CARTESIAN_POINT('', (5.750, 19.250, 0.0));
#1050 = CARTESIAN_POINT('', (5.750, 22.250, 0.0));
#1051 = CARTESIAN_POINT('', (8.750, 20.750, 0.0));
#1052 = VERTEX_POINT('', #1049);
#1053 = VERTEX_POINT('', #1050);
#1054 = VERTEX_POINT('', #1051);
#1055 = LINE('', #1049, #611);
#1056 = LINE('', #1050, #614);
#1057 = LINE('', #1051, #615);
#1058 = EDGE_CURVE('', #1052, #1053, #1055, .T.);
#1059 = EDGE_CURVE('', #1053, #1054, #1056, .T.);
#1060 = EDGE_CURVE('', #1054, #1052, #1057, .T.);
#1061 = ORIENTED_EDGE('', *, *, #1058, .T.);
#1062 = ORIENTED_EDGE('', *, *, #1059, .T.);
#1063 = ORIENTED_EDGE('', *, *, #1060, .T.);
#1064 = EDGE_LOOP('', (#1061, #1062, #1063));
#1065 = FACE_BOUND('', #1064, .T.);

/* ==== Hole 62 (row 3, col 1) CW ==== */
#1066 = CARTESIAN_POINT('', (10.250, 19.250, 0.0));
#1067 = CARTESIAN_POINT('', (10.250, 22.250, 0.0));
#1068 = CARTESIAN_POINT('', (13.250, 20.750, 0.0));
#1069 = VERTEX_POINT('', #1066);
#1070 = VERTEX_POINT('', #1067);
#1071 = VERTEX_POINT('', #1068);
#1072 = LINE('', #1066, #611);
#1073 = LINE('', #1067, #614);
#1074 = LINE('', #1068, #615);
#1075 = EDGE_CURVE('', #1069, #1070, #1072, .T.);
#1076 = EDGE_CURVE('', #1070, #1071, #1073, .T.);
#1077 = EDGE_CURVE('', #1071, #1069, #1074, .T.);
#1078 = ORIENTED_EDGE('', *, *, #1075, .T.);
#1079 = ORIENTED_EDGE('', *, *, #1076, .T.);
#1080 = ORIENTED_EDGE('', *, *, #1077, .T.);
#1081 = EDGE_LOOP('', (#1078, #1079, #1080));
#1082 = FACE_BOUND('', #1081, .T.);

/* ==== Hole 63 (row 3, col 2) CW ==== */
#1083 = CARTESIAN_POINT('', (14.750, 19.250, 0.0));
#1084 = CARTESIAN_POINT('', (14.750, 22.250, 0.0));
#1085 = CARTESIAN_POINT('', (17.750, 20.750, 0.0));
#1086 = VERTEX_POINT('', #1083);
#1087 = VERTEX_POINT('', #1084);
#1088 = VERTEX_POINT('', #1085);
#1089 = LINE('', #1083, #611);
#1090 = LINE('', #1084, #614);
#1091 = LINE('', #1085, #615);
#1092 = EDGE_CURVE('', #1086, #1087, #1089, .T.);
#1093 = EDGE_CURVE('', #1087, #1088, #1090, .T.);
#1094 = EDGE_CURVE('', #1088, #1086, #1091, .T.);
#1095 = ORIENTED_EDGE('', *, *, #1092, .T.);
#1096 = ORIENTED_EDGE('', *, *, #1093, .T.);
#1097 = ORIENTED_EDGE('', *, *, #1094, .T.);
#1098 = EDGE_LOOP('', (#1095, #1096, #1097));
#1099 = FACE_BOUND('', #1098, .T.);

/* ==== Hole 64 (row 3, col 3) CW ==== */
#1100 = CARTESIAN_POINT('', (19.250, 19.250, 0.0));
#1101 = CARTESIAN_POINT('', (19.250, 22.250, 0.0));
#1102 = CARTESIAN_POINT('', (22.250, 20.750, 0.0));
#1103 = VERTEX_POINT('', #1100);
#1104 = VERTEX_POINT('', #1101);
#1105 = VERTEX_POINT('', #1102);
#1106 = LINE('', #1100, #611);
#1107 = LINE('', #1101, #614);
#1108 = LINE('', #1102, #615);
#1109 = EDGE_CURVE('', #1103, #1104, #1106, .T.);
#1110 = EDGE_CURVE('', #1104, #1105, #1107, .T.);
#1111 = EDGE_CURVE('', #1105, #1103, #1108, .T.);
#1112 = ORIENTED_EDGE('', *, *, #1109, .T.);
#1113 = ORIENTED_EDGE('', *, *, #1110, .T.);
#1114 = ORIENTED_EDGE('', *, *, #1111, .T.);
#1115 = EDGE_LOOP('', (#1112, #1113, #1114));
#1116 = FACE_BOUND('', #1115, .T.);

/* ==== Hole 65 (row 3, col 4) CW ==== */
#1117 = CARTESIAN_POINT('', (23.750, 19.250, 0.0));
#1118 = CARTESIAN_POINT('', (23.750, 22.250, 0.0));
#1119 = CARTESIAN_POINT('', (26.750, 20.750, 0.0));
#1120 = VERTEX_POINT('', #1117);
#1121 = VERTEX_POINT('', #1118);
#1122 = VERTEX_POINT('', #1119);
#1123 = LINE('', #1117, #611);
#1124 = LINE('', #1118, #614);
#1125 = LINE('', #1119, #615);
#1126 = EDGE_CURVE('', #1120, #1121, #1123, .T.);
#1127 = EDGE_CURVE('', #1121, #1122, #1124, .T.);
#1128 = EDGE_CURVE('', #1122, #1120, #1125, .T.);
#1129 = ORIENTED_EDGE('', *, *, #1126, .T.);
#1130 = ORIENTED_EDGE('', *, *, #1127, .T.);
#1131 = ORIENTED_EDGE('', *, *, #1128, .T.);
#1132 = EDGE_LOOP('', (#1129, #1130, #1131));
#1133 = FACE_BOUND('', #1132, .T.);

/* ==== Hole 66 (row 3, col 5) CW ==== */
#1134 = CARTESIAN_POINT('', (28.250, 19.250, 0.0));
#1135 = CARTESIAN_POINT('', (28.250, 22.250, 0.0));
#1136 = CARTESIAN_POINT('', (31.250, 20.750, 0.0));
#1137 = VERTEX_POINT('', #1134);
#1138 = VERTEX_POINT('', #1135);
#1139 = VERTEX_POINT('', #1136);
#1140 = LINE('', #1134, #611);
#1141 = LINE('', #1135, #614);
#1142 = LINE('', #1136, #615);
#1143 = EDGE_CURVE('', #1137, #1138, #1140, .T.);
#1144 = EDGE_CURVE('', #1138, #1139, #1141, .T.);
#1145 = EDGE_CURVE('', #1139, #1137, #1142, .T.);
#1146 = ORIENTED_EDGE('', *, *, #1143, .T.);
#1147 = ORIENTED_EDGE('', *, *, #1144, .T.);
#1148 = ORIENTED_EDGE('', *, *, #1145, .T.);
#1149 = EDGE_LOOP('', (#1146, #1147, #1148));
#1150 = FACE_BOUND('', #1149, .T.);

/* ==== Hole 67 (row 3, col 6) CW ==== */
#1151 = CARTESIAN_POINT('', (32.750, 19.250, 0.0));
#1152 = CARTESIAN_POINT('', (32.750, 22.250, 0.0));
#1153 = CARTESIAN_POINT('', (35.750, 20.750, 0.0));
#1154 = VERTEX_POINT('', #1151);
#1155 = VERTEX_POINT('', #1152);
#1156 = VERTEX_POINT('', #1153);
#1157 = LINE('', #1151, #611);
#1158 = LINE('', #1152, #614);
#1159 = LINE('', #1153, #615);
#1160 = EDGE_CURVE('', #1154, #1155, #1157, .T.);
#1161 = EDGE_CURVE('', #1155, #1156, #1158, .T.);
#1162 = EDGE_CURVE('', #1156, #1154, #1159, .T.);
#1163 = ORIENTED_EDGE('', *, *, #1160, .T.);
#1164 = ORIENTED_EDGE('', *, *, #1161, .T.);
#1165 = ORIENTED_EDGE('', *, *, #1162, .T.);
#1166 = EDGE_LOOP('', (#1163, #1164, #1165));
#1167 = FACE_BOUND('', #1166, .T.);

/* ==== Hole 68 (row 3, col 7) CW ==== */
#1168 = CARTESIAN_POINT('', (37.250, 19.250, 0.0));
#1169 = CARTESIAN_POINT('', (37.250, 22.250, 0.0));
#1170 = CARTESIAN_POINT('', (40.250, 20.750, 0.0));
#1171 = VERTEX_POINT('', #1168);
#1172 = VERTEX_POINT('', #1169);
#1173 = VERTEX_POINT('', #1170);
#1174 = LINE('', #1168, #611);
#1175 = LINE('', #1169, #614);
#1176 = LINE('', #1170, #615);
#1177 = EDGE_CURVE('', #1171, #1172, #1174, .T.);
#1178 = EDGE_CURVE('', #1172, #1173, #1175, .T.);
#1179 = EDGE_CURVE('', #1173, #1171, #1176, .T.);
#1180 = ORIENTED_EDGE('', *, *, #1177, .T.);
#1181 = ORIENTED_EDGE('', *, *, #1178, .T.);
#1182 = ORIENTED_EDGE('', *, *, #1179, .T.);
#1183 = EDGE_LOOP('', (#1180, #1181, #1182));
#1184 = FACE_BOUND('', #1183, .T.);

/* ==== Hole 69 (row 3, col 8) CW ==== */
#1185 = CARTESIAN_POINT('', (41.750, 19.250, 0.0));
#1186 = CARTESIAN_POINT('', (41.750, 22.250, 0.0));
#1187 = CARTESIAN_POINT('', (44.750, 20.750, 0.0));
#1188 = VERTEX_POINT('', #1185);
#1189 = VERTEX_POINT('', #1186);
#1190 = VERTEX_POINT('', #1187);
#1191 = LINE('', #1185, #611);
#1192 = LINE('', #1186, #614);
#1193 = LINE('', #1187, #615);
#1194 = EDGE_CURVE('', #1188, #1189, #1191, .T.);
#1195 = EDGE_CURVE('', #1189, #1190, #1192, .T.);
#1196 = EDGE_CURVE('', #1190, #1188, #1193, .T.);
#1197 = ORIENTED_EDGE('', *, *, #1194, .T.);
#1198 = ORIENTED_EDGE('', *, *, #1195, .T.);
#1199 = ORIENTED_EDGE('', *, *, #1196, .T.);
#1200 = EDGE_LOOP('', (#1197, #1198, #1199));
#1201 = FACE_BOUND('', #1200, .T.);

/* ==== Hole 70 (row 3, col 9) CW ==== */
#1202 = CARTESIAN_POINT('', (46.250, 19.250, 0.0));
#1203 = CARTESIAN_POINT('', (46.250, 22.250, 0.0));
#1204 = CARTESIAN_POINT('', (49.250, 20.750, 0.0));
#1205 = VERTEX_POINT('', #1202);
#1206 = VERTEX_POINT('', #1203);
#1207 = VERTEX_POINT('', #1204);
#1208 = LINE('', #1202, #611);
#1209 = LINE('', #1203, #614);
#1210 = LINE('', #1204, #615);
#1211 = EDGE_CURVE('', #1205, #1206, #1208, .T.);
#1212 = EDGE_CURVE('', #1206, #1207, #1209, .T.);
#1213 = EDGE_CURVE('', #1207, #1205, #1210, .T.);
#1214 = ORIENTED_EDGE('', *, *, #1211, .T.);
#1215 = ORIENTED_EDGE('', *, *, #1212, .T.);
#1216 = ORIENTED_EDGE('', *, *, #1213, .T.);
#1217 = EDGE_LOOP('', (#1214, #1215, #1216));
#1218 = FACE_BOUND('', #1217, .T.);

/* ==== Hole 71 (row 3, col 10) CW ==== */
#1219 = CARTESIAN_POINT('', (50.750, 19.250, 0.0));
#1220 = CARTESIAN_POINT('', (50.750, 22.250, 0.0));
#1221 = CARTESIAN_POINT('', (53.750, 20.750, 0.0));
#1222 = VERTEX_POINT('', #1219);
#1223 = VERTEX_POINT('', #1220);
#1224 = VERTEX_POINT('', #1221);
#1225 = LINE('', #1219, #611);
#1226 = LINE('', #1220, #614);
#1227 = LINE('', #1221, #615);
#1228 = EDGE_CURVE('', #1222, #1223, #1225, .T.);
#1229 = EDGE_CURVE('', #1223, #1224, #1226, .T.);
#1230 = EDGE_CURVE('', #1224, #1222, #1227, .T.);
#1231 = ORIENTED_EDGE('', *, *, #1228, .T.);
#1232 = ORIENTED_EDGE('', *, *, #1229, .T.);
#1233 = ORIENTED_EDGE('', *, *, #1230, .T.);
#1234 = EDGE_LOOP('', (#1231, #1232, #1233));
#1235 = FACE_BOUND('', #1234, .T.);

/* ==== Hole 72 (row 3, col 11) CW ==== */
#1236 = CARTESIAN_POINT('', (55.250, 19.250, 0.0));
#1237 = CARTESIAN_POINT('', (55.250, 22.250, 0.0));
#1238 = CARTESIAN_POINT('', (58.250, 20.750, 0.0));
#1239 = VERTEX_POINT('', #1236);
#1240 = VERTEX_POINT('', #1237);
#1241 = VERTEX_POINT('', #1238);
#1242 = LINE('', #1236, #611);
#1243 = LINE('', #1237, #614);
#1244 = LINE('', #1238, #615);
#1245 = EDGE_CURVE('', #1239, #1240, #1242, .T.);
#1246 = EDGE_CURVE('', #1240, #1241, #1243, .T.);
#1247 = EDGE_CURVE('', #1241, #1239, #1244, .T.);
#1248 = ORIENTED_EDGE('', *, *, #1245, .T.);
#1249 = ORIENTED_EDGE('', *, *, #1246, .T.);
#1250 = ORIENTED_EDGE('', *, *, #1247, .T.);
#1251 = EDGE_LOOP('', (#1248, #1249, #1250));
#1252 = FACE_BOUND('', #1251, .T.);

/* ==== Hole 73 (row 3, col 12) CW ==== */
#1253 = CARTESIAN_POINT('', (59.750, 19.250, 0.0));
#1254 = CARTESIAN_POINT('', (59.750, 22.250, 0.0));
#1255 = CARTESIAN_POINT('', (62.750, 20.750, 0.0));
#1256 = VERTEX_POINT('', #1253);
#1257 = VERTEX_POINT('', #1254);
#1258 = VERTEX_POINT('', #1255);
#1259 = LINE('', #1253, #611);
#1260 = LINE('', #1254, #614);
#1261 = LINE('', #1255, #615);
#1262 = EDGE_CURVE('', #1256, #1257, #1259, .T.);
#1263 = EDGE_CURVE('', #1257, #1258, #1260, .T.);
#1264 = EDGE_CURVE('', #1258, #1256, #1261, .T.);
#1265 = ORIENTED_EDGE('', *, *, #1262, .T.);
#1266 = ORIENTED_EDGE('', *, *, #1263, .T.);
#1267 = ORIENTED_EDGE('', *, *, #1264, .T.);
#1268 = EDGE_LOOP('', (#1265, #1266, #1267));
#1269 = FACE_BOUND('', #1268, .T.);

/* ==== Hole 74 (row 3, col 13) CW ==== */
#1270 = CARTESIAN_POINT('', (64.250, 19.250, 0.0));
#1271 = CARTESIAN_POINT('', (64.250, 22.250, 0.0));
#1272 = CARTESIAN_POINT('', (67.250, 20.750, 0.0));
#1273 = VERTEX_POINT('', #1270);
#1274 = VERTEX_POINT('', #1271);
#1275 = VERTEX_POINT('', #1272);
#1276 = LINE('', #1270, #611);
#1277 = LINE('', #1271, #614);
#1278 = LINE('', #1272, #615);
#1279 = EDGE_CURVE('', #1273, #1274, #1276, .T.);
#1280 = EDGE_CURVE('', #1274, #1275, #1277, .T.);
#1281 = EDGE_CURVE('', #1275, #1273, #1278, .T.);
#1282 = ORIENTED_EDGE('', *, *, #1279, .T.);
#1283 = ORIENTED_EDGE('', *, *, #1280, .T.);
#1284 = ORIENTED_EDGE('', *, *, #1281, .T.);
#1285 = EDGE_LOOP('', (#1282, #1283, #1284));
#1286 = FACE_BOUND('', #1285, .T.);

/* ==== Hole 75 (row 3, col 14) CW ==== */
#1287 = CARTESIAN_POINT('', (68.750, 19.250, 0.0));
#1288 = CARTESIAN_POINT('', (68.750, 22.250, 0.0));
#1289 = CARTESIAN_POINT('', (71.750, 20.750, 0.0));
#1290 = VERTEX_POINT('', #1287);
#1291 = VERTEX_POINT('', #1288);
#1292 = VERTEX_POINT('', #1289);
#1293 = LINE('', #1287, #611);
#1294 = LINE('', #1288, #614);
#1295 = LINE('', #1289, #615);
#1296 = EDGE_CURVE('', #1290, #1291, #1293, .T.);
#1297 = EDGE_CURVE('', #1291, #1292, #1294, .T.);
#1298 = EDGE_CURVE('', #1292, #1290, #1295, .T.);
#1299 = ORIENTED_EDGE('', *, *, #1296, .T.);
#1300 = ORIENTED_EDGE('', *, *, #1297, .T.);
#1301 = ORIENTED_EDGE('', *, *, #1298, .T.);
#1302 = EDGE_LOOP('', (#1299, #1300, #1301));
#1303 = FACE_BOUND('', #1302, .T.);

/* ==== Hole 76 (row 3, col 15) CW ==== */
#1304 = CARTESIAN_POINT('', (73.250, 19.250, 0.0));
#1305 = CARTESIAN_POINT('', (73.250, 22.250, 0.0));
#1306 = CARTESIAN_POINT('', (76.250, 20.750, 0.0));
#1307 = VERTEX_POINT('', #1304);
#1308 = VERTEX_POINT('', #1305);
#1309 = VERTEX_POINT('', #1306);
#1310 = LINE('', #1304, #611);
#1311 = LINE('', #1305, #614);
#1312 = LINE('', #1306, #615);
#1313 = EDGE_CURVE('', #1307, #1308, #1310, .T.);
#1314 = EDGE_CURVE('', #1308, #1309, #1311, .T.);
#1315 = EDGE_CURVE('', #1309, #1307, #1312, .T.);
#1316 = ORIENTED_EDGE('', *, *, #1313, .T.);
#1317 = ORIENTED_EDGE('', *, *, #1314, .T.);
#1318 = ORIENTED_EDGE('', *, *, #1315, .T.);
#1319 = EDGE_LOOP('', (#1316, #1317, #1318));
#1320 = FACE_BOUND('', #1319, .T.);

/* ==== Hole 77 (row 3, col 16) CW ==== */
#1321 = CARTESIAN_POINT('', (77.750, 19.250, 0.0));
#1322 = CARTESIAN_POINT('', (77.750, 22.250, 0.0));
#1323 = CARTESIAN_POINT('', (80.750, 20.750, 0.0));
#1324 = VERTEX_POINT('', #1321);
#1325 = VERTEX_POINT('', #1322);
#1326 = VERTEX_POINT('', #1323);
#1327 = LINE('', #1321, #611);
#1328 = LINE('', #1322, #614);
#1329 = LINE('', #1323, #615);
#1330 = EDGE_CURVE('', #1324, #1325, #1327, .T.);
#1331 = EDGE_CURVE('', #1325, #1326, #1328, .T.);
#1332 = EDGE_CURVE('', #1326, #1324, #1329, .T.);
#1333 = ORIENTED_EDGE('', *, *, #1330, .T.);
#1334 = ORIENTED_EDGE('', *, *, #1331, .T.);
#1335 = ORIENTED_EDGE('', *, *, #1332, .T.);
#1336 = EDGE_LOOP('', (#1333, #1334, #1335));
#1337 = FACE_BOUND('', #1336, .T.);

/* ==== Hole 78 (row 3, col 17) CW ==== */
#1338 = CARTESIAN_POINT('', (82.250, 19.250, 0.0));
#1339 = CARTESIAN_POINT('', (82.250, 22.250, 0.0));
#1340 = CARTESIAN_POINT('', (85.250, 20.750, 0.0));
#1341 = VERTEX_POINT('', #1338);
#1342 = VERTEX_POINT('', #1339);
#1343 = VERTEX_POINT('', #1340);
#1344 = LINE('', #1338, #611);
#1345 = LINE('', #1339, #614);
#1346 = LINE('', #1340, #615);
#1347 = EDGE_CURVE('', #1341, #1342, #1344, .T.);
#1348 = EDGE_CURVE('', #1342, #1343, #1345, .T.);
#1349 = EDGE_CURVE('', #1343, #1341, #1346, .T.);
#1350 = ORIENTED_EDGE('', *, *, #1347, .T.);
#1351 = ORIENTED_EDGE('', *, *, #1348, .T.);
#1352 = ORIENTED_EDGE('', *, *, #1349, .T.);
#1353 = EDGE_LOOP('', (#1350, #1351, #1352));
#1354 = FACE_BOUND('', #1353, .T.);

/* ==== Hole 79 (row 3, col 18) CW ==== */
#1355 = CARTESIAN_POINT('', (86.750, 19.250, 0.0));
#1356 = CARTESIAN_POINT('', (86.750, 22.250, 0.0));
#1357 = CARTESIAN_POINT('', (89.750, 20.750, 0.0));
#1358 = VERTEX_POINT('', #1355);
#1359 = VERTEX_POINT('', #1356);
#1360 = VERTEX_POINT('', #1357);
#1361 = LINE('', #1355, #611);
#1362 = LINE('', #1356, #614);
#1363 = LINE('', #1357, #615);
#1364 = EDGE_CURVE('', #1358, #1359, #1361, .T.);
#1365 = EDGE_CURVE('', #1359, #1360, #1362, .T.);
#1366 = EDGE_CURVE('', #1360, #1358, #1363, .T.);
#1367 = ORIENTED_EDGE('', *, *, #1364, .T.);
#1368 = ORIENTED_EDGE('', *, *, #1365, .T.);
#1369 = ORIENTED_EDGE('', *, *, #1366, .T.);
#1370 = EDGE_LOOP('', (#1367, #1368, #1369));
#1371 = FACE_BOUND('', #1370, .T.);

/* ==== Hole 80 (row 3, col 19) CW ==== */
#1372 = CARTESIAN_POINT('', (91.250, 19.250, 0.0));
#1373 = CARTESIAN_POINT('', (91.250, 22.250, 0.0));
#1374 = CARTESIAN_POINT('', (94.250, 20.750, 0.0));
#1375 = VERTEX_POINT('', #1372);
#1376 = VERTEX_POINT('', #1373);
#1377 = VERTEX_POINT('', #1374);
#1378 = LINE('', #1372, #611);
#1379 = LINE('', #1373, #614);
#1380 = LINE('', #1374, #615);
#1381 = EDGE_CURVE('', #1375, #1376, #1378, .T.);
#1382 = EDGE_CURVE('', #1376, #1377, #1379, .T.);
#1383 = EDGE_CURVE('', #1377, #1375, #1380, .T.);
#1384 = ORIENTED_EDGE('', *, *, #1381, .T.);
#1385 = ORIENTED_EDGE('', *, *, #1382, .T.);
#1386 = ORIENTED_EDGE('', *, *, #1383, .T.);
#1387 = EDGE_LOOP('', (#1384, #1385, #1386));
#1388 = FACE_BOUND('', #1387, .T.);

/* ==== Hole 81 (row 4, col 0) CW ==== */
#1389 = CARTESIAN_POINT('', (5.750, 23.750, 0.0));
#1390 = CARTESIAN_POINT('', (5.750, 26.750, 0.0));
#1391 = CARTESIAN_POINT('', (8.750, 25.250, 0.0));
#1392 = VERTEX_POINT('', #1389);
#1393 = VERTEX_POINT('', #1390);
#1394 = VERTEX_POINT('', #1391);
#1395 = LINE('', #1389, #611);
#1396 = LINE('', #1390, #614);
#1397 = LINE('', #1391, #615);
#1398 = EDGE_CURVE('', #1392, #1393, #1395, .T.);
#1399 = EDGE_CURVE('', #1393, #1394, #1396, .T.);
#1400 = EDGE_CURVE('', #1394, #1392, #1397, .T.);
#1401 = ORIENTED_EDGE('', *, *, #1398, .T.);
#1402 = ORIENTED_EDGE('', *, *, #1399, .T.);
#1403 = ORIENTED_EDGE('', *, *, #1400, .T.);
#1404 = EDGE_LOOP('', (#1401, #1402, #1403));
#1405 = FACE_BOUND('', #1404, .T.);

/* ==== Hole 82 (row 4, col 1) CW ==== */
#1406 = CARTESIAN_POINT('', (10.250, 23.750, 0.0));
#1407 = CARTESIAN_POINT('', (10.250, 26.750, 0.0));
#1408 = CARTESIAN_POINT('', (13.250, 25.250, 0.0));
#1409 = VERTEX_POINT('', #1406);
#1410 = VERTEX_POINT('', #1407);
#1411 = VERTEX_POINT('', #1408);
#1412 = LINE('', #1406, #611);
#1413 = LINE('', #1407, #614);
#1414 = LINE('', #1408, #615);
#1415 = EDGE_CURVE('', #1409, #1410, #1412, .T.);
#1416 = EDGE_CURVE('', #1410, #1411, #1413, .T.);
#1417 = EDGE_CURVE('', #1411, #1409, #1414, .T.);
#1418 = ORIENTED_EDGE('', *, *, #1415, .T.);
#1419 = ORIENTED_EDGE('', *, *, #1416, .T.);
#1420 = ORIENTED_EDGE('', *, *, #1417, .T.);
#1421 = EDGE_LOOP('', (#1418, #1419, #1420));
#1422 = FACE_BOUND('', #1421, .T.);

/* ==== Hole 83 (row 4, col 2) CW ==== */
#1423 = CARTESIAN_POINT('', (14.750, 23.750, 0.0));
#1424 = CARTESIAN_POINT('', (14.750, 26.750, 0.0));
#1425 = CARTESIAN_POINT('', (17.750, 25.250, 0.0));
#1426 = VERTEX_POINT('', #1423);
#1427 = VERTEX_POINT('', #1424);
#1428 = VERTEX_POINT('', #1425);
#1429 = LINE('', #1423, #611);
#1430 = LINE('', #1424, #614);
#1431 = LINE('', #1425, #615);
#1432 = EDGE_CURVE('', #1426, #1427, #1429, .T.);
#1433 = EDGE_CURVE('', #1427, #1428, #1430, .T.);
#1434 = EDGE_CURVE('', #1428, #1426, #1431, .T.);
#1435 = ORIENTED_EDGE('', *, *, #1432, .T.);
#1436 = ORIENTED_EDGE('', *, *, #1433, .T.);
#1437 = ORIENTED_EDGE('', *, *, #1434, .T.);
#1438 = EDGE_LOOP('', (#1435, #1436, #1437));
#1439 = FACE_BOUND('', #1438, .T.);

/* ==== Hole 84 (row 4, col 3) CW ==== */
#1440 = CARTESIAN_POINT('', (19.250, 23.750, 0.0));
#1441 = CARTESIAN_POINT('', (19.250, 26.750, 0.0));
#1442 = CARTESIAN_POINT('', (22.250, 25.250, 0.0));
#1443 = VERTEX_POINT('', #1440);
#1444 = VERTEX_POINT('', #1441);
#1445 = VERTEX_POINT('', #1442);
#1446 = LINE('', #1440, #611);
#1447 = LINE('', #1441, #614);
#1448 = LINE('', #1442, #615);
#1449 = EDGE_CURVE('', #1443, #1444, #1446, .T.);
#1450 = EDGE_CURVE('', #1444, #1445, #1447, .T.);
#1451 = EDGE_CURVE('', #1445, #1443, #1448, .T.);
#1452 = ORIENTED_EDGE('', *, *, #1449, .T.);
#1453 = ORIENTED_EDGE('', *, *, #1450, .T.);
#1454 = ORIENTED_EDGE('', *, *, #1451, .T.);
#1455 = EDGE_LOOP('', (#1452, #1453, #1454));
#1456 = FACE_BOUND('', #1455, .T.);

/* ==== Hole 85 (row 4, col 4) CW ==== */
#1457 = CARTESIAN_POINT('', (23.750, 23.750, 0.0));
#1458 = CARTESIAN_POINT('', (23.750, 26.750, 0.0));
#1459 = CARTESIAN_POINT('', (26.750, 25.250, 0.0));
#1460 = VERTEX_POINT('', #1457);
#1461 = VERTEX_POINT('', #1458);
#1462 = VERTEX_POINT('', #1459);
#1463 = LINE('', #1457, #611);
#1464 = LINE('', #1458, #614);
#1465 = LINE('', #1459, #615);
#1466 = EDGE_CURVE('', #1460, #1461, #1463, .T.);
#1467 = EDGE_CURVE('', #1461, #1462, #1464, .T.);
#1468 = EDGE_CURVE('', #1462, #1460, #1465, .T.);
#1469 = ORIENTED_EDGE('', *, *, #1466, .T.);
#1470 = ORIENTED_EDGE('', *, *, #1467, .T.);
#1471 = ORIENTED_EDGE('', *, *, #1468, .T.);
#1472 = EDGE_LOOP('', (#1469, #1470, #1471));
#1473 = FACE_BOUND('', #1472, .T.);

/* ==== Hole 86 (row 4, col 5) CW ==== */
#1474 = CARTESIAN_POINT('', (28.250, 23.750, 0.0));
#1475 = CARTESIAN_POINT('', (28.250, 26.750, 0.0));
#1476 = CARTESIAN_POINT('', (31.250, 25.250, 0.0));
#1477 = VERTEX_POINT('', #1474);
#1478 = VERTEX_POINT('', #1475);
#1479 = VERTEX_POINT('', #1476);
#1480 = LINE('', #1474, #611);
#1481 = LINE('', #1475, #614);
#1482 = LINE('', #1476, #615);
#1483 = EDGE_CURVE('', #1477, #1478, #1480, .T.);
#1484 = EDGE_CURVE('', #1478, #1479, #1481, .T.);
#1485 = EDGE_CURVE('', #1479, #1477, #1482, .T.);
#1486 = ORIENTED_EDGE('', *, *, #1483, .T.);
#1487 = ORIENTED_EDGE('', *, *, #1484, .T.);
#1488 = ORIENTED_EDGE('', *, *, #1485, .T.);
#1489 = EDGE_LOOP('', (#1486, #1487, #1488));
#1490 = FACE_BOUND('', #1489, .T.);

/* ==== Hole 87 (row 4, col 6) CW ==== */
#1491 = CARTESIAN_POINT('', (32.750, 23.750, 0.0));
#1492 = CARTESIAN_POINT('', (32.750, 26.750, 0.0));
#1493 = CARTESIAN_POINT('', (35.750, 25.250, 0.0));
#1494 = VERTEX_POINT('', #1491);
#1495 = VERTEX_POINT('', #1492);
#1496 = VERTEX_POINT('', #1493);
#1497 = LINE('', #1491, #611);
#1498 = LINE('', #1492, #614);
#1499 = LINE('', #1493, #615);
#1500 = EDGE_CURVE('', #1494, #1495, #1497, .T.);
#1501 = EDGE_CURVE('', #1495, #1496, #1498, .T.);
#1502 = EDGE_CURVE('', #1496, #1494, #1499, .T.);
#1503 = ORIENTED_EDGE('', *, *, #1500, .T.);
#1504 = ORIENTED_EDGE('', *, *, #1501, .T.);
#1505 = ORIENTED_EDGE('', *, *, #1502, .T.);
#1506 = EDGE_LOOP('', (#1503, #1504, #1505));
#1507 = FACE_BOUND('', #1506, .T.);

/* ==== Hole 88 (row 4, col 7) CW ==== */
#1508 = CARTESIAN_POINT('', (37.250, 23.750, 0.0));
#1509 = CARTESIAN_POINT('', (37.250, 26.750, 0.0));
#1510 = CARTESIAN_POINT('', (40.250, 25.250, 0.0));
#1511 = VERTEX_POINT('', #1508);
#1512 = VERTEX_POINT('', #1509);
#1513 = VERTEX_POINT('', #1510);
#1514 = LINE('', #1508, #611);
#1515 = LINE('', #1509, #614);
#1516 = LINE('', #1510, #615);
#1517 = EDGE_CURVE('', #1511, #1512, #1514, .T.);
#1518 = EDGE_CURVE('', #1512, #1513, #1515, .T.);
#1519 = EDGE_CURVE('', #1513, #1511, #1516, .T.);
#1520 = ORIENTED_EDGE('', *, *, #1517, .T.);
#1521 = ORIENTED_EDGE('', *, *, #1518, .T.);
#1522 = ORIENTED_EDGE('', *, *, #1519, .T.);
#1523 = EDGE_LOOP('', (#1520, #1521, #1522));
#1524 = FACE_BOUND('', #1523, .T.);

/* ==== Hole 89 (row 4, col 8) CW ==== */
#1525 = CARTESIAN_POINT('', (41.750, 23.750, 0.0));
#1526 = CARTESIAN_POINT('', (41.750, 26.750, 0.0));
#1527 = CARTESIAN_POINT('', (44.750, 25.250, 0.0));
#1528 = VERTEX_POINT('', #1525);
#1529 = VERTEX_POINT('', #1526);
#1530 = VERTEX_POINT('', #1527);
#1531 = LINE('', #1525, #611);
#1532 = LINE('', #1526, #614);
#1533 = LINE('', #1527, #615);
#1534 = EDGE_CURVE('', #1528, #1529, #1531, .T.);
#1535 = EDGE_CURVE('', #1529, #1530, #1532, .T.);
#1536 = EDGE_CURVE('', #1530, #1528, #1533, .T.);
#1537 = ORIENTED_EDGE('', *, *, #1534, .T.);
#1538 = ORIENTED_EDGE('', *, *, #1535, .T.);
#1539 = ORIENTED_EDGE('', *, *, #1536, .T.);
#1540 = EDGE_LOOP('', (#1537, #1538, #1539));
#1541 = FACE_BOUND('', #1540, .T.);

/* ==== Hole 90 (row 4, col 9) CW ==== */
#1542 = CARTESIAN_POINT('', (46.250, 23.750, 0.0));
#1543 = CARTESIAN_POINT('', (46.250, 26.750, 0.0));
#1544 = CARTESIAN_POINT('', (49.250, 25.250, 0.0));
#1545 = VERTEX_POINT('', #1542);
#1546 = VERTEX_POINT('', #1543);
#1547 = VERTEX_POINT('', #1544);
#1548 = LINE('', #1542, #611);
#1549 = LINE('', #1543, #614);
#1550 = LINE('', #1544, #615);
#1551 = EDGE_CURVE('', #1545, #1546, #1548, .T.);
#1552 = EDGE_CURVE('', #1546, #1547, #1549, .T.);
#1553 = EDGE_CURVE('', #1547, #1545, #1550, .T.);
#1554 = ORIENTED_EDGE('', *, *, #1551, .T.);
#1555 = ORIENTED_EDGE('', *, *, #1552, .T.);
#1556 = ORIENTED_EDGE('', *, *, #1553, .T.);
#1557 = EDGE_LOOP('', (#1554, #1555, #1556));
#1558 = FACE_BOUND('', #1557, .T.);

/* ==== Hole 91 (row 4, col 10) CW ==== */
#1559 = CARTESIAN_POINT('', (50.750, 23.750, 0.0));
#1560 = CARTESIAN_POINT('', (50.750, 26.750, 0.0));
#1561 = CARTESIAN_POINT('', (53.750, 25.250, 0.0));
#1562 = VERTEX_POINT('', #1559);
#1563 = VERTEX_POINT('', #1560);
#1564 = VERTEX_POINT('', #1561);
#1565 = LINE('', #1559, #611);
#1566 = LINE('', #1560, #614);
#1567 = LINE('', #1561, #615);
#1568 = EDGE_CURVE('', #1562, #1563, #1565, .T.);
#1569 = EDGE_CURVE('', #1563, #1564, #1566, .T.);
#1570 = EDGE_CURVE('', #1564, #1562, #1567, .T.);
#1571 = ORIENTED_EDGE('', *, *, #1568, .T.);
#1572 = ORIENTED_EDGE('', *, *, #1569, .T.);
#1573 = ORIENTED_EDGE('', *, *, #1570, .T.);
#1574 = EDGE_LOOP('', (#1571, #1572, #1573));
#1575 = FACE_BOUND('', #1574, .T.);

/* ==== Hole 92 (row 4, col 11) CW ==== */
#1576 = CARTESIAN_POINT('', (55.250, 23.750, 0.0));
#1577 = CARTESIAN_POINT('', (55.250, 26.750, 0.0));
#1578 = CARTESIAN_POINT('', (58.250, 25.250, 0.0));
#1579 = VERTEX_POINT('', #1576);
#1580 = VERTEX_POINT('', #1577);
#1581 = VERTEX_POINT('', #1578);
#1582 = LINE('', #1576, #611);
#1583 = LINE('', #1577, #614);
#1584 = LINE('', #1578, #615);
#1585 = EDGE_CURVE('', #1579, #1580, #1582, .T.);
#1586 = EDGE_CURVE('', #1580, #1581, #1583, .T.);
#1587 = EDGE_CURVE('', #1581, #1579, #1584, .T.);
#1588 = ORIENTED_EDGE('', *, *, #1585, .T.);
#1589 = ORIENTED_EDGE('', *, *, #1586, .T.);
#1590 = ORIENTED_EDGE('', *, *, #1587, .T.);
#1591 = EDGE_LOOP('', (#1588, #1589, #1590));
#1592 = FACE_BOUND('', #1591, .T.);

/* ==== Hole 93 (row 4, col 12) CW ==== */
#1593 = CARTESIAN_POINT('', (59.750, 23.750, 0.0));
#1594 = CARTESIAN_POINT('', (59.750, 26.750, 0.0));
#1595 = CARTESIAN_POINT('', (62.750, 25.250, 0.0));
#1596 = VERTEX_POINT('', #1593);
#1597 = VERTEX_POINT('', #1594);
#1598 = VERTEX_POINT('', #1595);
#1599 = LINE('', #1593, #611);
#1600 = LINE('', #1594, #614);
#1601 = LINE('', #1595, #615);
#1602 = EDGE_CURVE('', #1596, #1597, #1599, .T.);
#1603 = EDGE_CURVE('', #1597, #1598, #1600, .T.);
#1604 = EDGE_CURVE('', #1598, #1596, #1601, .T.);
#1605 = ORIENTED_EDGE('', *, *, #1602, .T.);
#1606 = ORIENTED_EDGE('', *, *, #1603, .T.);
#1607 = ORIENTED_EDGE('', *, *, #1604, .T.);
#1608 = EDGE_LOOP('', (#1605, #1606, #1607));
#1609 = FACE_BOUND('', #1608, .T.);

/* ==== Hole 94 (row 4, col 13) CW ==== */
#1610 = CARTESIAN_POINT('', (64.250, 23.750, 0.0));
#1611 = CARTESIAN_POINT('', (64.250, 26.750, 0.0));
#1612 = CARTESIAN_POINT('', (67.250, 25.250, 0.0));
#1613 = VERTEX_POINT('', #1610);
#1614 = VERTEX_POINT('', #1611);
#1615 = VERTEX_POINT('', #1612);
#1616 = LINE('', #1610, #611);
#1617 = LINE('', #1611, #614);
#1618 = LINE('', #1612, #615);
#1619 = EDGE_CURVE('', #1613, #1614, #1616, .T.);
#1620 = EDGE_CURVE('', #1614, #1615, #1617, .T.);
#1621 = EDGE_CURVE('', #1615, #1613, #1618, .T.);
#1622 = ORIENTED_EDGE('', *, *, #1619, .T.);
#1623 = ORIENTED_EDGE('', *, *, #1620, .T.);
#1624 = ORIENTED_EDGE('', *, *, #1621, .T.);
#1625 = EDGE_LOOP('', (#1622, #1623, #1624));
#1626 = FACE_BOUND('', #1625, .T.);

/* ==== Hole 95 (row 4, col 14) CW ==== */
#1627 = CARTESIAN_POINT('', (68.750, 23.750, 0.0));
#1628 = CARTESIAN_POINT('', (68.750, 26.750, 0.0));
#1629 = CARTESIAN_POINT('', (71.750, 25.250, 0.0));
#1630 = VERTEX_POINT('', #1627);
#1631 = VERTEX_POINT('', #1628);
#1632 = VERTEX_POINT('', #1629);
#1633 = LINE('', #1627, #611);
#1634 = LINE('', #1628, #614);
#1635 = LINE('', #1629, #615);
#1636 = EDGE_CURVE('', #1630, #1631, #1633, .T.);
#1637 = EDGE_CURVE('', #1631, #1632, #1634, .T.);
#1638 = EDGE_CURVE('', #1632, #1630, #1635, .T.);
#1639 = ORIENTED_EDGE('', *, *, #1636, .T.);
#1640 = ORIENTED_EDGE('', *, *, #1637, .T.);
#1641 = ORIENTED_EDGE('', *, *, #1638, .T.);
#1642 = EDGE_LOOP('', (#1639, #1640, #1641));
#1643 = FACE_BOUND('', #1642, .T.);

/* ==== Hole 96 (row 4, col 15) CW ==== */
#1644 = CARTESIAN_POINT('', (73.250, 23.750, 0.0));
#1645 = CARTESIAN_POINT('', (73.250, 26.750, 0.0));
#1646 = CARTESIAN_POINT('', (76.250, 25.250, 0.0));
#1647 = VERTEX_POINT('', #1644);
#1648 = VERTEX_POINT('', #1645);
#1649 = VERTEX_POINT('', #1646);
#1650 = LINE('', #1644, #611);
#1651 = LINE('', #1645, #614);
#1652 = LINE('', #1646, #615);
#1653 = EDGE_CURVE('', #1647, #1648, #1650, .T.);
#1654 = EDGE_CURVE('', #1648, #1649, #1651, .T.);
#1655 = EDGE_CURVE('', #1649, #1647, #1652, .T.);
#1656 = ORIENTED_EDGE('', *, *, #1653, .T.);
#1657 = ORIENTED_EDGE('', *, *, #1654, .T.);
#1658 = ORIENTED_EDGE('', *, *, #1655, .T.);
#1659 = EDGE_LOOP('', (#1656, #1657, #1658));
#1660 = FACE_BOUND('', #1659, .T.);

/* ==== Hole 97 (row 4, col 16) CW ==== */
#1661 = CARTESIAN_POINT('', (77.750, 23.750, 0.0));
#1662 = CARTESIAN_POINT('', (77.750, 26.750, 0.0));
#1663 = CARTESIAN_POINT('', (80.750, 25.250, 0.0));
#1664 = VERTEX_POINT('', #1661);
#1665 = VERTEX_POINT('', #1662);
#1666 = VERTEX_POINT('', #1663);
#1667 = LINE('', #1661, #611);
#1668 = LINE('', #1662, #614);
#1669 = LINE('', #1663, #615);
#1670 = EDGE_CURVE('', #1664, #1665, #1667, .T.);
#1671 = EDGE_CURVE('', #1665, #1666, #1668, .T.);
#1672 = EDGE_CURVE('', #1666, #1664, #1669, .T.);
#1673 = ORIENTED_EDGE('', *, *, #1670, .T.);
#1674 = ORIENTED_EDGE('', *, *, #1671, .T.);
#1675 = ORIENTED_EDGE('', *, *, #1672, .T.);
#1676 = EDGE_LOOP('', (#1673, #1674, #1675));
#1677 = FACE_BOUND('', #1676, .T.);

/* ==== Hole 98 (row 4, col 17) CW ==== */
#1678 = CARTESIAN_POINT('', (82.250, 23.750, 0.0));
#1679 = CARTESIAN_POINT('', (82.250, 26.750, 0.0));
#1680 = CARTESIAN_POINT('', (85.250, 25.250, 0.0));
#1681 = VERTEX_POINT('', #1678);
#1682 = VERTEX_POINT('', #1679);
#1683 = VERTEX_POINT('', #1680);
#1684 = LINE('', #1678, #611);
#1685 = LINE('', #1679, #614);
#1686 = LINE('', #1680, #615);
#1687 = EDGE_CURVE('', #1681, #1682, #1684, .T.);
#1688 = EDGE_CURVE('', #1682, #1683, #1685, .T.);
#1689 = EDGE_CURVE('', #1683, #1681, #1686, .T.);
#1690 = ORIENTED_EDGE('', *, *, #1687, .T.);
#1691 = ORIENTED_EDGE('', *, *, #1688, .T.);
#1692 = ORIENTED_EDGE('', *, *, #1689, .T.);
#1693 = EDGE_LOOP('', (#1690, #1691, #1692));
#1694 = FACE_BOUND('', #1693, .T.);

/* ==== Hole 99 (row 4, col 18) CW ==== */
#1695 = CARTESIAN_POINT('', (86.750, 23.750, 0.0));
#1696 = CARTESIAN_POINT('', (86.750, 26.750, 0.0));
#1697 = CARTESIAN_POINT('', (89.750, 25.250, 0.0));
#1698 = VERTEX_POINT('', #1695);
#1699 = VERTEX_POINT('', #1696);
#1700 = VERTEX_POINT('', #1697);
#1701 = LINE('', #1695, #611);
#1702 = LINE('', #1696, #614);
#1703 = LINE('', #1697, #615);
#1704 = EDGE_CURVE('', #1698, #1699, #1701, .T.);
#1705 = EDGE_CURVE('', #1699, #1700, #1702, .T.);
#1706 = EDGE_CURVE('', #1700, #1698, #1703, .T.);
#1707 = ORIENTED_EDGE('', *, *, #1704, .T.);
#1708 = ORIENTED_EDGE('', *, *, #1705, .T.);
#1709 = ORIENTED_EDGE('', *, *, #1706, .T.);
#1710 = EDGE_LOOP('', (#1707, #1708, #1709));
#1711 = FACE_BOUND('', #1710, .T.);

/* ==== Hole 100 (row 4, col 19) CW ==== */
#1712 = CARTESIAN_POINT('', (91.250, 23.750, 0.0));
#1713 = CARTESIAN_POINT('', (91.250, 26.750, 0.0));
#1714 = CARTESIAN_POINT('', (94.250, 25.250, 0.0));
#1715 = VERTEX_POINT('', #1712);
#1716 = VERTEX_POINT('', #1713);
#1717 = VERTEX_POINT('', #1714);
#1718 = LINE('', #1712, #611);
#1719 = LINE('', #1713, #614);
#1720 = LINE('', #1714, #615);
#1721 = EDGE_CURVE('', #1715, #1716, #1718, .T.);
#1722 = EDGE_CURVE('', #1716, #1717, #1719, .T.);
#1723 = EDGE_CURVE('', #1717, #1715, #1720, .T.);
#1724 = ORIENTED_EDGE('', *, *, #1721, .T.);
#1725 = ORIENTED_EDGE('', *, *, #1722, .T.);
#1726 = ORIENTED_EDGE('', *, *, #1723, .T.);
#1727 = EDGE_LOOP('', (#1724, #1725, #1726));
#1728 = FACE_BOUND('', #1727, .T.);

/* ==== Hole 101 (row 5, col 0) CW ==== */
#1729 = CARTESIAN_POINT('', (5.750, 28.250, 0.0));
#1730 = CARTESIAN_POINT('', (5.750, 31.250, 0.0));
#1731 = CARTESIAN_POINT('', (8.750, 29.750, 0.0));
#1732 = VERTEX_POINT('', #1729);
#1733 = VERTEX_POINT('', #1730);
#1734 = VERTEX_POINT('', #1731);
#1735 = LINE('', #1729, #611);
#1736 = LINE('', #1730, #614);
#1737 = LINE('', #1731, #615);
#1738 = EDGE_CURVE('', #1732, #1733, #1735, .T.);
#1739 = EDGE_CURVE('', #1733, #1734, #1736, .T.);
#1740 = EDGE_CURVE('', #1734, #1732, #1737, .T.);
#1741 = ORIENTED_EDGE('', *, *, #1738, .T.);
#1742 = ORIENTED_EDGE('', *, *, #1739, .T.);
#1743 = ORIENTED_EDGE('', *, *, #1740, .T.);
#1744 = EDGE_LOOP('', (#1741, #1742, #1743));
#1745 = FACE_BOUND('', #1744, .T.);

/* ==== Hole 102 (row 5, col 1) CW ==== */
#1746 = CARTESIAN_POINT('', (10.250, 28.250, 0.0));
#1747 = CARTESIAN_POINT('', (10.250, 31.250, 0.0));
#1748 = CARTESIAN_POINT('', (13.250, 29.750, 0.0));
#1749 = VERTEX_POINT('', #1746);
#1750 = VERTEX_POINT('', #1747);
#1751 = VERTEX_POINT('', #1748);
#1752 = LINE('', #1746, #611);
#1753 = LINE('', #1747, #614);
#1754 = LINE('', #1748, #615);
#1755 = EDGE_CURVE('', #1749, #1750, #1752, .T.);
#1756 = EDGE_CURVE('', #1750, #1751, #1753, .T.);
#1757 = EDGE_CURVE('', #1751, #1749, #1754, .T.);
#1758 = ORIENTED_EDGE('', *, *, #1755, .T.);
#1759 = ORIENTED_EDGE('', *, *, #1756, .T.);
#1760 = ORIENTED_EDGE('', *, *, #1757, .T.);
#1761 = EDGE_LOOP('', (#1758, #1759, #1760));
#1762 = FACE_BOUND('', #1761, .T.);

/* ==== Hole 103 (row 5, col 2) CW ==== */
#1763 = CARTESIAN_POINT('', (14.750, 28.250, 0.0));
#1764 = CARTESIAN_POINT('', (14.750, 31.250, 0.0));
#1765 = CARTESIAN_POINT('', (17.750, 29.750, 0.0));
#1766 = VERTEX_POINT('', #1763);
#1767 = VERTEX_POINT('', #1764);
#1768 = VERTEX_POINT('', #1765);
#1769 = LINE('', #1763, #611);
#1770 = LINE('', #1764, #614);
#1771 = LINE('', #1765, #615);
#1772 = EDGE_CURVE('', #1766, #1767, #1769, .T.);
#1773 = EDGE_CURVE('', #1767, #1768, #1770, .T.);
#1774 = EDGE_CURVE('', #1768, #1766, #1771, .T.);
#1775 = ORIENTED_EDGE('', *, *, #1772, .T.);
#1776 = ORIENTED_EDGE('', *, *, #1773, .T.);
#1777 = ORIENTED_EDGE('', *, *, #1774, .T.);
#1778 = EDGE_LOOP('', (#1775, #1776, #1777));
#1779 = FACE_BOUND('', #1778, .T.);

/* ==== Hole 104 (row 5, col 3) CW ==== */
#1780 = CARTESIAN_POINT('', (19.250, 28.250, 0.0));
#1781 = CARTESIAN_POINT('', (19.250, 31.250, 0.0));
#1782 = CARTESIAN_POINT('', (22.250, 29.750, 0.0));
#1783 = VERTEX_POINT('', #1780);
#1784 = VERTEX_POINT('', #1781);
#1785 = VERTEX_POINT('', #1782);
#1786 = LINE('', #1780, #611);
#1787 = LINE('', #1781, #614);
#1788 = LINE('', #1782, #615);
#1789 = EDGE_CURVE('', #1783, #1784, #1786, .T.);
#1790 = EDGE_CURVE('', #1784, #1785, #1787, .T.);
#1791 = EDGE_CURVE('', #1785, #1783, #1788, .T.);
#1792 = ORIENTED_EDGE('', *, *, #1789, .T.);
#1793 = ORIENTED_EDGE('', *, *, #1790, .T.);
#1794 = ORIENTED_EDGE('', *, *, #1791, .T.);
#1795 = EDGE_LOOP('', (#1792, #1793, #1794));
#1796 = FACE_BOUND('', #1795, .T.);

/* ==== Hole 105 (row 5, col 4) CW ==== */
#1797 = CARTESIAN_POINT('', (23.750, 28.250, 0.0));
#1798 = CARTESIAN_POINT('', (23.750, 31.250, 0.0));
#1799 = CARTESIAN_POINT('', (26.750, 29.750, 0.0));
#1800 = VERTEX_POINT('', #1797);
#1801 = VERTEX_POINT('', #1798);
#1802 = VERTEX_POINT('', #1799);
#1803 = LINE('', #1797, #611);
#1804 = LINE('', #1798, #614);
#1805 = LINE('', #1799, #615);
#1806 = EDGE_CURVE('', #1800, #1801, #1803, .T.);
#1807 = EDGE_CURVE('', #1801, #1802, #1804, .T.);
#1808 = EDGE_CURVE('', #1802, #1800, #1805, .T.);
#1809 = ORIENTED_EDGE('', *, *, #1806, .T.);
#1810 = ORIENTED_EDGE('', *, *, #1807, .T.);
#1811 = ORIENTED_EDGE('', *, *, #1808, .T.);
#1812 = EDGE_LOOP('', (#1809, #1810, #1811));
#1813 = FACE_BOUND('', #1812, .T.);

/* ==== Hole 106 (row 5, col 5) CW ==== */
#1814 = CARTESIAN_POINT('', (28.250, 28.250, 0.0));
#1815 = CARTESIAN_POINT('', (28.250, 31.250, 0.0));
#1816 = CARTESIAN_POINT('', (31.250, 29.750, 0.0));
#1817 = VERTEX_POINT('', #1814);
#1818 = VERTEX_POINT('', #1815);
#1819 = VERTEX_POINT('', #1816);
#1820 = LINE('', #1814, #611);
#1821 = LINE('', #1815, #614);
#1822 = LINE('', #1816, #615);
#1823 = EDGE_CURVE('', #1817, #1818, #1820, .T.);
#1824 = EDGE_CURVE('', #1818, #1819, #1821, .T.);
#1825 = EDGE_CURVE('', #1819, #1817, #1822, .T.);
#1826 = ORIENTED_EDGE('', *, *, #1823, .T.);
#1827 = ORIENTED_EDGE('', *, *, #1824, .T.);
#1828 = ORIENTED_EDGE('', *, *, #1825, .T.);
#1829 = EDGE_LOOP('', (#1826, #1827, #1828));
#1830 = FACE_BOUND('', #1829, .T.);

/* ==== Hole 107 (row 5, col 6) CW ==== */
#1831 = CARTESIAN_POINT('', (32.750, 28.250, 0.0));
#1832 = CARTESIAN_POINT('', (32.750, 31.250, 0.0));
#1833 = CARTESIAN_POINT('', (35.750, 29.750, 0.0));
#1834 = VERTEX_POINT('', #1831);
#1835 = VERTEX_POINT('', #1832);
#1836 = VERTEX_POINT('', #1833);
#1837 = LINE('', #1831, #611);
#1838 = LINE('', #1832, #614);
#1839 = LINE('', #1833, #615);
#1840 = EDGE_CURVE('', #1834, #1835, #1837, .T.);
#1841 = EDGE_CURVE('', #1835, #1836, #1838, .T.);
#1842 = EDGE_CURVE('', #1836, #1834, #1839, .T.);
#1843 = ORIENTED_EDGE('', *, *, #1840, .T.);
#1844 = ORIENTED_EDGE('', *, *, #1841, .T.);
#1845 = ORIENTED_EDGE('', *, *, #1842, .T.);
#1846 = EDGE_LOOP('', (#1843, #1844, #1845));
#1847 = FACE_BOUND('', #1846, .T.);

/* ==== Hole 108 (row 5, col 7) CW ==== */
#1848 = CARTESIAN_POINT('', (37.250, 28.250, 0.0));
#1849 = CARTESIAN_POINT('', (37.250, 31.250, 0.0));
#1850 = CARTESIAN_POINT('', (40.250, 29.750, 0.0));
#1851 = VERTEX_POINT('', #1848);
#1852 = VERTEX_POINT('', #1849);
#1853 = VERTEX_POINT('', #1850);
#1854 = LINE('', #1848, #611);
#1855 = LINE('', #1849, #614);
#1856 = LINE('', #1850, #615);
#1857 = EDGE_CURVE('', #1851, #1852, #1854, .T.);
#1858 = EDGE_CURVE('', #1852, #1853, #1855, .T.);
#1859 = EDGE_CURVE('', #1853, #1851, #1856, .T.);
#1860 = ORIENTED_EDGE('', *, *, #1857, .T.);
#1861 = ORIENTED_EDGE('', *, *, #1858, .T.);
#1862 = ORIENTED_EDGE('', *, *, #1859, .T.);
#1863 = EDGE_LOOP('', (#1860, #1861, #1862));
#1864 = FACE_BOUND('', #1863, .T.);

/* ==== Hole 109 (row 5, col 8) CW ==== */
#1865 = CARTESIAN_POINT('', (41.750, 28.250, 0.0));
#1866 = CARTESIAN_POINT('', (41.750, 31.250, 0.0));
#1867 = CARTESIAN_POINT('', (44.750, 29.750, 0.0));
#1868 = VERTEX_POINT('', #1865);
#1869 = VERTEX_POINT('', #1866);
#1870 = VERTEX_POINT('', #1867);
#1871 = LINE('', #1865, #611);
#1872 = LINE('', #1866, #614);
#1873 = LINE('', #1867, #615);
#1874 = EDGE_CURVE('', #1868, #1869, #1871, .T.);
#1875 = EDGE_CURVE('', #1869, #1870, #1872, .T.);
#1876 = EDGE_CURVE('', #1870, #1868, #1873, .T.);
#1877 = ORIENTED_EDGE('', *, *, #1874, .T.);
#1878 = ORIENTED_EDGE('', *, *, #1875, .T.);
#1879 = ORIENTED_EDGE('', *, *, #1876, .T.);
#1880 = EDGE_LOOP('', (#1877, #1878, #1879));
#1881 = FACE_BOUND('', #1880, .T.);

/* ==== Hole 110 (row 5, col 9) CW ==== */
#1882 = CARTESIAN_POINT('', (46.250, 28.250, 0.0));
#1883 = CARTESIAN_POINT('', (46.250, 31.250, 0.0));
#1884 = CARTESIAN_POINT('', (49.250, 29.750, 0.0));
#1885 = VERTEX_POINT('', #1882);
#1886 = VERTEX_POINT('', #1883);
#1887 = VERTEX_POINT('', #1884);
#1888 = LINE('', #1882, #611);
#1889 = LINE('', #1883, #614);
#1890 = LINE('', #1884, #615);
#1891 = EDGE_CURVE('', #1885, #1886, #1888, .T.);
#1892 = EDGE_CURVE('', #1886, #1887, #1889, .T.);
#1893 = EDGE_CURVE('', #1887, #1885, #1890, .T.);
#1894 = ORIENTED_EDGE('', *, *, #1891, .T.);
#1895 = ORIENTED_EDGE('', *, *, #1892, .T.);
#1896 = ORIENTED_EDGE('', *, *, #1893, .T.);
#1897 = EDGE_LOOP('', (#1894, #1895, #1896));
#1898 = FACE_BOUND('', #1897, .T.);

/* ==== Hole 111 (row 5, col 10) CW ==== */
#1899 = CARTESIAN_POINT('', (50.750, 28.250, 0.0));
#1900 = CARTESIAN_POINT('', (50.750, 31.250, 0.0));
#1901 = CARTESIAN_POINT('', (53.750, 29.750, 0.0));
#1902 = VERTEX_POINT('', #1899);
#1903 = VERTEX_POINT('', #1900);
#1904 = VERTEX_POINT('', #1901);
#1905 = LINE('', #1899, #611);
#1906 = LINE('', #1900, #614);
#1907 = LINE('', #1901, #615);
#1908 = EDGE_CURVE('', #1902, #1903, #1905, .T.);
#1909 = EDGE_CURVE('', #1903, #1904, #1906, .T.);
#1910 = EDGE_CURVE('', #1904, #1902, #1907, .T.);
#1911 = ORIENTED_EDGE('', *, *, #1908, .T.);
#1912 = ORIENTED_EDGE('', *, *, #1909, .T.);
#1913 = ORIENTED_EDGE('', *, *, #1910, .T.);
#1914 = EDGE_LOOP('', (#1911, #1912, #1913));
#1915 = FACE_BOUND('', #1914, .T.);

/* ==== Hole 112 (row 5, col 11) CW ==== */
#1916 = CARTESIAN_POINT('', (55.250, 28.250, 0.0));
#1917 = CARTESIAN_POINT('', (55.250, 31.250, 0.0));
#1918 = CARTESIAN_POINT('', (58.250, 29.750, 0.0));
#1919 = VERTEX_POINT('', #1916);
#1920 = VERTEX_POINT('', #1917);
#1921 = VERTEX_POINT('', #1918);
#1922 = LINE('', #1916, #611);
#1923 = LINE('', #1917, #614);
#1924 = LINE('', #1918, #615);
#1925 = EDGE_CURVE('', #1919, #1920, #1922, .T.);
#1926 = EDGE_CURVE('', #1920, #1921, #1923, .T.);
#1927 = EDGE_CURVE('', #1921, #1919, #1924, .T.);
#1928 = ORIENTED_EDGE('', *, *, #1925, .T.);
#1929 = ORIENTED_EDGE('', *, *, #1926, .T.);
#1930 = ORIENTED_EDGE('', *, *, #1927, .T.);
#1931 = EDGE_LOOP('', (#1928, #1929, #1930));
#1932 = FACE_BOUND('', #1931, .T.);

/* ==== Hole 113 (row 5, col 12) CW ==== */
#1933 = CARTESIAN_POINT('', (59.750, 28.250, 0.0));
#1934 = CARTESIAN_POINT('', (59.750, 31.250, 0.0));
#1935 = CARTESIAN_POINT('', (62.750, 29.750, 0.0));
#1936 = VERTEX_POINT('', #1933);
#1937 = VERTEX_POINT('', #1934);
#1938 = VERTEX_POINT('', #1935);
#1939 = LINE('', #1933, #611);
#1940 = LINE('', #1934, #614);
#1941 = LINE('', #1935, #615);
#1942 = EDGE_CURVE('', #1936, #1937, #1939, .T.);
#1943 = EDGE_CURVE('', #1937, #1938, #1940, .T.);
#1944 = EDGE_CURVE('', #1938, #1936, #1941, .T.);
#1945 = ORIENTED_EDGE('', *, *, #1942, .T.);
#1946 = ORIENTED_EDGE('', *, *, #1943, .T.);
#1947 = ORIENTED_EDGE('', *, *, #1944, .T.);
#1948 = EDGE_LOOP('', (#1945, #1946, #1947));
#1949 = FACE_BOUND('', #1948, .T.);

/* ==== Hole 114 (row 5, col 13) CW ==== */
#1950 = CARTESIAN_POINT('', (64.250, 28.250, 0.0));
#1951 = CARTESIAN_POINT('', (64.250, 31.250, 0.0));
#1952 = CARTESIAN_POINT('', (67.250, 29.750, 0.0));
#1953 = VERTEX_POINT('', #1950);
#1954 = VERTEX_POINT('', #1951);
#1955 = VERTEX_POINT('', #1952);
#1956 = LINE('', #1950, #611);
#1957 = LINE('', #1951, #614);
#1958 = LINE('', #1952, #615);
#1959 = EDGE_CURVE('', #1953, #1954, #1956, .T.);
#1960 = EDGE_CURVE('', #1954, #1955, #1957, .T.);
#1961 = EDGE_CURVE('', #1955, #1953, #1958, .T.);
#1962 = ORIENTED_EDGE('', *, *, #1959, .T.);
#1963 = ORIENTED_EDGE('', *, *, #1960, .T.);
#1964 = ORIENTED_EDGE('', *, *, #1961, .T.);
#1965 = EDGE_LOOP('', (#1962, #1963, #1964));
#1966 = FACE_BOUND('', #1965, .T.);

/* ==== Hole 115 (row 5, col 14) CW ==== */
#1967 = CARTESIAN_POINT('', (68.750, 28.250, 0.0));
#1968 = CARTESIAN_POINT('', (68.750, 31.250, 0.0));
#1969 = CARTESIAN_POINT('', (71.750, 29.750, 0.0));
#1970 = VERTEX_POINT('', #1967);
#1971 = VERTEX_POINT('', #1968);
#1972 = VERTEX_POINT('', #1969);
#1973 = LINE('', #1967, #611);
#1974 = LINE('', #1968, #614);
#1975 = LINE('', #1969, #615);
#1976 = EDGE_CURVE('', #1970, #1971, #1973, .T.);
#1977 = EDGE_CURVE('', #1971, #1972, #1974, .T.);
#1978 = EDGE_CURVE('', #1972, #1970, #1975, .T.);
#1979 = ORIENTED_EDGE('', *, *, #1976, .T.);
#1980 = ORIENTED_EDGE('', *, *, #1977, .T.);
#1981 = ORIENTED_EDGE('', *, *, #1978, .T.);
#1982 = EDGE_LOOP('', (#1979, #1980, #1981));
#1983 = FACE_BOUND('', #1982, .T.);

/* ==== Hole 116 (row 5, col 15) CW ==== */
#1984 = CARTESIAN_POINT('', (73.250, 28.250, 0.0));
#1985 = CARTESIAN_POINT('', (73.250, 31.250, 0.0));
#1986 = CARTESIAN_POINT('', (76.250, 29.750, 0.0));
#1987 = VERTEX_POINT('', #1984);
#1988 = VERTEX_POINT('', #1985);
#1989 = VERTEX_POINT('', #1986);
#1990 = LINE('', #1984, #611);
#1991 = LINE('', #1985, #614);
#1992 = LINE('', #1986, #615);
#1993 = EDGE_CURVE('', #1987, #1988, #1990, .T.);
#1994 = EDGE_CURVE('', #1988, #1989, #1991, .T.);
#1995 = EDGE_CURVE('', #1989, #1987, #1992, .T.);
#1996 = ORIENTED_EDGE('', *, *, #1993, .T.);
#1997 = ORIENTED_EDGE('', *, *, #1994, .T.);
#1998 = ORIENTED_EDGE('', *, *, #1995, .T.);
#1999 = EDGE_LOOP('', (#1996, #1997, #1998));
#2000 = FACE_BOUND('', #1999, .T.);

/* ==== Hole 117 (row 5, col 16) CW ==== */
#2001 = CARTESIAN_POINT('', (77.750, 28.250, 0.0));
#2002 = CARTESIAN_POINT('', (77.750, 31.250, 0.0));
#2003 = CARTESIAN_POINT('', (80.750, 29.750, 0.0));
#2004 = VERTEX_POINT('', #2001);
#2005 = VERTEX_POINT('', #2002);
#2006 = VERTEX_POINT('', #2003);
#2007 = LINE('', #2001, #611);
#2008 = LINE('', #2002, #614);
#2009 = LINE('', #2003, #615);
#2010 = EDGE_CURVE('', #2004, #2005, #2007, .T.);
#2011 = EDGE_CURVE('', #2005, #2006, #2008, .T.);
#2012 = EDGE_CURVE('', #2006, #2004, #2009, .T.);
#2013 = ORIENTED_EDGE('', *, *, #2010, .T.);
#2014 = ORIENTED_EDGE('', *, *, #2011, .T.);
#2015 = ORIENTED_EDGE('', *, *, #2012, .T.);
#2016 = EDGE_LOOP('', (#2013, #2014, #2015));
#2017 = FACE_BOUND('', #2016, .T.);

/* ==== Hole 118 (row 5, col 17) CW ==== */
#2018 = CARTESIAN_POINT('', (82.250, 28.250, 0.0));
#2019 = CARTESIAN_POINT('', (82.250, 31.250, 0.0));
#2020 = CARTESIAN_POINT('', (85.250, 29.750, 0.0));
#2021 = VERTEX_POINT('', #2018);
#2022 = VERTEX_POINT('', #2019);
#2023 = VERTEX_POINT('', #2020);
#2024 = LINE('', #2018, #611);
#2025 = LINE('', #2019, #614);
#2026 = LINE('', #2020, #615);
#2027 = EDGE_CURVE('', #2021, #2022, #2024, .T.);
#2028 = EDGE_CURVE('', #2022, #2023, #2025, .T.);
#2029 = EDGE_CURVE('', #2023, #2021, #2026, .T.);
#2030 = ORIENTED_EDGE('', *, *, #2027, .T.);
#2031 = ORIENTED_EDGE('', *, *, #2028, .T.);
#2032 = ORIENTED_EDGE('', *, *, #2029, .T.);
#2033 = EDGE_LOOP('', (#2030, #2031, #2032));
#2034 = FACE_BOUND('', #2033, .T.);

/* ==== Hole 119 (row 5, col 18) CW ==== */
#2035 = CARTESIAN_POINT('', (86.750, 28.250, 0.0));
#2036 = CARTESIAN_POINT('', (86.750, 31.250, 0.0));
#2037 = CARTESIAN_POINT('', (89.750, 29.750, 0.0));
#2038 = VERTEX_POINT('', #2035);
#2039 = VERTEX_POINT('', #2036);
#2040 = VERTEX_POINT('', #2037);
#2041 = LINE('', #2035, #611);
#2042 = LINE('', #2036, #614);
#2043 = LINE('', #2037, #615);
#2044 = EDGE_CURVE('', #2038, #2039, #2041, .T.);
#2045 = EDGE_CURVE('', #2039, #2040, #2042, .T.);
#2046 = EDGE_CURVE('', #2040, #2038, #2043, .T.);
#2047 = ORIENTED_EDGE('', *, *, #2044, .T.);
#2048 = ORIENTED_EDGE('', *, *, #2045, .T.);
#2049 = ORIENTED_EDGE('', *, *, #2046, .T.);
#2050 = EDGE_LOOP('', (#2047, #2048, #2049));
#2051 = FACE_BOUND('', #2050, .T.);

/* ==== Hole 120 (row 5, col 19) CW ==== */
#2052 = CARTESIAN_POINT('', (91.250, 28.250, 0.0));
#2053 = CARTESIAN_POINT('', (91.250, 31.250, 0.0));
#2054 = CARTESIAN_POINT('', (94.250, 29.750, 0.0));
#2055 = VERTEX_POINT('', #2052);
#2056 = VERTEX_POINT('', #2053);
#2057 = VERTEX_POINT('', #2054);
#2058 = LINE('', #2052, #611);
#2059 = LINE('', #2053, #614);
#2060 = LINE('', #2054, #615);
#2061 = EDGE_CURVE('', #2055, #2056, #2058, .T.);
#2062 = EDGE_CURVE('', #2056, #2057, #2059, .T.);
#2063 = EDGE_CURVE('', #2057, #2055, #2060, .T.);
#2064 = ORIENTED_EDGE('', *, *, #2061, .T.);
#2065 = ORIENTED_EDGE('', *, *, #2062, .T.);
#2066 = ORIENTED_EDGE('', *, *, #2063, .T.);
#2067 = EDGE_LOOP('', (#2064, #2065, #2066));
#2068 = FACE_BOUND('', #2067, .T.);

/* ==== Hole 121 (row 6, col 0) CW ==== */
#2069 = CARTESIAN_POINT('', (5.750, 32.750, 0.0));
#2070 = CARTESIAN_POINT('', (5.750, 35.750, 0.0));
#2071 = CARTESIAN_POINT('', (8.750, 34.250, 0.0));
#2072 = VERTEX_POINT('', #2069);
#2073 = VERTEX_POINT('', #2070);
#2074 = VERTEX_POINT('', #2071);
#2075 = LINE('', #2069, #611);
#2076 = LINE('', #2070, #614);
#2077 = LINE('', #2071, #615);
#2078 = EDGE_CURVE('', #2072, #2073, #2075, .T.);
#2079 = EDGE_CURVE('', #2073, #2074, #2076, .T.);
#2080 = EDGE_CURVE('', #2074, #2072, #2077, .T.);
#2081 = ORIENTED_EDGE('', *, *, #2078, .T.);
#2082 = ORIENTED_EDGE('', *, *, #2079, .T.);
#2083 = ORIENTED_EDGE('', *, *, #2080, .T.);
#2084 = EDGE_LOOP('', (#2081, #2082, #2083));
#2085 = FACE_BOUND('', #2084, .T.);

/* ==== Hole 122 (row 6, col 1) CW ==== */
#2086 = CARTESIAN_POINT('', (10.250, 32.750, 0.0));
#2087 = CARTESIAN_POINT('', (10.250, 35.750, 0.0));
#2088 = CARTESIAN_POINT('', (13.250, 34.250, 0.0));
#2089 = VERTEX_POINT('', #2086);
#2090 = VERTEX_POINT('', #2087);
#2091 = VERTEX_POINT('', #2088);
#2092 = LINE('', #2086, #611);
#2093 = LINE('', #2087, #614);
#2094 = LINE('', #2088, #615);
#2095 = EDGE_CURVE('', #2089, #2090, #2092, .T.);
#2096 = EDGE_CURVE('', #2090, #2091, #2093, .T.);
#2097 = EDGE_CURVE('', #2091, #2089, #2094, .T.);
#2098 = ORIENTED_EDGE('', *, *, #2095, .T.);
#2099 = ORIENTED_EDGE('', *, *, #2096, .T.);
#2100 = ORIENTED_EDGE('', *, *, #2097, .T.);
#2101 = EDGE_LOOP('', (#2098, #2099, #2100));
#2102 = FACE_BOUND('', #2101, .T.);

/* ==== Hole 123 (row 6, col 2) CW ==== */
#2103 = CARTESIAN_POINT('', (14.750, 32.750, 0.0));
#2104 = CARTESIAN_POINT('', (14.750, 35.750, 0.0));
#2105 = CARTESIAN_POINT('', (17.750, 34.250, 0.0));
#2106 = VERTEX_POINT('', #2103);
#2107 = VERTEX_POINT('', #2104);
#2108 = VERTEX_POINT('', #2105);
#2109 = LINE('', #2103, #611);
#2110 = LINE('', #2104, #614);
#2111 = LINE('', #2105, #615);
#2112 = EDGE_CURVE('', #2106, #2107, #2109, .T.);
#2113 = EDGE_CURVE('', #2107, #2108, #2110, .T.);
#2114 = EDGE_CURVE('', #2108, #2106, #2111, .T.);
#2115 = ORIENTED_EDGE('', *, *, #2112, .T.);
#2116 = ORIENTED_EDGE('', *, *, #2113, .T.);
#2117 = ORIENTED_EDGE('', *, *, #2114, .T.);
#2118 = EDGE_LOOP('', (#2115, #2116, #2117));
#2119 = FACE_BOUND('', #2118, .T.);

/* ==== Hole 124 (row 6, col 3) CW ==== */
#2120 = CARTESIAN_POINT('', (19.250, 32.750, 0.0));
#2121 = CARTESIAN_POINT('', (19.250, 35.750, 0.0));
#2122 = CARTESIAN_POINT('', (22.250, 34.250, 0.0));
#2123 = VERTEX_POINT('', #2120);
#2124 = VERTEX_POINT('', #2121);
#2125 = VERTEX_POINT('', #2122);
#2126 = LINE('', #2120, #611);
#2127 = LINE('', #2121, #614);
#2128 = LINE('', #2122, #615);
#2129 = EDGE_CURVE('', #2123, #2124, #2126, .T.);
#2130 = EDGE_CURVE('', #2124, #2125, #2127, .T.);
#2131 = EDGE_CURVE('', #2125, #2123, #2128, .T.);
#2132 = ORIENTED_EDGE('', *, *, #2129, .T.);
#2133 = ORIENTED_EDGE('', *, *, #2130, .T.);
#2134 = ORIENTED_EDGE('', *, *, #2131, .T.);
#2135 = EDGE_LOOP('', (#2132, #2133, #2134));
#2136 = FACE_BOUND('', #2135, .T.);

/* ==== Hole 125 (row 6, col 4) CW ==== */
#2137 = CARTESIAN_POINT('', (23.750, 32.750, 0.0));
#2138 = CARTESIAN_POINT('', (23.750, 35.750, 0.0));
#2139 = CARTESIAN_POINT('', (26.750, 34.250, 0.0));
#2140 = VERTEX_POINT('', #2137);
#2141 = VERTEX_POINT('', #2138);
#2142 = VERTEX_POINT('', #2139);
#2143 = LINE('', #2137, #611);
#2144 = LINE('', #2138, #614);
#2145 = LINE('', #2139, #615);
#2146 = EDGE_CURVE('', #2140, #2141, #2143, .T.);
#2147 = EDGE_CURVE('', #2141, #2142, #2144, .T.);
#2148 = EDGE_CURVE('', #2142, #2140, #2145, .T.);
#2149 = ORIENTED_EDGE('', *, *, #2146, .T.);
#2150 = ORIENTED_EDGE('', *, *, #2147, .T.);
#2151 = ORIENTED_EDGE('', *, *, #2148, .T.);
#2152 = EDGE_LOOP('', (#2149, #2150, #2151));
#2153 = FACE_BOUND('', #2152, .T.);

/* ==== Hole 126 (row 6, col 5) CW ==== */
#2154 = CARTESIAN_POINT('', (28.250, 32.750, 0.0));
#2155 = CARTESIAN_POINT('', (28.250, 35.750, 0.0));
#2156 = CARTESIAN_POINT('', (31.250, 34.250, 0.0));
#2157 = VERTEX_POINT('', #2154);
#2158 = VERTEX_POINT('', #2155);
#2159 = VERTEX_POINT('', #2156);
#2160 = LINE('', #2154, #611);
#2161 = LINE('', #2155, #614);
#2162 = LINE('', #2156, #615);
#2163 = EDGE_CURVE('', #2157, #2158, #2160, .T.);
#2164 = EDGE_CURVE('', #2158, #2159, #2161, .T.);
#2165 = EDGE_CURVE('', #2159, #2157, #2162, .T.);
#2166 = ORIENTED_EDGE('', *, *, #2163, .T.);
#2167 = ORIENTED_EDGE('', *, *, #2164, .T.);
#2168 = ORIENTED_EDGE('', *, *, #2165, .T.);
#2169 = EDGE_LOOP('', (#2166, #2167, #2168));
#2170 = FACE_BOUND('', #2169, .T.);

/* ==== Hole 127 (row 6, col 6) CW ==== */
#2171 = CARTESIAN_POINT('', (32.750, 32.750, 0.0));
#2172 = CARTESIAN_POINT('', (32.750, 35.750, 0.0));
#2173 = CARTESIAN_POINT('', (35.750, 34.250, 0.0));
#2174 = VERTEX_POINT('', #2171);
#2175 = VERTEX_POINT('', #2172);
#2176 = VERTEX_POINT('', #2173);
#2177 = LINE('', #2171, #611);
#2178 = LINE('', #2172, #614);
#2179 = LINE('', #2173, #615);
#2180 = EDGE_CURVE('', #2174, #2175, #2177, .T.);
#2181 = EDGE_CURVE('', #2175, #2176, #2178, .T.);
#2182 = EDGE_CURVE('', #2176, #2174, #2179, .T.);
#2183 = ORIENTED_EDGE('', *, *, #2180, .T.);
#2184 = ORIENTED_EDGE('', *, *, #2181, .T.);
#2185 = ORIENTED_EDGE('', *, *, #2182, .T.);
#2186 = EDGE_LOOP('', (#2183, #2184, #2185));
#2187 = FACE_BOUND('', #2186, .T.);

/* ==== Hole 128 (row 6, col 7) CW ==== */
#2188 = CARTESIAN_POINT('', (37.250, 32.750, 0.0));
#2189 = CARTESIAN_POINT('', (37.250, 35.750, 0.0));
#2190 = CARTESIAN_POINT('', (40.250, 34.250, 0.0));
#2191 = VERTEX_POINT('', #2188);
#2192 = VERTEX_POINT('', #2189);
#2193 = VERTEX_POINT('', #2190);
#2194 = LINE('', #2188, #611);
#2195 = LINE('', #2189, #614);
#2196 = LINE('', #2190, #615);
#2197 = EDGE_CURVE('', #2191, #2192, #2194, .T.);
#2198 = EDGE_CURVE('', #2192, #2193, #2195, .T.);
#2199 = EDGE_CURVE('', #2193, #2191, #2196, .T.);
#2200 = ORIENTED_EDGE('', *, *, #2197, .T.);
#2201 = ORIENTED_EDGE('', *, *, #2198, .T.);
#2202 = ORIENTED_EDGE('', *, *, #2199, .T.);
#2203 = EDGE_LOOP('', (#2200, #2201, #2202));
#2204 = FACE_BOUND('', #2203, .T.);

/* ==== Hole 129 (row 6, col 8) CW ==== */
#2205 = CARTESIAN_POINT('', (41.750, 32.750, 0.0));
#2206 = CARTESIAN_POINT('', (41.750, 35.750, 0.0));
#2207 = CARTESIAN_POINT('', (44.750, 34.250, 0.0));
#2208 = VERTEX_POINT('', #2205);
#2209 = VERTEX_POINT('', #2206);
#2210 = VERTEX_POINT('', #2207);
#2211 = LINE('', #2205, #611);
#2212 = LINE('', #2206, #614);
#2213 = LINE('', #2207, #615);
#2214 = EDGE_CURVE('', #2208, #2209, #2211, .T.);
#2215 = EDGE_CURVE('', #2209, #2210, #2212, .T.);
#2216 = EDGE_CURVE('', #2210, #2208, #2213, .T.);
#2217 = ORIENTED_EDGE('', *, *, #2214, .T.);
#2218 = ORIENTED_EDGE('', *, *, #2215, .T.);
#2219 = ORIENTED_EDGE('', *, *, #2216, .T.);
#2220 = EDGE_LOOP('', (#2217, #2218, #2219));
#2221 = FACE_BOUND('', #2220, .T.);

/* ==== Hole 130 (row 6, col 9) CW ==== */
#2222 = CARTESIAN_POINT('', (46.250, 32.750, 0.0));
#2223 = CARTESIAN_POINT('', (46.250, 35.750, 0.0));
#2224 = CARTESIAN_POINT('', (49.250, 34.250, 0.0));
#2225 = VERTEX_POINT('', #2222);
#2226 = VERTEX_POINT('', #2223);
#2227 = VERTEX_POINT('', #2224);
#2228 = LINE('', #2222, #611);
#2229 = LINE('', #2223, #614);
#2230 = LINE('', #2224, #615);
#2231 = EDGE_CURVE('', #2225, #2226, #2228, .T.);
#2232 = EDGE_CURVE('', #2226, #2227, #2229, .T.);
#2233 = EDGE_CURVE('', #2227, #2225, #2230, .T.);
#2234 = ORIENTED_EDGE('', *, *, #2231, .T.);
#2235 = ORIENTED_EDGE('', *, *, #2232, .T.);
#2236 = ORIENTED_EDGE('', *, *, #2233, .T.);
#2237 = EDGE_LOOP('', (#2234, #2235, #2236));
#2238 = FACE_BOUND('', #2237, .T.);

/* ==== Hole 131 (row 6, col 10) CW ==== */
#2239 = CARTESIAN_POINT('', (50.750, 32.750, 0.0));
#2240 = CARTESIAN_POINT('', (50.750, 35.750, 0.0));
#2241 = CARTESIAN_POINT('', (53.750, 34.250, 0.0));
#2242 = VERTEX_POINT('', #2239);
#2243 = VERTEX_POINT('', #2240);
#2244 = VERTEX_POINT('', #2241);
#2245 = LINE('', #2239, #611);
#2246 = LINE('', #2240, #614);
#2247 = LINE('', #2241, #615);
#2248 = EDGE_CURVE('', #2242, #2243, #2245, .T.);
#2249 = EDGE_CURVE('', #2243, #2244, #2246, .T.);
#2250 = EDGE_CURVE('', #2244, #2242, #2247, .T.);
#2251 = ORIENTED_EDGE('', *, *, #2248, .T.);
#2252 = ORIENTED_EDGE('', *, *, #2249, .T.);
#2253 = ORIENTED_EDGE('', *, *, #2250, .T.);
#2254 = EDGE_LOOP('', (#2251, #2252, #2253));
#2255 = FACE_BOUND('', #2254, .T.);

/* ==== Hole 132 (row 6, col 11) CW ==== */
#2256 = CARTESIAN_POINT('', (55.250, 32.750, 0.0));
#2257 = CARTESIAN_POINT('', (55.250, 35.750, 0.0));
#2258 = CARTESIAN_POINT('', (58.250, 34.250, 0.0));
#2259 = VERTEX_POINT('', #2256);
#2260 = VERTEX_POINT('', #2257);
#2261 = VERTEX_POINT('', #2258);
#2262 = LINE('', #2256, #611);
#2263 = LINE('', #2257, #614);
#2264 = LINE('', #2258, #615);
#2265 = EDGE_CURVE('', #2259, #2260, #2262, .T.);
#2266 = EDGE_CURVE('', #2260, #2261, #2263, .T.);
#2267 = EDGE_CURVE('', #2261, #2259, #2264, .T.);
#2268 = ORIENTED_EDGE('', *, *, #2265, .T.);
#2269 = ORIENTED_EDGE('', *, *, #2266, .T.);
#2270 = ORIENTED_EDGE('', *, *, #2267, .T.);
#2271 = EDGE_LOOP('', (#2268, #2269, #2270));
#2272 = FACE_BOUND('', #2271, .T.);

/* ==== Hole 133 (row 6, col 12) CW ==== */
#2273 = CARTESIAN_POINT('', (59.750, 32.750, 0.0));
#2274 = CARTESIAN_POINT('', (59.750, 35.750, 0.0));
#2275 = CARTESIAN_POINT('', (62.750, 34.250, 0.0));
#2276 = VERTEX_POINT('', #2273);
#2277 = VERTEX_POINT('', #2274);
#2278 = VERTEX_POINT('', #2275);
#2279 = LINE('', #2273, #611);
#2280 = LINE('', #2274, #614);
#2281 = LINE('', #2275, #615);
#2282 = EDGE_CURVE('', #2276, #2277, #2279, .T.);
#2283 = EDGE_CURVE('', #2277, #2278, #2280, .T.);
#2284 = EDGE_CURVE('', #2278, #2276, #2281, .T.);
#2285 = ORIENTED_EDGE('', *, *, #2282, .T.);
#2286 = ORIENTED_EDGE('', *, *, #2283, .T.);
#2287 = ORIENTED_EDGE('', *, *, #2284, .T.);
#2288 = EDGE_LOOP('', (#2285, #2286, #2287));
#2289 = FACE_BOUND('', #2288, .T.);

/* ==== Hole 134 (row 6, col 13) CW ==== */
#2290 = CARTESIAN_POINT('', (64.250, 32.750, 0.0));
#2291 = CARTESIAN_POINT('', (64.250, 35.750, 0.0));
#2292 = CARTESIAN_POINT('', (67.250, 34.250, 0.0));
#2293 = VERTEX_POINT('', #2290);
#2294 = VERTEX_POINT('', #2291);
#2295 = VERTEX_POINT('', #2292);
#2296 = LINE('', #2290, #611);
#2297 = LINE('', #2291, #614);
#2298 = LINE('', #2292, #615);
#2299 = EDGE_CURVE('', #2293, #2294, #2296, .T.);
#2300 = EDGE_CURVE('', #2294, #2295, #2297, .T.);
#2301 = EDGE_CURVE('', #2295, #2293, #2298, .T.);
#2302 = ORIENTED_EDGE('', *, *, #2299, .T.);
#2303 = ORIENTED_EDGE('', *, *, #2300, .T.);
#2304 = ORIENTED_EDGE('', *, *, #2301, .T.);
#2305 = EDGE_LOOP('', (#2302, #2303, #2304));
#2306 = FACE_BOUND('', #2305, .T.);

/* ==== Hole 135 (row 6, col 14) CW ==== */
#2307 = CARTESIAN_POINT('', (68.750, 32.750, 0.0));
#2308 = CARTESIAN_POINT('', (68.750, 35.750, 0.0));
#2309 = CARTESIAN_POINT('', (71.750, 34.250, 0.0));
#2310 = VERTEX_POINT('', #2307);
#2311 = VERTEX_POINT('', #2308);
#2312 = VERTEX_POINT('', #2309);
#2313 = LINE('', #2307, #611);
#2314 = LINE('', #2308, #614);
#2315 = LINE('', #2309, #615);
#2316 = EDGE_CURVE('', #2310, #2311, #2313, .T.);
#2317 = EDGE_CURVE('', #2311, #2312, #2314, .T.);
#2318 = EDGE_CURVE('', #2312, #2310, #2315, .T.);
#2319 = ORIENTED_EDGE('', *, *, #2316, .T.);
#2320 = ORIENTED_EDGE('', *, *, #2317, .T.);
#2321 = ORIENTED_EDGE('', *, *, #2318, .T.);
#2322 = EDGE_LOOP('', (#2319, #2320, #2321));
#2323 = FACE_BOUND('', #2322, .T.);

/* ==== Hole 136 (row 6, col 15) CW ==== */
#2324 = CARTESIAN_POINT('', (73.250, 32.750, 0.0));
#2325 = CARTESIAN_POINT('', (73.250, 35.750, 0.0));
#2326 = CARTESIAN_POINT('', (76.250, 34.250, 0.0));
#2327 = VERTEX_POINT('', #2324);
#2328 = VERTEX_POINT('', #2325);
#2329 = VERTEX_POINT('', #2326);
#2330 = LINE('', #2324, #611);
#2331 = LINE('', #2325, #614);
#2332 = LINE('', #2326, #615);
#2333 = EDGE_CURVE('', #2327, #2328, #2330, .T.);
#2334 = EDGE_CURVE('', #2328, #2329, #2331, .T.);
#2335 = EDGE_CURVE('', #2329, #2327, #2332, .T.);
#2336 = ORIENTED_EDGE('', *, *, #2333, .T.);
#2337 = ORIENTED_EDGE('', *, *, #2334, .T.);
#2338 = ORIENTED_EDGE('', *, *, #2335, .T.);
#2339 = EDGE_LOOP('', (#2336, #2337, #2338));
#2340 = FACE_BOUND('', #2339, .T.);

/* ==== Hole 137 (row 6, col 16) CW ==== */
#2341 = CARTESIAN_POINT('', (77.750, 32.750, 0.0));
#2342 = CARTESIAN_POINT('', (77.750, 35.750, 0.0));
#2343 = CARTESIAN_POINT('', (80.750, 34.250, 0.0));
#2344 = VERTEX_POINT('', #2341);
#2345 = VERTEX_POINT('', #2342);
#2346 = VERTEX_POINT('', #2343);
#2347 = LINE('', #2341, #611);
#2348 = LINE('', #2342, #614);
#2349 = LINE('', #2343, #615);
#2350 = EDGE_CURVE('', #2344, #2345, #2347, .T.);
#2351 = EDGE_CURVE('', #2345, #2346, #2348, .T.);
#2352 = EDGE_CURVE('', #2346, #2344, #2349, .T.);
#2353 = ORIENTED_EDGE('', *, *, #2350, .T.);
#2354 = ORIENTED_EDGE('', *, *, #2351, .T.);
#2355 = ORIENTED_EDGE('', *, *, #2352, .T.);
#2356 = EDGE_LOOP('', (#2353, #2354, #2355));
#2357 = FACE_BOUND('', #2356, .T.);

/* ==== Hole 138 (row 6, col 17) CW ==== */
#2358 = CARTESIAN_POINT('', (82.250, 32.750, 0.0));
#2359 = CARTESIAN_POINT('', (82.250, 35.750, 0.0));
#2360 = CARTESIAN_POINT('', (85.250, 34.250, 0.0));
#2361 = VERTEX_POINT('', #2358);
#2362 = VERTEX_POINT('', #2359);
#2363 = VERTEX_POINT('', #2360);
#2364 = LINE('', #2358, #611);
#2365 = LINE('', #2359, #614);
#2366 = LINE('', #2360, #615);
#2367 = EDGE_CURVE('', #2361, #2362, #2364, .T.);
#2368 = EDGE_CURVE('', #2362, #2363, #2365, .T.);
#2369 = EDGE_CURVE('', #2363, #2361, #2366, .T.);
#2370 = ORIENTED_EDGE('', *, *, #2367, .T.);
#2371 = ORIENTED_EDGE('', *, *, #2368, .T.);
#2372 = ORIENTED_EDGE('', *, *, #2369, .T.);
#2373 = EDGE_LOOP('', (#2370, #2371, #2372));
#2374 = FACE_BOUND('', #2373, .T.);

/* ==== Hole 139 (row 6, col 18) CW ==== */
#2375 = CARTESIAN_POINT('', (86.750, 32.750, 0.0));
#2376 = CARTESIAN_POINT('', (86.750, 35.750, 0.0));
#2377 = CARTESIAN_POINT('', (89.750, 34.250, 0.0));
#2378 = VERTEX_POINT('', #2375);
#2379 = VERTEX_POINT('', #2376);
#2380 = VERTEX_POINT('', #2377);
#2381 = LINE('', #2375, #611);
#2382 = LINE('', #2376, #614);
#2383 = LINE('', #2377, #615);
#2384 = EDGE_CURVE('', #2378, #2379, #2381, .T.);
#2385 = EDGE_CURVE('', #2379, #2380, #2382, .T.);
#2386 = EDGE_CURVE('', #2380, #2378, #2383, .T.);
#2387 = ORIENTED_EDGE('', *, *, #2384, .T.);
#2388 = ORIENTED_EDGE('', *, *, #2385, .T.);
#2389 = ORIENTED_EDGE('', *, *, #2386, .T.);
#2390 = EDGE_LOOP('', (#2387, #2388, #2389));
#2391 = FACE_BOUND('', #2390, .T.);

/* ==== Hole 140 (row 6, col 19) CW ==== */
#2392 = CARTESIAN_POINT('', (91.250, 32.750, 0.0));
#2393 = CARTESIAN_POINT('', (91.250, 35.750, 0.0));
#2394 = CARTESIAN_POINT('', (94.250, 34.250, 0.0));
#2395 = VERTEX_POINT('', #2392);
#2396 = VERTEX_POINT('', #2393);
#2397 = VERTEX_POINT('', #2394);
#2398 = LINE('', #2392, #611);
#2399 = LINE('', #2393, #614);
#2400 = LINE('', #2394, #615);
#2401 = EDGE_CURVE('', #2395, #2396, #2398, .T.);
#2402 = EDGE_CURVE('', #2396, #2397, #2399, .T.);
#2403 = EDGE_CURVE('', #2397, #2395, #2400, .T.);
#2404 = ORIENTED_EDGE('', *, *, #2401, .T.);
#2405 = ORIENTED_EDGE('', *, *, #2402, .T.);
#2406 = ORIENTED_EDGE('', *, *, #2403, .T.);
#2407 = EDGE_LOOP('', (#2404, #2405, #2406));
#2408 = FACE_BOUND('', #2407, .T.);

/* ==== Hole 141 (row 7, col 0) CW ==== */
#2409 = CARTESIAN_POINT('', (5.750, 37.250, 0.0));
#2410 = CARTESIAN_POINT('', (5.750, 40.250, 0.0));
#2411 = CARTESIAN_POINT('', (8.750, 38.750, 0.0));
#2412 = VERTEX_POINT('', #2409);
#2413 = VERTEX_POINT('', #2410);
#2414 = VERTEX_POINT('', #2411);
#2415 = LINE('', #2409, #611);
#2416 = LINE('', #2410, #614);
#2417 = LINE('', #2411, #615);
#2418 = EDGE_CURVE('', #2412, #2413, #2415, .T.);
#2419 = EDGE_CURVE('', #2413, #2414, #2416, .T.);
#2420 = EDGE_CURVE('', #2414, #2412, #2417, .T.);
#2421 = ORIENTED_EDGE('', *, *, #2418, .T.);
#2422 = ORIENTED_EDGE('', *, *, #2419, .T.);
#2423 = ORIENTED_EDGE('', *, *, #2420, .T.);
#2424 = EDGE_LOOP('', (#2421, #2422, #2423));
#2425 = FACE_BOUND('', #2424, .T.);

/* ==== Hole 142 (row 7, col 1) CW ==== */
#2426 = CARTESIAN_POINT('', (10.250, 37.250, 0.0));
#2427 = CARTESIAN_POINT('', (10.250, 40.250, 0.0));
#2428 = CARTESIAN_POINT('', (13.250, 38.750, 0.0));
#2429 = VERTEX_POINT('', #2426);
#2430 = VERTEX_POINT('', #2427);
#2431 = VERTEX_POINT('', #2428);
#2432 = LINE('', #2426, #611);
#2433 = LINE('', #2427, #614);
#2434 = LINE('', #2428, #615);
#2435 = EDGE_CURVE('', #2429, #2430, #2432, .T.);
#2436 = EDGE_CURVE('', #2430, #2431, #2433, .T.);
#2437 = EDGE_CURVE('', #2431, #2429, #2434, .T.);
#2438 = ORIENTED_EDGE('', *, *, #2435, .T.);
#2439 = ORIENTED_EDGE('', *, *, #2436, .T.);
#2440 = ORIENTED_EDGE('', *, *, #2437, .T.);
#2441 = EDGE_LOOP('', (#2438, #2439, #2440));
#2442 = FACE_BOUND('', #2441, .T.);

/* ==== Hole 143 (row 7, col 2) CW ==== */
#2443 = CARTESIAN_POINT('', (14.750, 37.250, 0.0));
#2444 = CARTESIAN_POINT('', (14.750, 40.250, 0.0));
#2445 = CARTESIAN_POINT('', (17.750, 38.750, 0.0));
#2446 = VERTEX_POINT('', #2443);
#2447 = VERTEX_POINT('', #2444);
#2448 = VERTEX_POINT('', #2445);
#2449 = LINE('', #2443, #611);
#2450 = LINE('', #2444, #614);
#2451 = LINE('', #2445, #615);
#2452 = EDGE_CURVE('', #2446, #2447, #2449, .T.);
#2453 = EDGE_CURVE('', #2447, #2448, #2450, .T.);
#2454 = EDGE_CURVE('', #2448, #2446, #2451, .T.);
#2455 = ORIENTED_EDGE('', *, *, #2452, .T.);
#2456 = ORIENTED_EDGE('', *, *, #2453, .T.);
#2457 = ORIENTED_EDGE('', *, *, #2454, .T.);
#2458 = EDGE_LOOP('', (#2455, #2456, #2457));
#2459 = FACE_BOUND('', #2458, .T.);

/* ==== Hole 144 (row 7, col 3) CW ==== */
#2460 = CARTESIAN_POINT('', (19.250, 37.250, 0.0));
#2461 = CARTESIAN_POINT('', (19.250, 40.250, 0.0));
#2462 = CARTESIAN_POINT('', (22.250, 38.750, 0.0));
#2463 = VERTEX_POINT('', #2460);
#2464 = VERTEX_POINT('', #2461);
#2465 = VERTEX_POINT('', #2462);
#2466 = LINE('', #2460, #611);
#2467 = LINE('', #2461, #614);
#2468 = LINE('', #2462, #615);
#2469 = EDGE_CURVE('', #2463, #2464, #2466, .T.);
#2470 = EDGE_CURVE('', #2464, #2465, #2467, .T.);
#2471 = EDGE_CURVE('', #2465, #2463, #2468, .T.);
#2472 = ORIENTED_EDGE('', *, *, #2469, .T.);
#2473 = ORIENTED_EDGE('', *, *, #2470, .T.);
#2474 = ORIENTED_EDGE('', *, *, #2471, .T.);
#2475 = EDGE_LOOP('', (#2472, #2473, #2474));
#2476 = FACE_BOUND('', #2475, .T.);

/* ==== Hole 145 (row 7, col 4) CW ==== */
#2477 = CARTESIAN_POINT('', (23.750, 37.250, 0.0));
#2478 = CARTESIAN_POINT('', (23.750, 40.250, 0.0));
#2479 = CARTESIAN_POINT('', (26.750, 38.750, 0.0));
#2480 = VERTEX_POINT('', #2477);
#2481 = VERTEX_POINT('', #2478);
#2482 = VERTEX_POINT('', #2479);
#2483 = LINE('', #2477, #611);
#2484 = LINE('', #2478, #614);
#2485 = LINE('', #2479, #615);
#2486 = EDGE_CURVE('', #2480, #2481, #2483, .T.);
#2487 = EDGE_CURVE('', #2481, #2482, #2484, .T.);
#2488 = EDGE_CURVE('', #2482, #2480, #2485, .T.);
#2489 = ORIENTED_EDGE('', *, *, #2486, .T.);
#2490 = ORIENTED_EDGE('', *, *, #2487, .T.);
#2491 = ORIENTED_EDGE('', *, *, #2488, .T.);
#2492 = EDGE_LOOP('', (#2489, #2490, #2491));
#2493 = FACE_BOUND('', #2492, .T.);

/* ==== Hole 146 (row 7, col 5) CW ==== */
#2494 = CARTESIAN_POINT('', (28.250, 37.250, 0.0));
#2495 = CARTESIAN_POINT('', (28.250, 40.250, 0.0));
#2496 = CARTESIAN_POINT('', (31.250, 38.750, 0.0));
#2497 = VERTEX_POINT('', #2494);
#2498 = VERTEX_POINT('', #2495);
#2499 = VERTEX_POINT('', #2496);
#2500 = LINE('', #2494, #611);
#2501 = LINE('', #2495, #614);
#2502 = LINE('', #2496, #615);
#2503 = EDGE_CURVE('', #2497, #2498, #2500, .T.);
#2504 = EDGE_CURVE('', #2498, #2499, #2501, .T.);
#2505 = EDGE_CURVE('', #2499, #2497, #2502, .T.);
#2506 = ORIENTED_EDGE('', *, *, #2503, .T.);
#2507 = ORIENTED_EDGE('', *, *, #2504, .T.);
#2508 = ORIENTED_EDGE('', *, *, #2505, .T.);
#2509 = EDGE_LOOP('', (#2506, #2507, #2508));
#2510 = FACE_BOUND('', #2509, .T.);

/* ==== Hole 147 (row 7, col 6) CW ==== */
#2511 = CARTESIAN_POINT('', (32.750, 37.250, 0.0));
#2512 = CARTESIAN_POINT('', (32.750, 40.250, 0.0));
#2513 = CARTESIAN_POINT('', (35.750, 38.750, 0.0));
#2514 = VERTEX_POINT('', #2511);
#2515 = VERTEX_POINT('', #2512);
#2516 = VERTEX_POINT('', #2513);
#2517 = LINE('', #2511, #611);
#2518 = LINE('', #2512, #614);
#2519 = LINE('', #2513, #615);
#2520 = EDGE_CURVE('', #2514, #2515, #2517, .T.);
#2521 = EDGE_CURVE('', #2515, #2516, #2518, .T.);
#2522 = EDGE_CURVE('', #2516, #2514, #2519, .T.);
#2523 = ORIENTED_EDGE('', *, *, #2520, .T.);
#2524 = ORIENTED_EDGE('', *, *, #2521, .T.);
#2525 = ORIENTED_EDGE('', *, *, #2522, .T.);
#2526 = EDGE_LOOP('', (#2523, #2524, #2525));
#2527 = FACE_BOUND('', #2526, .T.);

/* ==== Hole 148 (row 7, col 7) CW ==== */
#2528 = CARTESIAN_POINT('', (37.250, 37.250, 0.0));
#2529 = CARTESIAN_POINT('', (37.250, 40.250, 0.0));
#2530 = CARTESIAN_POINT('', (40.250, 38.750, 0.0));
#2531 = VERTEX_POINT('', #2528);
#2532 = VERTEX_POINT('', #2529);
#2533 = VERTEX_POINT('', #2530);
#2534 = LINE('', #2528, #611);
#2535 = LINE('', #2529, #614);
#2536 = LINE('', #2530, #615);
#2537 = EDGE_CURVE('', #2531, #2532, #2534, .T.);
#2538 = EDGE_CURVE('', #2532, #2533, #2535, .T.);
#2539 = EDGE_CURVE('', #2533, #2531, #2536, .T.);
#2540 = ORIENTED_EDGE('', *, *, #2537, .T.);
#2541 = ORIENTED_EDGE('', *, *, #2538, .T.);
#2542 = ORIENTED_EDGE('', *, *, #2539, .T.);
#2543 = EDGE_LOOP('', (#2540, #2541, #2542));
#2544 = FACE_BOUND('', #2543, .T.);

/* ==== Hole 149 (row 7, col 8) CW ==== */
#2545 = CARTESIAN_POINT('', (41.750, 37.250, 0.0));
#2546 = CARTESIAN_POINT('', (41.750, 40.250, 0.0));
#2547 = CARTESIAN_POINT('', (44.750, 38.750, 0.0));
#2548 = VERTEX_POINT('', #2545);
#2549 = VERTEX_POINT('', #2546);
#2550 = VERTEX_POINT('', #2547);
#2551 = LINE('', #2545, #611);
#2552 = LINE('', #2546, #614);
#2553 = LINE('', #2547, #615);
#2554 = EDGE_CURVE('', #2548, #2549, #2551, .T.);
#2555 = EDGE_CURVE('', #2549, #2550, #2552, .T.);
#2556 = EDGE_CURVE('', #2550, #2548, #2553, .T.);
#2557 = ORIENTED_EDGE('', *, *, #2554, .T.);
#2558 = ORIENTED_EDGE('', *, *, #2555, .T.);
#2559 = ORIENTED_EDGE('', *, *, #2556, .T.);
#2560 = EDGE_LOOP('', (#2557, #2558, #2559));
#2561 = FACE_BOUND('', #2560, .T.);

/* ==== Hole 150 (row 7, col 9) CW ==== */
#2562 = CARTESIAN_POINT('', (46.250, 37.250, 0.0));
#2563 = CARTESIAN_POINT('', (46.250, 40.250, 0.0));
#2564 = CARTESIAN_POINT('', (49.250, 38.750, 0.0));
#2565 = VERTEX_POINT('', #2562);
#2566 = VERTEX_POINT('', #2563);
#2567 = VERTEX_POINT('', #2564);
#2568 = LINE('', #2562, #611);
#2569 = LINE('', #2563, #614);
#2570 = LINE('', #2564, #615);
#2571 = EDGE_CURVE('', #2565, #2566, #2568, .T.);
#2572 = EDGE_CURVE('', #2566, #2567, #2569, .T.);
#2573 = EDGE_CURVE('', #2567, #2565, #2570, .T.);
#2574 = ORIENTED_EDGE('', *, *, #2571, .T.);
#2575 = ORIENTED_EDGE('', *, *, #2572, .T.);
#2576 = ORIENTED_EDGE('', *, *, #2573, .T.);
#2577 = EDGE_LOOP('', (#2574, #2575, #2576));
#2578 = FACE_BOUND('', #2577, .T.);

/* ==== Hole 151 (row 7, col 10) CW ==== */
#2579 = CARTESIAN_POINT('', (50.750, 37.250, 0.0));
#2580 = CARTESIAN_POINT('', (50.750, 40.250, 0.0));
#2581 = CARTESIAN_POINT('', (53.750, 38.750, 0.0));
#2582 = VERTEX_POINT('', #2579);
#2583 = VERTEX_POINT('', #2580);
#2584 = VERTEX_POINT('', #2581);
#2585 = LINE('', #2579, #611);
#2586 = LINE('', #2580, #614);
#2587 = LINE('', #2581, #615);
#2588 = EDGE_CURVE('', #2582, #2583, #2585, .T.);
#2589 = EDGE_CURVE('', #2583, #2584, #2586, .T.);
#2590 = EDGE_CURVE('', #2584, #2582, #2587, .T.);
#2591 = ORIENTED_EDGE('', *, *, #2588, .T.);
#2592 = ORIENTED_EDGE('', *, *, #2589, .T.);
#2593 = ORIENTED_EDGE('', *, *, #2590, .T.);
#2594 = EDGE_LOOP('', (#2591, #2592, #2593));
#2595 = FACE_BOUND('', #2594, .T.);

/* ==== Hole 152 (row 7, col 11) CW ==== */
#2596 = CARTESIAN_POINT('', (55.250, 37.250, 0.0));
#2597 = CARTESIAN_POINT('', (55.250, 40.250, 0.0));
#2598 = CARTESIAN_POINT('', (58.250, 38.750, 0.0));
#2599 = VERTEX_POINT('', #2596);
#2600 = VERTEX_POINT('', #2597);
#2601 = VERTEX_POINT('', #2598);
#2602 = LINE('', #2596, #611);
#2603 = LINE('', #2597, #614);
#2604 = LINE('', #2598, #615);
#2605 = EDGE_CURVE('', #2599, #2600, #2602, .T.);
#2606 = EDGE_CURVE('', #2600, #2601, #2603, .T.);
#2607 = EDGE_CURVE('', #2601, #2599, #2604, .T.);
#2608 = ORIENTED_EDGE('', *, *, #2605, .T.);
#2609 = ORIENTED_EDGE('', *, *, #2606, .T.);
#2610 = ORIENTED_EDGE('', *, *, #2607, .T.);
#2611 = EDGE_LOOP('', (#2608, #2609, #2610));
#2612 = FACE_BOUND('', #2611, .T.);

/* ==== Hole 153 (row 7, col 12) CW ==== */
#2613 = CARTESIAN_POINT('', (59.750, 37.250, 0.0));
#2614 = CARTESIAN_POINT('', (59.750, 40.250, 0.0));
#2615 = CARTESIAN_POINT('', (62.750, 38.750, 0.0));
#2616 = VERTEX_POINT('', #2613);
#2617 = VERTEX_POINT('', #2614);
#2618 = VERTEX_POINT('', #2615);
#2619 = LINE('', #2613, #611);
#2620 = LINE('', #2614, #614);
#2621 = LINE('', #2615, #615);
#2622 = EDGE_CURVE('', #2616, #2617, #2619, .T.);
#2623 = EDGE_CURVE('', #2617, #2618, #2620, .T.);
#2624 = EDGE_CURVE('', #2618, #2616, #2621, .T.);
#2625 = ORIENTED_EDGE('', *, *, #2622, .T.);
#2626 = ORIENTED_EDGE('', *, *, #2623, .T.);
#2627 = ORIENTED_EDGE('', *, *, #2624, .T.);
#2628 = EDGE_LOOP('', (#2625, #2626, #2627));
#2629 = FACE_BOUND('', #2628, .T.);

/* ==== Hole 154 (row 7, col 13) CW ==== */
#2630 = CARTESIAN_POINT('', (64.250, 37.250, 0.0));
#2631 = CARTESIAN_POINT('', (64.250, 40.250, 0.0));
#2632 = CARTESIAN_POINT('', (67.250, 38.750, 0.0));
#2633 = VERTEX_POINT('', #2630);
#2634 = VERTEX_POINT('', #2631);
#2635 = VERTEX_POINT('', #2632);
#2636 = LINE('', #2630, #611);
#2637 = LINE('', #2631, #614);
#2638 = LINE('', #2632, #615);
#2639 = EDGE_CURVE('', #2633, #2634, #2636, .T.);
#2640 = EDGE_CURVE('', #2634, #2635, #2637, .T.);
#2641 = EDGE_CURVE('', #2635, #2633, #2638, .T.);
#2642 = ORIENTED_EDGE('', *, *, #2639, .T.);
#2643 = ORIENTED_EDGE('', *, *, #2640, .T.);
#2644 = ORIENTED_EDGE('', *, *, #2641, .T.);
#2645 = EDGE_LOOP('', (#2642, #2643, #2644));
#2646 = FACE_BOUND('', #2645, .T.);

/* ==== Hole 155 (row 7, col 14) CW ==== */
#2647 = CARTESIAN_POINT('', (68.750, 37.250, 0.0));
#2648 = CARTESIAN_POINT('', (68.750, 40.250, 0.0));
#2649 = CARTESIAN_POINT('', (71.750, 38.750, 0.0));
#2650 = VERTEX_POINT('', #2647);
#2651 = VERTEX_POINT('', #2648);
#2652 = VERTEX_POINT('', #2649);
#2653 = LINE('', #2647, #611);
#2654 = LINE('', #2648, #614);
#2655 = LINE('', #2649, #615);
#2656 = EDGE_CURVE('', #2650, #2651, #2653, .T.);
#2657 = EDGE_CURVE('', #2651, #2652, #2654, .T.);
#2658 = EDGE_CURVE('', #2652, #2650, #2655, .T.);
#2659 = ORIENTED_EDGE('', *, *, #2656, .T.);
#2660 = ORIENTED_EDGE('', *, *, #2657, .T.);
#2661 = ORIENTED_EDGE('', *, *, #2658, .T.);
#2662 = EDGE_LOOP('', (#2659, #2660, #2661));
#2663 = FACE_BOUND('', #2662, .T.);

/* ==== Hole 156 (row 7, col 15) CW ==== */
#2664 = CARTESIAN_POINT('', (73.250, 37.250, 0.0));
#2665 = CARTESIAN_POINT('', (73.250, 40.250, 0.0));
#2666 = CARTESIAN_POINT('', (76.250, 38.750, 0.0));
#2667 = VERTEX_POINT('', #2664);
#2668 = VERTEX_POINT('', #2665);
#2669 = VERTEX_POINT('', #2666);
#2670 = LINE('', #2664, #611);
#2671 = LINE('', #2665, #614);
#2672 = LINE('', #2666, #615);
#2673 = EDGE_CURVE('', #2667, #2668, #2670, .T.);
#2674 = EDGE_CURVE('', #2668, #2669, #2671, .T.);
#2675 = EDGE_CURVE('', #2669, #2667, #2672, .T.);
#2676 = ORIENTED_EDGE('', *, *, #2673, .T.);
#2677 = ORIENTED_EDGE('', *, *, #2674, .T.);
#2678 = ORIENTED_EDGE('', *, *, #2675, .T.);
#2679 = EDGE_LOOP('', (#2676, #2677, #2678));
#2680 = FACE_BOUND('', #2679, .T.);

/* ==== Hole 157 (row 7, col 16) CW ==== */
#2681 = CARTESIAN_POINT('', (77.750, 37.250, 0.0));
#2682 = CARTESIAN_POINT('', (77.750, 40.250, 0.0));
#2683 = CARTESIAN_POINT('', (80.750, 38.750, 0.0));
#2684 = VERTEX_POINT('', #2681);
#2685 = VERTEX_POINT('', #2682);
#2686 = VERTEX_POINT('', #2683);
#2687 = LINE('', #2681, #611);
#2688 = LINE('', #2682, #614);
#2689 = LINE('', #2683, #615);
#2690 = EDGE_CURVE('', #2684, #2685, #2687, .T.);
#2691 = EDGE_CURVE('', #2685, #2686, #2688, .T.);
#2692 = EDGE_CURVE('', #2686, #2684, #2689, .T.);
#2693 = ORIENTED_EDGE('', *, *, #2690, .T.);
#2694 = ORIENTED_EDGE('', *, *, #2691, .T.);
#2695 = ORIENTED_EDGE('', *, *, #2692, .T.);
#2696 = EDGE_LOOP('', (#2693, #2694, #2695));
#2697 = FACE_BOUND('', #2696, .T.);

/* ==== Hole 158 (row 7, col 17) CW ==== */
#2698 = CARTESIAN_POINT('', (82.250, 37.250, 0.0));
#2699 = CARTESIAN_POINT('', (82.250, 40.250, 0.0));
#2700 = CARTESIAN_POINT('', (85.250, 38.750, 0.0));
#2701 = VERTEX_POINT('', #2698);
#2702 = VERTEX_POINT('', #2699);
#2703 = VERTEX_POINT('', #2700);
#2704 = LINE('', #2698, #611);
#2705 = LINE('', #2699, #614);
#2706 = LINE('', #2700, #615);
#2707 = EDGE_CURVE('', #2701, #2702, #2704, .T.);
#2708 = EDGE_CURVE('', #2702, #2703, #2705, .T.);
#2709 = EDGE_CURVE('', #2703, #2701, #2706, .T.);
#2710 = ORIENTED_EDGE('', *, *, #2707, .T.);
#2711 = ORIENTED_EDGE('', *, *, #2708, .T.);
#2712 = ORIENTED_EDGE('', *, *, #2709, .T.);
#2713 = EDGE_LOOP('', (#2710, #2711, #2712));
#2714 = FACE_BOUND('', #2713, .T.);

/* ==== Hole 159 (row 7, col 18) CW ==== */
#2715 = CARTESIAN_POINT('', (86.750, 37.250, 0.0));
#2716 = CARTESIAN_POINT('', (86.750, 40.250, 0.0));
#2717 = CARTESIAN_POINT('', (89.750, 38.750, 0.0));
#2718 = VERTEX_POINT('', #2715);
#2719 = VERTEX_POINT('', #2716);
#2720 = VERTEX_POINT('', #2717);
#2721 = LINE('', #2715, #611);
#2722 = LINE('', #2716, #614);
#2723 = LINE('', #2717, #615);
#2724 = EDGE_CURVE('', #2718, #2719, #2721, .T.);
#2725 = EDGE_CURVE('', #2719, #2720, #2722, .T.);
#2726 = EDGE_CURVE('', #2720, #2718, #2723, .T.);
#2727 = ORIENTED_EDGE('', *, *, #2724, .T.);
#2728 = ORIENTED_EDGE('', *, *, #2725, .T.);
#2729 = ORIENTED_EDGE('', *, *, #2726, .T.);
#2730 = EDGE_LOOP('', (#2727, #2728, #2729));
#2731 = FACE_BOUND('', #2730, .T.);

/* ==== Hole 160 (row 7, col 19) CW ==== */
#2732 = CARTESIAN_POINT('', (91.250, 37.250, 0.0));
#2733 = CARTESIAN_POINT('', (91.250, 40.250, 0.0));
#2734 = CARTESIAN_POINT('', (94.250, 38.750, 0.0));
#2735 = VERTEX_POINT('', #2732);
#2736 = VERTEX_POINT('', #2733);
#2737 = VERTEX_POINT('', #2734);
#2738 = LINE('', #2732, #611);
#2739 = LINE('', #2733, #614);
#2740 = LINE('', #2734, #615);
#2741 = EDGE_CURVE('', #2735, #2736, #2738, .T.);
#2742 = EDGE_CURVE('', #2736, #2737, #2739, .T.);
#2743 = EDGE_CURVE('', #2737, #2735, #2740, .T.);
#2744 = ORIENTED_EDGE('', *, *, #2741, .T.);
#2745 = ORIENTED_EDGE('', *, *, #2742, .T.);
#2746 = ORIENTED_EDGE('', *, *, #2743, .T.);
#2747 = EDGE_LOOP('', (#2744, #2745, #2746));
#2748 = FACE_BOUND('', #2747, .T.);

/* ==== Hole 161 (row 8, col 0) CW ==== */
#2749 = CARTESIAN_POINT('', (5.750, 41.750, 0.0));
#2750 = CARTESIAN_POINT('', (5.750, 44.750, 0.0));
#2751 = CARTESIAN_POINT('', (8.750, 43.250, 0.0));
#2752 = VERTEX_POINT('', #2749);
#2753 = VERTEX_POINT('', #2750);
#2754 = VERTEX_POINT('', #2751);
#2755 = LINE('', #2749, #611);
#2756 = LINE('', #2750, #614);
#2757 = LINE('', #2751, #615);
#2758 = EDGE_CURVE('', #2752, #2753, #2755, .T.);
#2759 = EDGE_CURVE('', #2753, #2754, #2756, .T.);
#2760 = EDGE_CURVE('', #2754, #2752, #2757, .T.);
#2761 = ORIENTED_EDGE('', *, *, #2758, .T.);
#2762 = ORIENTED_EDGE('', *, *, #2759, .T.);
#2763 = ORIENTED_EDGE('', *, *, #2760, .T.);
#2764 = EDGE_LOOP('', (#2761, #2762, #2763));
#2765 = FACE_BOUND('', #2764, .T.);

/* ==== Hole 162 (row 8, col 1) CW ==== */
#2766 = CARTESIAN_POINT('', (10.250, 41.750, 0.0));
#2767 = CARTESIAN_POINT('', (10.250, 44.750, 0.0));
#2768 = CARTESIAN_POINT('', (13.250, 43.250, 0.0));
#2769 = VERTEX_POINT('', #2766);
#2770 = VERTEX_POINT('', #2767);
#2771 = VERTEX_POINT('', #2768);
#2772 = LINE('', #2766, #611);
#2773 = LINE('', #2767, #614);
#2774 = LINE('', #2768, #615);
#2775 = EDGE_CURVE('', #2769, #2770, #2772, .T.);
#2776 = EDGE_CURVE('', #2770, #2771, #2773, .T.);
#2777 = EDGE_CURVE('', #2771, #2769, #2774, .T.);
#2778 = ORIENTED_EDGE('', *, *, #2775, .T.);
#2779 = ORIENTED_EDGE('', *, *, #2776, .T.);
#2780 = ORIENTED_EDGE('', *, *, #2777, .T.);
#2781 = EDGE_LOOP('', (#2778, #2779, #2780));
#2782 = FACE_BOUND('', #2781, .T.);

/* ==== Hole 163 (row 8, col 2) CW ==== */
#2783 = CARTESIAN_POINT('', (14.750, 41.750, 0.0));
#2784 = CARTESIAN_POINT('', (14.750, 44.750, 0.0));
#2785 = CARTESIAN_POINT('', (17.750, 43.250, 0.0));
#2786 = VERTEX_POINT('', #2783);
#2787 = VERTEX_POINT('', #2784);
#2788 = VERTEX_POINT('', #2785);
#2789 = LINE('', #2783, #611);
#2790 = LINE('', #2784, #614);
#2791 = LINE('', #2785, #615);
#2792 = EDGE_CURVE('', #2786, #2787, #2789, .T.);
#2793 = EDGE_CURVE('', #2787, #2788, #2790, .T.);
#2794 = EDGE_CURVE('', #2788, #2786, #2791, .T.);
#2795 = ORIENTED_EDGE('', *, *, #2792, .T.);
#2796 = ORIENTED_EDGE('', *, *, #2793, .T.);
#2797 = ORIENTED_EDGE('', *, *, #2794, .T.);
#2798 = EDGE_LOOP('', (#2795, #2796, #2797));
#2799 = FACE_BOUND('', #2798, .T.);

/* ==== Hole 164 (row 8, col 3) CW ==== */
#2800 = CARTESIAN_POINT('', (19.250, 41.750, 0.0));
#2801 = CARTESIAN_POINT('', (19.250, 44.750, 0.0));
#2802 = CARTESIAN_POINT('', (22.250, 43.250, 0.0));
#2803 = VERTEX_POINT('', #2800);
#2804 = VERTEX_POINT('', #2801);
#2805 = VERTEX_POINT('', #2802);
#2806 = LINE('', #2800, #611);
#2807 = LINE('', #2801, #614);
#2808 = LINE('', #2802, #615);
#2809 = EDGE_CURVE('', #2803, #2804, #2806, .T.);
#2810 = EDGE_CURVE('', #2804, #2805, #2807, .T.);
#2811 = EDGE_CURVE('', #2805, #2803, #2808, .T.);
#2812 = ORIENTED_EDGE('', *, *, #2809, .T.);
#2813 = ORIENTED_EDGE('', *, *, #2810, .T.);
#2814 = ORIENTED_EDGE('', *, *, #2811, .T.);
#2815 = EDGE_LOOP('', (#2812, #2813, #2814));
#2816 = FACE_BOUND('', #2815, .T.);

/* ==== Hole 165 (row 8, col 4) CW ==== */
#2817 = CARTESIAN_POINT('', (23.750, 41.750, 0.0));
#2818 = CARTESIAN_POINT('', (23.750, 44.750, 0.0));
#2819 = CARTESIAN_POINT('', (26.750, 43.250, 0.0));
#2820 = VERTEX_POINT('', #2817);
#2821 = VERTEX_POINT('', #2818);
#2822 = VERTEX_POINT('', #2819);
#2823 = LINE('', #2817, #611);
#2824 = LINE('', #2818, #614);
#2825 = LINE('', #2819, #615);
#2826 = EDGE_CURVE('', #2820, #2821, #2823, .T.);
#2827 = EDGE_CURVE('', #2821, #2822, #2824, .T.);
#2828 = EDGE_CURVE('', #2822, #2820, #2825, .T.);
#2829 = ORIENTED_EDGE('', *, *, #2826, .T.);
#2830 = ORIENTED_EDGE('', *, *, #2827, .T.);
#2831 = ORIENTED_EDGE('', *, *, #2828, .T.);
#2832 = EDGE_LOOP('', (#2829, #2830, #2831));
#2833 = FACE_BOUND('', #2832, .T.);

/* ==== Hole 166 (row 8, col 5) CW ==== */
#2834 = CARTESIAN_POINT('', (28.250, 41.750, 0.0));
#2835 = CARTESIAN_POINT('', (28.250, 44.750, 0.0));
#2836 = CARTESIAN_POINT('', (31.250, 43.250, 0.0));
#2837 = VERTEX_POINT('', #2834);
#2838 = VERTEX_POINT('', #2835);
#2839 = VERTEX_POINT('', #2836);
#2840 = LINE('', #2834, #611);
#2841 = LINE('', #2835, #614);
#2842 = LINE('', #2836, #615);
#2843 = EDGE_CURVE('', #2837, #2838, #2840, .T.);
#2844 = EDGE_CURVE('', #2838, #2839, #2841, .T.);
#2845 = EDGE_CURVE('', #2839, #2837, #2842, .T.);
#2846 = ORIENTED_EDGE('', *, *, #2843, .T.);
#2847 = ORIENTED_EDGE('', *, *, #2844, .T.);
#2848 = ORIENTED_EDGE('', *, *, #2845, .T.);
#2849 = EDGE_LOOP('', (#2846, #2847, #2848));
#2850 = FACE_BOUND('', #2849, .T.);

/* ==== Hole 167 (row 8, col 6) CW ==== */
#2851 = CARTESIAN_POINT('', (32.750, 41.750, 0.0));
#2852 = CARTESIAN_POINT('', (32.750, 44.750, 0.0));
#2853 = CARTESIAN_POINT('', (35.750, 43.250, 0.0));
#2854 = VERTEX_POINT('', #2851);
#2855 = VERTEX_POINT('', #2852);
#2856 = VERTEX_POINT('', #2853);
#2857 = LINE('', #2851, #611);
#2858 = LINE('', #2852, #614);
#2859 = LINE('', #2853, #615);
#2860 = EDGE_CURVE('', #2854, #2855, #2857, .T.);
#2861 = EDGE_CURVE('', #2855, #2856, #2858, .T.);
#2862 = EDGE_CURVE('', #2856, #2854, #2859, .T.);
#2863 = ORIENTED_EDGE('', *, *, #2860, .T.);
#2864 = ORIENTED_EDGE('', *, *, #2861, .T.);
#2865 = ORIENTED_EDGE('', *, *, #2862, .T.);
#2866 = EDGE_LOOP('', (#2863, #2864, #2865));
#2867 = FACE_BOUND('', #2866, .T.);

/* ==== Hole 168 (row 8, col 7) CW ==== */
#2868 = CARTESIAN_POINT('', (37.250, 41.750, 0.0));
#2869 = CARTESIAN_POINT('', (37.250, 44.750, 0.0));
#2870 = CARTESIAN_POINT('', (40.250, 43.250, 0.0));
#2871 = VERTEX_POINT('', #2868);
#2872 = VERTEX_POINT('', #2869);
#2873 = VERTEX_POINT('', #2870);
#2874 = LINE('', #2868, #611);
#2875 = LINE('', #2869, #614);
#2876 = LINE('', #2870, #615);
#2877 = EDGE_CURVE('', #2871, #2872, #2874, .T.);
#2878 = EDGE_CURVE('', #2872, #2873, #2875, .T.);
#2879 = EDGE_CURVE('', #2873, #2871, #2876, .T.);
#2880 = ORIENTED_EDGE('', *, *, #2877, .T.);
#2881 = ORIENTED_EDGE('', *, *, #2878, .T.);
#2882 = ORIENTED_EDGE('', *, *, #2879, .T.);
#2883 = EDGE_LOOP('', (#2880, #2881, #2882));
#2884 = FACE_BOUND('', #2883, .T.);

/* ==== Hole 169 (row 8, col 8) CW ==== */
#2885 = CARTESIAN_POINT('', (41.750, 41.750, 0.0));
#2886 = CARTESIAN_POINT('', (41.750, 44.750, 0.0));
#2887 = CARTESIAN_POINT('', (44.750, 43.250, 0.0));
#2888 = VERTEX_POINT('', #2885);
#2889 = VERTEX_POINT('', #2886);
#2890 = VERTEX_POINT('', #2887);
#2891 = LINE('', #2885, #611);
#2892 = LINE('', #2886, #614);
#2893 = LINE('', #2887, #615);
#2894 = EDGE_CURVE('', #2888, #2889, #2891, .T.);
#2895 = EDGE_CURVE('', #2889, #2890, #2892, .T.);
#2896 = EDGE_CURVE('', #2890, #2888, #2893, .T.);
#2897 = ORIENTED_EDGE('', *, *, #2894, .T.);
#2898 = ORIENTED_EDGE('', *, *, #2895, .T.);
#2899 = ORIENTED_EDGE('', *, *, #2896, .T.);
#2900 = EDGE_LOOP('', (#2897, #2898, #2899));
#2901 = FACE_BOUND('', #2900, .T.);

/* ==== Hole 170 (row 8, col 9) CW ==== */
#2902 = CARTESIAN_POINT('', (46.250, 41.750, 0.0));
#2903 = CARTESIAN_POINT('', (46.250, 44.750, 0.0));
#2904 = CARTESIAN_POINT('', (49.250, 43.250, 0.0));
#2905 = VERTEX_POINT('', #2902);
#2906 = VERTEX_POINT('', #2903);
#2907 = VERTEX_POINT('', #2904);
#2908 = LINE('', #2902, #611);
#2909 = LINE('', #2903, #614);
#2910 = LINE('', #2904, #615);
#2911 = EDGE_CURVE('', #2905, #2906, #2908, .T.);
#2912 = EDGE_CURVE('', #2906, #2907, #2909, .T.);
#2913 = EDGE_CURVE('', #2907, #2905, #2910, .T.);
#2914 = ORIENTED_EDGE('', *, *, #2911, .T.);
#2915 = ORIENTED_EDGE('', *, *, #2912, .T.);
#2916 = ORIENTED_EDGE('', *, *, #2913, .T.);
#2917 = EDGE_LOOP('', (#2914, #2915, #2916));
#2918 = FACE_BOUND('', #2917, .T.);

/* ==== Hole 171 (row 8, col 10) CW ==== */
#2919 = CARTESIAN_POINT('', (50.750, 41.750, 0.0));
#2920 = CARTESIAN_POINT('', (50.750, 44.750, 0.0));
#2921 = CARTESIAN_POINT('', (53.750, 43.250, 0.0));
#2922 = VERTEX_POINT('', #2919);
#2923 = VERTEX_POINT('', #2920);
#2924 = VERTEX_POINT('', #2921);
#2925 = LINE('', #2919, #611);
#2926 = LINE('', #2920, #614);
#2927 = LINE('', #2921, #615);
#2928 = EDGE_CURVE('', #2922, #2923, #2925, .T.);
#2929 = EDGE_CURVE('', #2923, #2924, #2926, .T.);
#2930 = EDGE_CURVE('', #2924, #2922, #2927, .T.);
#2931 = ORIENTED_EDGE('', *, *, #2928, .T.);
#2932 = ORIENTED_EDGE('', *, *, #2929, .T.);
#2933 = ORIENTED_EDGE('', *, *, #2930, .T.);
#2934 = EDGE_LOOP('', (#2931, #2932, #2933));
#2935 = FACE_BOUND('', #2934, .T.);

/* ==== Hole 172 (row 8, col 11) CW ==== */
#2936 = CARTESIAN_POINT('', (55.250, 41.750, 0.0));
#2937 = CARTESIAN_POINT('', (55.250, 44.750, 0.0));
#2938 = CARTESIAN_POINT('', (58.250, 43.250, 0.0));
#2939 = VERTEX_POINT('', #2936);
#2940 = VERTEX_POINT('', #2937);
#2941 = VERTEX_POINT('', #2938);
#2942 = LINE('', #2936, #611);
#2943 = LINE('', #2937, #614);
#2944 = LINE('', #2938, #615);
#2945 = EDGE_CURVE('', #2939, #2940, #2942, .T.);
#2946 = EDGE_CURVE('', #2940, #2941, #2943, .T.);
#2947 = EDGE_CURVE('', #2941, #2939, #2944, .T.);
#2948 = ORIENTED_EDGE('', *, *, #2945, .T.);
#2949 = ORIENTED_EDGE('', *, *, #2946, .T.);
#2950 = ORIENTED_EDGE('', *, *, #2947, .T.);
#2951 = EDGE_LOOP('', (#2948, #2949, #2950));
#2952 = FACE_BOUND('', #2951, .T.);

/* ==== Hole 173 (row 8, col 12) CW ==== */
#2953 = CARTESIAN_POINT('', (59.750, 41.750, 0.0));
#2954 = CARTESIAN_POINT('', (59.750, 44.750, 0.0));
#2955 = CARTESIAN_POINT('', (62.750, 43.250, 0.0));
#2956 = VERTEX_POINT('', #2953);
#2957 = VERTEX_POINT('', #2954);
#2958 = VERTEX_POINT('', #2955);
#2959 = LINE('', #2953, #611);
#2960 = LINE('', #2954, #614);
#2961 = LINE('', #2955, #615);
#2962 = EDGE_CURVE('', #2956, #2957, #2959, .T.);
#2963 = EDGE_CURVE('', #2957, #2958, #2960, .T.);
#2964 = EDGE_CURVE('', #2958, #2956, #2961, .T.);
#2965 = ORIENTED_EDGE('', *, *, #2962, .T.);
#2966 = ORIENTED_EDGE('', *, *, #2963, .T.);
#2967 = ORIENTED_EDGE('', *, *, #2964, .T.);
#2968 = EDGE_LOOP('', (#2965, #2966, #2967));
#2969 = FACE_BOUND('', #2968, .T.);

/* ==== Hole 174 (row 8, col 13) CW ==== */
#2970 = CARTESIAN_POINT('', (64.250, 41.750, 0.0));
#2971 = CARTESIAN_POINT('', (64.250, 44.750, 0.0));
#2972 = CARTESIAN_POINT('', (67.250, 43.250, 0.0));
#2973 = VERTEX_POINT('', #2970);
#2974 = VERTEX_POINT('', #2971);
#2975 = VERTEX_POINT('', #2972);
#2976 = LINE('', #2970, #611);
#2977 = LINE('', #2971, #614);
#2978 = LINE('', #2972, #615);
#2979 = EDGE_CURVE('', #2973, #2974, #2976, .T.);
#2980 = EDGE_CURVE('', #2974, #2975, #2977, .T.);
#2981 = EDGE_CURVE('', #2975, #2973, #2978, .T.);
#2982 = ORIENTED_EDGE('', *, *, #2979, .T.);
#2983 = ORIENTED_EDGE('', *, *, #2980, .T.);
#2984 = ORIENTED_EDGE('', *, *, #2981, .T.);
#2985 = EDGE_LOOP('', (#2982, #2983, #2984));
#2986 = FACE_BOUND('', #2985, .T.);

/* ==== Hole 175 (row 8, col 14) CW ==== */
#2987 = CARTESIAN_POINT('', (68.750, 41.750, 0.0));
#2988 = CARTESIAN_POINT('', (68.750, 44.750, 0.0));
#2989 = CARTESIAN_POINT('', (71.750, 43.250, 0.0));
#2990 = VERTEX_POINT('', #2987);
#2991 = VERTEX_POINT('', #2988);
#2992 = VERTEX_POINT('', #2989);
#2993 = LINE('', #2987, #611);
#2994 = LINE('', #2988, #614);
#2995 = LINE('', #2989, #615);
#2996 = EDGE_CURVE('', #2990, #2991, #2993, .T.);
#2997 = EDGE_CURVE('', #2991, #2992, #2994, .T.);
#2998 = EDGE_CURVE('', #2992, #2990, #2995, .T.);
#2999 = ORIENTED_EDGE('', *, *, #2996, .T.);
#3000 = ORIENTED_EDGE('', *, *, #2997, .T.);
#3001 = ORIENTED_EDGE('', *, *, #2998, .T.);
#3002 = EDGE_LOOP('', (#2999, #3000, #3001));
#3003 = FACE_BOUND('', #3002, .T.);

/* ==== Hole 176 (row 8, col 15) CW ==== */
#3004 = CARTESIAN_POINT('', (73.250, 41.750, 0.0));
#3005 = CARTESIAN_POINT('', (73.250, 44.750, 0.0));
#3006 = CARTESIAN_POINT('', (76.250, 43.250, 0.0));
#3007 = VERTEX_POINT('', #3004);
#3008 = VERTEX_POINT('', #3005);
#3009 = VERTEX_POINT('', #3006);
#3010 = LINE('', #3004, #611);
#3011 = LINE('', #3005, #614);
#3012 = LINE('', #3006, #615);
#3013 = EDGE_CURVE('', #3007, #3008, #3010, .T.);
#3014 = EDGE_CURVE('', #3008, #3009, #3011, .T.);
#3015 = EDGE_CURVE('', #3009, #3007, #3012, .T.);
#3016 = ORIENTED_EDGE('', *, *, #3013, .T.);
#3017 = ORIENTED_EDGE('', *, *, #3014, .T.);
#3018 = ORIENTED_EDGE('', *, *, #3015, .T.);
#3019 = EDGE_LOOP('', (#3016, #3017, #3018));
#3020 = FACE_BOUND('', #3019, .T.);

/* ==== Hole 177 (row 8, col 16) CW ==== */
#3021 = CARTESIAN_POINT('', (77.750, 41.750, 0.0));
#3022 = CARTESIAN_POINT('', (77.750, 44.750, 0.0));
#3023 = CARTESIAN_POINT('', (80.750, 43.250, 0.0));
#3024 = VERTEX_POINT('', #3021);
#3025 = VERTEX_POINT('', #3022);
#3026 = VERTEX_POINT('', #3023);
#3027 = LINE('', #3021, #611);
#3028 = LINE('', #3022, #614);
#3029 = LINE('', #3023, #615);
#3030 = EDGE_CURVE('', #3024, #3025, #3027, .T.);
#3031 = EDGE_CURVE('', #3025, #3026, #3028, .T.);
#3032 = EDGE_CURVE('', #3026, #3024, #3029, .T.);
#3033 = ORIENTED_EDGE('', *, *, #3030, .T.);
#3034 = ORIENTED_EDGE('', *, *, #3031, .T.);
#3035 = ORIENTED_EDGE('', *, *, #3032, .T.);
#3036 = EDGE_LOOP('', (#3033, #3034, #3035));
#3037 = FACE_BOUND('', #3036, .T.);

/* ==== Hole 178 (row 8, col 17) CW ==== */
#3038 = CARTESIAN_POINT('', (82.250, 41.750, 0.0));
#3039 = CARTESIAN_POINT('', (82.250, 44.750, 0.0));
#3040 = CARTESIAN_POINT('', (85.250, 43.250, 0.0));
#3041 = VERTEX_POINT('', #3038);
#3042 = VERTEX_POINT('', #3039);
#3043 = VERTEX_POINT('', #3040);
#3044 = LINE('', #3038, #611);
#3045 = LINE('', #3039, #614);
#3046 = LINE('', #3040, #615);
#3047 = EDGE_CURVE('', #3041, #3042, #3044, .T.);
#3048 = EDGE_CURVE('', #3042, #3043, #3045, .T.);
#3049 = EDGE_CURVE('', #3043, #3041, #3046, .T.);
#3050 = ORIENTED_EDGE('', *, *, #3047, .T.);
#3051 = ORIENTED_EDGE('', *, *, #3048, .T.);
#3052 = ORIENTED_EDGE('', *, *, #3049, .T.);
#3053 = EDGE_LOOP('', (#3050, #3051, #3052));
#3054 = FACE_BOUND('', #3053, .T.);

/* ==== Hole 179 (row 8, col 18) CW ==== */
#3055 = CARTESIAN_POINT('', (86.750, 41.750, 0.0));
#3056 = CARTESIAN_POINT('', (86.750, 44.750, 0.0));
#3057 = CARTESIAN_POINT('', (89.750, 43.250, 0.0));
#3058 = VERTEX_POINT('', #3055);
#3059 = VERTEX_POINT('', #3056);
#3060 = VERTEX_POINT('', #3057);
#3061 = LINE('', #3055, #611);
#3062 = LINE('', #3056, #614);
#3063 = LINE('', #3057, #615);
#3064 = EDGE_CURVE('', #3058, #3059, #3061, .T.);
#3065 = EDGE_CURVE('', #3059, #3060, #3062, .T.);
#3066 = EDGE_CURVE('', #3060, #3058, #3063, .T.);
#3067 = ORIENTED_EDGE('', *, *, #3064, .T.);
#3068 = ORIENTED_EDGE('', *, *, #3065, .T.);
#3069 = ORIENTED_EDGE('', *, *, #3066, .T.);
#3070 = EDGE_LOOP('', (#3067, #3068, #3069));
#3071 = FACE_BOUND('', #3070, .T.);

/* ==== Hole 180 (row 8, col 19) CW ==== */
#3072 = CARTESIAN_POINT('', (91.250, 41.750, 0.0));
#3073 = CARTESIAN_POINT('', (91.250, 44.750, 0.0));
#3074 = CARTESIAN_POINT('', (94.250, 43.250, 0.0));
#3075 = VERTEX_POINT('', #3072);
#3076 = VERTEX_POINT('', #3073);
#3077 = VERTEX_POINT('', #3074);
#3078 = LINE('', #3072, #611);
#3079 = LINE('', #3073, #614);
#3080 = LINE('', #3074, #615);
#3081 = EDGE_CURVE('', #3075, #3076, #3078, .T.);
#3082 = EDGE_CURVE('', #3076, #3077, #3079, .T.);
#3083 = EDGE_CURVE('', #3077, #3075, #3080, .T.);
#3084 = ORIENTED_EDGE('', *, *, #3081, .T.);
#3085 = ORIENTED_EDGE('', *, *, #3082, .T.);
#3086 = ORIENTED_EDGE('', *, *, #3083, .T.);
#3087 = EDGE_LOOP('', (#3084, #3085, #3086));
#3088 = FACE_BOUND('', #3087, .T.);

/* ==== Hole 181 (row 9, col 0) CW ==== */
#3089 = CARTESIAN_POINT('', (5.750, 46.250, 0.0));
#3090 = CARTESIAN_POINT('', (5.750, 49.250, 0.0));
#3091 = CARTESIAN_POINT('', (8.750, 47.750, 0.0));
#3092 = VERTEX_POINT('', #3089);
#3093 = VERTEX_POINT('', #3090);
#3094 = VERTEX_POINT('', #3091);
#3095 = LINE('', #3089, #611);
#3096 = LINE('', #3090, #614);
#3097 = LINE('', #3091, #615);
#3098 = EDGE_CURVE('', #3092, #3093, #3095, .T.);
#3099 = EDGE_CURVE('', #3093, #3094, #3096, .T.);
#3100 = EDGE_CURVE('', #3094, #3092, #3097, .T.);
#3101 = ORIENTED_EDGE('', *, *, #3098, .T.);
#3102 = ORIENTED_EDGE('', *, *, #3099, .T.);
#3103 = ORIENTED_EDGE('', *, *, #3100, .T.);
#3104 = EDGE_LOOP('', (#3101, #3102, #3103));
#3105 = FACE_BOUND('', #3104, .T.);

/* ==== Hole 182 (row 9, col 1) CW ==== */
#3106 = CARTESIAN_POINT('', (10.250, 46.250, 0.0));
#3107 = CARTESIAN_POINT('', (10.250, 49.250, 0.0));
#3108 = CARTESIAN_POINT('', (13.250, 47.750, 0.0));
#3109 = VERTEX_POINT('', #3106);
#3110 = VERTEX_POINT('', #3107);
#3111 = VERTEX_POINT('', #3108);
#3112 = LINE('', #3106, #611);
#3113 = LINE('', #3107, #614);
#3114 = LINE('', #3108, #615);
#3115 = EDGE_CURVE('', #3109, #3110, #3112, .T.);
#3116 = EDGE_CURVE('', #3110, #3111, #3113, .T.);
#3117 = EDGE_CURVE('', #3111, #3109, #3114, .T.);
#3118 = ORIENTED_EDGE('', *, *, #3115, .T.);
#3119 = ORIENTED_EDGE('', *, *, #3116, .T.);
#3120 = ORIENTED_EDGE('', *, *, #3117, .T.);
#3121 = EDGE_LOOP('', (#3118, #3119, #3120));
#3122 = FACE_BOUND('', #3121, .T.);

/* ==== Hole 183 (row 9, col 2) CW ==== */
#3123 = CARTESIAN_POINT('', (14.750, 46.250, 0.0));
#3124 = CARTESIAN_POINT('', (14.750, 49.250, 0.0));
#3125 = CARTESIAN_POINT('', (17.750, 47.750, 0.0));
#3126 = VERTEX_POINT('', #3123);
#3127 = VERTEX_POINT('', #3124);
#3128 = VERTEX_POINT('', #3125);
#3129 = LINE('', #3123, #611);
#3130 = LINE('', #3124, #614);
#3131 = LINE('', #3125, #615);
#3132 = EDGE_CURVE('', #3126, #3127, #3129, .T.);
#3133 = EDGE_CURVE('', #3127, #3128, #3130, .T.);
#3134 = EDGE_CURVE('', #3128, #3126, #3131, .T.);
#3135 = ORIENTED_EDGE('', *, *, #3132, .T.);
#3136 = ORIENTED_EDGE('', *, *, #3133, .T.);
#3137 = ORIENTED_EDGE('', *, *, #3134, .T.);
#3138 = EDGE_LOOP('', (#3135, #3136, #3137));
#3139 = FACE_BOUND('', #3138, .T.);

/* ==== Hole 184 (row 9, col 3) CW ==== */
#3140 = CARTESIAN_POINT('', (19.250, 46.250, 0.0));
#3141 = CARTESIAN_POINT('', (19.250, 49.250, 0.0));
#3142 = CARTESIAN_POINT('', (22.250, 47.750, 0.0));
#3143 = VERTEX_POINT('', #3140);
#3144 = VERTEX_POINT('', #3141);
#3145 = VERTEX_POINT('', #3142);
#3146 = LINE('', #3140, #611);
#3147 = LINE('', #3141, #614);
#3148 = LINE('', #3142, #615);
#3149 = EDGE_CURVE('', #3143, #3144, #3146, .T.);
#3150 = EDGE_CURVE('', #3144, #3145, #3147, .T.);
#3151 = EDGE_CURVE('', #3145, #3143, #3148, .T.);
#3152 = ORIENTED_EDGE('', *, *, #3149, .T.);
#3153 = ORIENTED_EDGE('', *, *, #3150, .T.);
#3154 = ORIENTED_EDGE('', *, *, #3151, .T.);
#3155 = EDGE_LOOP('', (#3152, #3153, #3154));
#3156 = FACE_BOUND('', #3155, .T.);

/* ==== Hole 185 (row 9, col 4) CW ==== */
#3157 = CARTESIAN_POINT('', (23.750, 46.250, 0.0));
#3158 = CARTESIAN_POINT('', (23.750, 49.250, 0.0));
#3159 = CARTESIAN_POINT('', (26.750, 47.750, 0.0));
#3160 = VERTEX_POINT('', #3157);
#3161 = VERTEX_POINT('', #3158);
#3162 = VERTEX_POINT('', #3159);
#3163 = LINE('', #3157, #611);
#3164 = LINE('', #3158, #614);
#3165 = LINE('', #3159, #615);
#3166 = EDGE_CURVE('', #3160, #3161, #3163, .T.);
#3167 = EDGE_CURVE('', #3161, #3162, #3164, .T.);
#3168 = EDGE_CURVE('', #3162, #3160, #3165, .T.);
#3169 = ORIENTED_EDGE('', *, *, #3166, .T.);
#3170 = ORIENTED_EDGE('', *, *, #3167, .T.);
#3171 = ORIENTED_EDGE('', *, *, #3168, .T.);
#3172 = EDGE_LOOP('', (#3169, #3170, #3171));
#3173 = FACE_BOUND('', #3172, .T.);

/* ==== Hole 186 (row 9, col 5) CW ==== */
#3174 = CARTESIAN_POINT('', (28.250, 46.250, 0.0));
#3175 = CARTESIAN_POINT('', (28.250, 49.250, 0.0));
#3176 = CARTESIAN_POINT('', (31.250, 47.750, 0.0));
#3177 = VERTEX_POINT('', #3174);
#3178 = VERTEX_POINT('', #3175);
#3179 = VERTEX_POINT('', #3176);
#3180 = LINE('', #3174, #611);
#3181 = LINE('', #3175, #614);
#3182 = LINE('', #3176, #615);
#3183 = EDGE_CURVE('', #3177, #3178, #3180, .T.);
#3184 = EDGE_CURVE('', #3178, #3179, #3181, .T.);
#3185 = EDGE_CURVE('', #3179, #3177, #3182, .T.);
#3186 = ORIENTED_EDGE('', *, *, #3183, .T.);
#3187 = ORIENTED_EDGE('', *, *, #3184, .T.);
#3188 = ORIENTED_EDGE('', *, *, #3185, .T.);
#3189 = EDGE_LOOP('', (#3186, #3187, #3188));
#3190 = FACE_BOUND('', #3189, .T.);

/* ==== Hole 187 (row 9, col 6) CW ==== */
#3191 = CARTESIAN_POINT('', (32.750, 46.250, 0.0));
#3192 = CARTESIAN_POINT('', (32.750, 49.250, 0.0));
#3193 = CARTESIAN_POINT('', (35.750, 47.750, 0.0));
#3194 = VERTEX_POINT('', #3191);
#3195 = VERTEX_POINT('', #3192);
#3196 = VERTEX_POINT('', #3193);
#3197 = LINE('', #3191, #611);
#3198 = LINE('', #3192, #614);
#3199 = LINE('', #3193, #615);
#3200 = EDGE_CURVE('', #3194, #3195, #3197, .T.);
#3201 = EDGE_CURVE('', #3195, #3196, #3198, .T.);
#3202 = EDGE_CURVE('', #3196, #3194, #3199, .T.);
#3203 = ORIENTED_EDGE('', *, *, #3200, .T.);
#3204 = ORIENTED_EDGE('', *, *, #3201, .T.);
#3205 = ORIENTED_EDGE('', *, *, #3202, .T.);
#3206 = EDGE_LOOP('', (#3203, #3204, #3205));
#3207 = FACE_BOUND('', #3206, .T.);

/* ==== Hole 188 (row 9, col 7) CW ==== */
#3208 = CARTESIAN_POINT('', (37.250, 46.250, 0.0));
#3209 = CARTESIAN_POINT('', (37.250, 49.250, 0.0));
#3210 = CARTESIAN_POINT('', (40.250, 47.750, 0.0));
#3211 = VERTEX_POINT('', #3208);
#3212 = VERTEX_POINT('', #3209);
#3213 = VERTEX_POINT('', #3210);
#3214 = LINE('', #3208, #611);
#3215 = LINE('', #3209, #614);
#3216 = LINE('', #3210, #615);
#3217 = EDGE_CURVE('', #3211, #3212, #3214, .T.);
#3218 = EDGE_CURVE('', #3212, #3213, #3215, .T.);
#3219 = EDGE_CURVE('', #3213, #3211, #3216, .T.);
#3220 = ORIENTED_EDGE('', *, *, #3217, .T.);
#3221 = ORIENTED_EDGE('', *, *, #3218, .T.);
#3222 = ORIENTED_EDGE('', *, *, #3219, .T.);
#3223 = EDGE_LOOP('', (#3220, #3221, #3222));
#3224 = FACE_BOUND('', #3223, .T.);

/* ==== Hole 189 (row 9, col 8) CW ==== */
#3225 = CARTESIAN_POINT('', (41.750, 46.250, 0.0));
#3226 = CARTESIAN_POINT('', (41.750, 49.250, 0.0));
#3227 = CARTESIAN_POINT('', (44.750, 47.750, 0.0));
#3228 = VERTEX_POINT('', #3225);
#3229 = VERTEX_POINT('', #3226);
#3230 = VERTEX_POINT('', #3227);
#3231 = LINE('', #3225, #611);
#3232 = LINE('', #3226, #614);
#3233 = LINE('', #3227, #615);
#3234 = EDGE_CURVE('', #3228, #3229, #3231, .T.);
#3235 = EDGE_CURVE('', #3229, #3230, #3232, .T.);
#3236 = EDGE_CURVE('', #3230, #3228, #3233, .T.);
#3237 = ORIENTED_EDGE('', *, *, #3234, .T.);
#3238 = ORIENTED_EDGE('', *, *, #3235, .T.);
#3239 = ORIENTED_EDGE('', *, *, #3236, .T.);
#3240 = EDGE_LOOP('', (#3237, #3238, #3239));
#3241 = FACE_BOUND('', #3240, .T.);

/* ==== Hole 190 (row 9, col 9) CW ==== */
#3242 = CARTESIAN_POINT('', (46.250, 46.250, 0.0));
#3243 = CARTESIAN_POINT('', (46.250, 49.250, 0.0));
#3244 = CARTESIAN_POINT('', (49.250, 47.750, 0.0));
#3245 = VERTEX_POINT('', #3242);
#3246 = VERTEX_POINT('', #3243);
#3247 = VERTEX_POINT('', #3244);
#3248 = LINE('', #3242, #611);
#3249 = LINE('', #3243, #614);
#3250 = LINE('', #3244, #615);
#3251 = EDGE_CURVE('', #3245, #3246, #3248, .T.);
#3252 = EDGE_CURVE('', #3246, #3247, #3249, .T.);
#3253 = EDGE_CURVE('', #3247, #3245, #3250, .T.);
#3254 = ORIENTED_EDGE('', *, *, #3251, .T.);
#3255 = ORIENTED_EDGE('', *, *, #3252, .T.);
#3256 = ORIENTED_EDGE('', *, *, #3253, .T.);
#3257 = EDGE_LOOP('', (#3254, #3255, #3256));
#3258 = FACE_BOUND('', #3257, .T.);

/* ==== Hole 191 (row 9, col 10) CW ==== */
#3259 = CARTESIAN_POINT('', (50.750, 46.250, 0.0));
#3260 = CARTESIAN_POINT('', (50.750, 49.250, 0.0));
#3261 = CARTESIAN_POINT('', (53.750, 47.750, 0.0));
#3262 = VERTEX_POINT('', #3259);
#3263 = VERTEX_POINT('', #3260);
#3264 = VERTEX_POINT('', #3261);
#3265 = LINE('', #3259, #611);
#3266 = LINE('', #3260, #614);
#3267 = LINE('', #3261, #615);
#3268 = EDGE_CURVE('', #3262, #3263, #3265, .T.);
#3269 = EDGE_CURVE('', #3263, #3264, #3266, .T.);
#3270 = EDGE_CURVE('', #3264, #3262, #3267, .T.);
#3271 = ORIENTED_EDGE('', *, *, #3268, .T.);
#3272 = ORIENTED_EDGE('', *, *, #3269, .T.);
#3273 = ORIENTED_EDGE('', *, *, #3270, .T.);
#3274 = EDGE_LOOP('', (#3271, #3272, #3273));
#3275 = FACE_BOUND('', #3274, .T.);

/* ==== Hole 192 (row 9, col 11) CW ==== */
#3276 = CARTESIAN_POINT('', (55.250, 46.250, 0.0));
#3277 = CARTESIAN_POINT('', (55.250, 49.250, 0.0));
#3278 = CARTESIAN_POINT('', (58.250, 47.750, 0.0));
#3279 = VERTEX_POINT('', #3276);
#3280 = VERTEX_POINT('', #3277);
#3281 = VERTEX_POINT('', #3278);
#3282 = LINE('', #3276, #611);
#3283 = LINE('', #3277, #614);
#3284 = LINE('', #3278, #615);
#3285 = EDGE_CURVE('', #3279, #3280, #3282, .T.);
#3286 = EDGE_CURVE('', #3280, #3281, #3283, .T.);
#3287 = EDGE_CURVE('', #3281, #3279, #3284, .T.);
#3288 = ORIENTED_EDGE('', *, *, #3285, .T.);
#3289 = ORIENTED_EDGE('', *, *, #3286, .T.);
#3290 = ORIENTED_EDGE('', *, *, #3287, .T.);
#3291 = EDGE_LOOP('', (#3288, #3289, #3290));
#3292 = FACE_BOUND('', #3291, .T.);

/* ==== Hole 193 (row 9, col 12) CW ==== */
#3293 = CARTESIAN_POINT('', (59.750, 46.250, 0.0));
#3294 = CARTESIAN_POINT('', (59.750, 49.250, 0.0));
#3295 = CARTESIAN_POINT('', (62.750, 47.750, 0.0));
#3296 = VERTEX_POINT('', #3293);
#3297 = VERTEX_POINT('', #3294);
#3298 = VERTEX_POINT('', #3295);
#3299 = LINE('', #3293, #611);
#3300 = LINE('', #3294, #614);
#3301 = LINE('', #3295, #615);
#3302 = EDGE_CURVE('', #3296, #3297, #3299, .T.);
#3303 = EDGE_CURVE('', #3297, #3298, #3300, .T.);
#3304 = EDGE_CURVE('', #3298, #3296, #3301, .T.);
#3305 = ORIENTED_EDGE('', *, *, #3302, .T.);
#3306 = ORIENTED_EDGE('', *, *, #3303, .T.);
#3307 = ORIENTED_EDGE('', *, *, #3304, .T.);
#3308 = EDGE_LOOP('', (#3305, #3306, #3307));
#3309 = FACE_BOUND('', #3308, .T.);

/* ==== Hole 194 (row 9, col 13) CW ==== */
#3310 = CARTESIAN_POINT('', (64.250, 46.250, 0.0));
#3311 = CARTESIAN_POINT('', (64.250, 49.250, 0.0));
#3312 = CARTESIAN_POINT('', (67.250, 47.750, 0.0));
#3313 = VERTEX_POINT('', #3310);
#3314 = VERTEX_POINT('', #3311);
#3315 = VERTEX_POINT('', #3312);
#3316 = LINE('', #3310, #611);
#3317 = LINE('', #3311, #614);
#3318 = LINE('', #3312, #615);
#3319 = EDGE_CURVE('', #3313, #3314, #3316, .T.);
#3320 = EDGE_CURVE('', #3314, #3315, #3317, .T.);
#3321 = EDGE_CURVE('', #3315, #3313, #3318, .T.);
#3322 = ORIENTED_EDGE('', *, *, #3319, .T.);
#3323 = ORIENTED_EDGE('', *, *, #3320, .T.);
#3324 = ORIENTED_EDGE('', *, *, #3321, .T.);
#3325 = EDGE_LOOP('', (#3322, #3323, #3324));
#3326 = FACE_BOUND('', #3325, .T.);

/* ==== Hole 195 (row 9, col 14) CW ==== */
#3327 = CARTESIAN_POINT('', (68.750, 46.250, 0.0));
#3328 = CARTESIAN_POINT('', (68.750, 49.250, 0.0));
#3329 = CARTESIAN_POINT('', (71.750, 47.750, 0.0));
#3330 = VERTEX_POINT('', #3327);
#3331 = VERTEX_POINT('', #3328);
#3332 = VERTEX_POINT('', #3329);
#3333 = LINE('', #3327, #611);
#3334 = LINE('', #3328, #614);
#3335 = LINE('', #3329, #615);
#3336 = EDGE_CURVE('', #3330, #3331, #3333, .T.);
#3337 = EDGE_CURVE('', #3331, #3332, #3334, .T.);
#3338 = EDGE_CURVE('', #3332, #3330, #3335, .T.);
#3339 = ORIENTED_EDGE('', *, *, #3336, .T.);
#3340 = ORIENTED_EDGE('', *, *, #3337, .T.);
#3341 = ORIENTED_EDGE('', *, *, #3338, .T.);
#3342 = EDGE_LOOP('', (#3339, #3340, #3341));
#3343 = FACE_BOUND('', #3342, .T.);

/* ==== Hole 196 (row 9, col 15) CW ==== */
#3344 = CARTESIAN_POINT('', (73.250, 46.250, 0.0));
#3345 = CARTESIAN_POINT('', (73.250, 49.250, 0.0));
#3346 = CARTESIAN_POINT('', (76.250, 47.750, 0.0));
#3347 = VERTEX_POINT('', #3344);
#3348 = VERTEX_POINT('', #3345);
#3349 = VERTEX_POINT('', #3346);
#3350 = LINE('', #3344, #611);
#3351 = LINE('', #3345, #614);
#3352 = LINE('', #3346, #615);
#3353 = EDGE_CURVE('', #3347, #3348, #3350, .T.);
#3354 = EDGE_CURVE('', #3348, #3349, #3351, .T.);
#3355 = EDGE_CURVE('', #3349, #3347, #3352, .T.);
#3356 = ORIENTED_EDGE('', *, *, #3353, .T.);
#3357 = ORIENTED_EDGE('', *, *, #3354, .T.);
#3358 = ORIENTED_EDGE('', *, *, #3355, .T.);
#3359 = EDGE_LOOP('', (#3356, #3357, #3358));
#3360 = FACE_BOUND('', #3359, .T.);

/* ==== Hole 197 (row 9, col 16) CW ==== */
#3361 = CARTESIAN_POINT('', (77.750, 46.250, 0.0));
#3362 = CARTESIAN_POINT('', (77.750, 49.250, 0.0));
#3363 = CARTESIAN_POINT('', (80.750, 47.750, 0.0));
#3364 = VERTEX_POINT('', #3361);
#3365 = VERTEX_POINT('', #3362);
#3366 = VERTEX_POINT('', #3363);
#3367 = LINE('', #3361, #611);
#3368 = LINE('', #3362, #614);
#3369 = LINE('', #3363, #615);
#3370 = EDGE_CURVE('', #3364, #3365, #3367, .T.);
#3371 = EDGE_CURVE('', #3365, #3366, #3368, .T.);
#3372 = EDGE_CURVE('', #3366, #3364, #3369, .T.);
#3373 = ORIENTED_EDGE('', *, *, #3370, .T.);
#3374 = ORIENTED_EDGE('', *, *, #3371, .T.);
#3375 = ORIENTED_EDGE('', *, *, #3372, .T.);
#3376 = EDGE_LOOP('', (#3373, #3374, #3375));
#3377 = FACE_BOUND('', #3376, .T.);

/* ==== Hole 198 (row 9, col 17) CW ==== */
#3378 = CARTESIAN_POINT('', (82.250, 46.250, 0.0));
#3379 = CARTESIAN_POINT('', (82.250, 49.250, 0.0));
#3380 = CARTESIAN_POINT('', (85.250, 47.750, 0.0));
#3381 = VERTEX_POINT('', #3378);
#3382 = VERTEX_POINT('', #3379);
#3383 = VERTEX_POINT('', #3380);
#3384 = LINE('', #3378, #611);
#3385 = LINE('', #3379, #614);
#3386 = LINE('', #3380, #615);
#3387 = EDGE_CURVE('', #3381, #3382, #3384, .T.);
#3388 = EDGE_CURVE('', #3382, #3383, #3385, .T.);
#3389 = EDGE_CURVE('', #3383, #3381, #3386, .T.);
#3390 = ORIENTED_EDGE('', *, *, #3387, .T.);
#3391 = ORIENTED_EDGE('', *, *, #3388, .T.);
#3392 = ORIENTED_EDGE('', *, *, #3389, .T.);
#3393 = EDGE_LOOP('', (#3390, #3391, #3392));
#3394 = FACE_BOUND('', #3393, .T.);

/* ==== Hole 199 (row 9, col 18) CW ==== */
#3395 = CARTESIAN_POINT('', (86.750, 46.250, 0.0));
#3396 = CARTESIAN_POINT('', (86.750, 49.250, 0.0));
#3397 = CARTESIAN_POINT('', (89.750, 47.750, 0.0));
#3398 = VERTEX_POINT('', #3395);
#3399 = VERTEX_POINT('', #3396);
#3400 = VERTEX_POINT('', #3397);
#3401 = LINE('', #3395, #611);
#3402 = LINE('', #3396, #614);
#3403 = LINE('', #3397, #615);
#3404 = EDGE_CURVE('', #3398, #3399, #3401, .T.);
#3405 = EDGE_CURVE('', #3399, #3400, #3402, .T.);
#3406 = EDGE_CURVE('', #3400, #3398, #3403, .T.);
#3407 = ORIENTED_EDGE('', *, *, #3404, .T.);
#3408 = ORIENTED_EDGE('', *, *, #3405, .T.);
#3409 = ORIENTED_EDGE('', *, *, #3406, .T.);
#3410 = EDGE_LOOP('', (#3407, #3408, #3409));
#3411 = FACE_BOUND('', #3410, .T.);

/* ==== Hole 200 (row 9, col 19) CW ==== */
#3412 = CARTESIAN_POINT('', (91.250, 46.250, 0.0));
#3413 = CARTESIAN_POINT('', (91.250, 49.250, 0.0));
#3414 = CARTESIAN_POINT('', (94.250, 47.750, 0.0));
#3415 = VERTEX_POINT('', #3412);
#3416 = VERTEX_POINT('', #3413);
#3417 = VERTEX_POINT('', #3414);
#3418 = LINE('', #3412, #611);
#3419 = LINE('', #3413, #614);
#3420 = LINE('', #3414, #615);
#3421 = EDGE_CURVE('', #3415, #3416, #3418, .T.);
#3422 = EDGE_CURVE('', #3416, #3417, #3419, .T.);
#3423 = EDGE_CURVE('', #3417, #3415, #3420, .T.);
#3424 = ORIENTED_EDGE('', *, *, #3421, .T.);
#3425 = ORIENTED_EDGE('', *, *, #3422, .T.);
#3426 = ORIENTED_EDGE('', *, *, #3423, .T.);
#3427 = EDGE_LOOP('', (#3424, #3425, #3426));
#3428 = FACE_BOUND('', #3427, .T.);

/* ==== Hole 201 (row 10, col 0) CW ==== */
#3429 = CARTESIAN_POINT('', (5.750, 50.750, 0.0));
#3430 = CARTESIAN_POINT('', (5.750, 53.750, 0.0));
#3431 = CARTESIAN_POINT('', (8.750, 52.250, 0.0));
#3432 = VERTEX_POINT('', #3429);
#3433 = VERTEX_POINT('', #3430);
#3434 = VERTEX_POINT('', #3431);
#3435 = LINE('', #3429, #611);
#3436 = LINE('', #3430, #614);
#3437 = LINE('', #3431, #615);
#3438 = EDGE_CURVE('', #3432, #3433, #3435, .T.);
#3439 = EDGE_CURVE('', #3433, #3434, #3436, .T.);
#3440 = EDGE_CURVE('', #3434, #3432, #3437, .T.);
#3441 = ORIENTED_EDGE('', *, *, #3438, .T.);
#3442 = ORIENTED_EDGE('', *, *, #3439, .T.);
#3443 = ORIENTED_EDGE('', *, *, #3440, .T.);
#3444 = EDGE_LOOP('', (#3441, #3442, #3443));
#3445 = FACE_BOUND('', #3444, .T.);

/* ==== Hole 202 (row 10, col 1) CW ==== */
#3446 = CARTESIAN_POINT('', (10.250, 50.750, 0.0));
#3447 = CARTESIAN_POINT('', (10.250, 53.750, 0.0));
#3448 = CARTESIAN_POINT('', (13.250, 52.250, 0.0));
#3449 = VERTEX_POINT('', #3446);
#3450 = VERTEX_POINT('', #3447);
#3451 = VERTEX_POINT('', #3448);
#3452 = LINE('', #3446, #611);
#3453 = LINE('', #3447, #614);
#3454 = LINE('', #3448, #615);
#3455 = EDGE_CURVE('', #3449, #3450, #3452, .T.);
#3456 = EDGE_CURVE('', #3450, #3451, #3453, .T.);
#3457 = EDGE_CURVE('', #3451, #3449, #3454, .T.);
#3458 = ORIENTED_EDGE('', *, *, #3455, .T.);
#3459 = ORIENTED_EDGE('', *, *, #3456, .T.);
#3460 = ORIENTED_EDGE('', *, *, #3457, .T.);
#3461 = EDGE_LOOP('', (#3458, #3459, #3460));
#3462 = FACE_BOUND('', #3461, .T.);

/* ==== Hole 203 (row 10, col 2) CW ==== */
#3463 = CARTESIAN_POINT('', (14.750, 50.750, 0.0));
#3464 = CARTESIAN_POINT('', (14.750, 53.750, 0.0));
#3465 = CARTESIAN_POINT('', (17.750, 52.250, 0.0));
#3466 = VERTEX_POINT('', #3463);
#3467 = VERTEX_POINT('', #3464);
#3468 = VERTEX_POINT('', #3465);
#3469 = LINE('', #3463, #611);
#3470 = LINE('', #3464, #614);
#3471 = LINE('', #3465, #615);
#3472 = EDGE_CURVE('', #3466, #3467, #3469, .T.);
#3473 = EDGE_CURVE('', #3467, #3468, #3470, .T.);
#3474 = EDGE_CURVE('', #3468, #3466, #3471, .T.);
#3475 = ORIENTED_EDGE('', *, *, #3472, .T.);
#3476 = ORIENTED_EDGE('', *, *, #3473, .T.);
#3477 = ORIENTED_EDGE('', *, *, #3474, .T.);
#3478 = EDGE_LOOP('', (#3475, #3476, #3477));
#3479 = FACE_BOUND('', #3478, .T.);

/* ==== Hole 204 (row 10, col 3) CW ==== */
#3480 = CARTESIAN_POINT('', (19.250, 50.750, 0.0));
#3481 = CARTESIAN_POINT('', (19.250, 53.750, 0.0));
#3482 = CARTESIAN_POINT('', (22.250, 52.250, 0.0));
#3483 = VERTEX_POINT('', #3480);
#3484 = VERTEX_POINT('', #3481);
#3485 = VERTEX_POINT('', #3482);
#3486 = LINE('', #3480, #611);
#3487 = LINE('', #3481, #614);
#3488 = LINE('', #3482, #615);
#3489 = EDGE_CURVE('', #3483, #3484, #3486, .T.);
#3490 = EDGE_CURVE('', #3484, #3485, #3487, .T.);
#3491 = EDGE_CURVE('', #3485, #3483, #3488, .T.);
#3492 = ORIENTED_EDGE('', *, *, #3489, .T.);
#3493 = ORIENTED_EDGE('', *, *, #3490, .T.);
#3494 = ORIENTED_EDGE('', *, *, #3491, .T.);
#3495 = EDGE_LOOP('', (#3492, #3493, #3494));
#3496 = FACE_BOUND('', #3495, .T.);

/* ==== Hole 205 (row 10, col 4) CW ==== */
#3497 = CARTESIAN_POINT('', (23.750, 50.750, 0.0));
#3498 = CARTESIAN_POINT('', (23.750, 53.750, 0.0));
#3499 = CARTESIAN_POINT('', (26.750, 52.250, 0.0));
#3500 = VERTEX_POINT('', #3497);
#3501 = VERTEX_POINT('', #3498);
#3502 = VERTEX_POINT('', #3499);
#3503 = LINE('', #3497, #611);
#3504 = LINE('', #3498, #614);
#3505 = LINE('', #3499, #615);
#3506 = EDGE_CURVE('', #3500, #3501, #3503, .T.);
#3507 = EDGE_CURVE('', #3501, #3502, #3504, .T.);
#3508 = EDGE_CURVE('', #3502, #3500, #3505, .T.);
#3509 = ORIENTED_EDGE('', *, *, #3506, .T.);
#3510 = ORIENTED_EDGE('', *, *, #3507, .T.);
#3511 = ORIENTED_EDGE('', *, *, #3508, .T.);
#3512 = EDGE_LOOP('', (#3509, #3510, #3511));
#3513 = FACE_BOUND('', #3512, .T.);

/* ==== Hole 206 (row 10, col 5) CW ==== */
#3514 = CARTESIAN_POINT('', (28.250, 50.750, 0.0));
#3515 = CARTESIAN_POINT('', (28.250, 53.750, 0.0));
#3516 = CARTESIAN_POINT('', (31.250, 52.250, 0.0));
#3517 = VERTEX_POINT('', #3514);
#3518 = VERTEX_POINT('', #3515);
#3519 = VERTEX_POINT('', #3516);
#3520 = LINE('', #3514, #611);
#3521 = LINE('', #3515, #614);
#3522 = LINE('', #3516, #615);
#3523 = EDGE_CURVE('', #3517, #3518, #3520, .T.);
#3524 = EDGE_CURVE('', #3518, #3519, #3521, .T.);
#3525 = EDGE_CURVE('', #3519, #3517, #3522, .T.);
#3526 = ORIENTED_EDGE('', *, *, #3523, .T.);
#3527 = ORIENTED_EDGE('', *, *, #3524, .T.);
#3528 = ORIENTED_EDGE('', *, *, #3525, .T.);
#3529 = EDGE_LOOP('', (#3526, #3527, #3528));
#3530 = FACE_BOUND('', #3529, .T.);

/* ==== Hole 207 (row 10, col 6) CW ==== */
#3531 = CARTESIAN_POINT('', (32.750, 50.750, 0.0));
#3532 = CARTESIAN_POINT('', (32.750, 53.750, 0.0));
#3533 = CARTESIAN_POINT('', (35.750, 52.250, 0.0));
#3534 = VERTEX_POINT('', #3531);
#3535 = VERTEX_POINT('', #3532);
#3536 = VERTEX_POINT('', #3533);
#3537 = LINE('', #3531, #611);
#3538 = LINE('', #3532, #614);
#3539 = LINE('', #3533, #615);
#3540 = EDGE_CURVE('', #3534, #3535, #3537, .T.);
#3541 = EDGE_CURVE('', #3535, #3536, #3538, .T.);
#3542 = EDGE_CURVE('', #3536, #3534, #3539, .T.);
#3543 = ORIENTED_EDGE('', *, *, #3540, .T.);
#3544 = ORIENTED_EDGE('', *, *, #3541, .T.);
#3545 = ORIENTED_EDGE('', *, *, #3542, .T.);
#3546 = EDGE_LOOP('', (#3543, #3544, #3545));
#3547 = FACE_BOUND('', #3546, .T.);

/* ==== Hole 208 (row 10, col 7) CW ==== */
#3548 = CARTESIAN_POINT('', (37.250, 50.750, 0.0));
#3549 = CARTESIAN_POINT('', (37.250, 53.750, 0.0));
#3550 = CARTESIAN_POINT('', (40.250, 52.250, 0.0));
#3551 = VERTEX_POINT('', #3548);
#3552 = VERTEX_POINT('', #3549);
#3553 = VERTEX_POINT('', #3550);
#3554 = LINE('', #3548, #611);
#3555 = LINE('', #3549, #614);
#3556 = LINE('', #3550, #615);
#3557 = EDGE_CURVE('', #3551, #3552, #3554, .T.);
#3558 = EDGE_CURVE('', #3552, #3553, #3555, .T.);
#3559 = EDGE_CURVE('', #3553, #3551, #3556, .T.);
#3560 = ORIENTED_EDGE('', *, *, #3557, .T.);
#3561 = ORIENTED_EDGE('', *, *, #3558, .T.);
#3562 = ORIENTED_EDGE('', *, *, #3559, .T.);
#3563 = EDGE_LOOP('', (#3560, #3561, #3562));
#3564 = FACE_BOUND('', #3563, .T.);

/* ==== Hole 209 (row 10, col 8) CW ==== */
#3565 = CARTESIAN_POINT('', (41.750, 50.750, 0.0));
#3566 = CARTESIAN_POINT('', (41.750, 53.750, 0.0));
#3567 = CARTESIAN_POINT('', (44.750, 52.250, 0.0));
#3568 = VERTEX_POINT('', #3565);
#3569 = VERTEX_POINT('', #3566);
#3570 = VERTEX_POINT('', #3567);
#3571 = LINE('', #3565, #611);
#3572 = LINE('', #3566, #614);
#3573 = LINE('', #3567, #615);
#3574 = EDGE_CURVE('', #3568, #3569, #3571, .T.);
#3575 = EDGE_CURVE('', #3569, #3570, #3572, .T.);
#3576 = EDGE_CURVE('', #3570, #3568, #3573, .T.);
#3577 = ORIENTED_EDGE('', *, *, #3574, .T.);
#3578 = ORIENTED_EDGE('', *, *, #3575, .T.);
#3579 = ORIENTED_EDGE('', *, *, #3576, .T.);
#3580 = EDGE_LOOP('', (#3577, #3578, #3579));
#3581 = FACE_BOUND('', #3580, .T.);

/* ==== Hole 210 (row 10, col 9) CW ==== */
#3582 = CARTESIAN_POINT('', (46.250, 50.750, 0.0));
#3583 = CARTESIAN_POINT('', (46.250, 53.750, 0.0));
#3584 = CARTESIAN_POINT('', (49.250, 52.250, 0.0));
#3585 = VERTEX_POINT('', #3582);
#3586 = VERTEX_POINT('', #3583);
#3587 = VERTEX_POINT('', #3584);
#3588 = LINE('', #3582, #611);
#3589 = LINE('', #3583, #614);
#3590 = LINE('', #3584, #615);
#3591 = EDGE_CURVE('', #3585, #3586, #3588, .T.);
#3592 = EDGE_CURVE('', #3586, #3587, #3589, .T.);
#3593 = EDGE_CURVE('', #3587, #3585, #3590, .T.);
#3594 = ORIENTED_EDGE('', *, *, #3591, .T.);
#3595 = ORIENTED_EDGE('', *, *, #3592, .T.);
#3596 = ORIENTED_EDGE('', *, *, #3593, .T.);
#3597 = EDGE_LOOP('', (#3594, #3595, #3596));
#3598 = FACE_BOUND('', #3597, .T.);

/* ==== Hole 211 (row 10, col 10) CW ==== */
#3599 = CARTESIAN_POINT('', (50.750, 50.750, 0.0));
#3600 = CARTESIAN_POINT('', (50.750, 53.750, 0.0));
#3601 = CARTESIAN_POINT('', (53.750, 52.250, 0.0));
#3602 = VERTEX_POINT('', #3599);
#3603 = VERTEX_POINT('', #3600);
#3604 = VERTEX_POINT('', #3601);
#3605 = LINE('', #3599, #611);
#3606 = LINE('', #3600, #614);
#3607 = LINE('', #3601, #615);
#3608 = EDGE_CURVE('', #3602, #3603, #3605, .T.);
#3609 = EDGE_CURVE('', #3603, #3604, #3606, .T.);
#3610 = EDGE_CURVE('', #3604, #3602, #3607, .T.);
#3611 = ORIENTED_EDGE('', *, *, #3608, .T.);
#3612 = ORIENTED_EDGE('', *, *, #3609, .T.);
#3613 = ORIENTED_EDGE('', *, *, #3610, .T.);
#3614 = EDGE_LOOP('', (#3611, #3612, #3613));
#3615 = FACE_BOUND('', #3614, .T.);

/* ==== Hole 212 (row 10, col 11) CW ==== */
#3616 = CARTESIAN_POINT('', (55.250, 50.750, 0.0));
#3617 = CARTESIAN_POINT('', (55.250, 53.750, 0.0));
#3618 = CARTESIAN_POINT('', (58.250, 52.250, 0.0));
#3619 = VERTEX_POINT('', #3616);
#3620 = VERTEX_POINT('', #3617);
#3621 = VERTEX_POINT('', #3618);
#3622 = LINE('', #3616, #611);
#3623 = LINE('', #3617, #614);
#3624 = LINE('', #3618, #615);
#3625 = EDGE_CURVE('', #3619, #3620, #3622, .T.);
#3626 = EDGE_CURVE('', #3620, #3621, #3623, .T.);
#3627 = EDGE_CURVE('', #3621, #3619, #3624, .T.);
#3628 = ORIENTED_EDGE('', *, *, #3625, .T.);
#3629 = ORIENTED_EDGE('', *, *, #3626, .T.);
#3630 = ORIENTED_EDGE('', *, *, #3627, .T.);
#3631 = EDGE_LOOP('', (#3628, #3629, #3630));
#3632 = FACE_BOUND('', #3631, .T.);

/* ==== Hole 213 (row 10, col 12) CW ==== */
#3633 = CARTESIAN_POINT('', (59.750, 50.750, 0.0));
#3634 = CARTESIAN_POINT('', (59.750, 53.750, 0.0));
#3635 = CARTESIAN_POINT('', (62.750, 52.250, 0.0));
#3636 = VERTEX_POINT('', #3633);
#3637 = VERTEX_POINT('', #3634);
#3638 = VERTEX_POINT('', #3635);
#3639 = LINE('', #3633, #611);
#3640 = LINE('', #3634, #614);
#3641 = LINE('', #3635, #615);
#3642 = EDGE_CURVE('', #3636, #3637, #3639, .T.);
#3643 = EDGE_CURVE('', #3637, #3638, #3640, .T.);
#3644 = EDGE_CURVE('', #3638, #3636, #3641, .T.);
#3645 = ORIENTED_EDGE('', *, *, #3642, .T.);
#3646 = ORIENTED_EDGE('', *, *, #3643, .T.);
#3647 = ORIENTED_EDGE('', *, *, #3644, .T.);
#3648 = EDGE_LOOP('', (#3645, #3646, #3647));
#3649 = FACE_BOUND('', #3648, .T.);

/* ==== Hole 214 (row 10, col 13) CW ==== */
#3650 = CARTESIAN_POINT('', (64.250, 50.750, 0.0));
#3651 = CARTESIAN_POINT('', (64.250, 53.750, 0.0));
#3652 = CARTESIAN_POINT('', (67.250, 52.250, 0.0));
#3653 = VERTEX_POINT('', #3650);
#3654 = VERTEX_POINT('', #3651);
#3655 = VERTEX_POINT('', #3652);
#3656 = LINE('', #3650, #611);
#3657 = LINE('', #3651, #614);
#3658 = LINE('', #3652, #615);
#3659 = EDGE_CURVE('', #3653, #3654, #3656, .T.);
#3660 = EDGE_CURVE('', #3654, #3655, #3657, .T.);
#3661 = EDGE_CURVE('', #3655, #3653, #3658, .T.);
#3662 = ORIENTED_EDGE('', *, *, #3659, .T.);
#3663 = ORIENTED_EDGE('', *, *, #3660, .T.);
#3664 = ORIENTED_EDGE('', *, *, #3661, .T.);
#3665 = EDGE_LOOP('', (#3662, #3663, #3664));
#3666 = FACE_BOUND('', #3665, .T.);

/* ==== Hole 215 (row 10, col 14) CW ==== */
#3667 = CARTESIAN_POINT('', (68.750, 50.750, 0.0));
#3668 = CARTESIAN_POINT('', (68.750, 53.750, 0.0));
#3669 = CARTESIAN_POINT('', (71.750, 52.250, 0.0));
#3670 = VERTEX_POINT('', #3667);
#3671 = VERTEX_POINT('', #3668);
#3672 = VERTEX_POINT('', #3669);
#3673 = LINE('', #3667, #611);
#3674 = LINE('', #3668, #614);
#3675 = LINE('', #3669, #615);
#3676 = EDGE_CURVE('', #3670, #3671, #3673, .T.);
#3677 = EDGE_CURVE('', #3671, #3672, #3674, .T.);
#3678 = EDGE_CURVE('', #3672, #3670, #3675, .T.);
#3679 = ORIENTED_EDGE('', *, *, #3676, .T.);
#3680 = ORIENTED_EDGE('', *, *, #3677, .T.);
#3681 = ORIENTED_EDGE('', *, *, #3678, .T.);
#3682 = EDGE_LOOP('', (#3679, #3680, #3681));
#3683 = FACE_BOUND('', #3682, .T.);

/* ==== Hole 216 (row 10, col 15) CW ==== */
#3684 = CARTESIAN_POINT('', (73.250, 50.750, 0.0));
#3685 = CARTESIAN_POINT('', (73.250, 53.750, 0.0));
#3686 = CARTESIAN_POINT('', (76.250, 52.250, 0.0));
#3687 = VERTEX_POINT('', #3684);
#3688 = VERTEX_POINT('', #3685);
#3689 = VERTEX_POINT('', #3686);
#3690 = LINE('', #3684, #611);
#3691 = LINE('', #3685, #614);
#3692 = LINE('', #3686, #615);
#3693 = EDGE_CURVE('', #3687, #3688, #3690, .T.);
#3694 = EDGE_CURVE('', #3688, #3689, #3691, .T.);
#3695 = EDGE_CURVE('', #3689, #3687, #3692, .T.);
#3696 = ORIENTED_EDGE('', *, *, #3693, .T.);
#3697 = ORIENTED_EDGE('', *, *, #3694, .T.);
#3698 = ORIENTED_EDGE('', *, *, #3695, .T.);
#3699 = EDGE_LOOP('', (#3696, #3697, #3698));
#3700 = FACE_BOUND('', #3699, .T.);

/* ==== Hole 217 (row 10, col 16) CW ==== */
#3701 = CARTESIAN_POINT('', (77.750, 50.750, 0.0));
#3702 = CARTESIAN_POINT('', (77.750, 53.750, 0.0));
#3703 = CARTESIAN_POINT('', (80.750, 52.250, 0.0));
#3704 = VERTEX_POINT('', #3701);
#3705 = VERTEX_POINT('', #3702);
#3706 = VERTEX_POINT('', #3703);
#3707 = LINE('', #3701, #611);
#3708 = LINE('', #3702, #614);
#3709 = LINE('', #3703, #615);
#3710 = EDGE_CURVE('', #3704, #3705, #3707, .T.);
#3711 = EDGE_CURVE('', #3705, #3706, #3708, .T.);
#3712 = EDGE_CURVE('', #3706, #3704, #3709, .T.);
#3713 = ORIENTED_EDGE('', *, *, #3710, .T.);
#3714 = ORIENTED_EDGE('', *, *, #3711, .T.);
#3715 = ORIENTED_EDGE('', *, *, #3712, .T.);
#3716 = EDGE_LOOP('', (#3713, #3714, #3715));
#3717 = FACE_BOUND('', #3716, .T.);

/* ==== Hole 218 (row 10, col 17) CW ==== */
#3718 = CARTESIAN_POINT('', (82.250, 50.750, 0.0));
#3719 = CARTESIAN_POINT('', (82.250, 53.750, 0.0));
#3720 = CARTESIAN_POINT('', (85.250, 52.250, 0.0));
#3721 = VERTEX_POINT('', #3718);
#3722 = VERTEX_POINT('', #3719);
#3723 = VERTEX_POINT('', #3720);
#3724 = LINE('', #3718, #611);
#3725 = LINE('', #3719, #614);
#3726 = LINE('', #3720, #615);
#3727 = EDGE_CURVE('', #3721, #3722, #3724, .T.);
#3728 = EDGE_CURVE('', #3722, #3723, #3725, .T.);
#3729 = EDGE_CURVE('', #3723, #3721, #3726, .T.);
#3730 = ORIENTED_EDGE('', *, *, #3727, .T.);
#3731 = ORIENTED_EDGE('', *, *, #3728, .T.);
#3732 = ORIENTED_EDGE('', *, *, #3729, .T.);
#3733 = EDGE_LOOP('', (#3730, #3731, #3732));
#3734 = FACE_BOUND('', #3733, .T.);

/* ==== Hole 219 (row 10, col 18) CW ==== */
#3735 = CARTESIAN_POINT('', (86.750, 50.750, 0.0));
#3736 = CARTESIAN_POINT('', (86.750, 53.750, 0.0));
#3737 = CARTESIAN_POINT('', (89.750, 52.250, 0.0));
#3738 = VERTEX_POINT('', #3735);
#3739 = VERTEX_POINT('', #3736);
#3740 = VERTEX_POINT('', #3737);
#3741 = LINE('', #3735, #611);
#3742 = LINE('', #3736, #614);
#3743 = LINE('', #3737, #615);
#3744 = EDGE_CURVE('', #3738, #3739, #3741, .T.);
#3745 = EDGE_CURVE('', #3739, #3740, #3742, .T.);
#3746 = EDGE_CURVE('', #3740, #3738, #3743, .T.);
#3747 = ORIENTED_EDGE('', *, *, #3744, .T.);
#3748 = ORIENTED_EDGE('', *, *, #3745, .T.);
#3749 = ORIENTED_EDGE('', *, *, #3746, .T.);
#3750 = EDGE_LOOP('', (#3747, #3748, #3749));
#3751 = FACE_BOUND('', #3750, .T.);

/* ==== Hole 220 (row 10, col 19) CW ==== */
#3752 = CARTESIAN_POINT('', (91.250, 50.750, 0.0));
#3753 = CARTESIAN_POINT('', (91.250, 53.750, 0.0));
#3754 = CARTESIAN_POINT('', (94.250, 52.250, 0.0));
#3755 = VERTEX_POINT('', #3752);
#3756 = VERTEX_POINT('', #3753);
#3757 = VERTEX_POINT('', #3754);
#3758 = LINE('', #3752, #611);
#3759 = LINE('', #3753, #614);
#3760 = LINE('', #3754, #615);
#3761 = EDGE_CURVE('', #3755, #3756, #3758, .T.);
#3762 = EDGE_CURVE('', #3756, #3757, #3759, .T.);
#3763 = EDGE_CURVE('', #3757, #3755, #3760, .T.);
#3764 = ORIENTED_EDGE('', *, *, #3761, .T.);
#3765 = ORIENTED_EDGE('', *, *, #3762, .T.);
#3766 = ORIENTED_EDGE('', *, *, #3763, .T.);
#3767 = EDGE_LOOP('', (#3764, #3765, #3766));
#3768 = FACE_BOUND('', #3767, .T.);

/* ==== Hole 221 (row 11, col 0) CW ==== */
#3769 = CARTESIAN_POINT('', (5.750, 55.250, 0.0));
#3770 = CARTESIAN_POINT('', (5.750, 58.250, 0.0));
#3771 = CARTESIAN_POINT('', (8.750, 56.750, 0.0));
#3772 = VERTEX_POINT('', #3769);
#3773 = VERTEX_POINT('', #3770);
#3774 = VERTEX_POINT('', #3771);
#3775 = LINE('', #3769, #611);
#3776 = LINE('', #3770, #614);
#3777 = LINE('', #3771, #615);
#3778 = EDGE_CURVE('', #3772, #3773, #3775, .T.);
#3779 = EDGE_CURVE('', #3773, #3774, #3776, .T.);
#3780 = EDGE_CURVE('', #3774, #3772, #3777, .T.);
#3781 = ORIENTED_EDGE('', *, *, #3778, .T.);
#3782 = ORIENTED_EDGE('', *, *, #3779, .T.);
#3783 = ORIENTED_EDGE('', *, *, #3780, .T.);
#3784 = EDGE_LOOP('', (#3781, #3782, #3783));
#3785 = FACE_BOUND('', #3784, .T.);

/* ==== Hole 222 (row 11, col 1) CW ==== */
#3786 = CARTESIAN_POINT('', (10.250, 55.250, 0.0));
#3787 = CARTESIAN_POINT('', (10.250, 58.250, 0.0));
#3788 = CARTESIAN_POINT('', (13.250, 56.750, 0.0));
#3789 = VERTEX_POINT('', #3786);
#3790 = VERTEX_POINT('', #3787);
#3791 = VERTEX_POINT('', #3788);
#3792 = LINE('', #3786, #611);
#3793 = LINE('', #3787, #614);
#3794 = LINE('', #3788, #615);
#3795 = EDGE_CURVE('', #3789, #3790, #3792, .T.);
#3796 = EDGE_CURVE('', #3790, #3791, #3793, .T.);
#3797 = EDGE_CURVE('', #3791, #3789, #3794, .T.);
#3798 = ORIENTED_EDGE('', *, *, #3795, .T.);
#3799 = ORIENTED_EDGE('', *, *, #3796, .T.);
#3800 = ORIENTED_EDGE('', *, *, #3797, .T.);
#3801 = EDGE_LOOP('', (#3798, #3799, #3800));
#3802 = FACE_BOUND('', #3801, .T.);

/* ==== Hole 223 (row 11, col 2) CW ==== */
#3803 = CARTESIAN_POINT('', (14.750, 55.250, 0.0));
#3804 = CARTESIAN_POINT('', (14.750, 58.250, 0.0));
#3805 = CARTESIAN_POINT('', (17.750, 56.750, 0.0));
#3806 = VERTEX_POINT('', #3803);
#3807 = VERTEX_POINT('', #3804);
#3808 = VERTEX_POINT('', #3805);
#3809 = LINE('', #3803, #611);
#3810 = LINE('', #3804, #614);
#3811 = LINE('', #3805, #615);
#3812 = EDGE_CURVE('', #3806, #3807, #3809, .T.);
#3813 = EDGE_CURVE('', #3807, #3808, #3810, .T.);
#3814 = EDGE_CURVE('', #3808, #3806, #3811, .T.);
#3815 = ORIENTED_EDGE('', *, *, #3812, .T.);
#3816 = ORIENTED_EDGE('', *, *, #3813, .T.);
#3817 = ORIENTED_EDGE('', *, *, #3814, .T.);
#3818 = EDGE_LOOP('', (#3815, #3816, #3817));
#3819 = FACE_BOUND('', #3818, .T.);

/* ==== Hole 224 (row 11, col 3) CW ==== */
#3820 = CARTESIAN_POINT('', (19.250, 55.250, 0.0));
#3821 = CARTESIAN_POINT('', (19.250, 58.250, 0.0));
#3822 = CARTESIAN_POINT('', (22.250, 56.750, 0.0));
#3823 = VERTEX_POINT('', #3820);
#3824 = VERTEX_POINT('', #3821);
#3825 = VERTEX_POINT('', #3822);
#3826 = LINE('', #3820, #611);
#3827 = LINE('', #3821, #614);
#3828 = LINE('', #3822, #615);
#3829 = EDGE_CURVE('', #3823, #3824, #3826, .T.);
#3830 = EDGE_CURVE('', #3824, #3825, #3827, .T.);
#3831 = EDGE_CURVE('', #3825, #3823, #3828, .T.);
#3832 = ORIENTED_EDGE('', *, *, #3829, .T.);
#3833 = ORIENTED_EDGE('', *, *, #3830, .T.);
#3834 = ORIENTED_EDGE('', *, *, #3831, .T.);
#3835 = EDGE_LOOP('', (#3832, #3833, #3834));
#3836 = FACE_BOUND('', #3835, .T.);

/* ==== Hole 225 (row 11, col 4) CW ==== */
#3837 = CARTESIAN_POINT('', (23.750, 55.250, 0.0));
#3838 = CARTESIAN_POINT('', (23.750, 58.250, 0.0));
#3839 = CARTESIAN_POINT('', (26.750, 56.750, 0.0));
#3840 = VERTEX_POINT('', #3837);
#3841 = VERTEX_POINT('', #3838);
#3842 = VERTEX_POINT('', #3839);
#3843 = LINE('', #3837, #611);
#3844 = LINE('', #3838, #614);
#3845 = LINE('', #3839, #615);
#3846 = EDGE_CURVE('', #3840, #3841, #3843, .T.);
#3847 = EDGE_CURVE('', #3841, #3842, #3844, .T.);
#3848 = EDGE_CURVE('', #3842, #3840, #3845, .T.);
#3849 = ORIENTED_EDGE('', *, *, #3846, .T.);
#3850 = ORIENTED_EDGE('', *, *, #3847, .T.);
#3851 = ORIENTED_EDGE('', *, *, #3848, .T.);
#3852 = EDGE_LOOP('', (#3849, #3850, #3851));
#3853 = FACE_BOUND('', #3852, .T.);

/* ==== Hole 226 (row 11, col 5) CW ==== */
#3854 = CARTESIAN_POINT('', (28.250, 55.250, 0.0));
#3855 = CARTESIAN_POINT('', (28.250, 58.250, 0.0));
#3856 = CARTESIAN_POINT('', (31.250, 56.750, 0.0));
#3857 = VERTEX_POINT('', #3854);
#3858 = VERTEX_POINT('', #3855);
#3859 = VERTEX_POINT('', #3856);
#3860 = LINE('', #3854, #611);
#3861 = LINE('', #3855, #614);
#3862 = LINE('', #3856, #615);
#3863 = EDGE_CURVE('', #3857, #3858, #3860, .T.);
#3864 = EDGE_CURVE('', #3858, #3859, #3861, .T.);
#3865 = EDGE_CURVE('', #3859, #3857, #3862, .T.);
#3866 = ORIENTED_EDGE('', *, *, #3863, .T.);
#3867 = ORIENTED_EDGE('', *, *, #3864, .T.);
#3868 = ORIENTED_EDGE('', *, *, #3865, .T.);
#3869 = EDGE_LOOP('', (#3866, #3867, #3868));
#3870 = FACE_BOUND('', #3869, .T.);

/* ==== Hole 227 (row 11, col 6) CW ==== */
#3871 = CARTESIAN_POINT('', (32.750, 55.250, 0.0));
#3872 = CARTESIAN_POINT('', (32.750, 58.250, 0.0));
#3873 = CARTESIAN_POINT('', (35.750, 56.750, 0.0));
#3874 = VERTEX_POINT('', #3871);
#3875 = VERTEX_POINT('', #3872);
#3876 = VERTEX_POINT('', #3873);
#3877 = LINE('', #3871, #611);
#3878 = LINE('', #3872, #614);
#3879 = LINE('', #3873, #615);
#3880 = EDGE_CURVE('', #3874, #3875, #3877, .T.);
#3881 = EDGE_CURVE('', #3875, #3876, #3878, .T.);
#3882 = EDGE_CURVE('', #3876, #3874, #3879, .T.);
#3883 = ORIENTED_EDGE('', *, *, #3880, .T.);
#3884 = ORIENTED_EDGE('', *, *, #3881, .T.);
#3885 = ORIENTED_EDGE('', *, *, #3882, .T.);
#3886 = EDGE_LOOP('', (#3883, #3884, #3885));
#3887 = FACE_BOUND('', #3886, .T.);

/* ==== Hole 228 (row 11, col 7) CW ==== */
#3888 = CARTESIAN_POINT('', (37.250, 55.250, 0.0));
#3889 = CARTESIAN_POINT('', (37.250, 58.250, 0.0));
#3890 = CARTESIAN_POINT('', (40.250, 56.750, 0.0));
#3891 = VERTEX_POINT('', #3888);
#3892 = VERTEX_POINT('', #3889);
#3893 = VERTEX_POINT('', #3890);
#3894 = LINE('', #3888, #611);
#3895 = LINE('', #3889, #614);
#3896 = LINE('', #3890, #615);
#3897 = EDGE_CURVE('', #3891, #3892, #3894, .T.);
#3898 = EDGE_CURVE('', #3892, #3893, #3895, .T.);
#3899 = EDGE_CURVE('', #3893, #3891, #3896, .T.);
#3900 = ORIENTED_EDGE('', *, *, #3897, .T.);
#3901 = ORIENTED_EDGE('', *, *, #3898, .T.);
#3902 = ORIENTED_EDGE('', *, *, #3899, .T.);
#3903 = EDGE_LOOP('', (#3900, #3901, #3902));
#3904 = FACE_BOUND('', #3903, .T.);

/* ==== Hole 229 (row 11, col 8) CW ==== */
#3905 = CARTESIAN_POINT('', (41.750, 55.250, 0.0));
#3906 = CARTESIAN_POINT('', (41.750, 58.250, 0.0));
#3907 = CARTESIAN_POINT('', (44.750, 56.750, 0.0));
#3908 = VERTEX_POINT('', #3905);
#3909 = VERTEX_POINT('', #3906);
#3910 = VERTEX_POINT('', #3907);
#3911 = LINE('', #3905, #611);
#3912 = LINE('', #3906, #614);
#3913 = LINE('', #3907, #615);
#3914 = EDGE_CURVE('', #3908, #3909, #3911, .T.);
#3915 = EDGE_CURVE('', #3909, #3910, #3912, .T.);
#3916 = EDGE_CURVE('', #3910, #3908, #3913, .T.);
#3917 = ORIENTED_EDGE('', *, *, #3914, .T.);
#3918 = ORIENTED_EDGE('', *, *, #3915, .T.);
#3919 = ORIENTED_EDGE('', *, *, #3916, .T.);
#3920 = EDGE_LOOP('', (#3917, #3918, #3919));
#3921 = FACE_BOUND('', #3920, .T.);

/* ==== Hole 230 (row 11, col 9) CW ==== */
#3922 = CARTESIAN_POINT('', (46.250, 55.250, 0.0));
#3923 = CARTESIAN_POINT('', (46.250, 58.250, 0.0));
#3924 = CARTESIAN_POINT('', (49.250, 56.750, 0.0));
#3925 = VERTEX_POINT('', #3922);
#3926 = VERTEX_POINT('', #3923);
#3927 = VERTEX_POINT('', #3924);
#3928 = LINE('', #3922, #611);
#3929 = LINE('', #3923, #614);
#3930 = LINE('', #3924, #615);
#3931 = EDGE_CURVE('', #3925, #3926, #3928, .T.);
#3932 = EDGE_CURVE('', #3926, #3927, #3929, .T.);
#3933 = EDGE_CURVE('', #3927, #3925, #3930, .T.);
#3934 = ORIENTED_EDGE('', *, *, #3931, .T.);
#3935 = ORIENTED_EDGE('', *, *, #3932, .T.);
#3936 = ORIENTED_EDGE('', *, *, #3933, .T.);
#3937 = EDGE_LOOP('', (#3934, #3935, #3936));
#3938 = FACE_BOUND('', #3937, .T.);

/* ==== Hole 231 (row 11, col 10) CW ==== */
#3939 = CARTESIAN_POINT('', (50.750, 55.250, 0.0));
#3940 = CARTESIAN_POINT('', (50.750, 58.250, 0.0));
#3941 = CARTESIAN_POINT('', (53.750, 56.750, 0.0));
#3942 = VERTEX_POINT('', #3939);
#3943 = VERTEX_POINT('', #3940);
#3944 = VERTEX_POINT('', #3941);
#3945 = LINE('', #3939, #611);
#3946 = LINE('', #3940, #614);
#3947 = LINE('', #3941, #615);
#3948 = EDGE_CURVE('', #3942, #3943, #3945, .T.);
#3949 = EDGE_CURVE('', #3943, #3944, #3946, .T.);
#3950 = EDGE_CURVE('', #3944, #3942, #3947, .T.);
#3951 = ORIENTED_EDGE('', *, *, #3948, .T.);
#3952 = ORIENTED_EDGE('', *, *, #3949, .T.);
#3953 = ORIENTED_EDGE('', *, *, #3950, .T.);
#3954 = EDGE_LOOP('', (#3951, #3952, #3953));
#3955 = FACE_BOUND('', #3954, .T.);

/* ==== Hole 232 (row 11, col 11) CW ==== */
#3956 = CARTESIAN_POINT('', (55.250, 55.250, 0.0));
#3957 = CARTESIAN_POINT('', (55.250, 58.250, 0.0));
#3958 = CARTESIAN_POINT('', (58.250, 56.750, 0.0));
#3959 = VERTEX_POINT('', #3956);
#3960 = VERTEX_POINT('', #3957);
#3961 = VERTEX_POINT('', #3958);
#3962 = LINE('', #3956, #611);
#3963 = LINE('', #3957, #614);
#3964 = LINE('', #3958, #615);
#3965 = EDGE_CURVE('', #3959, #3960, #3962, .T.);
#3966 = EDGE_CURVE('', #3960, #3961, #3963, .T.);
#3967 = EDGE_CURVE('', #3961, #3959, #3964, .T.);
#3968 = ORIENTED_EDGE('', *, *, #3965, .T.);
#3969 = ORIENTED_EDGE('', *, *, #3966, .T.);
#3970 = ORIENTED_EDGE('', *, *, #3967, .T.);
#3971 = EDGE_LOOP('', (#3968, #3969, #3970));
#3972 = FACE_BOUND('', #3971, .T.);

/* ==== Hole 233 (row 11, col 12) CW ==== */
#3973 = CARTESIAN_POINT('', (59.750, 55.250, 0.0));
#3974 = CARTESIAN_POINT('', (59.750, 58.250, 0.0));
#3975 = CARTESIAN_POINT('', (62.750, 56.750, 0.0));
#3976 = VERTEX_POINT('', #3973);
#3977 = VERTEX_POINT('', #3974);
#3978 = VERTEX_POINT('', #3975);
#3979 = LINE('', #3973, #611);
#3980 = LINE('', #3974, #614);
#3981 = LINE('', #3975, #615);
#3982 = EDGE_CURVE('', #3976, #3977, #3979, .T.);
#3983 = EDGE_CURVE('', #3977, #3978, #3980, .T.);
#3984 = EDGE_CURVE('', #3978, #3976, #3981, .T.);
#3985 = ORIENTED_EDGE('', *, *, #3982, .T.);
#3986 = ORIENTED_EDGE('', *, *, #3983, .T.);
#3987 = ORIENTED_EDGE('', *, *, #3984, .T.);
#3988 = EDGE_LOOP('', (#3985, #3986, #3987));
#3989 = FACE_BOUND('', #3988, .T.);

/* ==== Hole 234 (row 11, col 13) CW ==== */
#3990 = CARTESIAN_POINT('', (64.250, 55.250, 0.0));
#3991 = CARTESIAN_POINT('', (64.250, 58.250, 0.0));
#3992 = CARTESIAN_POINT('', (67.250, 56.750, 0.0));
#3993 = VERTEX_POINT('', #3990);
#3994 = VERTEX_POINT('', #3991);
#3995 = VERTEX_POINT('', #3992);
#3996 = LINE('', #3990, #611);
#3997 = LINE('', #3991, #614);
#3998 = LINE('', #3992, #615);
#3999 = EDGE_CURVE('', #3993, #3994, #3996, .T.);
#4000 = EDGE_CURVE('', #3994, #3995, #3997, .T.);
#4001 = EDGE_CURVE('', #3995, #3993, #3998, .T.);
#4002 = ORIENTED_EDGE('', *, *, #3999, .T.);
#4003 = ORIENTED_EDGE('', *, *, #4000, .T.);
#4004 = ORIENTED_EDGE('', *, *, #4001, .T.);
#4005 = EDGE_LOOP('', (#4002, #4003, #4004));
#4006 = FACE_BOUND('', #4005, .T.);

/* ==== Hole 235 (row 11, col 14) CW ==== */
#4007 = CARTESIAN_POINT('', (68.750, 55.250, 0.0));
#4008 = CARTESIAN_POINT('', (68.750, 58.250, 0.0));
#4009 = CARTESIAN_POINT('', (71.750, 56.750, 0.0));
#4010 = VERTEX_POINT('', #4007);
#4011 = VERTEX_POINT('', #4008);
#4012 = VERTEX_POINT('', #4009);
#4013 = LINE('', #4007, #611);
#4014 = LINE('', #4008, #614);
#4015 = LINE('', #4009, #615);
#4016 = EDGE_CURVE('', #4010, #4011, #4013, .T.);
#4017 = EDGE_CURVE('', #4011, #4012, #4014, .T.);
#4018 = EDGE_CURVE('', #4012, #4010, #4015, .T.);
#4019 = ORIENTED_EDGE('', *, *, #4016, .T.);
#4020 = ORIENTED_EDGE('', *, *, #4017, .T.);
#4021 = ORIENTED_EDGE('', *, *, #4018, .T.);
#4022 = EDGE_LOOP('', (#4019, #4020, #4021));
#4023 = FACE_BOUND('', #4022, .T.);

/* ==== Hole 236 (row 11, col 15) CW ==== */
#4024 = CARTESIAN_POINT('', (73.250, 55.250, 0.0));
#4025 = CARTESIAN_POINT('', (73.250, 58.250, 0.0));
#4026 = CARTESIAN_POINT('', (76.250, 56.750, 0.0));
#4027 = VERTEX_POINT('', #4024);
#4028 = VERTEX_POINT('', #4025);
#4029 = VERTEX_POINT('', #4026);
#4030 = LINE('', #4024, #611);
#4031 = LINE('', #4025, #614);
#4032 = LINE('', #4026, #615);
#4033 = EDGE_CURVE('', #4027, #4028, #4030, .T.);
#4034 = EDGE_CURVE('', #4028, #4029, #4031, .T.);
#4035 = EDGE_CURVE('', #4029, #4027, #4032, .T.);
#4036 = ORIENTED_EDGE('', *, *, #4033, .T.);
#4037 = ORIENTED_EDGE('', *, *, #4034, .T.);
#4038 = ORIENTED_EDGE('', *, *, #4035, .T.);
#4039 = EDGE_LOOP('', (#4036, #4037, #4038));
#4040 = FACE_BOUND('', #4039, .T.);

/* ==== Hole 237 (row 11, col 16) CW ==== */
#4041 = CARTESIAN_POINT('', (77.750, 55.250, 0.0));
#4042 = CARTESIAN_POINT('', (77.750, 58.250, 0.0));
#4043 = CARTESIAN_POINT('', (80.750, 56.750, 0.0));
#4044 = VERTEX_POINT('', #4041);
#4045 = VERTEX_POINT('', #4042);
#4046 = VERTEX_POINT('', #4043);
#4047 = LINE('', #4041, #611);
#4048 = LINE('', #4042, #614);
#4049 = LINE('', #4043, #615);
#4050 = EDGE_CURVE('', #4044, #4045, #4047, .T.);
#4051 = EDGE_CURVE('', #4045, #4046, #4048, .T.);
#4052 = EDGE_CURVE('', #4046, #4044, #4049, .T.);
#4053 = ORIENTED_EDGE('', *, *, #4050, .T.);
#4054 = ORIENTED_EDGE('', *, *, #4051, .T.);
#4055 = ORIENTED_EDGE('', *, *, #4052, .T.);
#4056 = EDGE_LOOP('', (#4053, #4054, #4055));
#4057 = FACE_BOUND('', #4056, .T.);

/* ==== Hole 238 (row 11, col 17) CW ==== */
#4058 = CARTESIAN_POINT('', (82.250, 55.250, 0.0));
#4059 = CARTESIAN_POINT('', (82.250, 58.250, 0.0));
#4060 = CARTESIAN_POINT('', (85.250, 56.750, 0.0));
#4061 = VERTEX_POINT('', #4058);
#4062 = VERTEX_POINT('', #4059);
#4063 = VERTEX_POINT('', #4060);
#4064 = LINE('', #4058, #611);
#4065 = LINE('', #4059, #614);
#4066 = LINE('', #4060, #615);
#4067 = EDGE_CURVE('', #4061, #4062, #4064, .T.);
#4068 = EDGE_CURVE('', #4062, #4063, #4065, .T.);
#4069 = EDGE_CURVE('', #4063, #4061, #4066, .T.);
#4070 = ORIENTED_EDGE('', *, *, #4067, .T.);
#4071 = ORIENTED_EDGE('', *, *, #4068, .T.);
#4072 = ORIENTED_EDGE('', *, *, #4069, .T.);
#4073 = EDGE_LOOP('', (#4070, #4071, #4072));
#4074 = FACE_BOUND('', #4073, .T.);

/* ==== Hole 239 (row 11, col 18) CW ==== */
#4075 = CARTESIAN_POINT('', (86.750, 55.250, 0.0));
#4076 = CARTESIAN_POINT('', (86.750, 58.250, 0.0));
#4077 = CARTESIAN_POINT('', (89.750, 56.750, 0.0));
#4078 = VERTEX_POINT('', #4075);
#4079 = VERTEX_POINT('', #4076);
#4080 = VERTEX_POINT('', #4077);
#4081 = LINE('', #4075, #611);
#4082 = LINE('', #4076, #614);
#4083 = LINE('', #4077, #615);
#4084 = EDGE_CURVE('', #4078, #4079, #4081, .T.);
#4085 = EDGE_CURVE('', #4079, #4080, #4082, .T.);
#4086 = EDGE_CURVE('', #4080, #4078, #4083, .T.);
#4087 = ORIENTED_EDGE('', *, *, #4084, .T.);
#4088 = ORIENTED_EDGE('', *, *, #4085, .T.);
#4089 = ORIENTED_EDGE('', *, *, #4086, .T.);
#4090 = EDGE_LOOP('', (#4087, #4088, #4089));
#4091 = FACE_BOUND('', #4090, .T.);

/* ==== Hole 240 (row 11, col 19) CW ==== */
#4092 = CARTESIAN_POINT('', (91.250, 55.250, 0.0));
#4093 = CARTESIAN_POINT('', (91.250, 58.250, 0.0));
#4094 = CARTESIAN_POINT('', (94.250, 56.750, 0.0));
#4095 = VERTEX_POINT('', #4092);
#4096 = VERTEX_POINT('', #4093);
#4097 = VERTEX_POINT('', #4094);
#4098 = LINE('', #4092, #611);
#4099 = LINE('', #4093, #614);
#4100 = LINE('', #4094, #615);
#4101 = EDGE_CURVE('', #4095, #4096, #4098, .T.);
#4102 = EDGE_CURVE('', #4096, #4097, #4099, .T.);
#4103 = EDGE_CURVE('', #4097, #4095, #4100, .T.);
#4104 = ORIENTED_EDGE('', *, *, #4101, .T.);
#4105 = ORIENTED_EDGE('', *, *, #4102, .T.);
#4106 = ORIENTED_EDGE('', *, *, #4103, .T.);
#4107 = EDGE_LOOP('', (#4104, #4105, #4106));
#4108 = FACE_BOUND('', #4107, .T.);

/* ==== Hole 241 (row 12, col 0) CW ==== */
#4109 = CARTESIAN_POINT('', (5.750, 59.750, 0.0));
#4110 = CARTESIAN_POINT('', (5.750, 62.750, 0.0));
#4111 = CARTESIAN_POINT('', (8.750, 61.250, 0.0));
#4112 = VERTEX_POINT('', #4109);
#4113 = VERTEX_POINT('', #4110);
#4114 = VERTEX_POINT('', #4111);
#4115 = LINE('', #4109, #611);
#4116 = LINE('', #4110, #614);
#4117 = LINE('', #4111, #615);
#4118 = EDGE_CURVE('', #4112, #4113, #4115, .T.);
#4119 = EDGE_CURVE('', #4113, #4114, #4116, .T.);
#4120 = EDGE_CURVE('', #4114, #4112, #4117, .T.);
#4121 = ORIENTED_EDGE('', *, *, #4118, .T.);
#4122 = ORIENTED_EDGE('', *, *, #4119, .T.);
#4123 = ORIENTED_EDGE('', *, *, #4120, .T.);
#4124 = EDGE_LOOP('', (#4121, #4122, #4123));
#4125 = FACE_BOUND('', #4124, .T.);

/* ==== Hole 242 (row 12, col 1) CW ==== */
#4126 = CARTESIAN_POINT('', (10.250, 59.750, 0.0));
#4127 = CARTESIAN_POINT('', (10.250, 62.750, 0.0));
#4128 = CARTESIAN_POINT('', (13.250, 61.250, 0.0));
#4129 = VERTEX_POINT('', #4126);
#4130 = VERTEX_POINT('', #4127);
#4131 = VERTEX_POINT('', #4128);
#4132 = LINE('', #4126, #611);
#4133 = LINE('', #4127, #614);
#4134 = LINE('', #4128, #615);
#4135 = EDGE_CURVE('', #4129, #4130, #4132, .T.);
#4136 = EDGE_CURVE('', #4130, #4131, #4133, .T.);
#4137 = EDGE_CURVE('', #4131, #4129, #4134, .T.);
#4138 = ORIENTED_EDGE('', *, *, #4135, .T.);
#4139 = ORIENTED_EDGE('', *, *, #4136, .T.);
#4140 = ORIENTED_EDGE('', *, *, #4137, .T.);
#4141 = EDGE_LOOP('', (#4138, #4139, #4140));
#4142 = FACE_BOUND('', #4141, .T.);

/* ==== Hole 243 (row 12, col 2) CW ==== */
#4143 = CARTESIAN_POINT('', (14.750, 59.750, 0.0));
#4144 = CARTESIAN_POINT('', (14.750, 62.750, 0.0));
#4145 = CARTESIAN_POINT('', (17.750, 61.250, 0.0));
#4146 = VERTEX_POINT('', #4143);
#4147 = VERTEX_POINT('', #4144);
#4148 = VERTEX_POINT('', #4145);
#4149 = LINE('', #4143, #611);
#4150 = LINE('', #4144, #614);
#4151 = LINE('', #4145, #615);
#4152 = EDGE_CURVE('', #4146, #4147, #4149, .T.);
#4153 = EDGE_CURVE('', #4147, #4148, #4150, .T.);
#4154 = EDGE_CURVE('', #4148, #4146, #4151, .T.);
#4155 = ORIENTED_EDGE('', *, *, #4152, .T.);
#4156 = ORIENTED_EDGE('', *, *, #4153, .T.);
#4157 = ORIENTED_EDGE('', *, *, #4154, .T.);
#4158 = EDGE_LOOP('', (#4155, #4156, #4157));
#4159 = FACE_BOUND('', #4158, .T.);

/* ==== Hole 244 (row 12, col 3) CW ==== */
#4160 = CARTESIAN_POINT('', (19.250, 59.750, 0.0));
#4161 = CARTESIAN_POINT('', (19.250, 62.750, 0.0));
#4162 = CARTESIAN_POINT('', (22.250, 61.250, 0.0));
#4163 = VERTEX_POINT('', #4160);
#4164 = VERTEX_POINT('', #4161);
#4165 = VERTEX_POINT('', #4162);
#4166 = LINE('', #4160, #611);
#4167 = LINE('', #4161, #614);
#4168 = LINE('', #4162, #615);
#4169 = EDGE_CURVE('', #4163, #4164, #4166, .T.);
#4170 = EDGE_CURVE('', #4164, #4165, #4167, .T.);
#4171 = EDGE_CURVE('', #4165, #4163, #4168, .T.);
#4172 = ORIENTED_EDGE('', *, *, #4169, .T.);
#4173 = ORIENTED_EDGE('', *, *, #4170, .T.);
#4174 = ORIENTED_EDGE('', *, *, #4171, .T.);
#4175 = EDGE_LOOP('', (#4172, #4173, #4174));
#4176 = FACE_BOUND('', #4175, .T.);

/* ==== Hole 245 (row 12, col 4) CW ==== */
#4177 = CARTESIAN_POINT('', (23.750, 59.750, 0.0));
#4178 = CARTESIAN_POINT('', (23.750, 62.750, 0.0));
#4179 = CARTESIAN_POINT('', (26.750, 61.250, 0.0));
#4180 = VERTEX_POINT('', #4177);
#4181 = VERTEX_POINT('', #4178);
#4182 = VERTEX_POINT('', #4179);
#4183 = LINE('', #4177, #611);
#4184 = LINE('', #4178, #614);
#4185 = LINE('', #4179, #615);
#4186 = EDGE_CURVE('', #4180, #4181, #4183, .T.);
#4187 = EDGE_CURVE('', #4181, #4182, #4184, .T.);
#4188 = EDGE_CURVE('', #4182, #4180, #4185, .T.);
#4189 = ORIENTED_EDGE('', *, *, #4186, .T.);
#4190 = ORIENTED_EDGE('', *, *, #4187, .T.);
#4191 = ORIENTED_EDGE('', *, *, #4188, .T.);
#4192 = EDGE_LOOP('', (#4189, #4190, #4191));
#4193 = FACE_BOUND('', #4192, .T.);

/* ==== Hole 246 (row 12, col 5) CW ==== */
#4194 = CARTESIAN_POINT('', (28.250, 59.750, 0.0));
#4195 = CARTESIAN_POINT('', (28.250, 62.750, 0.0));
#4196 = CARTESIAN_POINT('', (31.250, 61.250, 0.0));
#4197 = VERTEX_POINT('', #4194);
#4198 = VERTEX_POINT('', #4195);
#4199 = VERTEX_POINT('', #4196);
#4200 = LINE('', #4194, #611);
#4201 = LINE('', #4195, #614);
#4202 = LINE('', #4196, #615);
#4203 = EDGE_CURVE('', #4197, #4198, #4200, .T.);
#4204 = EDGE_CURVE('', #4198, #4199, #4201, .T.);
#4205 = EDGE_CURVE('', #4199, #4197, #4202, .T.);
#4206 = ORIENTED_EDGE('', *, *, #4203, .T.);
#4207 = ORIENTED_EDGE('', *, *, #4204, .T.);
#4208 = ORIENTED_EDGE('', *, *, #4205, .T.);
#4209 = EDGE_LOOP('', (#4206, #4207, #4208));
#4210 = FACE_BOUND('', #4209, .T.);

/* ==== Hole 247 (row 12, col 6) CW ==== */
#4211 = CARTESIAN_POINT('', (32.750, 59.750, 0.0));
#4212 = CARTESIAN_POINT('', (32.750, 62.750, 0.0));
#4213 = CARTESIAN_POINT('', (35.750, 61.250, 0.0));
#4214 = VERTEX_POINT('', #4211);
#4215 = VERTEX_POINT('', #4212);
#4216 = VERTEX_POINT('', #4213);
#4217 = LINE('', #4211, #611);
#4218 = LINE('', #4212, #614);
#4219 = LINE('', #4213, #615);
#4220 = EDGE_CURVE('', #4214, #4215, #4217, .T.);
#4221 = EDGE_CURVE('', #4215, #4216, #4218, .T.);
#4222 = EDGE_CURVE('', #4216, #4214, #4219, .T.);
#4223 = ORIENTED_EDGE('', *, *, #4220, .T.);
#4224 = ORIENTED_EDGE('', *, *, #4221, .T.);
#4225 = ORIENTED_EDGE('', *, *, #4222, .T.);
#4226 = EDGE_LOOP('', (#4223, #4224, #4225));
#4227 = FACE_BOUND('', #4226, .T.);

/* ==== Hole 248 (row 12, col 7) CW ==== */
#4228 = CARTESIAN_POINT('', (37.250, 59.750, 0.0));
#4229 = CARTESIAN_POINT('', (37.250, 62.750, 0.0));
#4230 = CARTESIAN_POINT('', (40.250, 61.250, 0.0));
#4231 = VERTEX_POINT('', #4228);
#4232 = VERTEX_POINT('', #4229);
#4233 = VERTEX_POINT('', #4230);
#4234 = LINE('', #4228, #611);
#4235 = LINE('', #4229, #614);
#4236 = LINE('', #4230, #615);
#4237 = EDGE_CURVE('', #4231, #4232, #4234, .T.);
#4238 = EDGE_CURVE('', #4232, #4233, #4235, .T.);
#4239 = EDGE_CURVE('', #4233, #4231, #4236, .T.);
#4240 = ORIENTED_EDGE('', *, *, #4237, .T.);
#4241 = ORIENTED_EDGE('', *, *, #4238, .T.);
#4242 = ORIENTED_EDGE('', *, *, #4239, .T.);
#4243 = EDGE_LOOP('', (#4240, #4241, #4242));
#4244 = FACE_BOUND('', #4243, .T.);

/* ==== Hole 249 (row 12, col 8) CW ==== */
#4245 = CARTESIAN_POINT('', (41.750, 59.750, 0.0));
#4246 = CARTESIAN_POINT('', (41.750, 62.750, 0.0));
#4247 = CARTESIAN_POINT('', (44.750, 61.250, 0.0));
#4248 = VERTEX_POINT('', #4245);
#4249 = VERTEX_POINT('', #4246);
#4250 = VERTEX_POINT('', #4247);
#4251 = LINE('', #4245, #611);
#4252 = LINE('', #4246, #614);
#4253 = LINE('', #4247, #615);
#4254 = EDGE_CURVE('', #4248, #4249, #4251, .T.);
#4255 = EDGE_CURVE('', #4249, #4250, #4252, .T.);
#4256 = EDGE_CURVE('', #4250, #4248, #4253, .T.);
#4257 = ORIENTED_EDGE('', *, *, #4254, .T.);
#4258 = ORIENTED_EDGE('', *, *, #4255, .T.);
#4259 = ORIENTED_EDGE('', *, *, #4256, .T.);
#4260 = EDGE_LOOP('', (#4257, #4258, #4259));
#4261 = FACE_BOUND('', #4260, .T.);

/* ==== Hole 250 (row 12, col 9) CW ==== */
#4262 = CARTESIAN_POINT('', (46.250, 59.750, 0.0));
#4263 = CARTESIAN_POINT('', (46.250, 62.750, 0.0));
#4264 = CARTESIAN_POINT('', (49.250, 61.250, 0.0));
#4265 = VERTEX_POINT('', #4262);
#4266 = VERTEX_POINT('', #4263);
#4267 = VERTEX_POINT('', #4264);
#4268 = LINE('', #4262, #611);
#4269 = LINE('', #4263, #614);
#4270 = LINE('', #4264, #615);
#4271 = EDGE_CURVE('', #4265, #4266, #4268, .T.);
#4272 = EDGE_CURVE('', #4266, #4267, #4269, .T.);
#4273 = EDGE_CURVE('', #4267, #4265, #4270, .T.);
#4274 = ORIENTED_EDGE('', *, *, #4271, .T.);
#4275 = ORIENTED_EDGE('', *, *, #4272, .T.);
#4276 = ORIENTED_EDGE('', *, *, #4273, .T.);
#4277 = EDGE_LOOP('', (#4274, #4275, #4276));
#4278 = FACE_BOUND('', #4277, .T.);

/* ==== Hole 251 (row 12, col 10) CW ==== */
#4279 = CARTESIAN_POINT('', (50.750, 59.750, 0.0));
#4280 = CARTESIAN_POINT('', (50.750, 62.750, 0.0));
#4281 = CARTESIAN_POINT('', (53.750, 61.250, 0.0));
#4282 = VERTEX_POINT('', #4279);
#4283 = VERTEX_POINT('', #4280);
#4284 = VERTEX_POINT('', #4281);
#4285 = LINE('', #4279, #611);
#4286 = LINE('', #4280, #614);
#4287 = LINE('', #4281, #615);
#4288 = EDGE_CURVE('', #4282, #4283, #4285, .T.);
#4289 = EDGE_CURVE('', #4283, #4284, #4286, .T.);
#4290 = EDGE_CURVE('', #4284, #4282, #4287, .T.);
#4291 = ORIENTED_EDGE('', *, *, #4288, .T.);
#4292 = ORIENTED_EDGE('', *, *, #4289, .T.);
#4293 = ORIENTED_EDGE('', *, *, #4290, .T.);
#4294 = EDGE_LOOP('', (#4291, #4292, #4293));
#4295 = FACE_BOUND('', #4294, .T.);

/* ==== Hole 252 (row 12, col 11) CW ==== */
#4296 = CARTESIAN_POINT('', (55.250, 59.750, 0.0));
#4297 = CARTESIAN_POINT('', (55.250, 62.750, 0.0));
#4298 = CARTESIAN_POINT('', (58.250, 61.250, 0.0));
#4299 = VERTEX_POINT('', #4296);
#4300 = VERTEX_POINT('', #4297);
#4301 = VERTEX_POINT('', #4298);
#4302 = LINE('', #4296, #611);
#4303 = LINE('', #4297, #614);
#4304 = LINE('', #4298, #615);
#4305 = EDGE_CURVE('', #4299, #4300, #4302, .T.);
#4306 = EDGE_CURVE('', #4300, #4301, #4303, .T.);
#4307 = EDGE_CURVE('', #4301, #4299, #4304, .T.);
#4308 = ORIENTED_EDGE('', *, *, #4305, .T.);
#4309 = ORIENTED_EDGE('', *, *, #4306, .T.);
#4310 = ORIENTED_EDGE('', *, *, #4307, .T.);
#4311 = EDGE_LOOP('', (#4308, #4309, #4310));
#4312 = FACE_BOUND('', #4311, .T.);

/* ==== Hole 253 (row 12, col 12) CW ==== */
#4313 = CARTESIAN_POINT('', (59.750, 59.750, 0.0));
#4314 = CARTESIAN_POINT('', (59.750, 62.750, 0.0));
#4315 = CARTESIAN_POINT('', (62.750, 61.250, 0.0));
#4316 = VERTEX_POINT('', #4313);
#4317 = VERTEX_POINT('', #4314);
#4318 = VERTEX_POINT('', #4315);
#4319 = LINE('', #4313, #611);
#4320 = LINE('', #4314, #614);
#4321 = LINE('', #4315, #615);
#4322 = EDGE_CURVE('', #4316, #4317, #4319, .T.);
#4323 = EDGE_CURVE('', #4317, #4318, #4320, .T.);
#4324 = EDGE_CURVE('', #4318, #4316, #4321, .T.);
#4325 = ORIENTED_EDGE('', *, *, #4322, .T.);
#4326 = ORIENTED_EDGE('', *, *, #4323, .T.);
#4327 = ORIENTED_EDGE('', *, *, #4324, .T.);
#4328 = EDGE_LOOP('', (#4325, #4326, #4327));
#4329 = FACE_BOUND('', #4328, .T.);

/* ==== Hole 254 (row 12, col 13) CW ==== */
#4330 = CARTESIAN_POINT('', (64.250, 59.750, 0.0));
#4331 = CARTESIAN_POINT('', (64.250, 62.750, 0.0));
#4332 = CARTESIAN_POINT('', (67.250, 61.250, 0.0));
#4333 = VERTEX_POINT('', #4330);
#4334 = VERTEX_POINT('', #4331);
#4335 = VERTEX_POINT('', #4332);
#4336 = LINE('', #4330, #611);
#4337 = LINE('', #4331, #614);
#4338 = LINE('', #4332, #615);
#4339 = EDGE_CURVE('', #4333, #4334, #4336, .T.);
#4340 = EDGE_CURVE('', #4334, #4335, #4337, .T.);
#4341 = EDGE_CURVE('', #4335, #4333, #4338, .T.);
#4342 = ORIENTED_EDGE('', *, *, #4339, .T.);
#4343 = ORIENTED_EDGE('', *, *, #4340, .T.);
#4344 = ORIENTED_EDGE('', *, *, #4341, .T.);
#4345 = EDGE_LOOP('', (#4342, #4343, #4344));
#4346 = FACE_BOUND('', #4345, .T.);

/* ==== Hole 255 (row 12, col 14) CW ==== */
#4347 = CARTESIAN_POINT('', (68.750, 59.750, 0.0));
#4348 = CARTESIAN_POINT('', (68.750, 62.750, 0.0));
#4349 = CARTESIAN_POINT('', (71.750, 61.250, 0.0));
#4350 = VERTEX_POINT('', #4347);
#4351 = VERTEX_POINT('', #4348);
#4352 = VERTEX_POINT('', #4349);
#4353 = LINE('', #4347, #611);
#4354 = LINE('', #4348, #614);
#4355 = LINE('', #4349, #615);
#4356 = EDGE_CURVE('', #4350, #4351, #4353, .T.);
#4357 = EDGE_CURVE('', #4351, #4352, #4354, .T.);
#4358 = EDGE_CURVE('', #4352, #4350, #4355, .T.);
#4359 = ORIENTED_EDGE('', *, *, #4356, .T.);
#4360 = ORIENTED_EDGE('', *, *, #4357, .T.);
#4361 = ORIENTED_EDGE('', *, *, #4358, .T.);
#4362 = EDGE_LOOP('', (#4359, #4360, #4361));
#4363 = FACE_BOUND('', #4362, .T.);

/* ==== Hole 256 (row 12, col 15) CW ==== */
#4364 = CARTESIAN_POINT('', (73.250, 59.750, 0.0));
#4365 = CARTESIAN_POINT('', (73.250, 62.750, 0.0));
#4366 = CARTESIAN_POINT('', (76.250, 61.250, 0.0));
#4367 = VERTEX_POINT('', #4364);
#4368 = VERTEX_POINT('', #4365);
#4369 = VERTEX_POINT('', #4366);
#4370 = LINE('', #4364, #611);
#4371 = LINE('', #4365, #614);
#4372 = LINE('', #4366, #615);
#4373 = EDGE_CURVE('', #4367, #4368, #4370, .T.);
#4374 = EDGE_CURVE('', #4368, #4369, #4371, .T.);
#4375 = EDGE_CURVE('', #4369, #4367, #4372, .T.);
#4376 = ORIENTED_EDGE('', *, *, #4373, .T.);
#4377 = ORIENTED_EDGE('', *, *, #4374, .T.);
#4378 = ORIENTED_EDGE('', *, *, #4375, .T.);
#4379 = EDGE_LOOP('', (#4376, #4377, #4378));
#4380 = FACE_BOUND('', #4379, .T.);

/* ==== Hole 257 (row 12, col 16) CW ==== */
#4381 = CARTESIAN_POINT('', (77.750, 59.750, 0.0));
#4382 = CARTESIAN_POINT('', (77.750, 62.750, 0.0));
#4383 = CARTESIAN_POINT('', (80.750, 61.250, 0.0));
#4384 = VERTEX_POINT('', #4381);
#4385 = VERTEX_POINT('', #4382);
#4386 = VERTEX_POINT('', #4383);
#4387 = LINE('', #4381, #611);
#4388 = LINE('', #4382, #614);
#4389 = LINE('', #4383, #615);
#4390 = EDGE_CURVE('', #4384, #4385, #4387, .T.);
#4391 = EDGE_CURVE('', #4385, #4386, #4388, .T.);
#4392 = EDGE_CURVE('', #4386, #4384, #4389, .T.);
#4393 = ORIENTED_EDGE('', *, *, #4390, .T.);
#4394 = ORIENTED_EDGE('', *, *, #4391, .T.);
#4395 = ORIENTED_EDGE('', *, *, #4392, .T.);
#4396 = EDGE_LOOP('', (#4393, #4394, #4395));
#4397 = FACE_BOUND('', #4396, .T.);

/* ==== Hole 258 (row 12, col 17) CW ==== */
#4398 = CARTESIAN_POINT('', (82.250, 59.750, 0.0));
#4399 = CARTESIAN_POINT('', (82.250, 62.750, 0.0));
#4400 = CARTESIAN_POINT('', (85.250, 61.250, 0.0));
#4401 = VERTEX_POINT('', #4398);
#4402 = VERTEX_POINT('', #4399);
#4403 = VERTEX_POINT('', #4400);
#4404 = LINE('', #4398, #611);
#4405 = LINE('', #4399, #614);
#4406 = LINE('', #4400, #615);
#4407 = EDGE_CURVE('', #4401, #4402, #4404, .T.);
#4408 = EDGE_CURVE('', #4402, #4403, #4405, .T.);
#4409 = EDGE_CURVE('', #4403, #4401, #4406, .T.);
#4410 = ORIENTED_EDGE('', *, *, #4407, .T.);
#4411 = ORIENTED_EDGE('', *, *, #4408, .T.);
#4412 = ORIENTED_EDGE('', *, *, #4409, .T.);
#4413 = EDGE_LOOP('', (#4410, #4411, #4412));
#4414 = FACE_BOUND('', #4413, .T.);

/* ==== Hole 259 (row 12, col 18) CW ==== */
#4415 = CARTESIAN_POINT('', (86.750, 59.750, 0.0));
#4416 = CARTESIAN_POINT('', (86.750, 62.750, 0.0));
#4417 = CARTESIAN_POINT('', (89.750, 61.250, 0.0));
#4418 = VERTEX_POINT('', #4415);
#4419 = VERTEX_POINT('', #4416);
#4420 = VERTEX_POINT('', #4417);
#4421 = LINE('', #4415, #611);
#4422 = LINE('', #4416, #614);
#4423 = LINE('', #4417, #615);
#4424 = EDGE_CURVE('', #4418, #4419, #4421, .T.);
#4425 = EDGE_CURVE('', #4419, #4420, #4422, .T.);
#4426 = EDGE_CURVE('', #4420, #4418, #4423, .T.);
#4427 = ORIENTED_EDGE('', *, *, #4424, .T.);
#4428 = ORIENTED_EDGE('', *, *, #4425, .T.);
#4429 = ORIENTED_EDGE('', *, *, #4426, .T.);
#4430 = EDGE_LOOP('', (#4427, #4428, #4429));
#4431 = FACE_BOUND('', #4430, .T.);

/* ==== Hole 260 (row 12, col 19) CW ==== */
#4432 = CARTESIAN_POINT('', (91.250, 59.750, 0.0));
#4433 = CARTESIAN_POINT('', (91.250, 62.750, 0.0));
#4434 = CARTESIAN_POINT('', (94.250, 61.250, 0.0));
#4435 = VERTEX_POINT('', #4432);
#4436 = VERTEX_POINT('', #4433);
#4437 = VERTEX_POINT('', #4434);
#4438 = LINE('', #4432, #611);
#4439 = LINE('', #4433, #614);
#4440 = LINE('', #4434, #615);
#4441 = EDGE_CURVE('', #4435, #4436, #4438, .T.);
#4442 = EDGE_CURVE('', #4436, #4437, #4439, .T.);
#4443 = EDGE_CURVE('', #4437, #4435, #4440, .T.);
#4444 = ORIENTED_EDGE('', *, *, #4441, .T.);
#4445 = ORIENTED_EDGE('', *, *, #4442, .T.);
#4446 = ORIENTED_EDGE('', *, *, #4443, .T.);
#4447 = EDGE_LOOP('', (#4444, #4445, #4446));
#4448 = FACE_BOUND('', #4447, .T.);

/* ==== Hole 261 (row 13, col 0) CW ==== */
#4449 = CARTESIAN_POINT('', (5.750, 64.250, 0.0));
#4450 = CARTESIAN_POINT('', (5.750, 67.250, 0.0));
#4451 = CARTESIAN_POINT('', (8.750, 65.750, 0.0));
#4452 = VERTEX_POINT('', #4449);
#4453 = VERTEX_POINT('', #4450);
#4454 = VERTEX_POINT('', #4451);
#4455 = LINE('', #4449, #611);
#4456 = LINE('', #4450, #614);
#4457 = LINE('', #4451, #615);
#4458 = EDGE_CURVE('', #4452, #4453, #4455, .T.);
#4459 = EDGE_CURVE('', #4453, #4454, #4456, .T.);
#4460 = EDGE_CURVE('', #4454, #4452, #4457, .T.);
#4461 = ORIENTED_EDGE('', *, *, #4458, .T.);
#4462 = ORIENTED_EDGE('', *, *, #4459, .T.);
#4463 = ORIENTED_EDGE('', *, *, #4460, .T.);
#4464 = EDGE_LOOP('', (#4461, #4462, #4463));
#4465 = FACE_BOUND('', #4464, .T.);

/* ==== Hole 262 (row 13, col 1) CW ==== */
#4466 = CARTESIAN_POINT('', (10.250, 64.250, 0.0));
#4467 = CARTESIAN_POINT('', (10.250, 67.250, 0.0));
#4468 = CARTESIAN_POINT('', (13.250, 65.750, 0.0));
#4469 = VERTEX_POINT('', #4466);
#4470 = VERTEX_POINT('', #4467);
#4471 = VERTEX_POINT('', #4468);
#4472 = LINE('', #4466, #611);
#4473 = LINE('', #4467, #614);
#4474 = LINE('', #4468, #615);
#4475 = EDGE_CURVE('', #4469, #4470, #4472, .T.);
#4476 = EDGE_CURVE('', #4470, #4471, #4473, .T.);
#4477 = EDGE_CURVE('', #4471, #4469, #4474, .T.);
#4478 = ORIENTED_EDGE('', *, *, #4475, .T.);
#4479 = ORIENTED_EDGE('', *, *, #4476, .T.);
#4480 = ORIENTED_EDGE('', *, *, #4477, .T.);
#4481 = EDGE_LOOP('', (#4478, #4479, #4480));
#4482 = FACE_BOUND('', #4481, .T.);

/* ==== Hole 263 (row 13, col 2) CW ==== */
#4483 = CARTESIAN_POINT('', (14.750, 64.250, 0.0));
#4484 = CARTESIAN_POINT('', (14.750, 67.250, 0.0));
#4485 = CARTESIAN_POINT('', (17.750, 65.750, 0.0));
#4486 = VERTEX_POINT('', #4483);
#4487 = VERTEX_POINT('', #4484);
#4488 = VERTEX_POINT('', #4485);
#4489 = LINE('', #4483, #611);
#4490 = LINE('', #4484, #614);
#4491 = LINE('', #4485, #615);
#4492 = EDGE_CURVE('', #4486, #4487, #4489, .T.);
#4493 = EDGE_CURVE('', #4487, #4488, #4490, .T.);
#4494 = EDGE_CURVE('', #4488, #4486, #4491, .T.);
#4495 = ORIENTED_EDGE('', *, *, #4492, .T.);
#4496 = ORIENTED_EDGE('', *, *, #4493, .T.);
#4497 = ORIENTED_EDGE('', *, *, #4494, .T.);
#4498 = EDGE_LOOP('', (#4495, #4496, #4497));
#4499 = FACE_BOUND('', #4498, .T.);

/* ==== Hole 264 (row 13, col 3) CW ==== */
#4500 = CARTESIAN_POINT('', (19.250, 64.250, 0.0));
#4501 = CARTESIAN_POINT('', (19.250, 67.250, 0.0));
#4502 = CARTESIAN_POINT('', (22.250, 65.750, 0.0));
#4503 = VERTEX_POINT('', #4500);
#4504 = VERTEX_POINT('', #4501);
#4505 = VERTEX_POINT('', #4502);
#4506 = LINE('', #4500, #611);
#4507 = LINE('', #4501, #614);
#4508 = LINE('', #4502, #615);
#4509 = EDGE_CURVE('', #4503, #4504, #4506, .T.);
#4510 = EDGE_CURVE('', #4504, #4505, #4507, .T.);
#4511 = EDGE_CURVE('', #4505, #4503, #4508, .T.);
#4512 = ORIENTED_EDGE('', *, *, #4509, .T.);
#4513 = ORIENTED_EDGE('', *, *, #4510, .T.);
#4514 = ORIENTED_EDGE('', *, *, #4511, .T.);
#4515 = EDGE_LOOP('', (#4512, #4513, #4514));
#4516 = FACE_BOUND('', #4515, .T.);

/* ==== Hole 265 (row 13, col 4) CW ==== */
#4517 = CARTESIAN_POINT('', (23.750, 64.250, 0.0));
#4518 = CARTESIAN_POINT('', (23.750, 67.250, 0.0));
#4519 = CARTESIAN_POINT('', (26.750, 65.750, 0.0));
#4520 = VERTEX_POINT('', #4517);
#4521 = VERTEX_POINT('', #4518);
#4522 = VERTEX_POINT('', #4519);
#4523 = LINE('', #4517, #611);
#4524 = LINE('', #4518, #614);
#4525 = LINE('', #4519, #615);
#4526 = EDGE_CURVE('', #4520, #4521, #4523, .T.);
#4527 = EDGE_CURVE('', #4521, #4522, #4524, .T.);
#4528 = EDGE_CURVE('', #4522, #4520, #4525, .T.);
#4529 = ORIENTED_EDGE('', *, *, #4526, .T.);
#4530 = ORIENTED_EDGE('', *, *, #4527, .T.);
#4531 = ORIENTED_EDGE('', *, *, #4528, .T.);
#4532 = EDGE_LOOP('', (#4529, #4530, #4531));
#4533 = FACE_BOUND('', #4532, .T.);

/* ==== Hole 266 (row 13, col 5) CW ==== */
#4534 = CARTESIAN_POINT('', (28.250, 64.250, 0.0));
#4535 = CARTESIAN_POINT('', (28.250, 67.250, 0.0));
#4536 = CARTESIAN_POINT('', (31.250, 65.750, 0.0));
#4537 = VERTEX_POINT('', #4534);
#4538 = VERTEX_POINT('', #4535);
#4539 = VERTEX_POINT('', #4536);
#4540 = LINE('', #4534, #611);
#4541 = LINE('', #4535, #614);
#4542 = LINE('', #4536, #615);
#4543 = EDGE_CURVE('', #4537, #4538, #4540, .T.);
#4544 = EDGE_CURVE('', #4538, #4539, #4541, .T.);
#4545 = EDGE_CURVE('', #4539, #4537, #4542, .T.);
#4546 = ORIENTED_EDGE('', *, *, #4543, .T.);
#4547 = ORIENTED_EDGE('', *, *, #4544, .T.);
#4548 = ORIENTED_EDGE('', *, *, #4545, .T.);
#4549 = EDGE_LOOP('', (#4546, #4547, #4548));
#4550 = FACE_BOUND('', #4549, .T.);

/* ==== Hole 267 (row 13, col 6) CW ==== */
#4551 = CARTESIAN_POINT('', (32.750, 64.250, 0.0));
#4552 = CARTESIAN_POINT('', (32.750, 67.250, 0.0));
#4553 = CARTESIAN_POINT('', (35.750, 65.750, 0.0));
#4554 = VERTEX_POINT('', #4551);
#4555 = VERTEX_POINT('', #4552);
#4556 = VERTEX_POINT('', #4553);
#4557 = LINE('', #4551, #611);
#4558 = LINE('', #4552, #614);
#4559 = LINE('', #4553, #615);
#4560 = EDGE_CURVE('', #4554, #4555, #4557, .T.);
#4561 = EDGE_CURVE('', #4555, #4556, #4558, .T.);
#4562 = EDGE_CURVE('', #4556, #4554, #4559, .T.);
#4563 = ORIENTED_EDGE('', *, *, #4560, .T.);
#4564 = ORIENTED_EDGE('', *, *, #4561, .T.);
#4565 = ORIENTED_EDGE('', *, *, #4562, .T.);
#4566 = EDGE_LOOP('', (#4563, #4564, #4565));
#4567 = FACE_BOUND('', #4566, .T.);

/* ==== Hole 268 (row 13, col 7) CW ==== */
#4568 = CARTESIAN_POINT('', (37.250, 64.250, 0.0));
#4569 = CARTESIAN_POINT('', (37.250, 67.250, 0.0));
#4570 = CARTESIAN_POINT('', (40.250, 65.750, 0.0));
#4571 = VERTEX_POINT('', #4568);
#4572 = VERTEX_POINT('', #4569);
#4573 = VERTEX_POINT('', #4570);
#4574 = LINE('', #4568, #611);
#4575 = LINE('', #4569, #614);
#4576 = LINE('', #4570, #615);
#4577 = EDGE_CURVE('', #4571, #4572, #4574, .T.);
#4578 = EDGE_CURVE('', #4572, #4573, #4575, .T.);
#4579 = EDGE_CURVE('', #4573, #4571, #4576, .T.);
#4580 = ORIENTED_EDGE('', *, *, #4577, .T.);
#4581 = ORIENTED_EDGE('', *, *, #4578, .T.);
#4582 = ORIENTED_EDGE('', *, *, #4579, .T.);
#4583 = EDGE_LOOP('', (#4580, #4581, #4582));
#4584 = FACE_BOUND('', #4583, .T.);

/* ==== Hole 269 (row 13, col 8) CW ==== */
#4585 = CARTESIAN_POINT('', (41.750, 64.250, 0.0));
#4586 = CARTESIAN_POINT('', (41.750, 67.250, 0.0));
#4587 = CARTESIAN_POINT('', (44.750, 65.750, 0.0));
#4588 = VERTEX_POINT('', #4585);
#4589 = VERTEX_POINT('', #4586);
#4590 = VERTEX_POINT('', #4587);
#4591 = LINE('', #4585, #611);
#4592 = LINE('', #4586, #614);
#4593 = LINE('', #4587, #615);
#4594 = EDGE_CURVE('', #4588, #4589, #4591, .T.);
#4595 = EDGE_CURVE('', #4589, #4590, #4592, .T.);
#4596 = EDGE_CURVE('', #4590, #4588, #4593, .T.);
#4597 = ORIENTED_EDGE('', *, *, #4594, .T.);
#4598 = ORIENTED_EDGE('', *, *, #4595, .T.);
#4599 = ORIENTED_EDGE('', *, *, #4596, .T.);
#4600 = EDGE_LOOP('', (#4597, #4598, #4599));
#4601 = FACE_BOUND('', #4600, .T.);

/* ==== Hole 270 (row 13, col 9) CW ==== */
#4602 = CARTESIAN_POINT('', (46.250, 64.250, 0.0));
#4603 = CARTESIAN_POINT('', (46.250, 67.250, 0.0));
#4604 = CARTESIAN_POINT('', (49.250, 65.750, 0.0));
#4605 = VERTEX_POINT('', #4602);
#4606 = VERTEX_POINT('', #4603);
#4607 = VERTEX_POINT('', #4604);
#4608 = LINE('', #4602, #611);
#4609 = LINE('', #4603, #614);
#4610 = LINE('', #4604, #615);
#4611 = EDGE_CURVE('', #4605, #4606, #4608, .T.);
#4612 = EDGE_CURVE('', #4606, #4607, #4609, .T.);
#4613 = EDGE_CURVE('', #4607, #4605, #4610, .T.);
#4614 = ORIENTED_EDGE('', *, *, #4611, .T.);
#4615 = ORIENTED_EDGE('', *, *, #4612, .T.);
#4616 = ORIENTED_EDGE('', *, *, #4613, .T.);
#4617 = EDGE_LOOP('', (#4614, #4615, #4616));
#4618 = FACE_BOUND('', #4617, .T.);

/* ==== Hole 271 (row 13, col 10) CW ==== */
#4619 = CARTESIAN_POINT('', (50.750, 64.250, 0.0));
#4620 = CARTESIAN_POINT('', (50.750, 67.250, 0.0));
#4621 = CARTESIAN_POINT('', (53.750, 65.750, 0.0));
#4622 = VERTEX_POINT('', #4619);
#4623 = VERTEX_POINT('', #4620);
#4624 = VERTEX_POINT('', #4621);
#4625 = LINE('', #4619, #611);
#4626 = LINE('', #4620, #614);
#4627 = LINE('', #4621, #615);
#4628 = EDGE_CURVE('', #4622, #4623, #4625, .T.);
#4629 = EDGE_CURVE('', #4623, #4624, #4626, .T.);
#4630 = EDGE_CURVE('', #4624, #4622, #4627, .T.);
#4631 = ORIENTED_EDGE('', *, *, #4628, .T.);
#4632 = ORIENTED_EDGE('', *, *, #4629, .T.);
#4633 = ORIENTED_EDGE('', *, *, #4630, .T.);
#4634 = EDGE_LOOP('', (#4631, #4632, #4633));
#4635 = FACE_BOUND('', #4634, .T.);

/* ==== Hole 272 (row 13, col 11) CW ==== */
#4636 = CARTESIAN_POINT('', (55.250, 64.250, 0.0));
#4637 = CARTESIAN_POINT('', (55.250, 67.250, 0.0));
#4638 = CARTESIAN_POINT('', (58.250, 65.750, 0.0));
#4639 = VERTEX_POINT('', #4636);
#4640 = VERTEX_POINT('', #4637);
#4641 = VERTEX_POINT('', #4638);
#4642 = LINE('', #4636, #611);
#4643 = LINE('', #4637, #614);
#4644 = LINE('', #4638, #615);
#4645 = EDGE_CURVE('', #4639, #4640, #4642, .T.);
#4646 = EDGE_CURVE('', #4640, #4641, #4643, .T.);
#4647 = EDGE_CURVE('', #4641, #4639, #4644, .T.);
#4648 = ORIENTED_EDGE('', *, *, #4645, .T.);
#4649 = ORIENTED_EDGE('', *, *, #4646, .T.);
#4650 = ORIENTED_EDGE('', *, *, #4647, .T.);
#4651 = EDGE_LOOP('', (#4648, #4649, #4650));
#4652 = FACE_BOUND('', #4651, .T.);

/* ==== Hole 273 (row 13, col 12) CW ==== */
#4653 = CARTESIAN_POINT('', (59.750, 64.250, 0.0));
#4654 = CARTESIAN_POINT('', (59.750, 67.250, 0.0));
#4655 = CARTESIAN_POINT('', (62.750, 65.750, 0.0));
#4656 = VERTEX_POINT('', #4653);
#4657 = VERTEX_POINT('', #4654);
#4658 = VERTEX_POINT('', #4655);
#4659 = LINE('', #4653, #611);
#4660 = LINE('', #4654, #614);
#4661 = LINE('', #4655, #615);
#4662 = EDGE_CURVE('', #4656, #4657, #4659, .T.);
#4663 = EDGE_CURVE('', #4657, #4658, #4660, .T.);
#4664 = EDGE_CURVE('', #4658, #4656, #4661, .T.);
#4665 = ORIENTED_EDGE('', *, *, #4662, .T.);
#4666 = ORIENTED_EDGE('', *, *, #4663, .T.);
#4667 = ORIENTED_EDGE('', *, *, #4664, .T.);
#4668 = EDGE_LOOP('', (#4665, #4666, #4667));
#4669 = FACE_BOUND('', #4668, .T.);

/* ==== Hole 274 (row 13, col 13) CW ==== */
#4670 = CARTESIAN_POINT('', (64.250, 64.250, 0.0));
#4671 = CARTESIAN_POINT('', (64.250, 67.250, 0.0));
#4672 = CARTESIAN_POINT('', (67.250, 65.750, 0.0));
#4673 = VERTEX_POINT('', #4670);
#4674 = VERTEX_POINT('', #4671);
#4675 = VERTEX_POINT('', #4672);
#4676 = LINE('', #4670, #611);
#4677 = LINE('', #4671, #614);
#4678 = LINE('', #4672, #615);
#4679 = EDGE_CURVE('', #4673, #4674, #4676, .T.);
#4680 = EDGE_CURVE('', #4674, #4675, #4677, .T.);
#4681 = EDGE_CURVE('', #4675, #4673, #4678, .T.);
#4682 = ORIENTED_EDGE('', *, *, #4679, .T.);
#4683 = ORIENTED_EDGE('', *, *, #4680, .T.);
#4684 = ORIENTED_EDGE('', *, *, #4681, .T.);
#4685 = EDGE_LOOP('', (#4682, #4683, #4684));
#4686 = FACE_BOUND('', #4685, .T.);

/* ==== Hole 275 (row 13, col 14) CW ==== */
#4687 = CARTESIAN_POINT('', (68.750, 64.250, 0.0));
#4688 = CARTESIAN_POINT('', (68.750, 67.250, 0.0));
#4689 = CARTESIAN_POINT('', (71.750, 65.750, 0.0));
#4690 = VERTEX_POINT('', #4687);
#4691 = VERTEX_POINT('', #4688);
#4692 = VERTEX_POINT('', #4689);
#4693 = LINE('', #4687, #611);
#4694 = LINE('', #4688, #614);
#4695 = LINE('', #4689, #615);
#4696 = EDGE_CURVE('', #4690, #4691, #4693, .T.);
#4697 = EDGE_CURVE('', #4691, #4692, #4694, .T.);
#4698 = EDGE_CURVE('', #4692, #4690, #4695, .T.);
#4699 = ORIENTED_EDGE('', *, *, #4696, .T.);
#4700 = ORIENTED_EDGE('', *, *, #4697, .T.);
#4701 = ORIENTED_EDGE('', *, *, #4698, .T.);
#4702 = EDGE_LOOP('', (#4699, #4700, #4701));
#4703 = FACE_BOUND('', #4702, .T.);

/* ==== Hole 276 (row 13, col 15) CW ==== */
#4704 = CARTESIAN_POINT('', (73.250, 64.250, 0.0));
#4705 = CARTESIAN_POINT('', (73.250, 67.250, 0.0));
#4706 = CARTESIAN_POINT('', (76.250, 65.750, 0.0));
#4707 = VERTEX_POINT('', #4704);
#4708 = VERTEX_POINT('', #4705);
#4709 = VERTEX_POINT('', #4706);
#4710 = LINE('', #4704, #611);
#4711 = LINE('', #4705, #614);
#4712 = LINE('', #4706, #615);
#4713 = EDGE_CURVE('', #4707, #4708, #4710, .T.);
#4714 = EDGE_CURVE('', #4708, #4709, #4711, .T.);
#4715 = EDGE_CURVE('', #4709, #4707, #4712, .T.);
#4716 = ORIENTED_EDGE('', *, *, #4713, .T.);
#4717 = ORIENTED_EDGE('', *, *, #4714, .T.);
#4718 = ORIENTED_EDGE('', *, *, #4715, .T.);
#4719 = EDGE_LOOP('', (#4716, #4717, #4718));
#4720 = FACE_BOUND('', #4719, .T.);

/* ==== Hole 277 (row 13, col 16) CW ==== */
#4721 = CARTESIAN_POINT('', (77.750, 64.250, 0.0));
#4722 = CARTESIAN_POINT('', (77.750, 67.250, 0.0));
#4723 = CARTESIAN_POINT('', (80.750, 65.750, 0.0));
#4724 = VERTEX_POINT('', #4721);
#4725 = VERTEX_POINT('', #4722);
#4726 = VERTEX_POINT('', #4723);
#4727 = LINE('', #4721, #611);
#4728 = LINE('', #4722, #614);
#4729 = LINE('', #4723, #615);
#4730 = EDGE_CURVE('', #4724, #4725, #4727, .T.);
#4731 = EDGE_CURVE('', #4725, #4726, #4728, .T.);
#4732 = EDGE_CURVE('', #4726, #4724, #4729, .T.);
#4733 = ORIENTED_EDGE('', *, *, #4730, .T.);
#4734 = ORIENTED_EDGE('', *, *, #4731, .T.);
#4735 = ORIENTED_EDGE('', *, *, #4732, .T.);
#4736 = EDGE_LOOP('', (#4733, #4734, #4735));
#4737 = FACE_BOUND('', #4736, .T.);

/* ==== Hole 278 (row 13, col 17) CW ==== */
#4738 = CARTESIAN_POINT('', (82.250, 64.250, 0.0));
#4739 = CARTESIAN_POINT('', (82.250, 67.250, 0.0));
#4740 = CARTESIAN_POINT('', (85.250, 65.750, 0.0));
#4741 = VERTEX_POINT('', #4738);
#4742 = VERTEX_POINT('', #4739);
#4743 = VERTEX_POINT('', #4740);
#4744 = LINE('', #4738, #611);
#4745 = LINE('', #4739, #614);
#4746 = LINE('', #4740, #615);
#4747 = EDGE_CURVE('', #4741, #4742, #4744, .T.);
#4748 = EDGE_CURVE('', #4742, #4743, #4745, .T.);
#4749 = EDGE_CURVE('', #4743, #4741, #4746, .T.);
#4750 = ORIENTED_EDGE('', *, *, #4747, .T.);
#4751 = ORIENTED_EDGE('', *, *, #4748, .T.);
#4752 = ORIENTED_EDGE('', *, *, #4749, .T.);
#4753 = EDGE_LOOP('', (#4750, #4751, #4752));
#4754 = FACE_BOUND('', #4753, .T.);

/* ==== Hole 279 (row 13, col 18) CW ==== */
#4755 = CARTESIAN_POINT('', (86.750, 64.250, 0.0));
#4756 = CARTESIAN_POINT('', (86.750, 67.250, 0.0));
#4757 = CARTESIAN_POINT('', (89.750, 65.750, 0.0));
#4758 = VERTEX_POINT('', #4755);
#4759 = VERTEX_POINT('', #4756);
#4760 = VERTEX_POINT('', #4757);
#4761 = LINE('', #4755, #611);
#4762 = LINE('', #4756, #614);
#4763 = LINE('', #4757, #615);
#4764 = EDGE_CURVE('', #4758, #4759, #4761, .T.);
#4765 = EDGE_CURVE('', #4759, #4760, #4762, .T.);
#4766 = EDGE_CURVE('', #4760, #4758, #4763, .T.);
#4767 = ORIENTED_EDGE('', *, *, #4764, .T.);
#4768 = ORIENTED_EDGE('', *, *, #4765, .T.);
#4769 = ORIENTED_EDGE('', *, *, #4766, .T.);
#4770 = EDGE_LOOP('', (#4767, #4768, #4769));
#4771 = FACE_BOUND('', #4770, .T.);

/* ==== Hole 280 (row 13, col 19) CW ==== */
#4772 = CARTESIAN_POINT('', (91.250, 64.250, 0.0));
#4773 = CARTESIAN_POINT('', (91.250, 67.250, 0.0));
#4774 = CARTESIAN_POINT('', (94.250, 65.750, 0.0));
#4775 = VERTEX_POINT('', #4772);
#4776 = VERTEX_POINT('', #4773);
#4777 = VERTEX_POINT('', #4774);
#4778 = LINE('', #4772, #611);
#4779 = LINE('', #4773, #614);
#4780 = LINE('', #4774, #615);
#4781 = EDGE_CURVE('', #4775, #4776, #4778, .T.);
#4782 = EDGE_CURVE('', #4776, #4777, #4779, .T.);
#4783 = EDGE_CURVE('', #4777, #4775, #4780, .T.);
#4784 = ORIENTED_EDGE('', *, *, #4781, .T.);
#4785 = ORIENTED_EDGE('', *, *, #4782, .T.);
#4786 = ORIENTED_EDGE('', *, *, #4783, .T.);
#4787 = EDGE_LOOP('', (#4784, #4785, #4786));
#4788 = FACE_BOUND('', #4787, .T.);

/* ==== Hole 281 (row 14, col 0) CW ==== */
#4789 = CARTESIAN_POINT('', (5.750, 68.750, 0.0));
#4790 = CARTESIAN_POINT('', (5.750, 71.750, 0.0));
#4791 = CARTESIAN_POINT('', (8.750, 70.250, 0.0));
#4792 = VERTEX_POINT('', #4789);
#4793 = VERTEX_POINT('', #4790);
#4794 = VERTEX_POINT('', #4791);
#4795 = LINE('', #4789, #611);
#4796 = LINE('', #4790, #614);
#4797 = LINE('', #4791, #615);
#4798 = EDGE_CURVE('', #4792, #4793, #4795, .T.);
#4799 = EDGE_CURVE('', #4793, #4794, #4796, .T.);
#4800 = EDGE_CURVE('', #4794, #4792, #4797, .T.);
#4801 = ORIENTED_EDGE('', *, *, #4798, .T.);
#4802 = ORIENTED_EDGE('', *, *, #4799, .T.);
#4803 = ORIENTED_EDGE('', *, *, #4800, .T.);
#4804 = EDGE_LOOP('', (#4801, #4802, #4803));
#4805 = FACE_BOUND('', #4804, .T.);

/* ==== Hole 282 (row 14, col 1) CW ==== */
#4806 = CARTESIAN_POINT('', (10.250, 68.750, 0.0));
#4807 = CARTESIAN_POINT('', (10.250, 71.750, 0.0));
#4808 = CARTESIAN_POINT('', (13.250, 70.250, 0.0));
#4809 = VERTEX_POINT('', #4806);
#4810 = VERTEX_POINT('', #4807);
#4811 = VERTEX_POINT('', #4808);
#4812 = LINE('', #4806, #611);
#4813 = LINE('', #4807, #614);
#4814 = LINE('', #4808, #615);
#4815 = EDGE_CURVE('', #4809, #4810, #4812, .T.);
#4816 = EDGE_CURVE('', #4810, #4811, #4813, .T.);
#4817 = EDGE_CURVE('', #4811, #4809, #4814, .T.);
#4818 = ORIENTED_EDGE('', *, *, #4815, .T.);
#4819 = ORIENTED_EDGE('', *, *, #4816, .T.);
#4820 = ORIENTED_EDGE('', *, *, #4817, .T.);
#4821 = EDGE_LOOP('', (#4818, #4819, #4820));
#4822 = FACE_BOUND('', #4821, .T.);

/* ==== Hole 283 (row 14, col 2) CW ==== */
#4823 = CARTESIAN_POINT('', (14.750, 68.750, 0.0));
#4824 = CARTESIAN_POINT('', (14.750, 71.750, 0.0));
#4825 = CARTESIAN_POINT('', (17.750, 70.250, 0.0));
#4826 = VERTEX_POINT('', #4823);
#4827 = VERTEX_POINT('', #4824);
#4828 = VERTEX_POINT('', #4825);
#4829 = LINE('', #4823, #611);
#4830 = LINE('', #4824, #614);
#4831 = LINE('', #4825, #615);
#4832 = EDGE_CURVE('', #4826, #4827, #4829, .T.);
#4833 = EDGE_CURVE('', #4827, #4828, #4830, .T.);
#4834 = EDGE_CURVE('', #4828, #4826, #4831, .T.);
#4835 = ORIENTED_EDGE('', *, *, #4832, .T.);
#4836 = ORIENTED_EDGE('', *, *, #4833, .T.);
#4837 = ORIENTED_EDGE('', *, *, #4834, .T.);
#4838 = EDGE_LOOP('', (#4835, #4836, #4837));
#4839 = FACE_BOUND('', #4838, .T.);

/* ==== Hole 284 (row 14, col 3) CW ==== */
#4840 = CARTESIAN_POINT('', (19.250, 68.750, 0.0));
#4841 = CARTESIAN_POINT('', (19.250, 71.750, 0.0));
#4842 = CARTESIAN_POINT('', (22.250, 70.250, 0.0));
#4843 = VERTEX_POINT('', #4840);
#4844 = VERTEX_POINT('', #4841);
#4845 = VERTEX_POINT('', #4842);
#4846 = LINE('', #4840, #611);
#4847 = LINE('', #4841, #614);
#4848 = LINE('', #4842, #615);
#4849 = EDGE_CURVE('', #4843, #4844, #4846, .T.);
#4850 = EDGE_CURVE('', #4844, #4845, #4847, .T.);
#4851 = EDGE_CURVE('', #4845, #4843, #4848, .T.);
#4852 = ORIENTED_EDGE('', *, *, #4849, .T.);
#4853 = ORIENTED_EDGE('', *, *, #4850, .T.);
#4854 = ORIENTED_EDGE('', *, *, #4851, .T.);
#4855 = EDGE_LOOP('', (#4852, #4853, #4854));
#4856 = FACE_BOUND('', #4855, .T.);

/* ==== Hole 285 (row 14, col 4) CW ==== */
#4857 = CARTESIAN_POINT('', (23.750, 68.750, 0.0));
#4858 = CARTESIAN_POINT('', (23.750, 71.750, 0.0));
#4859 = CARTESIAN_POINT('', (26.750, 70.250, 0.0));
#4860 = VERTEX_POINT('', #4857);
#4861 = VERTEX_POINT('', #4858);
#4862 = VERTEX_POINT('', #4859);
#4863 = LINE('', #4857, #611);
#4864 = LINE('', #4858, #614);
#4865 = LINE('', #4859, #615);
#4866 = EDGE_CURVE('', #4860, #4861, #4863, .T.);
#4867 = EDGE_CURVE('', #4861, #4862, #4864, .T.);
#4868 = EDGE_CURVE('', #4862, #4860, #4865, .T.);
#4869 = ORIENTED_EDGE('', *, *, #4866, .T.);
#4870 = ORIENTED_EDGE('', *, *, #4867, .T.);
#4871 = ORIENTED_EDGE('', *, *, #4868, .T.);
#4872 = EDGE_LOOP('', (#4869, #4870, #4871));
#4873 = FACE_BOUND('', #4872, .T.);

/* ==== Hole 286 (row 14, col 5) CW ==== */
#4874 = CARTESIAN_POINT('', (28.250, 68.750, 0.0));
#4875 = CARTESIAN_POINT('', (28.250, 71.750, 0.0));
#4876 = CARTESIAN_POINT('', (31.250, 70.250, 0.0));
#4877 = VERTEX_POINT('', #4874);
#4878 = VERTEX_POINT('', #4875);
#4879 = VERTEX_POINT('', #4876);
#4880 = LINE('', #4874, #611);
#4881 = LINE('', #4875, #614);
#4882 = LINE('', #4876, #615);
#4883 = EDGE_CURVE('', #4877, #4878, #4880, .T.);
#4884 = EDGE_CURVE('', #4878, #4879, #4881, .T.);
#4885 = EDGE_CURVE('', #4879, #4877, #4882, .T.);
#4886 = ORIENTED_EDGE('', *, *, #4883, .T.);
#4887 = ORIENTED_EDGE('', *, *, #4884, .T.);
#4888 = ORIENTED_EDGE('', *, *, #4885, .T.);
#4889 = EDGE_LOOP('', (#4886, #4887, #4888));
#4890 = FACE_BOUND('', #4889, .T.);

/* ==== Hole 287 (row 14, col 6) CW ==== */
#4891 = CARTESIAN_POINT('', (32.750, 68.750, 0.0));
#4892 = CARTESIAN_POINT('', (32.750, 71.750, 0.0));
#4893 = CARTESIAN_POINT('', (35.750, 70.250, 0.0));
#4894 = VERTEX_POINT('', #4891);
#4895 = VERTEX_POINT('', #4892);
#4896 = VERTEX_POINT('', #4893);
#4897 = LINE('', #4891, #611);
#4898 = LINE('', #4892, #614);
#4899 = LINE('', #4893, #615);
#4900 = EDGE_CURVE('', #4894, #4895, #4897, .T.);
#4901 = EDGE_CURVE('', #4895, #4896, #4898, .T.);
#4902 = EDGE_CURVE('', #4896, #4894, #4899, .T.);
#4903 = ORIENTED_EDGE('', *, *, #4900, .T.);
#4904 = ORIENTED_EDGE('', *, *, #4901, .T.);
#4905 = ORIENTED_EDGE('', *, *, #4902, .T.);
#4906 = EDGE_LOOP('', (#4903, #4904, #4905));
#4907 = FACE_BOUND('', #4906, .T.);

/* ==== Hole 288 (row 14, col 7) CW ==== */
#4908 = CARTESIAN_POINT('', (37.250, 68.750, 0.0));
#4909 = CARTESIAN_POINT('', (37.250, 71.750, 0.0));
#4910 = CARTESIAN_POINT('', (40.250, 70.250, 0.0));
#4911 = VERTEX_POINT('', #4908);
#4912 = VERTEX_POINT('', #4909);
#4913 = VERTEX_POINT('', #4910);
#4914 = LINE('', #4908, #611);
#4915 = LINE('', #4909, #614);
#4916 = LINE('', #4910, #615);
#4917 = EDGE_CURVE('', #4911, #4912, #4914, .T.);
#4918 = EDGE_CURVE('', #4912, #4913, #4915, .T.);
#4919 = EDGE_CURVE('', #4913, #4911, #4916, .T.);
#4920 = ORIENTED_EDGE('', *, *, #4917, .T.);
#4921 = ORIENTED_EDGE('', *, *, #4918, .T.);
#4922 = ORIENTED_EDGE('', *, *, #4919, .T.);
#4923 = EDGE_LOOP('', (#4920, #4921, #4922));
#4924 = FACE_BOUND('', #4923, .T.);

/* ==== Hole 289 (row 14, col 8) CW ==== */
#4925 = CARTESIAN_POINT('', (41.750, 68.750, 0.0));
#4926 = CARTESIAN_POINT('', (41.750, 71.750, 0.0));
#4927 = CARTESIAN_POINT('', (44.750, 70.250, 0.0));
#4928 = VERTEX_POINT('', #4925);
#4929 = VERTEX_POINT('', #4926);
#4930 = VERTEX_POINT('', #4927);
#4931 = LINE('', #4925, #611);
#4932 = LINE('', #4926, #614);
#4933 = LINE('', #4927, #615);
#4934 = EDGE_CURVE('', #4928, #4929, #4931, .T.);
#4935 = EDGE_CURVE('', #4929, #4930, #4932, .T.);
#4936 = EDGE_CURVE('', #4930, #4928, #4933, .T.);
#4937 = ORIENTED_EDGE('', *, *, #4934, .T.);
#4938 = ORIENTED_EDGE('', *, *, #4935, .T.);
#4939 = ORIENTED_EDGE('', *, *, #4936, .T.);
#4940 = EDGE_LOOP('', (#4937, #4938, #4939));
#4941 = FACE_BOUND('', #4940, .T.);

/* ==== Hole 290 (row 14, col 9) CW ==== */
#4942 = CARTESIAN_POINT('', (46.250, 68.750, 0.0));
#4943 = CARTESIAN_POINT('', (46.250, 71.750, 0.0));
#4944 = CARTESIAN_POINT('', (49.250, 70.250, 0.0));
#4945 = VERTEX_POINT('', #4942);
#4946 = VERTEX_POINT('', #4943);
#4947 = VERTEX_POINT('', #4944);
#4948 = LINE('', #4942, #611);
#4949 = LINE('', #4943, #614);
#4950 = LINE('', #4944, #615);
#4951 = EDGE_CURVE('', #4945, #4946, #4948, .T.);
#4952 = EDGE_CURVE('', #4946, #4947, #4949, .T.);
#4953 = EDGE_CURVE('', #4947, #4945, #4950, .T.);
#4954 = ORIENTED_EDGE('', *, *, #4951, .T.);
#4955 = ORIENTED_EDGE('', *, *, #4952, .T.);
#4956 = ORIENTED_EDGE('', *, *, #4953, .T.);
#4957 = EDGE_LOOP('', (#4954, #4955, #4956));
#4958 = FACE_BOUND('', #4957, .T.);

/* ==== Hole 291 (row 14, col 10) CW ==== */
#4959 = CARTESIAN_POINT('', (50.750, 68.750, 0.0));
#4960 = CARTESIAN_POINT('', (50.750, 71.750, 0.0));
#4961 = CARTESIAN_POINT('', (53.750, 70.250, 0.0));
#4962 = VERTEX_POINT('', #4959);
#4963 = VERTEX_POINT('', #4960);
#4964 = VERTEX_POINT('', #4961);
#4965 = LINE('', #4959, #611);
#4966 = LINE('', #4960, #614);
#4967 = LINE('', #4961, #615);
#4968 = EDGE_CURVE('', #4962, #4963, #4965, .T.);
#4969 = EDGE_CURVE('', #4963, #4964, #4966, .T.);
#4970 = EDGE_CURVE('', #4964, #4962, #4967, .T.);
#4971 = ORIENTED_EDGE('', *, *, #4968, .T.);
#4972 = ORIENTED_EDGE('', *, *, #4969, .T.);
#4973 = ORIENTED_EDGE('', *, *, #4970, .T.);
#4974 = EDGE_LOOP('', (#4971, #4972, #4973));
#4975 = FACE_BOUND('', #4974, .T.);

/* ==== Hole 292 (row 14, col 11) CW ==== */
#4976 = CARTESIAN_POINT('', (55.250, 68.750, 0.0));
#4977 = CARTESIAN_POINT('', (55.250, 71.750, 0.0));
#4978 = CARTESIAN_POINT('', (58.250, 70.250, 0.0));
#4979 = VERTEX_POINT('', #4976);
#4980 = VERTEX_POINT('', #4977);
#4981 = VERTEX_POINT('', #4978);
#4982 = LINE('', #4976, #611);
#4983 = LINE('', #4977, #614);
#4984 = LINE('', #4978, #615);
#4985 = EDGE_CURVE('', #4979, #4980, #4982, .T.);
#4986 = EDGE_CURVE('', #4980, #4981, #4983, .T.);
#4987 = EDGE_CURVE('', #4981, #4979, #4984, .T.);
#4988 = ORIENTED_EDGE('', *, *, #4985, .T.);
#4989 = ORIENTED_EDGE('', *, *, #4986, .T.);
#4990 = ORIENTED_EDGE('', *, *, #4987, .T.);
#4991 = EDGE_LOOP('', (#4988, #4989, #4990));
#4992 = FACE_BOUND('', #4991, .T.);

/* ==== Hole 293 (row 14, col 12) CW ==== */
#4993 = CARTESIAN_POINT('', (59.750, 68.750, 0.0));
#4994 = CARTESIAN_POINT('', (59.750, 71.750, 0.0));
#4995 = CARTESIAN_POINT('', (62.750, 70.250, 0.0));
#4996 = VERTEX_POINT('', #4993);
#4997 = VERTEX_POINT('', #4994);
#4998 = VERTEX_POINT('', #4995);
#4999 = LINE('', #4993, #611);
#5000 = LINE('', #4994, #614);
#5001 = LINE('', #4995, #615);
#5002 = EDGE_CURVE('', #4996, #4997, #4999, .T.);
#5003 = EDGE_CURVE('', #4997, #4998, #5000, .T.);
#5004 = EDGE_CURVE('', #4998, #4996, #5001, .T.);
#5005 = ORIENTED_EDGE('', *, *, #5002, .T.);
#5006 = ORIENTED_EDGE('', *, *, #5003, .T.);
#5007 = ORIENTED_EDGE('', *, *, #5004, .T.);
#5008 = EDGE_LOOP('', (#5005, #5006, #5007));
#5009 = FACE_BOUND('', #5008, .T.);

/* ==== Hole 294 (row 14, col 13) CW ==== */
#5010 = CARTESIAN_POINT('', (64.250, 68.750, 0.0));
#5011 = CARTESIAN_POINT('', (64.250, 71.750, 0.0));
#5012 = CARTESIAN_POINT('', (67.250, 70.250, 0.0));
#5013 = VERTEX_POINT('', #5010);
#5014 = VERTEX_POINT('', #5011);
#5015 = VERTEX_POINT('', #5012);
#5016 = LINE('', #5010, #611);
#5017 = LINE('', #5011, #614);
#5018 = LINE('', #5012, #615);
#5019 = EDGE_CURVE('', #5013, #5014, #5016, .T.);
#5020 = EDGE_CURVE('', #5014, #5015, #5017, .T.);
#5021 = EDGE_CURVE('', #5015, #5013, #5018, .T.);
#5022 = ORIENTED_EDGE('', *, *, #5019, .T.);
#5023 = ORIENTED_EDGE('', *, *, #5020, .T.);
#5024 = ORIENTED_EDGE('', *, *, #5021, .T.);
#5025 = EDGE_LOOP('', (#5022, #5023, #5024));
#5026 = FACE_BOUND('', #5025, .T.);

/* ==== Hole 295 (row 14, col 14) CW ==== */
#5027 = CARTESIAN_POINT('', (68.750, 68.750, 0.0));
#5028 = CARTESIAN_POINT('', (68.750, 71.750, 0.0));
#5029 = CARTESIAN_POINT('', (71.750, 70.250, 0.0));
#5030 = VERTEX_POINT('', #5027);
#5031 = VERTEX_POINT('', #5028);
#5032 = VERTEX_POINT('', #5029);
#5033 = LINE('', #5027, #611);
#5034 = LINE('', #5028, #614);
#5035 = LINE('', #5029, #615);
#5036 = EDGE_CURVE('', #5030, #5031, #5033, .T.);
#5037 = EDGE_CURVE('', #5031, #5032, #5034, .T.);
#5038 = EDGE_CURVE('', #5032, #5030, #5035, .T.);
#5039 = ORIENTED_EDGE('', *, *, #5036, .T.);
#5040 = ORIENTED_EDGE('', *, *, #5037, .T.);
#5041 = ORIENTED_EDGE('', *, *, #5038, .T.);
#5042 = EDGE_LOOP('', (#5039, #5040, #5041));
#5043 = FACE_BOUND('', #5042, .T.);

/* ==== Hole 296 (row 14, col 15) CW ==== */
#5044 = CARTESIAN_POINT('', (73.250, 68.750, 0.0));
#5045 = CARTESIAN_POINT('', (73.250, 71.750, 0.0));
#5046 = CARTESIAN_POINT('', (76.250, 70.250, 0.0));
#5047 = VERTEX_POINT('', #5044);
#5048 = VERTEX_POINT('', #5045);
#5049 = VERTEX_POINT('', #5046);
#5050 = LINE('', #5044, #611);
#5051 = LINE('', #5045, #614);
#5052 = LINE('', #5046, #615);
#5053 = EDGE_CURVE('', #5047, #5048, #5050, .T.);
#5054 = EDGE_CURVE('', #5048, #5049, #5051, .T.);
#5055 = EDGE_CURVE('', #5049, #5047, #5052, .T.);
#5056 = ORIENTED_EDGE('', *, *, #5053, .T.);
#5057 = ORIENTED_EDGE('', *, *, #5054, .T.);
#5058 = ORIENTED_EDGE('', *, *, #5055, .T.);
#5059 = EDGE_LOOP('', (#5056, #5057, #5058));
#5060 = FACE_BOUND('', #5059, .T.);

/* ==== Hole 297 (row 14, col 16) CW ==== */
#5061 = CARTESIAN_POINT('', (77.750, 68.750, 0.0));
#5062 = CARTESIAN_POINT('', (77.750, 71.750, 0.0));
#5063 = CARTESIAN_POINT('', (80.750, 70.250, 0.0));
#5064 = VERTEX_POINT('', #5061);
#5065 = VERTEX_POINT('', #5062);
#5066 = VERTEX_POINT('', #5063);
#5067 = LINE('', #5061, #611);
#5068 = LINE('', #5062, #614);
#5069 = LINE('', #5063, #615);
#5070 = EDGE_CURVE('', #5064, #5065, #5067, .T.);
#5071 = EDGE_CURVE('', #5065, #5066, #5068, .T.);
#5072 = EDGE_CURVE('', #5066, #5064, #5069, .T.);
#5073 = ORIENTED_EDGE('', *, *, #5070, .T.);
#5074 = ORIENTED_EDGE('', *, *, #5071, .T.);
#5075 = ORIENTED_EDGE('', *, *, #5072, .T.);
#5076 = EDGE_LOOP('', (#5073, #5074, #5075));
#5077 = FACE_BOUND('', #5076, .T.);

/* ==== Hole 298 (row 14, col 17) CW ==== */
#5078 = CARTESIAN_POINT('', (82.250, 68.750, 0.0));
#5079 = CARTESIAN_POINT('', (82.250, 71.750, 0.0));
#5080 = CARTESIAN_POINT('', (85.250, 70.250, 0.0));
#5081 = VERTEX_POINT('', #5078);
#5082 = VERTEX_POINT('', #5079);
#5083 = VERTEX_POINT('', #5080);
#5084 = LINE('', #5078, #611);
#5085 = LINE('', #5079, #614);
#5086 = LINE('', #5080, #615);
#5087 = EDGE_CURVE('', #5081, #5082, #5084, .T.);
#5088 = EDGE_CURVE('', #5082, #5083, #5085, .T.);
#5089 = EDGE_CURVE('', #5083, #5081, #5086, .T.);
#5090 = ORIENTED_EDGE('', *, *, #5087, .T.);
#5091 = ORIENTED_EDGE('', *, *, #5088, .T.);
#5092 = ORIENTED_EDGE('', *, *, #5089, .T.);
#5093 = EDGE_LOOP('', (#5090, #5091, #5092));
#5094 = FACE_BOUND('', #5093, .T.);

/* ==== Hole 299 (row 14, col 18) CW ==== */
#5095 = CARTESIAN_POINT('', (86.750, 68.750, 0.0));
#5096 = CARTESIAN_POINT('', (86.750, 71.750, 0.0));
#5097 = CARTESIAN_POINT('', (89.750, 70.250, 0.0));
#5098 = VERTEX_POINT('', #5095);
#5099 = VERTEX_POINT('', #5096);
#5100 = VERTEX_POINT('', #5097);
#5101 = LINE('', #5095, #611);
#5102 = LINE('', #5096, #614);
#5103 = LINE('', #5097, #615);
#5104 = EDGE_CURVE('', #5098, #5099, #5101, .T.);
#5105 = EDGE_CURVE('', #5099, #5100, #5102, .T.);
#5106 = EDGE_CURVE('', #5100, #5098, #5103, .T.);
#5107 = ORIENTED_EDGE('', *, *, #5104, .T.);
#5108 = ORIENTED_EDGE('', *, *, #5105, .T.);
#5109 = ORIENTED_EDGE('', *, *, #5106, .T.);
#5110 = EDGE_LOOP('', (#5107, #5108, #5109));
#5111 = FACE_BOUND('', #5110, .T.);

/* ==== Hole 300 (row 14, col 19) CW ==== */
#5112 = CARTESIAN_POINT('', (91.250, 68.750, 0.0));
#5113 = CARTESIAN_POINT('', (91.250, 71.750, 0.0));
#5114 = CARTESIAN_POINT('', (94.250, 70.250, 0.0));
#5115 = VERTEX_POINT('', #5112);
#5116 = VERTEX_POINT('', #5113);
#5117 = VERTEX_POINT('', #5114);
#5118 = LINE('', #5112, #611);
#5119 = LINE('', #5113, #614);
#5120 = LINE('', #5114, #615);
#5121 = EDGE_CURVE('', #5115, #5116, #5118, .T.);
#5122 = EDGE_CURVE('', #5116, #5117, #5119, .T.);
#5123 = EDGE_CURVE('', #5117, #5115, #5120, .T.);
#5124 = ORIENTED_EDGE('', *, *, #5121, .T.);
#5125 = ORIENTED_EDGE('', *, *, #5122, .T.);
#5126 = ORIENTED_EDGE('', *, *, #5123, .T.);
#5127 = EDGE_LOOP('', (#5124, #5125, #5126));
#5128 = FACE_BOUND('', #5127, .T.);

/* ==== Hole 301 (row 15, col 0) CW ==== */
#5129 = CARTESIAN_POINT('', (5.750, 73.250, 0.0));
#5130 = CARTESIAN_POINT('', (5.750, 76.250, 0.0));
#5131 = CARTESIAN_POINT('', (8.750, 74.750, 0.0));
#5132 = VERTEX_POINT('', #5129);
#5133 = VERTEX_POINT('', #5130);
#5134 = VERTEX_POINT('', #5131);
#5135 = LINE('', #5129, #611);
#5136 = LINE('', #5130, #614);
#5137 = LINE('', #5131, #615);
#5138 = EDGE_CURVE('', #5132, #5133, #5135, .T.);
#5139 = EDGE_CURVE('', #5133, #5134, #5136, .T.);
#5140 = EDGE_CURVE('', #5134, #5132, #5137, .T.);
#5141 = ORIENTED_EDGE('', *, *, #5138, .T.);
#5142 = ORIENTED_EDGE('', *, *, #5139, .T.);
#5143 = ORIENTED_EDGE('', *, *, #5140, .T.);
#5144 = EDGE_LOOP('', (#5141, #5142, #5143));
#5145 = FACE_BOUND('', #5144, .T.);

/* ==== Hole 302 (row 15, col 1) CW ==== */
#5146 = CARTESIAN_POINT('', (10.250, 73.250, 0.0));
#5147 = CARTESIAN_POINT('', (10.250, 76.250, 0.0));
#5148 = CARTESIAN_POINT('', (13.250, 74.750, 0.0));
#5149 = VERTEX_POINT('', #5146);
#5150 = VERTEX_POINT('', #5147);
#5151 = VERTEX_POINT('', #5148);
#5152 = LINE('', #5146, #611);
#5153 = LINE('', #5147, #614);
#5154 = LINE('', #5148, #615);
#5155 = EDGE_CURVE('', #5149, #5150, #5152, .T.);
#5156 = EDGE_CURVE('', #5150, #5151, #5153, .T.);
#5157 = EDGE_CURVE('', #5151, #5149, #5154, .T.);
#5158 = ORIENTED_EDGE('', *, *, #5155, .T.);
#5159 = ORIENTED_EDGE('', *, *, #5156, .T.);
#5160 = ORIENTED_EDGE('', *, *, #5157, .T.);
#5161 = EDGE_LOOP('', (#5158, #5159, #5160));
#5162 = FACE_BOUND('', #5161, .T.);

/* ==== Hole 303 (row 15, col 2) CW ==== */
#5163 = CARTESIAN_POINT('', (14.750, 73.250, 0.0));
#5164 = CARTESIAN_POINT('', (14.750, 76.250, 0.0));
#5165 = CARTESIAN_POINT('', (17.750, 74.750, 0.0));
#5166 = VERTEX_POINT('', #5163);
#5167 = VERTEX_POINT('', #5164);
#5168 = VERTEX_POINT('', #5165);
#5169 = LINE('', #5163, #611);
#5170 = LINE('', #5164, #614);
#5171 = LINE('', #5165, #615);
#5172 = EDGE_CURVE('', #5166, #5167, #5169, .T.);
#5173 = EDGE_CURVE('', #5167, #5168, #5170, .T.);
#5174 = EDGE_CURVE('', #5168, #5166, #5171, .T.);
#5175 = ORIENTED_EDGE('', *, *, #5172, .T.);
#5176 = ORIENTED_EDGE('', *, *, #5173, .T.);
#5177 = ORIENTED_EDGE('', *, *, #5174, .T.);
#5178 = EDGE_LOOP('', (#5175, #5176, #5177));
#5179 = FACE_BOUND('', #5178, .T.);

/* ==== Hole 304 (row 15, col 3) CW ==== */
#5180 = CARTESIAN_POINT('', (19.250, 73.250, 0.0));
#5181 = CARTESIAN_POINT('', (19.250, 76.250, 0.0));
#5182 = CARTESIAN_POINT('', (22.250, 74.750, 0.0));
#5183 = VERTEX_POINT('', #5180);
#5184 = VERTEX_POINT('', #5181);
#5185 = VERTEX_POINT('', #5182);
#5186 = LINE('', #5180, #611);
#5187 = LINE('', #5181, #614);
#5188 = LINE('', #5182, #615);
#5189 = EDGE_CURVE('', #5183, #5184, #5186, .T.);
#5190 = EDGE_CURVE('', #5184, #5185, #5187, .T.);
#5191 = EDGE_CURVE('', #5185, #5183, #5188, .T.);
#5192 = ORIENTED_EDGE('', *, *, #5189, .T.);
#5193 = ORIENTED_EDGE('', *, *, #5190, .T.);
#5194 = ORIENTED_EDGE('', *, *, #5191, .T.);
#5195 = EDGE_LOOP('', (#5192, #5193, #5194));
#5196 = FACE_BOUND('', #5195, .T.);

/* ==== Hole 305 (row 15, col 4) CW ==== */
#5197 = CARTESIAN_POINT('', (23.750, 73.250, 0.0));
#5198 = CARTESIAN_POINT('', (23.750, 76.250, 0.0));
#5199 = CARTESIAN_POINT('', (26.750, 74.750, 0.0));
#5200 = VERTEX_POINT('', #5197);
#5201 = VERTEX_POINT('', #5198);
#5202 = VERTEX_POINT('', #5199);
#5203 = LINE('', #5197, #611);
#5204 = LINE('', #5198, #614);
#5205 = LINE('', #5199, #615);
#5206 = EDGE_CURVE('', #5200, #5201, #5203, .T.);
#5207 = EDGE_CURVE('', #5201, #5202, #5204, .T.);
#5208 = EDGE_CURVE('', #5202, #5200, #5205, .T.);
#5209 = ORIENTED_EDGE('', *, *, #5206, .T.);
#5210 = ORIENTED_EDGE('', *, *, #5207, .T.);
#5211 = ORIENTED_EDGE('', *, *, #5208, .T.);
#5212 = EDGE_LOOP('', (#5209, #5210, #5211));
#5213 = FACE_BOUND('', #5212, .T.);

/* ==== Hole 306 (row 15, col 5) CW ==== */
#5214 = CARTESIAN_POINT('', (28.250, 73.250, 0.0));
#5215 = CARTESIAN_POINT('', (28.250, 76.250, 0.0));
#5216 = CARTESIAN_POINT('', (31.250, 74.750, 0.0));
#5217 = VERTEX_POINT('', #5214);
#5218 = VERTEX_POINT('', #5215);
#5219 = VERTEX_POINT('', #5216);
#5220 = LINE('', #5214, #611);
#5221 = LINE('', #5215, #614);
#5222 = LINE('', #5216, #615);
#5223 = EDGE_CURVE('', #5217, #5218, #5220, .T.);
#5224 = EDGE_CURVE('', #5218, #5219, #5221, .T.);
#5225 = EDGE_CURVE('', #5219, #5217, #5222, .T.);
#5226 = ORIENTED_EDGE('', *, *, #5223, .T.);
#5227 = ORIENTED_EDGE('', *, *, #5224, .T.);
#5228 = ORIENTED_EDGE('', *, *, #5225, .T.);
#5229 = EDGE_LOOP('', (#5226, #5227, #5228));
#5230 = FACE_BOUND('', #5229, .T.);

/* ==== Hole 307 (row 15, col 6) CW ==== */
#5231 = CARTESIAN_POINT('', (32.750, 73.250, 0.0));
#5232 = CARTESIAN_POINT('', (32.750, 76.250, 0.0));
#5233 = CARTESIAN_POINT('', (35.750, 74.750, 0.0));
#5234 = VERTEX_POINT('', #5231);
#5235 = VERTEX_POINT('', #5232);
#5236 = VERTEX_POINT('', #5233);
#5237 = LINE('', #5231, #611);
#5238 = LINE('', #5232, #614);
#5239 = LINE('', #5233, #615);
#5240 = EDGE_CURVE('', #5234, #5235, #5237, .T.);
#5241 = EDGE_CURVE('', #5235, #5236, #5238, .T.);
#5242 = EDGE_CURVE('', #5236, #5234, #5239, .T.);
#5243 = ORIENTED_EDGE('', *, *, #5240, .T.);
#5244 = ORIENTED_EDGE('', *, *, #5241, .T.);
#5245 = ORIENTED_EDGE('', *, *, #5242, .T.);
#5246 = EDGE_LOOP('', (#5243, #5244, #5245));
#5247 = FACE_BOUND('', #5246, .T.);

/* ==== Hole 308 (row 15, col 7) CW ==== */
#5248 = CARTESIAN_POINT('', (37.250, 73.250, 0.0));
#5249 = CARTESIAN_POINT('', (37.250, 76.250, 0.0));
#5250 = CARTESIAN_POINT('', (40.250, 74.750, 0.0));
#5251 = VERTEX_POINT('', #5248);
#5252 = VERTEX_POINT('', #5249);
#5253 = VERTEX_POINT('', #5250);
#5254 = LINE('', #5248, #611);
#5255 = LINE('', #5249, #614);
#5256 = LINE('', #5250, #615);
#5257 = EDGE_CURVE('', #5251, #5252, #5254, .T.);
#5258 = EDGE_CURVE('', #5252, #5253, #5255, .T.);
#5259 = EDGE_CURVE('', #5253, #5251, #5256, .T.);
#5260 = ORIENTED_EDGE('', *, *, #5257, .T.);
#5261 = ORIENTED_EDGE('', *, *, #5258, .T.);
#5262 = ORIENTED_EDGE('', *, *, #5259, .T.);
#5263 = EDGE_LOOP('', (#5260, #5261, #5262));
#5264 = FACE_BOUND('', #5263, .T.);

/* ==== Hole 309 (row 15, col 8) CW ==== */
#5265 = CARTESIAN_POINT('', (41.750, 73.250, 0.0));
#5266 = CARTESIAN_POINT('', (41.750, 76.250, 0.0));
#5267 = CARTESIAN_POINT('', (44.750, 74.750, 0.0));
#5268 = VERTEX_POINT('', #5265);
#5269 = VERTEX_POINT('', #5266);
#5270 = VERTEX_POINT('', #5267);
#5271 = LINE('', #5265, #611);
#5272 = LINE('', #5266, #614);
#5273 = LINE('', #5267, #615);
#5274 = EDGE_CURVE('', #5268, #5269, #5271, .T.);
#5275 = EDGE_CURVE('', #5269, #5270, #5272, .T.);
#5276 = EDGE_CURVE('', #5270, #5268, #5273, .T.);
#5277 = ORIENTED_EDGE('', *, *, #5274, .T.);
#5278 = ORIENTED_EDGE('', *, *, #5275, .T.);
#5279 = ORIENTED_EDGE('', *, *, #5276, .T.);
#5280 = EDGE_LOOP('', (#5277, #5278, #5279));
#5281 = FACE_BOUND('', #5280, .T.);

/* ==== Hole 310 (row 15, col 9) CW ==== */
#5282 = CARTESIAN_POINT('', (46.250, 73.250, 0.0));
#5283 = CARTESIAN_POINT('', (46.250, 76.250, 0.0));
#5284 = CARTESIAN_POINT('', (49.250, 74.750, 0.0));
#5285 = VERTEX_POINT('', #5282);
#5286 = VERTEX_POINT('', #5283);
#5287 = VERTEX_POINT('', #5284);
#5288 = LINE('', #5282, #611);
#5289 = LINE('', #5283, #614);
#5290 = LINE('', #5284, #615);
#5291 = EDGE_CURVE('', #5285, #5286, #5288, .T.);
#5292 = EDGE_CURVE('', #5286, #5287, #5289, .T.);
#5293 = EDGE_CURVE('', #5287, #5285, #5290, .T.);
#5294 = ORIENTED_EDGE('', *, *, #5291, .T.);
#5295 = ORIENTED_EDGE('', *, *, #5292, .T.);
#5296 = ORIENTED_EDGE('', *, *, #5293, .T.);
#5297 = EDGE_LOOP('', (#5294, #5295, #5296));
#5298 = FACE_BOUND('', #5297, .T.);

/* ==== Hole 311 (row 15, col 10) CW ==== */
#5299 = CARTESIAN_POINT('', (50.750, 73.250, 0.0));
#5300 = CARTESIAN_POINT('', (50.750, 76.250, 0.0));
#5301 = CARTESIAN_POINT('', (53.750, 74.750, 0.0));
#5302 = VERTEX_POINT('', #5299);
#5303 = VERTEX_POINT('', #5300);
#5304 = VERTEX_POINT('', #5301);
#5305 = LINE('', #5299, #611);
#5306 = LINE('', #5300, #614);
#5307 = LINE('', #5301, #615);
#5308 = EDGE_CURVE('', #5302, #5303, #5305, .T.);
#5309 = EDGE_CURVE('', #5303, #5304, #5306, .T.);
#5310 = EDGE_CURVE('', #5304, #5302, #5307, .T.);
#5311 = ORIENTED_EDGE('', *, *, #5308, .T.);
#5312 = ORIENTED_EDGE('', *, *, #5309, .T.);
#5313 = ORIENTED_EDGE('', *, *, #5310, .T.);
#5314 = EDGE_LOOP('', (#5311, #5312, #5313));
#5315 = FACE_BOUND('', #5314, .T.);

/* ==== Hole 312 (row 15, col 11) CW ==== */
#5316 = CARTESIAN_POINT('', (55.250, 73.250, 0.0));
#5317 = CARTESIAN_POINT('', (55.250, 76.250, 0.0));
#5318 = CARTESIAN_POINT('', (58.250, 74.750, 0.0));
#5319 = VERTEX_POINT('', #5316);
#5320 = VERTEX_POINT('', #5317);
#5321 = VERTEX_POINT('', #5318);
#5322 = LINE('', #5316, #611);
#5323 = LINE('', #5317, #614);
#5324 = LINE('', #5318, #615);
#5325 = EDGE_CURVE('', #5319, #5320, #5322, .T.);
#5326 = EDGE_CURVE('', #5320, #5321, #5323, .T.);
#5327 = EDGE_CURVE('', #5321, #5319, #5324, .T.);
#5328 = ORIENTED_EDGE('', *, *, #5325, .T.);
#5329 = ORIENTED_EDGE('', *, *, #5326, .T.);
#5330 = ORIENTED_EDGE('', *, *, #5327, .T.);
#5331 = EDGE_LOOP('', (#5328, #5329, #5330));
#5332 = FACE_BOUND('', #5331, .T.);

/* ==== Hole 313 (row 15, col 12) CW ==== */
#5333 = CARTESIAN_POINT('', (59.750, 73.250, 0.0));
#5334 = CARTESIAN_POINT('', (59.750, 76.250, 0.0));
#5335 = CARTESIAN_POINT('', (62.750, 74.750, 0.0));
#5336 = VERTEX_POINT('', #5333);
#5337 = VERTEX_POINT('', #5334);
#5338 = VERTEX_POINT('', #5335);
#5339 = LINE('', #5333, #611);
#5340 = LINE('', #5334, #614);
#5341 = LINE('', #5335, #615);
#5342 = EDGE_CURVE('', #5336, #5337, #5339, .T.);
#5343 = EDGE_CURVE('', #5337, #5338, #5340, .T.);
#5344 = EDGE_CURVE('', #5338, #5336, #5341, .T.);
#5345 = ORIENTED_EDGE('', *, *, #5342, .T.);
#5346 = ORIENTED_EDGE('', *, *, #5343, .T.);
#5347 = ORIENTED_EDGE('', *, *, #5344, .T.);
#5348 = EDGE_LOOP('', (#5345, #5346, #5347));
#5349 = FACE_BOUND('', #5348, .T.);

/* ==== Hole 314 (row 15, col 13) CW ==== */
#5350 = CARTESIAN_POINT('', (64.250, 73.250, 0.0));
#5351 = CARTESIAN_POINT('', (64.250, 76.250, 0.0));
#5352 = CARTESIAN_POINT('', (67.250, 74.750, 0.0));
#5353 = VERTEX_POINT('', #5350);
#5354 = VERTEX_POINT('', #5351);
#5355 = VERTEX_POINT('', #5352);
#5356 = LINE('', #5350, #611);
#5357 = LINE('', #5351, #614);
#5358 = LINE('', #5352, #615);
#5359 = EDGE_CURVE('', #5353, #5354, #5356, .T.);
#5360 = EDGE_CURVE('', #5354, #5355, #5357, .T.);
#5361 = EDGE_CURVE('', #5355, #5353, #5358, .T.);
#5362 = ORIENTED_EDGE('', *, *, #5359, .T.);
#5363 = ORIENTED_EDGE('', *, *, #5360, .T.);
#5364 = ORIENTED_EDGE('', *, *, #5361, .T.);
#5365 = EDGE_LOOP('', (#5362, #5363, #5364));
#5366 = FACE_BOUND('', #5365, .T.);

/* ==== Hole 315 (row 15, col 14) CW ==== */
#5367 = CARTESIAN_POINT('', (68.750, 73.250, 0.0));
#5368 = CARTESIAN_POINT('', (68.750, 76.250, 0.0));
#5369 = CARTESIAN_POINT('', (71.750, 74.750, 0.0));
#5370 = VERTEX_POINT('', #5367);
#5371 = VERTEX_POINT('', #5368);
#5372 = VERTEX_POINT('', #5369);
#5373 = LINE('', #5367, #611);
#5374 = LINE('', #5368, #614);
#5375 = LINE('', #5369, #615);
#5376 = EDGE_CURVE('', #5370, #5371, #5373, .T.);
#5377 = EDGE_CURVE('', #5371, #5372, #5374, .T.);
#5378 = EDGE_CURVE('', #5372, #5370, #5375, .T.);
#5379 = ORIENTED_EDGE('', *, *, #5376, .T.);
#5380 = ORIENTED_EDGE('', *, *, #5377, .T.);
#5381 = ORIENTED_EDGE('', *, *, #5378, .T.);
#5382 = EDGE_LOOP('', (#5379, #5380, #5381));
#5383 = FACE_BOUND('', #5382, .T.);

/* ==== Hole 316 (row 15, col 15) CW ==== */
#5384 = CARTESIAN_POINT('', (73.250, 73.250, 0.0));
#5385 = CARTESIAN_POINT('', (73.250, 76.250, 0.0));
#5386 = CARTESIAN_POINT('', (76.250, 74.750, 0.0));
#5387 = VERTEX_POINT('', #5384);
#5388 = VERTEX_POINT('', #5385);
#5389 = VERTEX_POINT('', #5386);
#5390 = LINE('', #5384, #611);
#5391 = LINE('', #5385, #614);
#5392 = LINE('', #5386, #615);
#5393 = EDGE_CURVE('', #5387, #5388, #5390, .T.);
#5394 = EDGE_CURVE('', #5388, #5389, #5391, .T.);
#5395 = EDGE_CURVE('', #5389, #5387, #5392, .T.);
#5396 = ORIENTED_EDGE('', *, *, #5393, .T.);
#5397 = ORIENTED_EDGE('', *, *, #5394, .T.);
#5398 = ORIENTED_EDGE('', *, *, #5395, .T.);
#5399 = EDGE_LOOP('', (#5396, #5397, #5398));
#5400 = FACE_BOUND('', #5399, .T.);

/* ==== Hole 317 (row 15, col 16) CW ==== */
#5401 = CARTESIAN_POINT('', (77.750, 73.250, 0.0));
#5402 = CARTESIAN_POINT('', (77.750, 76.250, 0.0));
#5403 = CARTESIAN_POINT('', (80.750, 74.750, 0.0));
#5404 = VERTEX_POINT('', #5401);
#5405 = VERTEX_POINT('', #5402);
#5406 = VERTEX_POINT('', #5403);
#5407 = LINE('', #5401, #611);
#5408 = LINE('', #5402, #614);
#5409 = LINE('', #5403, #615);
#5410 = EDGE_CURVE('', #5404, #5405, #5407, .T.);
#5411 = EDGE_CURVE('', #5405, #5406, #5408, .T.);
#5412 = EDGE_CURVE('', #5406, #5404, #5409, .T.);
#5413 = ORIENTED_EDGE('', *, *, #5410, .T.);
#5414 = ORIENTED_EDGE('', *, *, #5411, .T.);
#5415 = ORIENTED_EDGE('', *, *, #5412, .T.);
#5416 = EDGE_LOOP('', (#5413, #5414, #5415));
#5417 = FACE_BOUND('', #5416, .T.);

/* ==== Hole 318 (row 15, col 17) CW ==== */
#5418 = CARTESIAN_POINT('', (82.250, 73.250, 0.0));
#5419 = CARTESIAN_POINT('', (82.250, 76.250, 0.0));
#5420 = CARTESIAN_POINT('', (85.250, 74.750, 0.0));
#5421 = VERTEX_POINT('', #5418);
#5422 = VERTEX_POINT('', #5419);
#5423 = VERTEX_POINT('', #5420);
#5424 = LINE('', #5418, #611);
#5425 = LINE('', #5419, #614);
#5426 = LINE('', #5420, #615);
#5427 = EDGE_CURVE('', #5421, #5422, #5424, .T.);
#5428 = EDGE_CURVE('', #5422, #5423, #5425, .T.);
#5429 = EDGE_CURVE('', #5423, #5421, #5426, .T.);
#5430 = ORIENTED_EDGE('', *, *, #5427, .T.);
#5431 = ORIENTED_EDGE('', *, *, #5428, .T.);
#5432 = ORIENTED_EDGE('', *, *, #5429, .T.);
#5433 = EDGE_LOOP('', (#5430, #5431, #5432));
#5434 = FACE_BOUND('', #5433, .T.);

/* ==== Hole 319 (row 15, col 18) CW ==== */
#5435 = CARTESIAN_POINT('', (86.750, 73.250, 0.0));
#5436 = CARTESIAN_POINT('', (86.750, 76.250, 0.0));
#5437 = CARTESIAN_POINT('', (89.750, 74.750, 0.0));
#5438 = VERTEX_POINT('', #5435);
#5439 = VERTEX_POINT('', #5436);
#5440 = VERTEX_POINT('', #5437);
#5441 = LINE('', #5435, #611);
#5442 = LINE('', #5436, #614);
#5443 = LINE('', #5437, #615);
#5444 = EDGE_CURVE('', #5438, #5439, #5441, .T.);
#5445 = EDGE_CURVE('', #5439, #5440, #5442, .T.);
#5446 = EDGE_CURVE('', #5440, #5438, #5443, .T.);
#5447 = ORIENTED_EDGE('', *, *, #5444, .T.);
#5448 = ORIENTED_EDGE('', *, *, #5445, .T.);
#5449 = ORIENTED_EDGE('', *, *, #5446, .T.);
#5450 = EDGE_LOOP('', (#5447, #5448, #5449));
#5451 = FACE_BOUND('', #5450, .T.);

/* ==== Hole 320 (row 15, col 19) CW ==== */
#5452 = CARTESIAN_POINT('', (91.250, 73.250, 0.0));
#5453 = CARTESIAN_POINT('', (91.250, 76.250, 0.0));
#5454 = CARTESIAN_POINT('', (94.250, 74.750, 0.0));
#5455 = VERTEX_POINT('', #5452);
#5456 = VERTEX_POINT('', #5453);
#5457 = VERTEX_POINT('', #5454);
#5458 = LINE('', #5452, #611);
#5459 = LINE('', #5453, #614);
#5460 = LINE('', #5454, #615);
#5461 = EDGE_CURVE('', #5455, #5456, #5458, .T.);
#5462 = EDGE_CURVE('', #5456, #5457, #5459, .T.);
#5463 = EDGE_CURVE('', #5457, #5455, #5460, .T.);
#5464 = ORIENTED_EDGE('', *, *, #5461, .T.);
#5465 = ORIENTED_EDGE('', *, *, #5462, .T.);
#5466 = ORIENTED_EDGE('', *, *, #5463, .T.);
#5467 = EDGE_LOOP('', (#5464, #5465, #5466));
#5468 = FACE_BOUND('', #5467, .T.);

/* ==== Hole 321 (row 16, col 0) CW ==== */
#5469 = CARTESIAN_POINT('', (5.750, 77.750, 0.0));
#5470 = CARTESIAN_POINT('', (5.750, 80.750, 0.0));
#5471 = CARTESIAN_POINT('', (8.750, 79.250, 0.0));
#5472 = VERTEX_POINT('', #5469);
#5473 = VERTEX_POINT('', #5470);
#5474 = VERTEX_POINT('', #5471);
#5475 = LINE('', #5469, #611);
#5476 = LINE('', #5470, #614);
#5477 = LINE('', #5471, #615);
#5478 = EDGE_CURVE('', #5472, #5473, #5475, .T.);
#5479 = EDGE_CURVE('', #5473, #5474, #5476, .T.);
#5480 = EDGE_CURVE('', #5474, #5472, #5477, .T.);
#5481 = ORIENTED_EDGE('', *, *, #5478, .T.);
#5482 = ORIENTED_EDGE('', *, *, #5479, .T.);
#5483 = ORIENTED_EDGE('', *, *, #5480, .T.);
#5484 = EDGE_LOOP('', (#5481, #5482, #5483));
#5485 = FACE_BOUND('', #5484, .T.);

/* ==== Hole 322 (row 16, col 1) CW ==== */
#5486 = CARTESIAN_POINT('', (10.250, 77.750, 0.0));
#5487 = CARTESIAN_POINT('', (10.250, 80.750, 0.0));
#5488 = CARTESIAN_POINT('', (13.250, 79.250, 0.0));
#5489 = VERTEX_POINT('', #5486);
#5490 = VERTEX_POINT('', #5487);
#5491 = VERTEX_POINT('', #5488);
#5492 = LINE('', #5486, #611);
#5493 = LINE('', #5487, #614);
#5494 = LINE('', #5488, #615);
#5495 = EDGE_CURVE('', #5489, #5490, #5492, .T.);
#5496 = EDGE_CURVE('', #5490, #5491, #5493, .T.);
#5497 = EDGE_CURVE('', #5491, #5489, #5494, .T.);
#5498 = ORIENTED_EDGE('', *, *, #5495, .T.);
#5499 = ORIENTED_EDGE('', *, *, #5496, .T.);
#5500 = ORIENTED_EDGE('', *, *, #5497, .T.);
#5501 = EDGE_LOOP('', (#5498, #5499, #5500));
#5502 = FACE_BOUND('', #5501, .T.);

/* ==== Hole 323 (row 16, col 2) CW ==== */
#5503 = CARTESIAN_POINT('', (14.750, 77.750, 0.0));
#5504 = CARTESIAN_POINT('', (14.750, 80.750, 0.0));
#5505 = CARTESIAN_POINT('', (17.750, 79.250, 0.0));
#5506 = VERTEX_POINT('', #5503);
#5507 = VERTEX_POINT('', #5504);
#5508 = VERTEX_POINT('', #5505);
#5509 = LINE('', #5503, #611);
#5510 = LINE('', #5504, #614);
#5511 = LINE('', #5505, #615);
#5512 = EDGE_CURVE('', #5506, #5507, #5509, .T.);
#5513 = EDGE_CURVE('', #5507, #5508, #5510, .T.);
#5514 = EDGE_CURVE('', #5508, #5506, #5511, .T.);
#5515 = ORIENTED_EDGE('', *, *, #5512, .T.);
#5516 = ORIENTED_EDGE('', *, *, #5513, .T.);
#5517 = ORIENTED_EDGE('', *, *, #5514, .T.);
#5518 = EDGE_LOOP('', (#5515, #5516, #5517));
#5519 = FACE_BOUND('', #5518, .T.);

/* ==== Hole 324 (row 16, col 3) CW ==== */
#5520 = CARTESIAN_POINT('', (19.250, 77.750, 0.0));
#5521 = CARTESIAN_POINT('', (19.250, 80.750, 0.0));
#5522 = CARTESIAN_POINT('', (22.250, 79.250, 0.0));
#5523 = VERTEX_POINT('', #5520);
#5524 = VERTEX_POINT('', #5521);
#5525 = VERTEX_POINT('', #5522);
#5526 = LINE('', #5520, #611);
#5527 = LINE('', #5521, #614);
#5528 = LINE('', #5522, #615);
#5529 = EDGE_CURVE('', #5523, #5524, #5526, .T.);
#5530 = EDGE_CURVE('', #5524, #5525, #5527, .T.);
#5531 = EDGE_CURVE('', #5525, #5523, #5528, .T.);
#5532 = ORIENTED_EDGE('', *, *, #5529, .T.);
#5533 = ORIENTED_EDGE('', *, *, #5530, .T.);
#5534 = ORIENTED_EDGE('', *, *, #5531, .T.);
#5535 = EDGE_LOOP('', (#5532, #5533, #5534));
#5536 = FACE_BOUND('', #5535, .T.);

/* ==== Hole 325 (row 16, col 4) CW ==== */
#5537 = CARTESIAN_POINT('', (23.750, 77.750, 0.0));
#5538 = CARTESIAN_POINT('', (23.750, 80.750, 0.0));
#5539 = CARTESIAN_POINT('', (26.750, 79.250, 0.0));
#5540 = VERTEX_POINT('', #5537);
#5541 = VERTEX_POINT('', #5538);
#5542 = VERTEX_POINT('', #5539);
#5543 = LINE('', #5537, #611);
#5544 = LINE('', #5538, #614);
#5545 = LINE('', #5539, #615);
#5546 = EDGE_CURVE('', #5540, #5541, #5543, .T.);
#5547 = EDGE_CURVE('', #5541, #5542, #5544, .T.);
#5548 = EDGE_CURVE('', #5542, #5540, #5545, .T.);
#5549 = ORIENTED_EDGE('', *, *, #5546, .T.);
#5550 = ORIENTED_EDGE('', *, *, #5547, .T.);
#5551 = ORIENTED_EDGE('', *, *, #5548, .T.);
#5552 = EDGE_LOOP('', (#5549, #5550, #5551));
#5553 = FACE_BOUND('', #5552, .T.);

/* ==== Hole 326 (row 16, col 5) CW ==== */
#5554 = CARTESIAN_POINT('', (28.250, 77.750, 0.0));
#5555 = CARTESIAN_POINT('', (28.250, 80.750, 0.0));
#5556 = CARTESIAN_POINT('', (31.250, 79.250, 0.0));
#5557 = VERTEX_POINT('', #5554);
#5558 = VERTEX_POINT('', #5555);
#5559 = VERTEX_POINT('', #5556);
#5560 = LINE('', #5554, #611);
#5561 = LINE('', #5555, #614);
#5562 = LINE('', #5556, #615);
#5563 = EDGE_CURVE('', #5557, #5558, #5560, .T.);
#5564 = EDGE_CURVE('', #5558, #5559, #5561, .T.);
#5565 = EDGE_CURVE('', #5559, #5557, #5562, .T.);
#5566 = ORIENTED_EDGE('', *, *, #5563, .T.);
#5567 = ORIENTED_EDGE('', *, *, #5564, .T.);
#5568 = ORIENTED_EDGE('', *, *, #5565, .T.);
#5569 = EDGE_LOOP('', (#5566, #5567, #5568));
#5570 = FACE_BOUND('', #5569, .T.);

/* ==== Hole 327 (row 16, col 6) CW ==== */
#5571 = CARTESIAN_POINT('', (32.750, 77.750, 0.0));
#5572 = CARTESIAN_POINT('', (32.750, 80.750, 0.0));
#5573 = CARTESIAN_POINT('', (35.750, 79.250, 0.0));
#5574 = VERTEX_POINT('', #5571);
#5575 = VERTEX_POINT('', #5572);
#5576 = VERTEX_POINT('', #5573);
#5577 = LINE('', #5571, #611);
#5578 = LINE('', #5572, #614);
#5579 = LINE('', #5573, #615);
#5580 = EDGE_CURVE('', #5574, #5575, #5577, .T.);
#5581 = EDGE_CURVE('', #5575, #5576, #5578, .T.);
#5582 = EDGE_CURVE('', #5576, #5574, #5579, .T.);
#5583 = ORIENTED_EDGE('', *, *, #5580, .T.);
#5584 = ORIENTED_EDGE('', *, *, #5581, .T.);
#5585 = ORIENTED_EDGE('', *, *, #5582, .T.);
#5586 = EDGE_LOOP('', (#5583, #5584, #5585));
#5587 = FACE_BOUND('', #5586, .T.);

/* ==== Hole 328 (row 16, col 7) CW ==== */
#5588 = CARTESIAN_POINT('', (37.250, 77.750, 0.0));
#5589 = CARTESIAN_POINT('', (37.250, 80.750, 0.0));
#5590 = CARTESIAN_POINT('', (40.250, 79.250, 0.0));
#5591 = VERTEX_POINT('', #5588);
#5592 = VERTEX_POINT('', #5589);
#5593 = VERTEX_POINT('', #5590);
#5594 = LINE('', #5588, #611);
#5595 = LINE('', #5589, #614);
#5596 = LINE('', #5590, #615);
#5597 = EDGE_CURVE('', #5591, #5592, #5594, .T.);
#5598 = EDGE_CURVE('', #5592, #5593, #5595, .T.);
#5599 = EDGE_CURVE('', #5593, #5591, #5596, .T.);
#5600 = ORIENTED_EDGE('', *, *, #5597, .T.);
#5601 = ORIENTED_EDGE('', *, *, #5598, .T.);
#5602 = ORIENTED_EDGE('', *, *, #5599, .T.);
#5603 = EDGE_LOOP('', (#5600, #5601, #5602));
#5604 = FACE_BOUND('', #5603, .T.);

/* ==== Hole 329 (row 16, col 8) CW ==== */
#5605 = CARTESIAN_POINT('', (41.750, 77.750, 0.0));
#5606 = CARTESIAN_POINT('', (41.750, 80.750, 0.0));
#5607 = CARTESIAN_POINT('', (44.750, 79.250, 0.0));
#5608 = VERTEX_POINT('', #5605);
#5609 = VERTEX_POINT('', #5606);
#5610 = VERTEX_POINT('', #5607);
#5611 = LINE('', #5605, #611);
#5612 = LINE('', #5606, #614);
#5613 = LINE('', #5607, #615);
#5614 = EDGE_CURVE('', #5608, #5609, #5611, .T.);
#5615 = EDGE_CURVE('', #5609, #5610, #5612, .T.);
#5616 = EDGE_CURVE('', #5610, #5608, #5613, .T.);
#5617 = ORIENTED_EDGE('', *, *, #5614, .T.);
#5618 = ORIENTED_EDGE('', *, *, #5615, .T.);
#5619 = ORIENTED_EDGE('', *, *, #5616, .T.);
#5620 = EDGE_LOOP('', (#5617, #5618, #5619));
#5621 = FACE_BOUND('', #5620, .T.);

/* ==== Hole 330 (row 16, col 9) CW ==== */
#5622 = CARTESIAN_POINT('', (46.250, 77.750, 0.0));
#5623 = CARTESIAN_POINT('', (46.250, 80.750, 0.0));
#5624 = CARTESIAN_POINT('', (49.250, 79.250, 0.0));
#5625 = VERTEX_POINT('', #5622);
#5626 = VERTEX_POINT('', #5623);
#5627 = VERTEX_POINT('', #5624);
#5628 = LINE('', #5622, #611);
#5629 = LINE('', #5623, #614);
#5630 = LINE('', #5624, #615);
#5631 = EDGE_CURVE('', #5625, #5626, #5628, .T.);
#5632 = EDGE_CURVE('', #5626, #5627, #5629, .T.);
#5633 = EDGE_CURVE('', #5627, #5625, #5630, .T.);
#5634 = ORIENTED_EDGE('', *, *, #5631, .T.);
#5635 = ORIENTED_EDGE('', *, *, #5632, .T.);
#5636 = ORIENTED_EDGE('', *, *, #5633, .T.);
#5637 = EDGE_LOOP('', (#5634, #5635, #5636));
#5638 = FACE_BOUND('', #5637, .T.);

/* ==== Hole 331 (row 16, col 10) CW ==== */
#5639 = CARTESIAN_POINT('', (50.750, 77.750, 0.0));
#5640 = CARTESIAN_POINT('', (50.750, 80.750, 0.0));
#5641 = CARTESIAN_POINT('', (53.750, 79.250, 0.0));
#5642 = VERTEX_POINT('', #5639);
#5643 = VERTEX_POINT('', #5640);
#5644 = VERTEX_POINT('', #5641);
#5645 = LINE('', #5639, #611);
#5646 = LINE('', #5640, #614);
#5647 = LINE('', #5641, #615);
#5648 = EDGE_CURVE('', #5642, #5643, #5645, .T.);
#5649 = EDGE_CURVE('', #5643, #5644, #5646, .T.);
#5650 = EDGE_CURVE('', #5644, #5642, #5647, .T.);
#5651 = ORIENTED_EDGE('', *, *, #5648, .T.);
#5652 = ORIENTED_EDGE('', *, *, #5649, .T.);
#5653 = ORIENTED_EDGE('', *, *, #5650, .T.);
#5654 = EDGE_LOOP('', (#5651, #5652, #5653));
#5655 = FACE_BOUND('', #5654, .T.);

/* ==== Hole 332 (row 16, col 11) CW ==== */
#5656 = CARTESIAN_POINT('', (55.250, 77.750, 0.0));
#5657 = CARTESIAN_POINT('', (55.250, 80.750, 0.0));
#5658 = CARTESIAN_POINT('', (58.250, 79.250, 0.0));
#5659 = VERTEX_POINT('', #5656);
#5660 = VERTEX_POINT('', #5657);
#5661 = VERTEX_POINT('', #5658);
#5662 = LINE('', #5656, #611);
#5663 = LINE('', #5657, #614);
#5664 = LINE('', #5658, #615);
#5665 = EDGE_CURVE('', #5659, #5660, #5662, .T.);
#5666 = EDGE_CURVE('', #5660, #5661, #5663, .T.);
#5667 = EDGE_CURVE('', #5661, #5659, #5664, .T.);
#5668 = ORIENTED_EDGE('', *, *, #5665, .T.);
#5669 = ORIENTED_EDGE('', *, *, #5666, .T.);
#5670 = ORIENTED_EDGE('', *, *, #5667, .T.);
#5671 = EDGE_LOOP('', (#5668, #5669, #5670));
#5672 = FACE_BOUND('', #5671, .T.);

/* ==== Hole 333 (row 16, col 12) CW ==== */
#5673 = CARTESIAN_POINT('', (59.750, 77.750, 0.0));
#5674 = CARTESIAN_POINT('', (59.750, 80.750, 0.0));
#5675 = CARTESIAN_POINT('', (62.750, 79.250, 0.0));
#5676 = VERTEX_POINT('', #5673);
#5677 = VERTEX_POINT('', #5674);
#5678 = VERTEX_POINT('', #5675);
#5679 = LINE('', #5673, #611);
#5680 = LINE('', #5674, #614);
#5681 = LINE('', #5675, #615);
#5682 = EDGE_CURVE('', #5676, #5677, #5679, .T.);
#5683 = EDGE_CURVE('', #5677, #5678, #5680, .T.);
#5684 = EDGE_CURVE('', #5678, #5676, #5681, .T.);
#5685 = ORIENTED_EDGE('', *, *, #5682, .T.);
#5686 = ORIENTED_EDGE('', *, *, #5683, .T.);
#5687 = ORIENTED_EDGE('', *, *, #5684, .T.);
#5688 = EDGE_LOOP('', (#5685, #5686, #5687));
#5689 = FACE_BOUND('', #5688, .T.);

/* ==== Hole 334 (row 16, col 13) CW ==== */
#5690 = CARTESIAN_POINT('', (64.250, 77.750, 0.0));
#5691 = CARTESIAN_POINT('', (64.250, 80.750, 0.0));
#5692 = CARTESIAN_POINT('', (67.250, 79.250, 0.0));
#5693 = VERTEX_POINT('', #5690);
#5694 = VERTEX_POINT('', #5691);
#5695 = VERTEX_POINT('', #5692);
#5696 = LINE('', #5690, #611);
#5697 = LINE('', #5691, #614);
#5698 = LINE('', #5692, #615);
#5699 = EDGE_CURVE('', #5693, #5694, #5696, .T.);
#5700 = EDGE_CURVE('', #5694, #5695, #5697, .T.);
#5701 = EDGE_CURVE('', #5695, #5693, #5698, .T.);
#5702 = ORIENTED_EDGE('', *, *, #5699, .T.);
#5703 = ORIENTED_EDGE('', *, *, #5700, .T.);
#5704 = ORIENTED_EDGE('', *, *, #5701, .T.);
#5705 = EDGE_LOOP('', (#5702, #5703, #5704));
#5706 = FACE_BOUND('', #5705, .T.);

/* ==== Hole 335 (row 16, col 14) CW ==== */
#5707 = CARTESIAN_POINT('', (68.750, 77.750, 0.0));
#5708 = CARTESIAN_POINT('', (68.750, 80.750, 0.0));
#5709 = CARTESIAN_POINT('', (71.750, 79.250, 0.0));
#5710 = VERTEX_POINT('', #5707);
#5711 = VERTEX_POINT('', #5708);
#5712 = VERTEX_POINT('', #5709);
#5713 = LINE('', #5707, #611);
#5714 = LINE('', #5708, #614);
#5715 = LINE('', #5709, #615);
#5716 = EDGE_CURVE('', #5710, #5711, #5713, .T.);
#5717 = EDGE_CURVE('', #5711, #5712, #5714, .T.);
#5718 = EDGE_CURVE('', #5712, #5710, #5715, .T.);
#5719 = ORIENTED_EDGE('', *, *, #5716, .T.);
#5720 = ORIENTED_EDGE('', *, *, #5717, .T.);
#5721 = ORIENTED_EDGE('', *, *, #5718, .T.);
#5722 = EDGE_LOOP('', (#5719, #5720, #5721));
#5723 = FACE_BOUND('', #5722, .T.);

/* ==== Hole 336 (row 16, col 15) CW ==== */
#5724 = CARTESIAN_POINT('', (73.250, 77.750, 0.0));
#5725 = CARTESIAN_POINT('', (73.250, 80.750, 0.0));
#5726 = CARTESIAN_POINT('', (76.250, 79.250, 0.0));
#5727 = VERTEX_POINT('', #5724);
#5728 = VERTEX_POINT('', #5725);
#5729 = VERTEX_POINT('', #5726);
#5730 = LINE('', #5724, #611);
#5731 = LINE('', #5725, #614);
#5732 = LINE('', #5726, #615);
#5733 = EDGE_CURVE('', #5727, #5728, #5730, .T.);
#5734 = EDGE_CURVE('', #5728, #5729, #5731, .T.);
#5735 = EDGE_CURVE('', #5729, #5727, #5732, .T.);
#5736 = ORIENTED_EDGE('', *, *, #5733, .T.);
#5737 = ORIENTED_EDGE('', *, *, #5734, .T.);
#5738 = ORIENTED_EDGE('', *, *, #5735, .T.);
#5739 = EDGE_LOOP('', (#5736, #5737, #5738));
#5740 = FACE_BOUND('', #5739, .T.);

/* ==== Hole 337 (row 16, col 16) CW ==== */
#5741 = CARTESIAN_POINT('', (77.750, 77.750, 0.0));
#5742 = CARTESIAN_POINT('', (77.750, 80.750, 0.0));
#5743 = CARTESIAN_POINT('', (80.750, 79.250, 0.0));
#5744 = VERTEX_POINT('', #5741);
#5745 = VERTEX_POINT('', #5742);
#5746 = VERTEX_POINT('', #5743);
#5747 = LINE('', #5741, #611);
#5748 = LINE('', #5742, #614);
#5749 = LINE('', #5743, #615);
#5750 = EDGE_CURVE('', #5744, #5745, #5747, .T.);
#5751 = EDGE_CURVE('', #5745, #5746, #5748, .T.);
#5752 = EDGE_CURVE('', #5746, #5744, #5749, .T.);
#5753 = ORIENTED_EDGE('', *, *, #5750, .T.);
#5754 = ORIENTED_EDGE('', *, *, #5751, .T.);
#5755 = ORIENTED_EDGE('', *, *, #5752, .T.);
#5756 = EDGE_LOOP('', (#5753, #5754, #5755));
#5757 = FACE_BOUND('', #5756, .T.);

/* ==== Hole 338 (row 16, col 17) CW ==== */
#5758 = CARTESIAN_POINT('', (82.250, 77.750, 0.0));
#5759 = CARTESIAN_POINT('', (82.250, 80.750, 0.0));
#5760 = CARTESIAN_POINT('', (85.250, 79.250, 0.0));
#5761 = VERTEX_POINT('', #5758);
#5762 = VERTEX_POINT('', #5759);
#5763 = VERTEX_POINT('', #5760);
#5764 = LINE('', #5758, #611);
#5765 = LINE('', #5759, #614);
#5766 = LINE('', #5760, #615);
#5767 = EDGE_CURVE('', #5761, #5762, #5764, .T.);
#5768 = EDGE_CURVE('', #5762, #5763, #5765, .T.);
#5769 = EDGE_CURVE('', #5763, #5761, #5766, .T.);
#5770 = ORIENTED_EDGE('', *, *, #5767, .T.);
#5771 = ORIENTED_EDGE('', *, *, #5768, .T.);
#5772 = ORIENTED_EDGE('', *, *, #5769, .T.);
#5773 = EDGE_LOOP('', (#5770, #5771, #5772));
#5774 = FACE_BOUND('', #5773, .T.);

/* ==== Hole 339 (row 16, col 18) CW ==== */
#5775 = CARTESIAN_POINT('', (86.750, 77.750, 0.0));
#5776 = CARTESIAN_POINT('', (86.750, 80.750, 0.0));
#5777 = CARTESIAN_POINT('', (89.750, 79.250, 0.0));
#5778 = VERTEX_POINT('', #5775);
#5779 = VERTEX_POINT('', #5776);
#5780 = VERTEX_POINT('', #5777);
#5781 = LINE('', #5775, #611);
#5782 = LINE('', #5776, #614);
#5783 = LINE('', #5777, #615);
#5784 = EDGE_CURVE('', #5778, #5779, #5781, .T.);
#5785 = EDGE_CURVE('', #5779, #5780, #5782, .T.);
#5786 = EDGE_CURVE('', #5780, #5778, #5783, .T.);
#5787 = ORIENTED_EDGE('', *, *, #5784, .T.);
#5788 = ORIENTED_EDGE('', *, *, #5785, .T.);
#5789 = ORIENTED_EDGE('', *, *, #5786, .T.);
#5790 = EDGE_LOOP('', (#5787, #5788, #5789));
#5791 = FACE_BOUND('', #5790, .T.);

/* ==== Hole 340 (row 16, col 19) CW ==== */
#5792 = CARTESIAN_POINT('', (91.250, 77.750, 0.0));
#5793 = CARTESIAN_POINT('', (91.250, 80.750, 0.0));
#5794 = CARTESIAN_POINT('', (94.250, 79.250, 0.0));
#5795 = VERTEX_POINT('', #5792);
#5796 = VERTEX_POINT('', #5793);
#5797 = VERTEX_POINT('', #5794);
#5798 = LINE('', #5792, #611);
#5799 = LINE('', #5793, #614);
#5800 = LINE('', #5794, #615);
#5801 = EDGE_CURVE('', #5795, #5796, #5798, .T.);
#5802 = EDGE_CURVE('', #5796, #5797, #5799, .T.);
#5803 = EDGE_CURVE('', #5797, #5795, #5800, .T.);
#5804 = ORIENTED_EDGE('', *, *, #5801, .T.);
#5805 = ORIENTED_EDGE('', *, *, #5802, .T.);
#5806 = ORIENTED_EDGE('', *, *, #5803, .T.);
#5807 = EDGE_LOOP('', (#5804, #5805, #5806));
#5808 = FACE_BOUND('', #5807, .T.);

/* ==== Hole 341 (row 17, col 0) CW ==== */
#5809 = CARTESIAN_POINT('', (5.750, 82.250, 0.0));
#5810 = CARTESIAN_POINT('', (5.750, 85.250, 0.0));
#5811 = CARTESIAN_POINT('', (8.750, 83.750, 0.0));
#5812 = VERTEX_POINT('', #5809);
#5813 = VERTEX_POINT('', #5810);
#5814 = VERTEX_POINT('', #5811);
#5815 = LINE('', #5809, #611);
#5816 = LINE('', #5810, #614);
#5817 = LINE('', #5811, #615);
#5818 = EDGE_CURVE('', #5812, #5813, #5815, .T.);
#5819 = EDGE_CURVE('', #5813, #5814, #5816, .T.);
#5820 = EDGE_CURVE('', #5814, #5812, #5817, .T.);
#5821 = ORIENTED_EDGE('', *, *, #5818, .T.);
#5822 = ORIENTED_EDGE('', *, *, #5819, .T.);
#5823 = ORIENTED_EDGE('', *, *, #5820, .T.);
#5824 = EDGE_LOOP('', (#5821, #5822, #5823));
#5825 = FACE_BOUND('', #5824, .T.);

/* ==== Hole 342 (row 17, col 1) CW ==== */
#5826 = CARTESIAN_POINT('', (10.250, 82.250, 0.0));
#5827 = CARTESIAN_POINT('', (10.250, 85.250, 0.0));
#5828 = CARTESIAN_POINT('', (13.250, 83.750, 0.0));
#5829 = VERTEX_POINT('', #5826);
#5830 = VERTEX_POINT('', #5827);
#5831 = VERTEX_POINT('', #5828);
#5832 = LINE('', #5826, #611);
#5833 = LINE('', #5827, #614);
#5834 = LINE('', #5828, #615);
#5835 = EDGE_CURVE('', #5829, #5830, #5832, .T.);
#5836 = EDGE_CURVE('', #5830, #5831, #5833, .T.);
#5837 = EDGE_CURVE('', #5831, #5829, #5834, .T.);
#5838 = ORIENTED_EDGE('', *, *, #5835, .T.);
#5839 = ORIENTED_EDGE('', *, *, #5836, .T.);
#5840 = ORIENTED_EDGE('', *, *, #5837, .T.);
#5841 = EDGE_LOOP('', (#5838, #5839, #5840));
#5842 = FACE_BOUND('', #5841, .T.);

/* ==== Hole 343 (row 17, col 2) CW ==== */
#5843 = CARTESIAN_POINT('', (14.750, 82.250, 0.0));
#5844 = CARTESIAN_POINT('', (14.750, 85.250, 0.0));
#5845 = CARTESIAN_POINT('', (17.750, 83.750, 0.0));
#5846 = VERTEX_POINT('', #5843);
#5847 = VERTEX_POINT('', #5844);
#5848 = VERTEX_POINT('', #5845);
#5849 = LINE('', #5843, #611);
#5850 = LINE('', #5844, #614);
#5851 = LINE('', #5845, #615);
#5852 = EDGE_CURVE('', #5846, #5847, #5849, .T.);
#5853 = EDGE_CURVE('', #5847, #5848, #5850, .T.);
#5854 = EDGE_CURVE('', #5848, #5846, #5851, .T.);
#5855 = ORIENTED_EDGE('', *, *, #5852, .T.);
#5856 = ORIENTED_EDGE('', *, *, #5853, .T.);
#5857 = ORIENTED_EDGE('', *, *, #5854, .T.);
#5858 = EDGE_LOOP('', (#5855, #5856, #5857));
#5859 = FACE_BOUND('', #5858, .T.);

/* ==== Hole 344 (row 17, col 3) CW ==== */
#5860 = CARTESIAN_POINT('', (19.250, 82.250, 0.0));
#5861 = CARTESIAN_POINT('', (19.250, 85.250, 0.0));
#5862 = CARTESIAN_POINT('', (22.250, 83.750, 0.0));
#5863 = VERTEX_POINT('', #5860);
#5864 = VERTEX_POINT('', #5861);
#5865 = VERTEX_POINT('', #5862);
#5866 = LINE('', #5860, #611);
#5867 = LINE('', #5861, #614);
#5868 = LINE('', #5862, #615);
#5869 = EDGE_CURVE('', #5863, #5864, #5866, .T.);
#5870 = EDGE_CURVE('', #5864, #5865, #5867, .T.);
#5871 = EDGE_CURVE('', #5865, #5863, #5868, .T.);
#5872 = ORIENTED_EDGE('', *, *, #5869, .T.);
#5873 = ORIENTED_EDGE('', *, *, #5870, .T.);
#5874 = ORIENTED_EDGE('', *, *, #5871, .T.);
#5875 = EDGE_LOOP('', (#5872, #5873, #5874));
#5876 = FACE_BOUND('', #5875, .T.);

/* ==== Hole 345 (row 17, col 4) CW ==== */
#5877 = CARTESIAN_POINT('', (23.750, 82.250, 0.0));
#5878 = CARTESIAN_POINT('', (23.750, 85.250, 0.0));
#5879 = CARTESIAN_POINT('', (26.750, 83.750, 0.0));
#5880 = VERTEX_POINT('', #5877);
#5881 = VERTEX_POINT('', #5878);
#5882 = VERTEX_POINT('', #5879);
#5883 = LINE('', #5877, #611);
#5884 = LINE('', #5878, #614);
#5885 = LINE('', #5879, #615);
#5886 = EDGE_CURVE('', #5880, #5881, #5883, .T.);
#5887 = EDGE_CURVE('', #5881, #5882, #5884, .T.);
#5888 = EDGE_CURVE('', #5882, #5880, #5885, .T.);
#5889 = ORIENTED_EDGE('', *, *, #5886, .T.);
#5890 = ORIENTED_EDGE('', *, *, #5887, .T.);
#5891 = ORIENTED_EDGE('', *, *, #5888, .T.);
#5892 = EDGE_LOOP('', (#5889, #5890, #5891));
#5893 = FACE_BOUND('', #5892, .T.);

/* ==== Hole 346 (row 17, col 5) CW ==== */
#5894 = CARTESIAN_POINT('', (28.250, 82.250, 0.0));
#5895 = CARTESIAN_POINT('', (28.250, 85.250, 0.0));
#5896 = CARTESIAN_POINT('', (31.250, 83.750, 0.0));
#5897 = VERTEX_POINT('', #5894);
#5898 = VERTEX_POINT('', #5895);
#5899 = VERTEX_POINT('', #5896);
#5900 = LINE('', #5894, #611);
#5901 = LINE('', #5895, #614);
#5902 = LINE('', #5896, #615);
#5903 = EDGE_CURVE('', #5897, #5898, #5900, .T.);
#5904 = EDGE_CURVE('', #5898, #5899, #5901, .T.);
#5905 = EDGE_CURVE('', #5899, #5897, #5902, .T.);
#5906 = ORIENTED_EDGE('', *, *, #5903, .T.);
#5907 = ORIENTED_EDGE('', *, *, #5904, .T.);
#5908 = ORIENTED_EDGE('', *, *, #5905, .T.);
#5909 = EDGE_LOOP('', (#5906, #5907, #5908));
#5910 = FACE_BOUND('', #5909, .T.);

/* ==== Hole 347 (row 17, col 6) CW ==== */
#5911 = CARTESIAN_POINT('', (32.750, 82.250, 0.0));
#5912 = CARTESIAN_POINT('', (32.750, 85.250, 0.0));
#5913 = CARTESIAN_POINT('', (35.750, 83.750, 0.0));
#5914 = VERTEX_POINT('', #5911);
#5915 = VERTEX_POINT('', #5912);
#5916 = VERTEX_POINT('', #5913);
#5917 = LINE('', #5911, #611);
#5918 = LINE('', #5912, #614);
#5919 = LINE('', #5913, #615);
#5920 = EDGE_CURVE('', #5914, #5915, #5917, .T.);
#5921 = EDGE_CURVE('', #5915, #5916, #5918, .T.);
#5922 = EDGE_CURVE('', #5916, #5914, #5919, .T.);
#5923 = ORIENTED_EDGE('', *, *, #5920, .T.);
#5924 = ORIENTED_EDGE('', *, *, #5921, .T.);
#5925 = ORIENTED_EDGE('', *, *, #5922, .T.);
#5926 = EDGE_LOOP('', (#5923, #5924, #5925));
#5927 = FACE_BOUND('', #5926, .T.);

/* ==== Hole 348 (row 17, col 7) CW ==== */
#5928 = CARTESIAN_POINT('', (37.250, 82.250, 0.0));
#5929 = CARTESIAN_POINT('', (37.250, 85.250, 0.0));
#5930 = CARTESIAN_POINT('', (40.250, 83.750, 0.0));
#5931 = VERTEX_POINT('', #5928);
#5932 = VERTEX_POINT('', #5929);
#5933 = VERTEX_POINT('', #5930);
#5934 = LINE('', #5928, #611);
#5935 = LINE('', #5929, #614);
#5936 = LINE('', #5930, #615);
#5937 = EDGE_CURVE('', #5931, #5932, #5934, .T.);
#5938 = EDGE_CURVE('', #5932, #5933, #5935, .T.);
#5939 = EDGE_CURVE('', #5933, #5931, #5936, .T.);
#5940 = ORIENTED_EDGE('', *, *, #5937, .T.);
#5941 = ORIENTED_EDGE('', *, *, #5938, .T.);
#5942 = ORIENTED_EDGE('', *, *, #5939, .T.);
#5943 = EDGE_LOOP('', (#5940, #5941, #5942));
#5944 = FACE_BOUND('', #5943, .T.);

/* ==== Hole 349 (row 17, col 8) CW ==== */
#5945 = CARTESIAN_POINT('', (41.750, 82.250, 0.0));
#5946 = CARTESIAN_POINT('', (41.750, 85.250, 0.0));
#5947 = CARTESIAN_POINT('', (44.750, 83.750, 0.0));
#5948 = VERTEX_POINT('', #5945);
#5949 = VERTEX_POINT('', #5946);
#5950 = VERTEX_POINT('', #5947);
#5951 = LINE('', #5945, #611);
#5952 = LINE('', #5946, #614);
#5953 = LINE('', #5947, #615);
#5954 = EDGE_CURVE('', #5948, #5949, #5951, .T.);
#5955 = EDGE_CURVE('', #5949, #5950, #5952, .T.);
#5956 = EDGE_CURVE('', #5950, #5948, #5953, .T.);
#5957 = ORIENTED_EDGE('', *, *, #5954, .T.);
#5958 = ORIENTED_EDGE('', *, *, #5955, .T.);
#5959 = ORIENTED_EDGE('', *, *, #5956, .T.);
#5960 = EDGE_LOOP('', (#5957, #5958, #5959));
#5961 = FACE_BOUND('', #5960, .T.);

/* ==== Hole 350 (row 17, col 9) CW ==== */
#5962 = CARTESIAN_POINT('', (46.250, 82.250, 0.0));
#5963 = CARTESIAN_POINT('', (46.250, 85.250, 0.0));
#5964 = CARTESIAN_POINT('', (49.250, 83.750, 0.0));
#5965 = VERTEX_POINT('', #5962);
#5966 = VERTEX_POINT('', #5963);
#5967 = VERTEX_POINT('', #5964);
#5968 = LINE('', #5962, #611);
#5969 = LINE('', #5963, #614);
#5970 = LINE('', #5964, #615);
#5971 = EDGE_CURVE('', #5965, #5966, #5968, .T.);
#5972 = EDGE_CURVE('', #5966, #5967, #5969, .T.);
#5973 = EDGE_CURVE('', #5967, #5965, #5970, .T.);
#5974 = ORIENTED_EDGE('', *, *, #5971, .T.);
#5975 = ORIENTED_EDGE('', *, *, #5972, .T.);
#5976 = ORIENTED_EDGE('', *, *, #5973, .T.);
#5977 = EDGE_LOOP('', (#5974, #5975, #5976));
#5978 = FACE_BOUND('', #5977, .T.);

/* ==== Hole 351 (row 17, col 10) CW ==== */
#5979 = CARTESIAN_POINT('', (50.750, 82.250, 0.0));
#5980 = CARTESIAN_POINT('', (50.750, 85.250, 0.0));
#5981 = CARTESIAN_POINT('', (53.750, 83.750, 0.0));
#5982 = VERTEX_POINT('', #5979);
#5983 = VERTEX_POINT('', #5980);
#5984 = VERTEX_POINT('', #5981);
#5985 = LINE('', #5979, #611);
#5986 = LINE('', #5980, #614);
#5987 = LINE('', #5981, #615);
#5988 = EDGE_CURVE('', #5982, #5983, #5985, .T.);
#5989 = EDGE_CURVE('', #5983, #5984, #5986, .T.);
#5990 = EDGE_CURVE('', #5984, #5982, #5987, .T.);
#5991 = ORIENTED_EDGE('', *, *, #5988, .T.);
#5992 = ORIENTED_EDGE('', *, *, #5989, .T.);
#5993 = ORIENTED_EDGE('', *, *, #5990, .T.);
#5994 = EDGE_LOOP('', (#5991, #5992, #5993));
#5995 = FACE_BOUND('', #5994, .T.);

/* ==== Hole 352 (row 17, col 11) CW ==== */
#5996 = CARTESIAN_POINT('', (55.250, 82.250, 0.0));
#5997 = CARTESIAN_POINT('', (55.250, 85.250, 0.0));
#5998 = CARTESIAN_POINT('', (58.250, 83.750, 0.0));
#5999 = VERTEX_POINT('', #5996);
#6000 = VERTEX_POINT('', #5997);
#6001 = VERTEX_POINT('', #5998);
#6002 = LINE('', #5996, #611);
#6003 = LINE('', #5997, #614);
#6004 = LINE('', #5998, #615);
#6005 = EDGE_CURVE('', #5999, #6000, #6002, .T.);
#6006 = EDGE_CURVE('', #6000, #6001, #6003, .T.);
#6007 = EDGE_CURVE('', #6001, #5999, #6004, .T.);
#6008 = ORIENTED_EDGE('', *, *, #6005, .T.);
#6009 = ORIENTED_EDGE('', *, *, #6006, .T.);
#6010 = ORIENTED_EDGE('', *, *, #6007, .T.);
#6011 = EDGE_LOOP('', (#6008, #6009, #6010));
#6012 = FACE_BOUND('', #6011, .T.);

/* ==== Hole 353 (row 17, col 12) CW ==== */
#6013 = CARTESIAN_POINT('', (59.750, 82.250, 0.0));
#6014 = CARTESIAN_POINT('', (59.750, 85.250, 0.0));
#6015 = CARTESIAN_POINT('', (62.750, 83.750, 0.0));
#6016 = VERTEX_POINT('', #6013);
#6017 = VERTEX_POINT('', #6014);
#6018 = VERTEX_POINT('', #6015);
#6019 = LINE('', #6013, #611);
#6020 = LINE('', #6014, #614);
#6021 = LINE('', #6015, #615);
#6022 = EDGE_CURVE('', #6016, #6017, #6019, .T.);
#6023 = EDGE_CURVE('', #6017, #6018, #6020, .T.);
#6024 = EDGE_CURVE('', #6018, #6016, #6021, .T.);
#6025 = ORIENTED_EDGE('', *, *, #6022, .T.);
#6026 = ORIENTED_EDGE('', *, *, #6023, .T.);
#6027 = ORIENTED_EDGE('', *, *, #6024, .T.);
#6028 = EDGE_LOOP('', (#6025, #6026, #6027));
#6029 = FACE_BOUND('', #6028, .T.);

/* ==== Hole 354 (row 17, col 13) CW ==== */
#6030 = CARTESIAN_POINT('', (64.250, 82.250, 0.0));
#6031 = CARTESIAN_POINT('', (64.250, 85.250, 0.0));
#6032 = CARTESIAN_POINT('', (67.250, 83.750, 0.0));
#6033 = VERTEX_POINT('', #6030);
#6034 = VERTEX_POINT('', #6031);
#6035 = VERTEX_POINT('', #6032);
#6036 = LINE('', #6030, #611);
#6037 = LINE('', #6031, #614);
#6038 = LINE('', #6032, #615);
#6039 = EDGE_CURVE('', #6033, #6034, #6036, .T.);
#6040 = EDGE_CURVE('', #6034, #6035, #6037, .T.);
#6041 = EDGE_CURVE('', #6035, #6033, #6038, .T.);
#6042 = ORIENTED_EDGE('', *, *, #6039, .T.);
#6043 = ORIENTED_EDGE('', *, *, #6040, .T.);
#6044 = ORIENTED_EDGE('', *, *, #6041, .T.);
#6045 = EDGE_LOOP('', (#6042, #6043, #6044));
#6046 = FACE_BOUND('', #6045, .T.);

/* ==== Hole 355 (row 17, col 14) CW ==== */
#6047 = CARTESIAN_POINT('', (68.750, 82.250, 0.0));
#6048 = CARTESIAN_POINT('', (68.750, 85.250, 0.0));
#6049 = CARTESIAN_POINT('', (71.750, 83.750, 0.0));
#6050 = VERTEX_POINT('', #6047);
#6051 = VERTEX_POINT('', #6048);
#6052 = VERTEX_POINT('', #6049);
#6053 = LINE('', #6047, #611);
#6054 = LINE('', #6048, #614);
#6055 = LINE('', #6049, #615);
#6056 = EDGE_CURVE('', #6050, #6051, #6053, .T.);
#6057 = EDGE_CURVE('', #6051, #6052, #6054, .T.);
#6058 = EDGE_CURVE('', #6052, #6050, #6055, .T.);
#6059 = ORIENTED_EDGE('', *, *, #6056, .T.);
#6060 = ORIENTED_EDGE('', *, *, #6057, .T.);
#6061 = ORIENTED_EDGE('', *, *, #6058, .T.);
#6062 = EDGE_LOOP('', (#6059, #6060, #6061));
#6063 = FACE_BOUND('', #6062, .T.);

/* ==== Hole 356 (row 17, col 15) CW ==== */
#6064 = CARTESIAN_POINT('', (73.250, 82.250, 0.0));
#6065 = CARTESIAN_POINT('', (73.250, 85.250, 0.0));
#6066 = CARTESIAN_POINT('', (76.250, 83.750, 0.0));
#6067 = VERTEX_POINT('', #6064);
#6068 = VERTEX_POINT('', #6065);
#6069 = VERTEX_POINT('', #6066);
#6070 = LINE('', #6064, #611);
#6071 = LINE('', #6065, #614);
#6072 = LINE('', #6066, #615);
#6073 = EDGE_CURVE('', #6067, #6068, #6070, .T.);
#6074 = EDGE_CURVE('', #6068, #6069, #6071, .T.);
#6075 = EDGE_CURVE('', #6069, #6067, #6072, .T.);
#6076 = ORIENTED_EDGE('', *, *, #6073, .T.);
#6077 = ORIENTED_EDGE('', *, *, #6074, .T.);
#6078 = ORIENTED_EDGE('', *, *, #6075, .T.);
#6079 = EDGE_LOOP('', (#6076, #6077, #6078));
#6080 = FACE_BOUND('', #6079, .T.);

/* ==== Hole 357 (row 17, col 16) CW ==== */
#6081 = CARTESIAN_POINT('', (77.750, 82.250, 0.0));
#6082 = CARTESIAN_POINT('', (77.750, 85.250, 0.0));
#6083 = CARTESIAN_POINT('', (80.750, 83.750, 0.0));
#6084 = VERTEX_POINT('', #6081);
#6085 = VERTEX_POINT('', #6082);
#6086 = VERTEX_POINT('', #6083);
#6087 = LINE('', #6081, #611);
#6088 = LINE('', #6082, #614);
#6089 = LINE('', #6083, #615);
#6090 = EDGE_CURVE('', #6084, #6085, #6087, .T.);
#6091 = EDGE_CURVE('', #6085, #6086, #6088, .T.);
#6092 = EDGE_CURVE('', #6086, #6084, #6089, .T.);
#6093 = ORIENTED_EDGE('', *, *, #6090, .T.);
#6094 = ORIENTED_EDGE('', *, *, #6091, .T.);
#6095 = ORIENTED_EDGE('', *, *, #6092, .T.);
#6096 = EDGE_LOOP('', (#6093, #6094, #6095));
#6097 = FACE_BOUND('', #6096, .T.);

/* ==== Hole 358 (row 17, col 17) CW ==== */
#6098 = CARTESIAN_POINT('', (82.250, 82.250, 0.0));
#6099 = CARTESIAN_POINT('', (82.250, 85.250, 0.0));
#6100 = CARTESIAN_POINT('', (85.250, 83.750, 0.0));
#6101 = VERTEX_POINT('', #6098);
#6102 = VERTEX_POINT('', #6099);
#6103 = VERTEX_POINT('', #6100);
#6104 = LINE('', #6098, #611);
#6105 = LINE('', #6099, #614);
#6106 = LINE('', #6100, #615);
#6107 = EDGE_CURVE('', #6101, #6102, #6104, .T.);
#6108 = EDGE_CURVE('', #6102, #6103, #6105, .T.);
#6109 = EDGE_CURVE('', #6103, #6101, #6106, .T.);
#6110 = ORIENTED_EDGE('', *, *, #6107, .T.);
#6111 = ORIENTED_EDGE('', *, *, #6108, .T.);
#6112 = ORIENTED_EDGE('', *, *, #6109, .T.);
#6113 = EDGE_LOOP('', (#6110, #6111, #6112));
#6114 = FACE_BOUND('', #6113, .T.);

/* ==== Hole 359 (row 17, col 18) CW ==== */
#6115 = CARTESIAN_POINT('', (86.750, 82.250, 0.0));
#6116 = CARTESIAN_POINT('', (86.750, 85.250, 0.0));
#6117 = CARTESIAN_POINT('', (89.750, 83.750, 0.0));
#6118 = VERTEX_POINT('', #6115);
#6119 = VERTEX_POINT('', #6116);
#6120 = VERTEX_POINT('', #6117);
#6121 = LINE('', #6115, #611);
#6122 = LINE('', #6116, #614);
#6123 = LINE('', #6117, #615);
#6124 = EDGE_CURVE('', #6118, #6119, #6121, .T.);
#6125 = EDGE_CURVE('', #6119, #6120, #6122, .T.);
#6126 = EDGE_CURVE('', #6120, #6118, #6123, .T.);
#6127 = ORIENTED_EDGE('', *, *, #6124, .T.);
#6128 = ORIENTED_EDGE('', *, *, #6125, .T.);
#6129 = ORIENTED_EDGE('', *, *, #6126, .T.);
#6130 = EDGE_LOOP('', (#6127, #6128, #6129));
#6131 = FACE_BOUND('', #6130, .T.);

/* ==== Hole 360 (row 17, col 19) CW ==== */
#6132 = CARTESIAN_POINT('', (91.250, 82.250, 0.0));
#6133 = CARTESIAN_POINT('', (91.250, 85.250, 0.0));
#6134 = CARTESIAN_POINT('', (94.250, 83.750, 0.0));
#6135 = VERTEX_POINT('', #6132);
#6136 = VERTEX_POINT('', #6133);
#6137 = VERTEX_POINT('', #6134);
#6138 = LINE('', #6132, #611);
#6139 = LINE('', #6133, #614);
#6140 = LINE('', #6134, #615);
#6141 = EDGE_CURVE('', #6135, #6136, #6138, .T.);
#6142 = EDGE_CURVE('', #6136, #6137, #6139, .T.);
#6143 = EDGE_CURVE('', #6137, #6135, #6140, .T.);
#6144 = ORIENTED_EDGE('', *, *, #6141, .T.);
#6145 = ORIENTED_EDGE('', *, *, #6142, .T.);
#6146 = ORIENTED_EDGE('', *, *, #6143, .T.);
#6147 = EDGE_LOOP('', (#6144, #6145, #6146));
#6148 = FACE_BOUND('', #6147, .T.);

/* ==== Hole 361 (row 18, col 0) CW ==== */
#6149 = CARTESIAN_POINT('', (5.750, 86.750, 0.0));
#6150 = CARTESIAN_POINT('', (5.750, 89.750, 0.0));
#6151 = CARTESIAN_POINT('', (8.750, 88.250, 0.0));
#6152 = VERTEX_POINT('', #6149);
#6153 = VERTEX_POINT('', #6150);
#6154 = VERTEX_POINT('', #6151);
#6155 = LINE('', #6149, #611);
#6156 = LINE('', #6150, #614);
#6157 = LINE('', #6151, #615);
#6158 = EDGE_CURVE('', #6152, #6153, #6155, .T.);
#6159 = EDGE_CURVE('', #6153, #6154, #6156, .T.);
#6160 = EDGE_CURVE('', #6154, #6152, #6157, .T.);
#6161 = ORIENTED_EDGE('', *, *, #6158, .T.);
#6162 = ORIENTED_EDGE('', *, *, #6159, .T.);
#6163 = ORIENTED_EDGE('', *, *, #6160, .T.);
#6164 = EDGE_LOOP('', (#6161, #6162, #6163));
#6165 = FACE_BOUND('', #6164, .T.);

/* ==== Hole 362 (row 18, col 1) CW ==== */
#6166 = CARTESIAN_POINT('', (10.250, 86.750, 0.0));
#6167 = CARTESIAN_POINT('', (10.250, 89.750, 0.0));
#6168 = CARTESIAN_POINT('', (13.250, 88.250, 0.0));
#6169 = VERTEX_POINT('', #6166);
#6170 = VERTEX_POINT('', #6167);
#6171 = VERTEX_POINT('', #6168);
#6172 = LINE('', #6166, #611);
#6173 = LINE('', #6167, #614);
#6174 = LINE('', #6168, #615);
#6175 = EDGE_CURVE('', #6169, #6170, #6172, .T.);
#6176 = EDGE_CURVE('', #6170, #6171, #6173, .T.);
#6177 = EDGE_CURVE('', #6171, #6169, #6174, .T.);
#6178 = ORIENTED_EDGE('', *, *, #6175, .T.);
#6179 = ORIENTED_EDGE('', *, *, #6176, .T.);
#6180 = ORIENTED_EDGE('', *, *, #6177, .T.);
#6181 = EDGE_LOOP('', (#6178, #6179, #6180));
#6182 = FACE_BOUND('', #6181, .T.);

/* ==== Hole 363 (row 18, col 2) CW ==== */
#6183 = CARTESIAN_POINT('', (14.750, 86.750, 0.0));
#6184 = CARTESIAN_POINT('', (14.750, 89.750, 0.0));
#6185 = CARTESIAN_POINT('', (17.750, 88.250, 0.0));
#6186 = VERTEX_POINT('', #6183);
#6187 = VERTEX_POINT('', #6184);
#6188 = VERTEX_POINT('', #6185);
#6189 = LINE('', #6183, #611);
#6190 = LINE('', #6184, #614);
#6191 = LINE('', #6185, #615);
#6192 = EDGE_CURVE('', #6186, #6187, #6189, .T.);
#6193 = EDGE_CURVE('', #6187, #6188, #6190, .T.);
#6194 = EDGE_CURVE('', #6188, #6186, #6191, .T.);
#6195 = ORIENTED_EDGE('', *, *, #6192, .T.);
#6196 = ORIENTED_EDGE('', *, *, #6193, .T.);
#6197 = ORIENTED_EDGE('', *, *, #6194, .T.);
#6198 = EDGE_LOOP('', (#6195, #6196, #6197));
#6199 = FACE_BOUND('', #6198, .T.);

/* ==== Hole 364 (row 18, col 3) CW ==== */
#6200 = CARTESIAN_POINT('', (19.250, 86.750, 0.0));
#6201 = CARTESIAN_POINT('', (19.250, 89.750, 0.0));
#6202 = CARTESIAN_POINT('', (22.250, 88.250, 0.0));
#6203 = VERTEX_POINT('', #6200);
#6204 = VERTEX_POINT('', #6201);
#6205 = VERTEX_POINT('', #6202);
#6206 = LINE('', #6200, #611);
#6207 = LINE('', #6201, #614);
#6208 = LINE('', #6202, #615);
#6209 = EDGE_CURVE('', #6203, #6204, #6206, .T.);
#6210 = EDGE_CURVE('', #6204, #6205, #6207, .T.);
#6211 = EDGE_CURVE('', #6205, #6203, #6208, .T.);
#6212 = ORIENTED_EDGE('', *, *, #6209, .T.);
#6213 = ORIENTED_EDGE('', *, *, #6210, .T.);
#6214 = ORIENTED_EDGE('', *, *, #6211, .T.);
#6215 = EDGE_LOOP('', (#6212, #6213, #6214));
#6216 = FACE_BOUND('', #6215, .T.);

/* ==== Hole 365 (row 18, col 4) CW ==== */
#6217 = CARTESIAN_POINT('', (23.750, 86.750, 0.0));
#6218 = CARTESIAN_POINT('', (23.750, 89.750, 0.0));
#6219 = CARTESIAN_POINT('', (26.750, 88.250, 0.0));
#6220 = VERTEX_POINT('', #6217);
#6221 = VERTEX_POINT('', #6218);
#6222 = VERTEX_POINT('', #6219);
#6223 = LINE('', #6217, #611);
#6224 = LINE('', #6218, #614);
#6225 = LINE('', #6219, #615);
#6226 = EDGE_CURVE('', #6220, #6221, #6223, .T.);
#6227 = EDGE_CURVE('', #6221, #6222, #6224, .T.);
#6228 = EDGE_CURVE('', #6222, #6220, #6225, .T.);
#6229 = ORIENTED_EDGE('', *, *, #6226, .T.);
#6230 = ORIENTED_EDGE('', *, *, #6227, .T.);
#6231 = ORIENTED_EDGE('', *, *, #6228, .T.);
#6232 = EDGE_LOOP('', (#6229, #6230, #6231));
#6233 = FACE_BOUND('', #6232, .T.);

/* ==== Hole 366 (row 18, col 5) CW ==== */
#6234 = CARTESIAN_POINT('', (28.250, 86.750, 0.0));
#6235 = CARTESIAN_POINT('', (28.250, 89.750, 0.0));
#6236 = CARTESIAN_POINT('', (31.250, 88.250, 0.0));
#6237 = VERTEX_POINT('', #6234);
#6238 = VERTEX_POINT('', #6235);
#6239 = VERTEX_POINT('', #6236);
#6240 = LINE('', #6234, #611);
#6241 = LINE('', #6235, #614);
#6242 = LINE('', #6236, #615);
#6243 = EDGE_CURVE('', #6237, #6238, #6240, .T.);
#6244 = EDGE_CURVE('', #6238, #6239, #6241, .T.);
#6245 = EDGE_CURVE('', #6239, #6237, #6242, .T.);
#6246 = ORIENTED_EDGE('', *, *, #6243, .T.);
#6247 = ORIENTED_EDGE('', *, *, #6244, .T.);
#6248 = ORIENTED_EDGE('', *, *, #6245, .T.);
#6249 = EDGE_LOOP('', (#6246, #6247, #6248));
#6250 = FACE_BOUND('', #6249, .T.);

/* ==== Hole 367 (row 18, col 6) CW ==== */
#6251 = CARTESIAN_POINT('', (32.750, 86.750, 0.0));
#6252 = CARTESIAN_POINT('', (32.750, 89.750, 0.0));
#6253 = CARTESIAN_POINT('', (35.750, 88.250, 0.0));
#6254 = VERTEX_POINT('', #6251);
#6255 = VERTEX_POINT('', #6252);
#6256 = VERTEX_POINT('', #6253);
#6257 = LINE('', #6251, #611);
#6258 = LINE('', #6252, #614);
#6259 = LINE('', #6253, #615);
#6260 = EDGE_CURVE('', #6254, #6255, #6257, .T.);
#6261 = EDGE_CURVE('', #6255, #6256, #6258, .T.);
#6262 = EDGE_CURVE('', #6256, #6254, #6259, .T.);
#6263 = ORIENTED_EDGE('', *, *, #6260, .T.);
#6264 = ORIENTED_EDGE('', *, *, #6261, .T.);
#6265 = ORIENTED_EDGE('', *, *, #6262, .T.);
#6266 = EDGE_LOOP('', (#6263, #6264, #6265));
#6267 = FACE_BOUND('', #6266, .T.);

/* ==== Hole 368 (row 18, col 7) CW ==== */
#6268 = CARTESIAN_POINT('', (37.250, 86.750, 0.0));
#6269 = CARTESIAN_POINT('', (37.250, 89.750, 0.0));
#6270 = CARTESIAN_POINT('', (40.250, 88.250, 0.0));
#6271 = VERTEX_POINT('', #6268);
#6272 = VERTEX_POINT('', #6269);
#6273 = VERTEX_POINT('', #6270);
#6274 = LINE('', #6268, #611);
#6275 = LINE('', #6269, #614);
#6276 = LINE('', #6270, #615);
#6277 = EDGE_CURVE('', #6271, #6272, #6274, .T.);
#6278 = EDGE_CURVE('', #6272, #6273, #6275, .T.);
#6279 = EDGE_CURVE('', #6273, #6271, #6276, .T.);
#6280 = ORIENTED_EDGE('', *, *, #6277, .T.);
#6281 = ORIENTED_EDGE('', *, *, #6278, .T.);
#6282 = ORIENTED_EDGE('', *, *, #6279, .T.);
#6283 = EDGE_LOOP('', (#6280, #6281, #6282));
#6284 = FACE_BOUND('', #6283, .T.);

/* ==== Hole 369 (row 18, col 8) CW ==== */
#6285 = CARTESIAN_POINT('', (41.750, 86.750, 0.0));
#6286 = CARTESIAN_POINT('', (41.750, 89.750, 0.0));
#6287 = CARTESIAN_POINT('', (44.750, 88.250, 0.0));
#6288 = VERTEX_POINT('', #6285);
#6289 = VERTEX_POINT('', #6286);
#6290 = VERTEX_POINT('', #6287);
#6291 = LINE('', #6285, #611);
#6292 = LINE('', #6286, #614);
#6293 = LINE('', #6287, #615);
#6294 = EDGE_CURVE('', #6288, #6289, #6291, .T.);
#6295 = EDGE_CURVE('', #6289, #6290, #6292, .T.);
#6296 = EDGE_CURVE('', #6290, #6288, #6293, .T.);
#6297 = ORIENTED_EDGE('', *, *, #6294, .T.);
#6298 = ORIENTED_EDGE('', *, *, #6295, .T.);
#6299 = ORIENTED_EDGE('', *, *, #6296, .T.);
#6300 = EDGE_LOOP('', (#6297, #6298, #6299));
#6301 = FACE_BOUND('', #6300, .T.);

/* ==== Hole 370 (row 18, col 9) CW ==== */
#6302 = CARTESIAN_POINT('', (46.250, 86.750, 0.0));
#6303 = CARTESIAN_POINT('', (46.250, 89.750, 0.0));
#6304 = CARTESIAN_POINT('', (49.250, 88.250, 0.0));
#6305 = VERTEX_POINT('', #6302);
#6306 = VERTEX_POINT('', #6303);
#6307 = VERTEX_POINT('', #6304);
#6308 = LINE('', #6302, #611);
#6309 = LINE('', #6303, #614);
#6310 = LINE('', #6304, #615);
#6311 = EDGE_CURVE('', #6305, #6306, #6308, .T.);
#6312 = EDGE_CURVE('', #6306, #6307, #6309, .T.);
#6313 = EDGE_CURVE('', #6307, #6305, #6310, .T.);
#6314 = ORIENTED_EDGE('', *, *, #6311, .T.);
#6315 = ORIENTED_EDGE('', *, *, #6312, .T.);
#6316 = ORIENTED_EDGE('', *, *, #6313, .T.);
#6317 = EDGE_LOOP('', (#6314, #6315, #6316));
#6318 = FACE_BOUND('', #6317, .T.);

/* ==== Hole 371 (row 18, col 10) CW ==== */
#6319 = CARTESIAN_POINT('', (50.750, 86.750, 0.0));
#6320 = CARTESIAN_POINT('', (50.750, 89.750, 0.0));
#6321 = CARTESIAN_POINT('', (53.750, 88.250, 0.0));
#6322 = VERTEX_POINT('', #6319);
#6323 = VERTEX_POINT('', #6320);
#6324 = VERTEX_POINT('', #6321);
#6325 = LINE('', #6319, #611);
#6326 = LINE('', #6320, #614);
#6327 = LINE('', #6321, #615);
#6328 = EDGE_CURVE('', #6322, #6323, #6325, .T.);
#6329 = EDGE_CURVE('', #6323, #6324, #6326, .T.);
#6330 = EDGE_CURVE('', #6324, #6322, #6327, .T.);
#6331 = ORIENTED_EDGE('', *, *, #6328, .T.);
#6332 = ORIENTED_EDGE('', *, *, #6329, .T.);
#6333 = ORIENTED_EDGE('', *, *, #6330, .T.);
#6334 = EDGE_LOOP('', (#6331, #6332, #6333));
#6335 = FACE_BOUND('', #6334, .T.);

/* ==== Hole 372 (row 18, col 11) CW ==== */
#6336 = CARTESIAN_POINT('', (55.250, 86.750, 0.0));
#6337 = CARTESIAN_POINT('', (55.250, 89.750, 0.0));
#6338 = CARTESIAN_POINT('', (58.250, 88.250, 0.0));
#6339 = VERTEX_POINT('', #6336);
#6340 = VERTEX_POINT('', #6337);
#6341 = VERTEX_POINT('', #6338);
#6342 = LINE('', #6336, #611);
#6343 = LINE('', #6337, #614);
#6344 = LINE('', #6338, #615);
#6345 = EDGE_CURVE('', #6339, #6340, #6342, .T.);
#6346 = EDGE_CURVE('', #6340, #6341, #6343, .T.);
#6347 = EDGE_CURVE('', #6341, #6339, #6344, .T.);
#6348 = ORIENTED_EDGE('', *, *, #6345, .T.);
#6349 = ORIENTED_EDGE('', *, *, #6346, .T.);
#6350 = ORIENTED_EDGE('', *, *, #6347, .T.);
#6351 = EDGE_LOOP('', (#6348, #6349, #6350));
#6352 = FACE_BOUND('', #6351, .T.);

/* ==== Hole 373 (row 18, col 12) CW ==== */
#6353 = CARTESIAN_POINT('', (59.750, 86.750, 0.0));
#6354 = CARTESIAN_POINT('', (59.750, 89.750, 0.0));
#6355 = CARTESIAN_POINT('', (62.750, 88.250, 0.0));
#6356 = VERTEX_POINT('', #6353);
#6357 = VERTEX_POINT('', #6354);
#6358 = VERTEX_POINT('', #6355);
#6359 = LINE('', #6353, #611);
#6360 = LINE('', #6354, #614);
#6361 = LINE('', #6355, #615);
#6362 = EDGE_CURVE('', #6356, #6357, #6359, .T.);
#6363 = EDGE_CURVE('', #6357, #6358, #6360, .T.);
#6364 = EDGE_CURVE('', #6358, #6356, #6361, .T.);
#6365 = ORIENTED_EDGE('', *, *, #6362, .T.);
#6366 = ORIENTED_EDGE('', *, *, #6363, .T.);
#6367 = ORIENTED_EDGE('', *, *, #6364, .T.);
#6368 = EDGE_LOOP('', (#6365, #6366, #6367));
#6369 = FACE_BOUND('', #6368, .T.);

/* ==== Hole 374 (row 18, col 13) CW ==== */
#6370 = CARTESIAN_POINT('', (64.250, 86.750, 0.0));
#6371 = CARTESIAN_POINT('', (64.250, 89.750, 0.0));
#6372 = CARTESIAN_POINT('', (67.250, 88.250, 0.0));
#6373 = VERTEX_POINT('', #6370);
#6374 = VERTEX_POINT('', #6371);
#6375 = VERTEX_POINT('', #6372);
#6376 = LINE('', #6370, #611);
#6377 = LINE('', #6371, #614);
#6378 = LINE('', #6372, #615);
#6379 = EDGE_CURVE('', #6373, #6374, #6376, .T.);
#6380 = EDGE_CURVE('', #6374, #6375, #6377, .T.);
#6381 = EDGE_CURVE('', #6375, #6373, #6378, .T.);
#6382 = ORIENTED_EDGE('', *, *, #6379, .T.);
#6383 = ORIENTED_EDGE('', *, *, #6380, .T.);
#6384 = ORIENTED_EDGE('', *, *, #6381, .T.);
#6385 = EDGE_LOOP('', (#6382, #6383, #6384));
#6386 = FACE_BOUND('', #6385, .T.);

/* ==== Hole 375 (row 18, col 14) CW ==== */
#6387 = CARTESIAN_POINT('', (68.750, 86.750, 0.0));
#6388 = CARTESIAN_POINT('', (68.750, 89.750, 0.0));
#6389 = CARTESIAN_POINT('', (71.750, 88.250, 0.0));
#6390 = VERTEX_POINT('', #6387);
#6391 = VERTEX_POINT('', #6388);
#6392 = VERTEX_POINT('', #6389);
#6393 = LINE('', #6387, #611);
#6394 = LINE('', #6388, #614);
#6395 = LINE('', #6389, #615);
#6396 = EDGE_CURVE('', #6390, #6391, #6393, .T.);
#6397 = EDGE_CURVE('', #6391, #6392, #6394, .T.);
#6398 = EDGE_CURVE('', #6392, #6390, #6395, .T.);
#6399 = ORIENTED_EDGE('', *, *, #6396, .T.);
#6400 = ORIENTED_EDGE('', *, *, #6397, .T.);
#6401 = ORIENTED_EDGE('', *, *, #6398, .T.);
#6402 = EDGE_LOOP('', (#6399, #6400, #6401));
#6403 = FACE_BOUND('', #6402, .T.);

/* ==== Hole 376 (row 18, col 15) CW ==== */
#6404 = CARTESIAN_POINT('', (73.250, 86.750, 0.0));
#6405 = CARTESIAN_POINT('', (73.250, 89.750, 0.0));
#6406 = CARTESIAN_POINT('', (76.250, 88.250, 0.0));
#6407 = VERTEX_POINT('', #6404);
#6408 = VERTEX_POINT('', #6405);
#6409 = VERTEX_POINT('', #6406);
#6410 = LINE('', #6404, #611);
#6411 = LINE('', #6405, #614);
#6412 = LINE('', #6406, #615);
#6413 = EDGE_CURVE('', #6407, #6408, #6410, .T.);
#6414 = EDGE_CURVE('', #6408, #6409, #6411, .T.);
#6415 = EDGE_CURVE('', #6409, #6407, #6412, .T.);
#6416 = ORIENTED_EDGE('', *, *, #6413, .T.);
#6417 = ORIENTED_EDGE('', *, *, #6414, .T.);
#6418 = ORIENTED_EDGE('', *, *, #6415, .T.);
#6419 = EDGE_LOOP('', (#6416, #6417, #6418));
#6420 = FACE_BOUND('', #6419, .T.);

/* ==== Hole 377 (row 18, col 16) CW ==== */
#6421 = CARTESIAN_POINT('', (77.750, 86.750, 0.0));
#6422 = CARTESIAN_POINT('', (77.750, 89.750, 0.0));
#6423 = CARTESIAN_POINT('', (80.750, 88.250, 0.0));
#6424 = VERTEX_POINT('', #6421);
#6425 = VERTEX_POINT('', #6422);
#6426 = VERTEX_POINT('', #6423);
#6427 = LINE('', #6421, #611);
#6428 = LINE('', #6422, #614);
#6429 = LINE('', #6423, #615);
#6430 = EDGE_CURVE('', #6424, #6425, #6427, .T.);
#6431 = EDGE_CURVE('', #6425, #6426, #6428, .T.);
#6432 = EDGE_CURVE('', #6426, #6424, #6429, .T.);
#6433 = ORIENTED_EDGE('', *, *, #6430, .T.);
#6434 = ORIENTED_EDGE('', *, *, #6431, .T.);
#6435 = ORIENTED_EDGE('', *, *, #6432, .T.);
#6436 = EDGE_LOOP('', (#6433, #6434, #6435));
#6437 = FACE_BOUND('', #6436, .T.);

/* ==== Hole 378 (row 18, col 17) CW ==== */
#6438 = CARTESIAN_POINT('', (82.250, 86.750, 0.0));
#6439 = CARTESIAN_POINT('', (82.250, 89.750, 0.0));
#6440 = CARTESIAN_POINT('', (85.250, 88.250, 0.0));
#6441 = VERTEX_POINT('', #6438);
#6442 = VERTEX_POINT('', #6439);
#6443 = VERTEX_POINT('', #6440);
#6444 = LINE('', #6438, #611);
#6445 = LINE('', #6439, #614);
#6446 = LINE('', #6440, #615);
#6447 = EDGE_CURVE('', #6441, #6442, #6444, .T.);
#6448 = EDGE_CURVE('', #6442, #6443, #6445, .T.);
#6449 = EDGE_CURVE('', #6443, #6441, #6446, .T.);
#6450 = ORIENTED_EDGE('', *, *, #6447, .T.);
#6451 = ORIENTED_EDGE('', *, *, #6448, .T.);
#6452 = ORIENTED_EDGE('', *, *, #6449, .T.);
#6453 = EDGE_LOOP('', (#6450, #6451, #6452));
#6454 = FACE_BOUND('', #6453, .T.);

/* ==== Hole 379 (row 18, col 18) CW ==== */
#6455 = CARTESIAN_POINT('', (86.750, 86.750, 0.0));
#6456 = CARTESIAN_POINT('', (86.750, 89.750, 0.0));
#6457 = CARTESIAN_POINT('', (89.750, 88.250, 0.0));
#6458 = VERTEX_POINT('', #6455);
#6459 = VERTEX_POINT('', #6456);
#6460 = VERTEX_POINT('', #6457);
#6461 = LINE('', #6455, #611);
#6462 = LINE('', #6456, #614);
#6463 = LINE('', #6457, #615);
#6464 = EDGE_CURVE('', #6458, #6459, #6461, .T.);
#6465 = EDGE_CURVE('', #6459, #6460, #6462, .T.);
#6466 = EDGE_CURVE('', #6460, #6458, #6463, .T.);
#6467 = ORIENTED_EDGE('', *, *, #6464, .T.);
#6468 = ORIENTED_EDGE('', *, *, #6465, .T.);
#6469 = ORIENTED_EDGE('', *, *, #6466, .T.);
#6470 = EDGE_LOOP('', (#6467, #6468, #6469));
#6471 = FACE_BOUND('', #6470, .T.);

/* ==== Hole 380 (row 18, col 19) CW ==== */
#6472 = CARTESIAN_POINT('', (91.250, 86.750, 0.0));
#6473 = CARTESIAN_POINT('', (91.250, 89.750, 0.0));
#6474 = CARTESIAN_POINT('', (94.250, 88.250, 0.0));
#6475 = VERTEX_POINT('', #6472);
#6476 = VERTEX_POINT('', #6473);
#6477 = VERTEX_POINT('', #6474);
#6478 = LINE('', #6472, #611);
#6479 = LINE('', #6473, #614);
#6480 = LINE('', #6474, #615);
#6481 = EDGE_CURVE('', #6475, #6476, #6478, .T.);
#6482 = EDGE_CURVE('', #6476, #6477, #6479, .T.);
#6483 = EDGE_CURVE('', #6477, #6475, #6480, .T.);
#6484 = ORIENTED_EDGE('', *, *, #6481, .T.);
#6485 = ORIENTED_EDGE('', *, *, #6482, .T.);
#6486 = ORIENTED_EDGE('', *, *, #6483, .T.);
#6487 = EDGE_LOOP('', (#6484, #6485, #6486));
#6488 = FACE_BOUND('', #6487, .T.);

/* ==== Hole 381 (row 19, col 0) CW ==== */
#6489 = CARTESIAN_POINT('', (5.750, 91.250, 0.0));
#6490 = CARTESIAN_POINT('', (5.750, 94.250, 0.0));
#6491 = CARTESIAN_POINT('', (8.750, 92.750, 0.0));
#6492 = VERTEX_POINT('', #6489);
#6493 = VERTEX_POINT('', #6490);
#6494 = VERTEX_POINT('', #6491);
#6495 = LINE('', #6489, #611);
#6496 = LINE('', #6490, #614);
#6497 = LINE('', #6491, #615);
#6498 = EDGE_CURVE('', #6492, #6493, #6495, .T.);
#6499 = EDGE_CURVE('', #6493, #6494, #6496, .T.);
#6500 = EDGE_CURVE('', #6494, #6492, #6497, .T.);
#6501 = ORIENTED_EDGE('', *, *, #6498, .T.);
#6502 = ORIENTED_EDGE('', *, *, #6499, .T.);
#6503 = ORIENTED_EDGE('', *, *, #6500, .T.);
#6504 = EDGE_LOOP('', (#6501, #6502, #6503));
#6505 = FACE_BOUND('', #6504, .T.);

/* ==== Hole 382 (row 19, col 1) CW ==== */
#6506 = CARTESIAN_POINT('', (10.250, 91.250, 0.0));
#6507 = CARTESIAN_POINT('', (10.250, 94.250, 0.0));
#6508 = CARTESIAN_POINT('', (13.250, 92.750, 0.0));
#6509 = VERTEX_POINT('', #6506);
#6510 = VERTEX_POINT('', #6507);
#6511 = VERTEX_POINT('', #6508);
#6512 = LINE('', #6506, #611);
#6513 = LINE('', #6507, #614);
#6514 = LINE('', #6508, #615);
#6515 = EDGE_CURVE('', #6509, #6510, #6512, .T.);
#6516 = EDGE_CURVE('', #6510, #6511, #6513, .T.);
#6517 = EDGE_CURVE('', #6511, #6509, #6514, .T.);
#6518 = ORIENTED_EDGE('', *, *, #6515, .T.);
#6519 = ORIENTED_EDGE('', *, *, #6516, .T.);
#6520 = ORIENTED_EDGE('', *, *, #6517, .T.);
#6521 = EDGE_LOOP('', (#6518, #6519, #6520));
#6522 = FACE_BOUND('', #6521, .T.);

/* ==== Hole 383 (row 19, col 2) CW ==== */
#6523 = CARTESIAN_POINT('', (14.750, 91.250, 0.0));
#6524 = CARTESIAN_POINT('', (14.750, 94.250, 0.0));
#6525 = CARTESIAN_POINT('', (17.750, 92.750, 0.0));
#6526 = VERTEX_POINT('', #6523);
#6527 = VERTEX_POINT('', #6524);
#6528 = VERTEX_POINT('', #6525);
#6529 = LINE('', #6523, #611);
#6530 = LINE('', #6524, #614);
#6531 = LINE('', #6525, #615);
#6532 = EDGE_CURVE('', #6526, #6527, #6529, .T.);
#6533 = EDGE_CURVE('', #6527, #6528, #6530, .T.);
#6534 = EDGE_CURVE('', #6528, #6526, #6531, .T.);
#6535 = ORIENTED_EDGE('', *, *, #6532, .T.);
#6536 = ORIENTED_EDGE('', *, *, #6533, .T.);
#6537 = ORIENTED_EDGE('', *, *, #6534, .T.);
#6538 = EDGE_LOOP('', (#6535, #6536, #6537));
#6539 = FACE_BOUND('', #6538, .T.);

/* ==== Hole 384 (row 19, col 3) CW ==== */
#6540 = CARTESIAN_POINT('', (19.250, 91.250, 0.0));
#6541 = CARTESIAN_POINT('', (19.250, 94.250, 0.0));
#6542 = CARTESIAN_POINT('', (22.250, 92.750, 0.0));
#6543 = VERTEX_POINT('', #6540);
#6544 = VERTEX_POINT('', #6541);
#6545 = VERTEX_POINT('', #6542);
#6546 = LINE('', #6540, #611);
#6547 = LINE('', #6541, #614);
#6548 = LINE('', #6542, #615);
#6549 = EDGE_CURVE('', #6543, #6544, #6546, .T.);
#6550 = EDGE_CURVE('', #6544, #6545, #6547, .T.);
#6551 = EDGE_CURVE('', #6545, #6543, #6548, .T.);
#6552 = ORIENTED_EDGE('', *, *, #6549, .T.);
#6553 = ORIENTED_EDGE('', *, *, #6550, .T.);
#6554 = ORIENTED_EDGE('', *, *, #6551, .T.);
#6555 = EDGE_LOOP('', (#6552, #6553, #6554));
#6556 = FACE_BOUND('', #6555, .T.);

/* ==== Hole 385 (row 19, col 4) CW ==== */
#6557 = CARTESIAN_POINT('', (23.750, 91.250, 0.0));
#6558 = CARTESIAN_POINT('', (23.750, 94.250, 0.0));
#6559 = CARTESIAN_POINT('', (26.750, 92.750, 0.0));
#6560 = VERTEX_POINT('', #6557);
#6561 = VERTEX_POINT('', #6558);
#6562 = VERTEX_POINT('', #6559);
#6563 = LINE('', #6557, #611);
#6564 = LINE('', #6558, #614);
#6565 = LINE('', #6559, #615);
#6566 = EDGE_CURVE('', #6560, #6561, #6563, .T.);
#6567 = EDGE_CURVE('', #6561, #6562, #6564, .T.);
#6568 = EDGE_CURVE('', #6562, #6560, #6565, .T.);
#6569 = ORIENTED_EDGE('', *, *, #6566, .T.);
#6570 = ORIENTED_EDGE('', *, *, #6567, .T.);
#6571 = ORIENTED_EDGE('', *, *, #6568, .T.);
#6572 = EDGE_LOOP('', (#6569, #6570, #6571));
#6573 = FACE_BOUND('', #6572, .T.);

/* ==== Hole 386 (row 19, col 5) CW ==== */
#6574 = CARTESIAN_POINT('', (28.250, 91.250, 0.0));
#6575 = CARTESIAN_POINT('', (28.250, 94.250, 0.0));
#6576 = CARTESIAN_POINT('', (31.250, 92.750, 0.0));
#6577 = VERTEX_POINT('', #6574);
#6578 = VERTEX_POINT('', #6575);
#6579 = VERTEX_POINT('', #6576);
#6580 = LINE('', #6574, #611);
#6581 = LINE('', #6575, #614);
#6582 = LINE('', #6576, #615);
#6583 = EDGE_CURVE('', #6577, #6578, #6580, .T.);
#6584 = EDGE_CURVE('', #6578, #6579, #6581, .T.);
#6585 = EDGE_CURVE('', #6579, #6577, #6582, .T.);
#6586 = ORIENTED_EDGE('', *, *, #6583, .T.);
#6587 = ORIENTED_EDGE('', *, *, #6584, .T.);
#6588 = ORIENTED_EDGE('', *, *, #6585, .T.);
#6589 = EDGE_LOOP('', (#6586, #6587, #6588));
#6590 = FACE_BOUND('', #6589, .T.);

/* ==== Hole 387 (row 19, col 6) CW ==== */
#6591 = CARTESIAN_POINT('', (32.750, 91.250, 0.0));
#6592 = CARTESIAN_POINT('', (32.750, 94.250, 0.0));
#6593 = CARTESIAN_POINT('', (35.750, 92.750, 0.0));
#6594 = VERTEX_POINT('', #6591);
#6595 = VERTEX_POINT('', #6592);
#6596 = VERTEX_POINT('', #6593);
#6597 = LINE('', #6591, #611);
#6598 = LINE('', #6592, #614);
#6599 = LINE('', #6593, #615);
#6600 = EDGE_CURVE('', #6594, #6595, #6597, .T.);
#6601 = EDGE_CURVE('', #6595, #6596, #6598, .T.);
#6602 = EDGE_CURVE('', #6596, #6594, #6599, .T.);
#6603 = ORIENTED_EDGE('', *, *, #6600, .T.);
#6604 = ORIENTED_EDGE('', *, *, #6601, .T.);
#6605 = ORIENTED_EDGE('', *, *, #6602, .T.);
#6606 = EDGE_LOOP('', (#6603, #6604, #6605));
#6607 = FACE_BOUND('', #6606, .T.);

/* ==== Hole 388 (row 19, col 7) CW ==== */
#6608 = CARTESIAN_POINT('', (37.250, 91.250, 0.0));
#6609 = CARTESIAN_POINT('', (37.250, 94.250, 0.0));
#6610 = CARTESIAN_POINT('', (40.250, 92.750, 0.0));
#6611 = VERTEX_POINT('', #6608);
#6612 = VERTEX_POINT('', #6609);
#6613 = VERTEX_POINT('', #6610);
#6614 = LINE('', #6608, #611);
#6615 = LINE('', #6609, #614);
#6616 = LINE('', #6610, #615);
#6617 = EDGE_CURVE('', #6611, #6612, #6614, .T.);
#6618 = EDGE_CURVE('', #6612, #6613, #6615, .T.);
#6619 = EDGE_CURVE('', #6613, #6611, #6616, .T.);
#6620 = ORIENTED_EDGE('', *, *, #6617, .T.);
#6621 = ORIENTED_EDGE('', *, *, #6618, .T.);
#6622 = ORIENTED_EDGE('', *, *, #6619, .T.);
#6623 = EDGE_LOOP('', (#6620, #6621, #6622));
#6624 = FACE_BOUND('', #6623, .T.);

/* ==== Hole 389 (row 19, col 8) CW ==== */
#6625 = CARTESIAN_POINT('', (41.750, 91.250, 0.0));
#6626 = CARTESIAN_POINT('', (41.750, 94.250, 0.0));
#6627 = CARTESIAN_POINT('', (44.750, 92.750, 0.0));
#6628 = VERTEX_POINT('', #6625);
#6629 = VERTEX_POINT('', #6626);
#6630 = VERTEX_POINT('', #6627);
#6631 = LINE('', #6625, #611);
#6632 = LINE('', #6626, #614);
#6633 = LINE('', #6627, #615);
#6634 = EDGE_CURVE('', #6628, #6629, #6631, .T.);
#6635 = EDGE_CURVE('', #6629, #6630, #6632, .T.);
#6636 = EDGE_CURVE('', #6630, #6628, #6633, .T.);
#6637 = ORIENTED_EDGE('', *, *, #6634, .T.);
#6638 = ORIENTED_EDGE('', *, *, #6635, .T.);
#6639 = ORIENTED_EDGE('', *, *, #6636, .T.);
#6640 = EDGE_LOOP('', (#6637, #6638, #6639));
#6641 = FACE_BOUND('', #6640, .T.);

/* ==== Hole 390 (row 19, col 9) CW ==== */
#6642 = CARTESIAN_POINT('', (46.250, 91.250, 0.0));
#6643 = CARTESIAN_POINT('', (46.250, 94.250, 0.0));
#6644 = CARTESIAN_POINT('', (49.250, 92.750, 0.0));
#6645 = VERTEX_POINT('', #6642);
#6646 = VERTEX_POINT('', #6643);
#6647 = VERTEX_POINT('', #6644);
#6648 = LINE('', #6642, #611);
#6649 = LINE('', #6643, #614);
#6650 = LINE('', #6644, #615);
#6651 = EDGE_CURVE('', #6645, #6646, #6648, .T.);
#6652 = EDGE_CURVE('', #6646, #6647, #6649, .T.);
#6653 = EDGE_CURVE('', #6647, #6645, #6650, .T.);
#6654 = ORIENTED_EDGE('', *, *, #6651, .T.);
#6655 = ORIENTED_EDGE('', *, *, #6652, .T.);
#6656 = ORIENTED_EDGE('', *, *, #6653, .T.);
#6657 = EDGE_LOOP('', (#6654, #6655, #6656));
#6658 = FACE_BOUND('', #6657, .T.);

/* ==== Hole 391 (row 19, col 10) CW ==== */
#6659 = CARTESIAN_POINT('', (50.750, 91.250, 0.0));
#6660 = CARTESIAN_POINT('', (50.750, 94.250, 0.0));
#6661 = CARTESIAN_POINT('', (53.750, 92.750, 0.0));
#6662 = VERTEX_POINT('', #6659);
#6663 = VERTEX_POINT('', #6660);
#6664 = VERTEX_POINT('', #6661);
#6665 = LINE('', #6659, #611);
#6666 = LINE('', #6660, #614);
#6667 = LINE('', #6661, #615);
#6668 = EDGE_CURVE('', #6662, #6663, #6665, .T.);
#6669 = EDGE_CURVE('', #6663, #6664, #6666, .T.);
#6670 = EDGE_CURVE('', #6664, #6662, #6667, .T.);
#6671 = ORIENTED_EDGE('', *, *, #6668, .T.);
#6672 = ORIENTED_EDGE('', *, *, #6669, .T.);
#6673 = ORIENTED_EDGE('', *, *, #6670, .T.);
#6674 = EDGE_LOOP('', (#6671, #6672, #6673));
#6675 = FACE_BOUND('', #6674, .T.);

/* ==== Hole 392 (row 19, col 11) CW ==== */
#6676 = CARTESIAN_POINT('', (55.250, 91.250, 0.0));
#6677 = CARTESIAN_POINT('', (55.250, 94.250, 0.0));
#6678 = CARTESIAN_POINT('', (58.250, 92.750, 0.0));
#6679 = VERTEX_POINT('', #6676);
#6680 = VERTEX_POINT('', #6677);
#6681 = VERTEX_POINT('', #6678);
#6682 = LINE('', #6676, #611);
#6683 = LINE('', #6677, #614);
#6684 = LINE('', #6678, #615);
#6685 = EDGE_CURVE('', #6679, #6680, #6682, .T.);
#6686 = EDGE_CURVE('', #6680, #6681, #6683, .T.);
#6687 = EDGE_CURVE('', #6681, #6679, #6684, .T.);
#6688 = ORIENTED_EDGE('', *, *, #6685, .T.);
#6689 = ORIENTED_EDGE('', *, *, #6686, .T.);
#6690 = ORIENTED_EDGE('', *, *, #6687, .T.);
#6691 = EDGE_LOOP('', (#6688, #6689, #6690));
#6692 = FACE_BOUND('', #6691, .T.);

/* ==== Hole 393 (row 19, col 12) CW ==== */
#6693 = CARTESIAN_POINT('', (59.750, 91.250, 0.0));
#6694 = CARTESIAN_POINT('', (59.750, 94.250, 0.0));
#6695 = CARTESIAN_POINT('', (62.750, 92.750, 0.0));
#6696 = VERTEX_POINT('', #6693);
#6697 = VERTEX_POINT('', #6694);
#6698 = VERTEX_POINT('', #6695);
#6699 = LINE('', #6693, #611);
#6700 = LINE('', #6694, #614);
#6701 = LINE('', #6695, #615);
#6702 = EDGE_CURVE('', #6696, #6697, #6699, .T.);
#6703 = EDGE_CURVE('', #6697, #6698, #6700, .T.);
#6704 = EDGE_CURVE('', #6698, #6696, #6701, .T.);
#6705 = ORIENTED_EDGE('', *, *, #6702, .T.);
#6706 = ORIENTED_EDGE('', *, *, #6703, .T.);
#6707 = ORIENTED_EDGE('', *, *, #6704, .T.);
#6708 = EDGE_LOOP('', (#6705, #6706, #6707));
#6709 = FACE_BOUND('', #6708, .T.);

/* ==== Hole 394 (row 19, col 13) CW ==== */
#6710 = CARTESIAN_POINT('', (64.250, 91.250, 0.0));
#6711 = CARTESIAN_POINT('', (64.250, 94.250, 0.0));
#6712 = CARTESIAN_POINT('', (67.250, 92.750, 0.0));
#6713 = VERTEX_POINT('', #6710);
#6714 = VERTEX_POINT('', #6711);
#6715 = VERTEX_POINT('', #6712);
#6716 = LINE('', #6710, #611);
#6717 = LINE('', #6711, #614);
#6718 = LINE('', #6712, #615);
#6719 = EDGE_CURVE('', #6713, #6714, #6716, .T.);
#6720 = EDGE_CURVE('', #6714, #6715, #6717, .T.);
#6721 = EDGE_CURVE('', #6715, #6713, #6718, .T.);
#6722 = ORIENTED_EDGE('', *, *, #6719, .T.);
#6723 = ORIENTED_EDGE('', *, *, #6720, .T.);
#6724 = ORIENTED_EDGE('', *, *, #6721, .T.);
#6725 = EDGE_LOOP('', (#6722, #6723, #6724));
#6726 = FACE_BOUND('', #6725, .T.);

/* ==== Hole 395 (row 19, col 14) CW ==== */
#6727 = CARTESIAN_POINT('', (68.750, 91.250, 0.0));
#6728 = CARTESIAN_POINT('', (68.750, 94.250, 0.0));
#6729 = CARTESIAN_POINT('', (71.750, 92.750, 0.0));
#6730 = VERTEX_POINT('', #6727);
#6731 = VERTEX_POINT('', #6728);
#6732 = VERTEX_POINT('', #6729);
#6733 = LINE('', #6727, #611);
#6734 = LINE('', #6728, #614);
#6735 = LINE('', #6729, #615);
#6736 = EDGE_CURVE('', #6730, #6731, #6733, .T.);
#6737 = EDGE_CURVE('', #6731, #6732, #6734, .T.);
#6738 = EDGE_CURVE('', #6732, #6730, #6735, .T.);
#6739 = ORIENTED_EDGE('', *, *, #6736, .T.);
#6740 = ORIENTED_EDGE('', *, *, #6737, .T.);
#6741 = ORIENTED_EDGE('', *, *, #6738, .T.);
#6742 = EDGE_LOOP('', (#6739, #6740, #6741));
#6743 = FACE_BOUND('', #6742, .T.);

/* ==== Hole 396 (row 19, col 15) CW ==== */
#6744 = CARTESIAN_POINT('', (73.250, 91.250, 0.0));
#6745 = CARTESIAN_POINT('', (73.250, 94.250, 0.0));
#6746 = CARTESIAN_POINT('', (76.250, 92.750, 0.0));
#6747 = VERTEX_POINT('', #6744);
#6748 = VERTEX_POINT('', #6745);
#6749 = VERTEX_POINT('', #6746);
#6750 = LINE('', #6744, #611);
#6751 = LINE('', #6745, #614);
#6752 = LINE('', #6746, #615);
#6753 = EDGE_CURVE('', #6747, #6748, #6750, .T.);
#6754 = EDGE_CURVE('', #6748, #6749, #6751, .T.);
#6755 = EDGE_CURVE('', #6749, #6747, #6752, .T.);
#6756 = ORIENTED_EDGE('', *, *, #6753, .T.);
#6757 = ORIENTED_EDGE('', *, *, #6754, .T.);
#6758 = ORIENTED_EDGE('', *, *, #6755, .T.);
#6759 = EDGE_LOOP('', (#6756, #6757, #6758));
#6760 = FACE_BOUND('', #6759, .T.);

/* ==== Hole 397 (row 19, col 16) CW ==== */
#6761 = CARTESIAN_POINT('', (77.750, 91.250, 0.0));
#6762 = CARTESIAN_POINT('', (77.750, 94.250, 0.0));
#6763 = CARTESIAN_POINT('', (80.750, 92.750, 0.0));
#6764 = VERTEX_POINT('', #6761);
#6765 = VERTEX_POINT('', #6762);
#6766 = VERTEX_POINT('', #6763);
#6767 = LINE('', #6761, #611);
#6768 = LINE('', #6762, #614);
#6769 = LINE('', #6763, #615);
#6770 = EDGE_CURVE('', #6764, #6765, #6767, .T.);
#6771 = EDGE_CURVE('', #6765, #6766, #6768, .T.);
#6772 = EDGE_CURVE('', #6766, #6764, #6769, .T.);
#6773 = ORIENTED_EDGE('', *, *, #6770, .T.);
#6774 = ORIENTED_EDGE('', *, *, #6771, .T.);
#6775 = ORIENTED_EDGE('', *, *, #6772, .T.);
#6776 = EDGE_LOOP('', (#6773, #6774, #6775));
#6777 = FACE_BOUND('', #6776, .T.);

/* ==== Hole 398 (row 19, col 17) CW ==== */
#6778 = CARTESIAN_POINT('', (82.250, 91.250, 0.0));
#6779 = CARTESIAN_POINT('', (82.250, 94.250, 0.0));
#6780 = CARTESIAN_POINT('', (85.250, 92.750, 0.0));
#6781 = VERTEX_POINT('', #6778);
#6782 = VERTEX_POINT('', #6779);
#6783 = VERTEX_POINT('', #6780);
#6784 = LINE('', #6778, #611);
#6785 = LINE('', #6779, #614);
#6786 = LINE('', #6780, #615);
#6787 = EDGE_CURVE('', #6781, #6782, #6784, .T.);
#6788 = EDGE_CURVE('', #6782, #6783, #6785, .T.);
#6789 = EDGE_CURVE('', #6783, #6781, #6786, .T.);
#6790 = ORIENTED_EDGE('', *, *, #6787, .T.);
#6791 = ORIENTED_EDGE('', *, *, #6788, .T.);
#6792 = ORIENTED_EDGE('', *, *, #6789, .T.);
#6793 = EDGE_LOOP('', (#6790, #6791, #6792));
#6794 = FACE_BOUND('', #6793, .T.);

/* ==== Hole 399 (row 19, col 18) CW ==== */
#6795 = CARTESIAN_POINT('', (86.750, 91.250, 0.0));
#6796 = CARTESIAN_POINT('', (86.750, 94.250, 0.0));
#6797 = CARTESIAN_POINT('', (89.750, 92.750, 0.0));
#6798 = VERTEX_POINT('', #6795);
#6799 = VERTEX_POINT('', #6796);
#6800 = VERTEX_POINT('', #6797);
#6801 = LINE('', #6795, #611);
#6802 = LINE('', #6796, #614);
#6803 = LINE('', #6797, #615);
#6804 = EDGE_CURVE('', #6798, #6799, #6801, .T.);
#6805 = EDGE_CURVE('', #6799, #6800, #6802, .T.);
#6806 = EDGE_CURVE('', #6800, #6798, #6803, .T.);
#6807 = ORIENTED_EDGE('', *, *, #6804, .T.);
#6808 = ORIENTED_EDGE('', *, *, #6805, .T.);
#6809 = ORIENTED_EDGE('', *, *, #6806, .T.);
#6810 = EDGE_LOOP('', (#6807, #6808, #6809));
#6811 = FACE_BOUND('', #6810, .T.);

/* ==== Hole 400 (row 19, col 19) CW ==== */
#6812 = CARTESIAN_POINT('', (91.250, 91.250, 0.0));
#6813 = CARTESIAN_POINT('', (91.250, 94.250, 0.0));
#6814 = CARTESIAN_POINT('', (94.250, 92.750, 0.0));
#6815 = VERTEX_POINT('', #6812);
#6816 = VERTEX_POINT('', #6813);
#6817 = VERTEX_POINT('', #6814);
#6818 = LINE('', #6812, #611);
#6819 = LINE('', #6813, #614);
#6820 = LINE('', #6814, #615);
#6821 = EDGE_CURVE('', #6815, #6816, #6818, .T.);
#6822 = EDGE_CURVE('', #6816, #6817, #6819, .T.);
#6823 = EDGE_CURVE('', #6817, #6815, #6820, .T.);
#6824 = ORIENTED_EDGE('', *, *, #6821, .T.);
#6825 = ORIENTED_EDGE('', *, *, #6822, .T.);
#6826 = ORIENTED_EDGE('', *, *, #6823, .T.);
#6827 = EDGE_LOOP('', (#6824, #6825, #6826));
#6828 = FACE_BOUND('', #6827, .T.);

/* ==== Advanced face with outer and all holes ==== */
#6829 = ADVANCED_FACE('', (#28, #45, #62, #79, #96, #113, #130, #147, #164, #181, #198, #215, #232, #249, #266, #283, #300, #317, #334, #351, #368, #385, #402, #419, #436, #453, #470, #487, #504, #521, #538, #555, #572, #589, #606, #623, #640, #657, #674, #691, #708, #725, #742, #759, #776, #793, #810, #827, #844, #861, #878, #895, #912, #929, #946, #963, #980, #997, #1014, #1031, #1048, #1065, #1082, #1099, #1116, #1133, #1150, #1167, #1184, #1201, #1218, #1235, #1252, #1269, #1286, #1303, #1320, #1337, #1354, #1371, #1388, #1405, #1422, #1439, #1456, #1473, #1490, #1507, #1524, #1541, #1558, #1575, #1592, #1609, #1626, #1643, #1660, #1677, #1694, #1711, #1728, #1745, #1762, #1779, #1796, #1813, #1830, #1847, #1864, #1881, #1898, #1915, #1932, #1949, #1966, #1983, #2000, #2017, #2034, #2051, #2068, #2085, #2102, #2119, #2136, #2153, #2170, #2187, #2204, #2221, #2238, #2255, #2272, #2289, #2306, #2323, #2340, #2357, #2374, #2391, #2408, #2425, #2442, #2459, #2476, #2493, #2510, #2527, #2544, #2561, #2578, #2595, #2612, #2629, #2646, #2663, #2680, #2697, #2714, #2731, #2748, #2765, #2782, #2799, #2816, #2833, #2850, #2867, #2884, #2901, #2918, #2935, #2952, #2969, #2986, #3003, #3020, #3037, #3054, #3071, #3088, #3105, #3122, #3139, #3156, #3173, #3190, #3207, #3224, #3241, #3258, #3275, #3292, #3309, #3326, #3343, #3360, #3377, #3394, #3411, #3428, #3445, #3462, #3479, #3496, #3513, #3530, #3547, #3564, #3581, #3598, #3615, #3632, #3649, #3666, #3683, #3700, #3717, #3734, #3751, #3768, #3785, #3802, #3819, #3836, #3853, #3870, #3887, #3904, #3921, #3938, #3955, #3972, #3989, #4006, #4023, #4040, #4057, #4074, #4091, #4108, #4125, #4142, #4159, #4176, #4193, #4210, #4227, #4244, #4261, #4278, #4295, #4312, #4329, #4346, #4363, #4380, #4397, #4414, #4431, #4448, #4465, #4482, #4499, #4516, #4533, #4550, #4567, #4584, #4601, #4618, #4635, #4652, #4669, #4686, #4703, #4720, #4737, #4754, #4771, #4788, #4805, #4822, #4839, #4856, #4873, #4890, #4907, #4924, #4941, #4958, #4975, #4992, #5009, #5026, #5043, #5060, #5077, #5094, #5111, #5128, #5145, #5162, #5179, #5196, #5213, #5230, #5247, #5264, #5281, #5298, #5315, #5332, #5349, #5366, #5383, #5400, #5417, #5434, #5451, #5468, #5485, #5502, #5519, #5536, #5553, #5570, #5587, #5604, #5621, #5638, #5655, #5672, #5689, #5706, #5723, #5740, #5757, #5774, #5791, #5808, #5825, #5842, #5859, #5876, #5893, #5910, #5927, #5944, #5961, #5978, #5995, #6012, #6029, #6046, #6063, #6080, #6097, #6114, #6131, #6148, #6165, #6182, #6199, #6216, #6233, #6250, #6267, #6284, #6301, #6318, #6335, #6352, #6369, #6386, #6403, #6420, #6437, #6454, #6471, #6488, #6505, #6522, #6539, #6556, #6573, #6590, #6607, #6624, #6641, #6658, #6675, #6692, #6709, #6726, #6743, #6760, #6777, #6794, #6811, #6828), #5, .T.);

/* ==== Product structure for OCCT compatibility ==== */
#6830 = CLOSED_SHELL('', (#6829));
#6831 = MANIFOLD_SOLID_BREP('', #6830);
#6832 = SHAPE_REPRESENTATION('', (#6831), #901);

/* ==== Geometric context ==== */
#900 = ( LENGTH_UNIT() NAMED_UNIT(*) SI_UNIT(.MILLI.,.METRE.) );
#901 = ( GEOMETRIC_REPRESENTATION_CONTEXT(3) GLOBAL_UNCERTAINTY_ASSIGNED_CONTEXT((#902)) GLOBAL_UNIT_ASSIGNED_CONTEXT((#900,#903,#904)) REPRESENTATION_CONTEXT('Context','3D Context') );
#902 = UNCERTAINTY_MEASURE_WITH_UNIT(LENGTH_MEASURE(1.E-07),#900,'');
#903 = ( NAMED_UNIT(*) PLANE_ANGLE_UNIT() SI_UNIT($,.RADIAN.) );
#904 = ( NAMED_UNIT(*) SI_UNIT($,.STERADIAN.) SOLID_ANGLE_UNIT() );

/* ==== Product definition ==== */
#910 = PRODUCT('benchmark_plate','benchmark_plate','',(#911));
#911 = PRODUCT_CONTEXT('',#912,'mechanical');
#912 = APPLICATION_CONTEXT('automotive_design');
#913 = PRODUCT_DEFINITION_FORMATION('','',#910);
#914 = PRODUCT_DEFINITION('design','',#913,#915);
#915 = PRODUCT_DEFINITION_CONTEXT('part definition',#912,'design');
#916 = PRODUCT_DEFINITION_SHAPE('','',#914);
#917 = SHAPE_DEFINITION_REPRESENTATION(#916,#6832);

ENDSEC;
END-ISO-10303-21;
