ISO-10303-21;
HEADER;
  FILE_DESCRIPTION(('Benchmark plate with 900 triangular holes (30x30 grid)'),'2;1');
  FILE_NAME('benchmark_plate_30x30.stp','2026-01-04',(''),(''),'','','');
  FILE_SCHEMA(('AUTOMOTIVE_DESIGN'));
ENDSEC;
DATA;

#1 = CARTESIAN_POINT('', (0.0, 0.0, 0.0));
#2 = DIRECTION('', (0.0, 0.0, 1.0));
#3 = DIRECTION('', (1.0, 0.0, 0.0));
#4 = AXIS2_PLACEMENT_3D('', #1, #2, #3);
#5 = PLANE('', #4);
#6 = VECTOR('', #3, 1.0);

/* ==== Outer rectangular boundary (CCW) ==== */
#7 = CARTESIAN_POINT('', (0.0, 0.0, 0.0));
#8 = CARTESIAN_POINT('', (100.0, 0.0, 0.0));
#9 = CARTESIAN_POINT('', (100.0, 100.0, 0.0));
#10 = CARTESIAN_POINT('', (0.0, 100.0, 0.0));
#11 = VERTEX_POINT('', #7);
#12 = VERTEX_POINT('', #8);
#13 = VERTEX_POINT('', #9);
#14 = VERTEX_POINT('', #10);
#15 = LINE('', #7, #6);
#16 = LINE('', #8, #6);
#17 = LINE('', #9, #6);
#18 = LINE('', #10, #6);
#19 = EDGE_CURVE('', #11, #12, #15, .T.);
#20 = EDGE_CURVE('', #12, #13, #16, .T.);
#21 = EDGE_CURVE('', #13, #14, #17, .T.);
#22 = EDGE_CURVE('', #14, #11, #18, .T.);
#23 = ORIENTED_EDGE('', *, *, #19, .T.);
#24 = ORIENTED_EDGE('', *, *, #20, .T.);
#25 = ORIENTED_EDGE('', *, *, #21, .T.);
#26 = ORIENTED_EDGE('', *, *, #22, .T.);
#27 = EDGE_LOOP('', (#23, #24, #25, #26));
#28 = FACE_OUTER_BOUND('', #27, .T.);

/* ==== Hole 1 (row 0, col 0) CW ==== */
#29 = CARTESIAN_POINT('', (5.000, 5.000, 0.0));
#30 = CARTESIAN_POINT('', (5.000, 8.000, 0.0));
#31 = CARTESIAN_POINT('', (8.000, 6.500, 0.0));
#32 = VERTEX_POINT('', #29);
#33 = VERTEX_POINT('', #30);
#34 = VERTEX_POINT('', #31);
#35 = LINE('', #29, #6);
#36 = LINE('', #30, #6);
#37 = LINE('', #31, #6);
#38 = EDGE_CURVE('', #32, #33, #35, .T.);
#39 = EDGE_CURVE('', #33, #34, #36, .T.);
#40 = EDGE_CURVE('', #34, #32, #37, .T.);
#41 = ORIENTED_EDGE('', *, *, #38, .T.);
#42 = ORIENTED_EDGE('', *, *, #39, .T.);
#43 = ORIENTED_EDGE('', *, *, #40, .T.);
#44 = EDGE_LOOP('', (#41, #42, #43));
#45 = FACE_BOUND('', #44, .T.);

/* ==== Hole 2 (row 0, col 1) CW ==== */
#46 = CARTESIAN_POINT('', (8.000, 5.000, 0.0));
#47 = CARTESIAN_POINT('', (8.000, 8.000, 0.0));
#48 = CARTESIAN_POINT('', (11.000, 6.500, 0.0));
#49 = VERTEX_POINT('', #46);
#50 = VERTEX_POINT('', #47);
#51 = VERTEX_POINT('', #48);
#52 = LINE('', #46, #6);
#53 = LINE('', #47, #6);
#54 = LINE('', #48, #6);
#55 = EDGE_CURVE('', #49, #50, #52, .T.);
#56 = EDGE_CURVE('', #50, #51, #53, .T.);
#57 = EDGE_CURVE('', #51, #49, #54, .T.);
#58 = ORIENTED_EDGE('', *, *, #55, .T.);
#59 = ORIENTED_EDGE('', *, *, #56, .T.);
#60 = ORIENTED_EDGE('', *, *, #57, .T.);
#61 = EDGE_LOOP('', (#58, #59, #60));
#62 = FACE_BOUND('', #61, .T.);

/* ==== Hole 3 (row 0, col 2) CW ==== */
#63 = CARTESIAN_POINT('', (11.000, 5.000, 0.0));
#64 = CARTESIAN_POINT('', (11.000, 8.000, 0.0));
#65 = CARTESIAN_POINT('', (14.000, 6.500, 0.0));
#66 = VERTEX_POINT('', #63);
#67 = VERTEX_POINT('', #64);
#68 = VERTEX_POINT('', #65);
#69 = LINE('', #63, #6);
#70 = LINE('', #64, #6);
#71 = LINE('', #65, #6);
#72 = EDGE_CURVE('', #66, #67, #69, .T.);
#73 = EDGE_CURVE('', #67, #68, #70, .T.);
#74 = EDGE_CURVE('', #68, #66, #71, .T.);
#75 = ORIENTED_EDGE('', *, *, #72, .T.);
#76 = ORIENTED_EDGE('', *, *, #73, .T.);
#77 = ORIENTED_EDGE('', *, *, #74, .T.);
#78 = EDGE_LOOP('', (#75, #76, #77));
#79 = FACE_BOUND('', #78, .T.);

/* ==== Hole 4 (row 0, col 3) CW ==== */
#80 = CARTESIAN_POINT('', (14.000, 5.000, 0.0));
#81 = CARTESIAN_POINT('', (14.000, 8.000, 0.0));
#82 = CARTESIAN_POINT('', (17.000, 6.500, 0.0));
#83 = VERTEX_POINT('', #80);
#84 = VERTEX_POINT('', #81);
#85 = VERTEX_POINT('', #82);
#86 = LINE('', #80, #6);
#87 = LINE('', #81, #6);
#88 = LINE('', #82, #6);
#89 = EDGE_CURVE('', #83, #84, #86, .T.);
#90 = EDGE_CURVE('', #84, #85, #87, .T.);
#91 = EDGE_CURVE('', #85, #83, #88, .T.);
#92 = ORIENTED_EDGE('', *, *, #89, .T.);
#93 = ORIENTED_EDGE('', *, *, #90, .T.);
#94 = ORIENTED_EDGE('', *, *, #91, .T.);
#95 = EDGE_LOOP('', (#92, #93, #94));
#96 = FACE_BOUND('', #95, .T.);

/* ==== Hole 5 (row 0, col 4) CW ==== */
#97 = CARTESIAN_POINT('', (17.000, 5.000, 0.0));
#98 = CARTESIAN_POINT('', (17.000, 8.000, 0.0));
#99 = CARTESIAN_POINT('', (20.000, 6.500, 0.0));
#100 = VERTEX_POINT('', #97);
#101 = VERTEX_POINT('', #98);
#102 = VERTEX_POINT('', #99);
#103 = LINE('', #97, #6);
#104 = LINE('', #98, #6);
#105 = LINE('', #99, #6);
#106 = EDGE_CURVE('', #100, #101, #103, .T.);
#107 = EDGE_CURVE('', #101, #102, #104, .T.);
#108 = EDGE_CURVE('', #102, #100, #105, .T.);
#109 = ORIENTED_EDGE('', *, *, #106, .T.);
#110 = ORIENTED_EDGE('', *, *, #107, .T.);
#111 = ORIENTED_EDGE('', *, *, #108, .T.);
#112 = EDGE_LOOP('', (#109, #110, #111));
#113 = FACE_BOUND('', #112, .T.);

/* ==== Hole 6 (row 0, col 5) CW ==== */
#114 = CARTESIAN_POINT('', (20.000, 5.000, 0.0));
#115 = CARTESIAN_POINT('', (20.000, 8.000, 0.0));
#116 = CARTESIAN_POINT('', (23.000, 6.500, 0.0));
#117 = VERTEX_POINT('', #114);
#118 = VERTEX_POINT('', #115);
#119 = VERTEX_POINT('', #116);
#120 = LINE('', #114, #6);
#121 = LINE('', #115, #6);
#122 = LINE('', #116, #6);
#123 = EDGE_CURVE('', #117, #118, #120, .T.);
#124 = EDGE_CURVE('', #118, #119, #121, .T.);
#125 = EDGE_CURVE('', #119, #117, #122, .T.);
#126 = ORIENTED_EDGE('', *, *, #123, .T.);
#127 = ORIENTED_EDGE('', *, *, #124, .T.);
#128 = ORIENTED_EDGE('', *, *, #125, .T.);
#129 = EDGE_LOOP('', (#126, #127, #128));
#130 = FACE_BOUND('', #129, .T.);

/* ==== Hole 7 (row 0, col 6) CW ==== */
#131 = CARTESIAN_POINT('', (23.000, 5.000, 0.0));
#132 = CARTESIAN_POINT('', (23.000, 8.000, 0.0));
#133 = CARTESIAN_POINT('', (26.000, 6.500, 0.0));
#134 = VERTEX_POINT('', #131);
#135 = VERTEX_POINT('', #132);
#136 = VERTEX_POINT('', #133);
#137 = LINE('', #131, #6);
#138 = LINE('', #132, #6);
#139 = LINE('', #133, #6);
#140 = EDGE_CURVE('', #134, #135, #137, .T.);
#141 = EDGE_CURVE('', #135, #136, #138, .T.);
#142 = EDGE_CURVE('', #136, #134, #139, .T.);
#143 = ORIENTED_EDGE('', *, *, #140, .T.);
#144 = ORIENTED_EDGE('', *, *, #141, .T.);
#145 = ORIENTED_EDGE('', *, *, #142, .T.);
#146 = EDGE_LOOP('', (#143, #144, #145));
#147 = FACE_BOUND('', #146, .T.);

/* ==== Hole 8 (row 0, col 7) CW ==== */
#148 = CARTESIAN_POINT('', (26.000, 5.000, 0.0));
#149 = CARTESIAN_POINT('', (26.000, 8.000, 0.0));
#150 = CARTESIAN_POINT('', (29.000, 6.500, 0.0));
#151 = VERTEX_POINT('', #148);
#152 = VERTEX_POINT('', #149);
#153 = VERTEX_POINT('', #150);
#154 = LINE('', #148, #6);
#155 = LINE('', #149, #6);
#156 = LINE('', #150, #6);
#157 = EDGE_CURVE('', #151, #152, #154, .T.);
#158 = EDGE_CURVE('', #152, #153, #155, .T.);
#159 = EDGE_CURVE('', #153, #151, #156, .T.);
#160 = ORIENTED_EDGE('', *, *, #157, .T.);
#161 = ORIENTED_EDGE('', *, *, #158, .T.);
#162 = ORIENTED_EDGE('', *, *, #159, .T.);
#163 = EDGE_LOOP('', (#160, #161, #162));
#164 = FACE_BOUND('', #163, .T.);

/* ==== Hole 9 (row 0, col 8) CW ==== */
#165 = CARTESIAN_POINT('', (29.000, 5.000, 0.0));
#166 = CARTESIAN_POINT('', (29.000, 8.000, 0.0));
#167 = CARTESIAN_POINT('', (32.000, 6.500, 0.0));
#168 = VERTEX_POINT('', #165);
#169 = VERTEX_POINT('', #166);
#170 = VERTEX_POINT('', #167);
#171 = LINE('', #165, #6);
#172 = LINE('', #166, #6);
#173 = LINE('', #167, #6);
#174 = EDGE_CURVE('', #168, #169, #171, .T.);
#175 = EDGE_CURVE('', #169, #170, #172, .T.);
#176 = EDGE_CURVE('', #170, #168, #173, .T.);
#177 = ORIENTED_EDGE('', *, *, #174, .T.);
#178 = ORIENTED_EDGE('', *, *, #175, .T.);
#179 = ORIENTED_EDGE('', *, *, #176, .T.);
#180 = EDGE_LOOP('', (#177, #178, #179));
#181 = FACE_BOUND('', #180, .T.);

/* ==== Hole 10 (row 0, col 9) CW ==== */
#182 = CARTESIAN_POINT('', (32.000, 5.000, 0.0));
#183 = CARTESIAN_POINT('', (32.000, 8.000, 0.0));
#184 = CARTESIAN_POINT('', (35.000, 6.500, 0.0));
#185 = VERTEX_POINT('', #182);
#186 = VERTEX_POINT('', #183);
#187 = VERTEX_POINT('', #184);
#188 = LINE('', #182, #6);
#189 = LINE('', #183, #6);
#190 = LINE('', #184, #6);
#191 = EDGE_CURVE('', #185, #186, #188, .T.);
#192 = EDGE_CURVE('', #186, #187, #189, .T.);
#193 = EDGE_CURVE('', #187, #185, #190, .T.);
#194 = ORIENTED_EDGE('', *, *, #191, .T.);
#195 = ORIENTED_EDGE('', *, *, #192, .T.);
#196 = ORIENTED_EDGE('', *, *, #193, .T.);
#197 = EDGE_LOOP('', (#194, #195, #196));
#198 = FACE_BOUND('', #197, .T.);

/* ==== Hole 11 (row 0, col 10) CW ==== */
#199 = CARTESIAN_POINT('', (35.000, 5.000, 0.0));
#200 = CARTESIAN_POINT('', (35.000, 8.000, 0.0));
#201 = CARTESIAN_POINT('', (38.000, 6.500, 0.0));
#202 = VERTEX_POINT('', #199);
#203 = VERTEX_POINT('', #200);
#204 = VERTEX_POINT('', #201);
#205 = LINE('', #199, #6);
#206 = LINE('', #200, #6);
#207 = LINE('', #201, #6);
#208 = EDGE_CURVE('', #202, #203, #205, .T.);
#209 = EDGE_CURVE('', #203, #204, #206, .T.);
#210 = EDGE_CURVE('', #204, #202, #207, .T.);
#211 = ORIENTED_EDGE('', *, *, #208, .T.);
#212 = ORIENTED_EDGE('', *, *, #209, .T.);
#213 = ORIENTED_EDGE('', *, *, #210, .T.);
#214 = EDGE_LOOP('', (#211, #212, #213));
#215 = FACE_BOUND('', #214, .T.);

/* ==== Hole 12 (row 0, col 11) CW ==== */
#216 = CARTESIAN_POINT('', (38.000, 5.000, 0.0));
#217 = CARTESIAN_POINT('', (38.000, 8.000, 0.0));
#218 = CARTESIAN_POINT('', (41.000, 6.500, 0.0));
#219 = VERTEX_POINT('', #216);
#220 = VERTEX_POINT('', #217);
#221 = VERTEX_POINT('', #218);
#222 = LINE('', #216, #6);
#223 = LINE('', #217, #6);
#224 = LINE('', #218, #6);
#225 = EDGE_CURVE('', #219, #220, #222, .T.);
#226 = EDGE_CURVE('', #220, #221, #223, .T.);
#227 = EDGE_CURVE('', #221, #219, #224, .T.);
#228 = ORIENTED_EDGE('', *, *, #225, .T.);
#229 = ORIENTED_EDGE('', *, *, #226, .T.);
#230 = ORIENTED_EDGE('', *, *, #227, .T.);
#231 = EDGE_LOOP('', (#228, #229, #230));
#232 = FACE_BOUND('', #231, .T.);

/* ==== Hole 13 (row 0, col 12) CW ==== */
#233 = CARTESIAN_POINT('', (41.000, 5.000, 0.0));
#234 = CARTESIAN_POINT('', (41.000, 8.000, 0.0));
#235 = CARTESIAN_POINT('', (44.000, 6.500, 0.0));
#236 = VERTEX_POINT('', #233);
#237 = VERTEX_POINT('', #234);
#238 = VERTEX_POINT('', #235);
#239 = LINE('', #233, #6);
#240 = LINE('', #234, #6);
#241 = LINE('', #235, #6);
#242 = EDGE_CURVE('', #236, #237, #239, .T.);
#243 = EDGE_CURVE('', #237, #238, #240, .T.);
#244 = EDGE_CURVE('', #238, #236, #241, .T.);
#245 = ORIENTED_EDGE('', *, *, #242, .T.);
#246 = ORIENTED_EDGE('', *, *, #243, .T.);
#247 = ORIENTED_EDGE('', *, *, #244, .T.);
#248 = EDGE_LOOP('', (#245, #246, #247));
#249 = FACE_BOUND('', #248, .T.);

/* ==== Hole 14 (row 0, col 13) CW ==== */
#250 = CARTESIAN_POINT('', (44.000, 5.000, 0.0));
#251 = CARTESIAN_POINT('', (44.000, 8.000, 0.0));
#252 = CARTESIAN_POINT('', (47.000, 6.500, 0.0));
#253 = VERTEX_POINT('', #250);
#254 = VERTEX_POINT('', #251);
#255 = VERTEX_POINT('', #252);
#256 = LINE('', #250, #6);
#257 = LINE('', #251, #6);
#258 = LINE('', #252, #6);
#259 = EDGE_CURVE('', #253, #254, #256, .T.);
#260 = EDGE_CURVE('', #254, #255, #257, .T.);
#261 = EDGE_CURVE('', #255, #253, #258, .T.);
#262 = ORIENTED_EDGE('', *, *, #259, .T.);
#263 = ORIENTED_EDGE('', *, *, #260, .T.);
#264 = ORIENTED_EDGE('', *, *, #261, .T.);
#265 = EDGE_LOOP('', (#262, #263, #264));
#266 = FACE_BOUND('', #265, .T.);

/* ==== Hole 15 (row 0, col 14) CW ==== */
#267 = CARTESIAN_POINT('', (47.000, 5.000, 0.0));
#268 = CARTESIAN_POINT('', (47.000, 8.000, 0.0));
#269 = CARTESIAN_POINT('', (50.000, 6.500, 0.0));
#270 = VERTEX_POINT('', #267);
#271 = VERTEX_POINT('', #268);
#272 = VERTEX_POINT('', #269);
#273 = LINE('', #267, #6);
#274 = LINE('', #268, #6);
#275 = LINE('', #269, #6);
#276 = EDGE_CURVE('', #270, #271, #273, .T.);
#277 = EDGE_CURVE('', #271, #272, #274, .T.);
#278 = EDGE_CURVE('', #272, #270, #275, .T.);
#279 = ORIENTED_EDGE('', *, *, #276, .T.);
#280 = ORIENTED_EDGE('', *, *, #277, .T.);
#281 = ORIENTED_EDGE('', *, *, #278, .T.);
#282 = EDGE_LOOP('', (#279, #280, #281));
#283 = FACE_BOUND('', #282, .T.);

/* ==== Hole 16 (row 0, col 15) CW ==== */
#284 = CARTESIAN_POINT('', (50.000, 5.000, 0.0));
#285 = CARTESIAN_POINT('', (50.000, 8.000, 0.0));
#286 = CARTESIAN_POINT('', (53.000, 6.500, 0.0));
#287 = VERTEX_POINT('', #284);
#288 = VERTEX_POINT('', #285);
#289 = VERTEX_POINT('', #286);
#290 = LINE('', #284, #6);
#291 = LINE('', #285, #6);
#292 = LINE('', #286, #6);
#293 = EDGE_CURVE('', #287, #288, #290, .T.);
#294 = EDGE_CURVE('', #288, #289, #291, .T.);
#295 = EDGE_CURVE('', #289, #287, #292, .T.);
#296 = ORIENTED_EDGE('', *, *, #293, .T.);
#297 = ORIENTED_EDGE('', *, *, #294, .T.);
#298 = ORIENTED_EDGE('', *, *, #295, .T.);
#299 = EDGE_LOOP('', (#296, #297, #298));
#300 = FACE_BOUND('', #299, .T.);

/* ==== Hole 17 (row 0, col 16) CW ==== */
#301 = CARTESIAN_POINT('', (53.000, 5.000, 0.0));
#302 = CARTESIAN_POINT('', (53.000, 8.000, 0.0));
#303 = CARTESIAN_POINT('', (56.000, 6.500, 0.0));
#304 = VERTEX_POINT('', #301);
#305 = VERTEX_POINT('', #302);
#306 = VERTEX_POINT('', #303);
#307 = LINE('', #301, #6);
#308 = LINE('', #302, #6);
#309 = LINE('', #303, #6);
#310 = EDGE_CURVE('', #304, #305, #307, .T.);
#311 = EDGE_CURVE('', #305, #306, #308, .T.);
#312 = EDGE_CURVE('', #306, #304, #309, .T.);
#313 = ORIENTED_EDGE('', *, *, #310, .T.);
#314 = ORIENTED_EDGE('', *, *, #311, .T.);
#315 = ORIENTED_EDGE('', *, *, #312, .T.);
#316 = EDGE_LOOP('', (#313, #314, #315));
#317 = FACE_BOUND('', #316, .T.);

/* ==== Hole 18 (row 0, col 17) CW ==== */
#318 = CARTESIAN_POINT('', (56.000, 5.000, 0.0));
#319 = CARTESIAN_POINT('', (56.000, 8.000, 0.0));
#320 = CARTESIAN_POINT('', (59.000, 6.500, 0.0));
#321 = VERTEX_POINT('', #318);
#322 = VERTEX_POINT('', #319);
#323 = VERTEX_POINT('', #320);
#324 = LINE('', #318, #6);
#325 = LINE('', #319, #6);
#326 = LINE('', #320, #6);
#327 = EDGE_CURVE('', #321, #322, #324, .T.);
#328 = EDGE_CURVE('', #322, #323, #325, .T.);
#329 = EDGE_CURVE('', #323, #321, #326, .T.);
#330 = ORIENTED_EDGE('', *, *, #327, .T.);
#331 = ORIENTED_EDGE('', *, *, #328, .T.);
#332 = ORIENTED_EDGE('', *, *, #329, .T.);
#333 = EDGE_LOOP('', (#330, #331, #332));
#334 = FACE_BOUND('', #333, .T.);

/* ==== Hole 19 (row 0, col 18) CW ==== */
#335 = CARTESIAN_POINT('', (59.000, 5.000, 0.0));
#336 = CARTESIAN_POINT('', (59.000, 8.000, 0.0));
#337 = CARTESIAN_POINT('', (62.000, 6.500, 0.0));
#338 = VERTEX_POINT('', #335);
#339 = VERTEX_POINT('', #336);
#340 = VERTEX_POINT('', #337);
#341 = LINE('', #335, #6);
#342 = LINE('', #336, #6);
#343 = LINE('', #337, #6);
#344 = EDGE_CURVE('', #338, #339, #341, .T.);
#345 = EDGE_CURVE('', #339, #340, #342, .T.);
#346 = EDGE_CURVE('', #340, #338, #343, .T.);
#347 = ORIENTED_EDGE('', *, *, #344, .T.);
#348 = ORIENTED_EDGE('', *, *, #345, .T.);
#349 = ORIENTED_EDGE('', *, *, #346, .T.);
#350 = EDGE_LOOP('', (#347, #348, #349));
#351 = FACE_BOUND('', #350, .T.);

/* ==== Hole 20 (row 0, col 19) CW ==== */
#352 = CARTESIAN_POINT('', (62.000, 5.000, 0.0));
#353 = CARTESIAN_POINT('', (62.000, 8.000, 0.0));
#354 = CARTESIAN_POINT('', (65.000, 6.500, 0.0));
#355 = VERTEX_POINT('', #352);
#356 = VERTEX_POINT('', #353);
#357 = VERTEX_POINT('', #354);
#358 = LINE('', #352, #6);
#359 = LINE('', #353, #6);
#360 = LINE('', #354, #6);
#361 = EDGE_CURVE('', #355, #356, #358, .T.);
#362 = EDGE_CURVE('', #356, #357, #359, .T.);
#363 = EDGE_CURVE('', #357, #355, #360, .T.);
#364 = ORIENTED_EDGE('', *, *, #361, .T.);
#365 = ORIENTED_EDGE('', *, *, #362, .T.);
#366 = ORIENTED_EDGE('', *, *, #363, .T.);
#367 = EDGE_LOOP('', (#364, #365, #366));
#368 = FACE_BOUND('', #367, .T.);

/* ==== Hole 21 (row 0, col 20) CW ==== */
#369 = CARTESIAN_POINT('', (65.000, 5.000, 0.0));
#370 = CARTESIAN_POINT('', (65.000, 8.000, 0.0));
#371 = CARTESIAN_POINT('', (68.000, 6.500, 0.0));
#372 = VERTEX_POINT('', #369);
#373 = VERTEX_POINT('', #370);
#374 = VERTEX_POINT('', #371);
#375 = LINE('', #369, #6);
#376 = LINE('', #370, #6);
#377 = LINE('', #371, #6);
#378 = EDGE_CURVE('', #372, #373, #375, .T.);
#379 = EDGE_CURVE('', #373, #374, #376, .T.);
#380 = EDGE_CURVE('', #374, #372, #377, .T.);
#381 = ORIENTED_EDGE('', *, *, #378, .T.);
#382 = ORIENTED_EDGE('', *, *, #379, .T.);
#383 = ORIENTED_EDGE('', *, *, #380, .T.);
#384 = EDGE_LOOP('', (#381, #382, #383));
#385 = FACE_BOUND('', #384, .T.);

/* ==== Hole 22 (row 0, col 21) CW ==== */
#386 = CARTESIAN_POINT('', (68.000, 5.000, 0.0));
#387 = CARTESIAN_POINT('', (68.000, 8.000, 0.0));
#388 = CARTESIAN_POINT('', (71.000, 6.500, 0.0));
#389 = VERTEX_POINT('', #386);
#390 = VERTEX_POINT('', #387);
#391 = VERTEX_POINT('', #388);
#392 = LINE('', #386, #6);
#393 = LINE('', #387, #6);
#394 = LINE('', #388, #6);
#395 = EDGE_CURVE('', #389, #390, #392, .T.);
#396 = EDGE_CURVE('', #390, #391, #393, .T.);
#397 = EDGE_CURVE('', #391, #389, #394, .T.);
#398 = ORIENTED_EDGE('', *, *, #395, .T.);
#399 = ORIENTED_EDGE('', *, *, #396, .T.);
#400 = ORIENTED_EDGE('', *, *, #397, .T.);
#401 = EDGE_LOOP('', (#398, #399, #400));
#402 = FACE_BOUND('', #401, .T.);

/* ==== Hole 23 (row 0, col 22) CW ==== */
#403 = CARTESIAN_POINT('', (71.000, 5.000, 0.0));
#404 = CARTESIAN_POINT('', (71.000, 8.000, 0.0));
#405 = CARTESIAN_POINT('', (74.000, 6.500, 0.0));
#406 = VERTEX_POINT('', #403);
#407 = VERTEX_POINT('', #404);
#408 = VERTEX_POINT('', #405);
#409 = LINE('', #403, #6);
#410 = LINE('', #404, #6);
#411 = LINE('', #405, #6);
#412 = EDGE_CURVE('', #406, #407, #409, .T.);
#413 = EDGE_CURVE('', #407, #408, #410, .T.);
#414 = EDGE_CURVE('', #408, #406, #411, .T.);
#415 = ORIENTED_EDGE('', *, *, #412, .T.);
#416 = ORIENTED_EDGE('', *, *, #413, .T.);
#417 = ORIENTED_EDGE('', *, *, #414, .T.);
#418 = EDGE_LOOP('', (#415, #416, #417));
#419 = FACE_BOUND('', #418, .T.);

/* ==== Hole 24 (row 0, col 23) CW ==== */
#420 = CARTESIAN_POINT('', (74.000, 5.000, 0.0));
#421 = CARTESIAN_POINT('', (74.000, 8.000, 0.0));
#422 = CARTESIAN_POINT('', (77.000, 6.500, 0.0));
#423 = VERTEX_POINT('', #420);
#424 = VERTEX_POINT('', #421);
#425 = VERTEX_POINT('', #422);
#426 = LINE('', #420, #6);
#427 = LINE('', #421, #6);
#428 = LINE('', #422, #6);
#429 = EDGE_CURVE('', #423, #424, #426, .T.);
#430 = EDGE_CURVE('', #424, #425, #427, .T.);
#431 = EDGE_CURVE('', #425, #423, #428, .T.);
#432 = ORIENTED_EDGE('', *, *, #429, .T.);
#433 = ORIENTED_EDGE('', *, *, #430, .T.);
#434 = ORIENTED_EDGE('', *, *, #431, .T.);
#435 = EDGE_LOOP('', (#432, #433, #434));
#436 = FACE_BOUND('', #435, .T.);

/* ==== Hole 25 (row 0, col 24) CW ==== */
#437 = CARTESIAN_POINT('', (77.000, 5.000, 0.0));
#438 = CARTESIAN_POINT('', (77.000, 8.000, 0.0));
#439 = CARTESIAN_POINT('', (80.000, 6.500, 0.0));
#440 = VERTEX_POINT('', #437);
#441 = VERTEX_POINT('', #438);
#442 = VERTEX_POINT('', #439);
#443 = LINE('', #437, #6);
#444 = LINE('', #438, #6);
#445 = LINE('', #439, #6);
#446 = EDGE_CURVE('', #440, #441, #443, .T.);
#447 = EDGE_CURVE('', #441, #442, #444, .T.);
#448 = EDGE_CURVE('', #442, #440, #445, .T.);
#449 = ORIENTED_EDGE('', *, *, #446, .T.);
#450 = ORIENTED_EDGE('', *, *, #447, .T.);
#451 = ORIENTED_EDGE('', *, *, #448, .T.);
#452 = EDGE_LOOP('', (#449, #450, #451));
#453 = FACE_BOUND('', #452, .T.);

/* ==== Hole 26 (row 0, col 25) CW ==== */
#454 = CARTESIAN_POINT('', (80.000, 5.000, 0.0));
#455 = CARTESIAN_POINT('', (80.000, 8.000, 0.0));
#456 = CARTESIAN_POINT('', (83.000, 6.500, 0.0));
#457 = VERTEX_POINT('', #454);
#458 = VERTEX_POINT('', #455);
#459 = VERTEX_POINT('', #456);
#460 = LINE('', #454, #6);
#461 = LINE('', #455, #6);
#462 = LINE('', #456, #6);
#463 = EDGE_CURVE('', #457, #458, #460, .T.);
#464 = EDGE_CURVE('', #458, #459, #461, .T.);
#465 = EDGE_CURVE('', #459, #457, #462, .T.);
#466 = ORIENTED_EDGE('', *, *, #463, .T.);
#467 = ORIENTED_EDGE('', *, *, #464, .T.);
#468 = ORIENTED_EDGE('', *, *, #465, .T.);
#469 = EDGE_LOOP('', (#466, #467, #468));
#470 = FACE_BOUND('', #469, .T.);

/* ==== Hole 27 (row 0, col 26) CW ==== */
#471 = CARTESIAN_POINT('', (83.000, 5.000, 0.0));
#472 = CARTESIAN_POINT('', (83.000, 8.000, 0.0));
#473 = CARTESIAN_POINT('', (86.000, 6.500, 0.0));
#474 = VERTEX_POINT('', #471);
#475 = VERTEX_POINT('', #472);
#476 = VERTEX_POINT('', #473);
#477 = LINE('', #471, #6);
#478 = LINE('', #472, #6);
#479 = LINE('', #473, #6);
#480 = EDGE_CURVE('', #474, #475, #477, .T.);
#481 = EDGE_CURVE('', #475, #476, #478, .T.);
#482 = EDGE_CURVE('', #476, #474, #479, .T.);
#483 = ORIENTED_EDGE('', *, *, #480, .T.);
#484 = ORIENTED_EDGE('', *, *, #481, .T.);
#485 = ORIENTED_EDGE('', *, *, #482, .T.);
#486 = EDGE_LOOP('', (#483, #484, #485));
#487 = FACE_BOUND('', #486, .T.);

/* ==== Hole 28 (row 0, col 27) CW ==== */
#488 = CARTESIAN_POINT('', (86.000, 5.000, 0.0));
#489 = CARTESIAN_POINT('', (86.000, 8.000, 0.0));
#490 = CARTESIAN_POINT('', (89.000, 6.500, 0.0));
#491 = VERTEX_POINT('', #488);
#492 = VERTEX_POINT('', #489);
#493 = VERTEX_POINT('', #490);
#494 = LINE('', #488, #6);
#495 = LINE('', #489, #6);
#496 = LINE('', #490, #6);
#497 = EDGE_CURVE('', #491, #492, #494, .T.);
#498 = EDGE_CURVE('', #492, #493, #495, .T.);
#499 = EDGE_CURVE('', #493, #491, #496, .T.);
#500 = ORIENTED_EDGE('', *, *, #497, .T.);
#501 = ORIENTED_EDGE('', *, *, #498, .T.);
#502 = ORIENTED_EDGE('', *, *, #499, .T.);
#503 = EDGE_LOOP('', (#500, #501, #502));
#504 = FACE_BOUND('', #503, .T.);

/* ==== Hole 29 (row 0, col 28) CW ==== */
#505 = CARTESIAN_POINT('', (89.000, 5.000, 0.0));
#506 = CARTESIAN_POINT('', (89.000, 8.000, 0.0));
#507 = CARTESIAN_POINT('', (92.000, 6.500, 0.0));
#508 = VERTEX_POINT('', #505);
#509 = VERTEX_POINT('', #506);
#510 = VERTEX_POINT('', #507);
#511 = LINE('', #505, #6);
#512 = LINE('', #506, #6);
#513 = LINE('', #507, #6);
#514 = EDGE_CURVE('', #508, #509, #511, .T.);
#515 = EDGE_CURVE('', #509, #510, #512, .T.);
#516 = EDGE_CURVE('', #510, #508, #513, .T.);
#517 = ORIENTED_EDGE('', *, *, #514, .T.);
#518 = ORIENTED_EDGE('', *, *, #515, .T.);
#519 = ORIENTED_EDGE('', *, *, #516, .T.);
#520 = EDGE_LOOP('', (#517, #518, #519));
#521 = FACE_BOUND('', #520, .T.);

/* ==== Hole 30 (row 0, col 29) CW ==== */
#522 = CARTESIAN_POINT('', (92.000, 5.000, 0.0));
#523 = CARTESIAN_POINT('', (92.000, 8.000, 0.0));
#524 = CARTESIAN_POINT('', (95.000, 6.500, 0.0));
#525 = VERTEX_POINT('', #522);
#526 = VERTEX_POINT('', #523);
#527 = VERTEX_POINT('', #524);
#528 = LINE('', #522, #6);
#529 = LINE('', #523, #6);
#530 = LINE('', #524, #6);
#531 = EDGE_CURVE('', #525, #526, #528, .T.);
#532 = EDGE_CURVE('', #526, #527, #529, .T.);
#533 = EDGE_CURVE('', #527, #525, #530, .T.);
#534 = ORIENTED_EDGE('', *, *, #531, .T.);
#535 = ORIENTED_EDGE('', *, *, #532, .T.);
#536 = ORIENTED_EDGE('', *, *, #533, .T.);
#537 = EDGE_LOOP('', (#534, #535, #536));
#538 = FACE_BOUND('', #537, .T.);

/* ==== Hole 31 (row 1, col 0) CW ==== */
#539 = CARTESIAN_POINT('', (5.000, 8.000, 0.0));
#540 = CARTESIAN_POINT('', (5.000, 11.000, 0.0));
#541 = CARTESIAN_POINT('', (8.000, 9.500, 0.0));
#542 = VERTEX_POINT('', #539);
#543 = VERTEX_POINT('', #540);
#544 = VERTEX_POINT('', #541);
#545 = LINE('', #539, #6);
#546 = LINE('', #540, #6);
#547 = LINE('', #541, #6);
#548 = EDGE_CURVE('', #542, #543, #545, .T.);
#549 = EDGE_CURVE('', #543, #544, #546, .T.);
#550 = EDGE_CURVE('', #544, #542, #547, .T.);
#551 = ORIENTED_EDGE('', *, *, #548, .T.);
#552 = ORIENTED_EDGE('', *, *, #549, .T.);
#553 = ORIENTED_EDGE('', *, *, #550, .T.);
#554 = EDGE_LOOP('', (#551, #552, #553));
#555 = FACE_BOUND('', #554, .T.);

/* ==== Hole 32 (row 1, col 1) CW ==== */
#556 = CARTESIAN_POINT('', (8.000, 8.000, 0.0));
#557 = CARTESIAN_POINT('', (8.000, 11.000, 0.0));
#558 = CARTESIAN_POINT('', (11.000, 9.500, 0.0));
#559 = VERTEX_POINT('', #556);
#560 = VERTEX_POINT('', #557);
#561 = VERTEX_POINT('', #558);
#562 = LINE('', #556, #6);
#563 = LINE('', #557, #6);
#564 = LINE('', #558, #6);
#565 = EDGE_CURVE('', #559, #560, #562, .T.);
#566 = EDGE_CURVE('', #560, #561, #563, .T.);
#567 = EDGE_CURVE('', #561, #559, #564, .T.);
#568 = ORIENTED_EDGE('', *, *, #565, .T.);
#569 = ORIENTED_EDGE('', *, *, #566, .T.);
#570 = ORIENTED_EDGE('', *, *, #567, .T.);
#571 = EDGE_LOOP('', (#568, #569, #570));
#572 = FACE_BOUND('', #571, .T.);

/* ==== Hole 33 (row 1, col 2) CW ==== */
#573 = CARTESIAN_POINT('', (11.000, 8.000, 0.0));
#574 = CARTESIAN_POINT('', (11.000, 11.000, 0.0));
#575 = CARTESIAN_POINT('', (14.000, 9.500, 0.0));
#576 = VERTEX_POINT('', #573);
#577 = VERTEX_POINT('', #574);
#578 = VERTEX_POINT('', #575);
#579 = LINE('', #573, #6);
#580 = LINE('', #574, #6);
#581 = LINE('', #575, #6);
#582 = EDGE_CURVE('', #576, #577, #579, .T.);
#583 = EDGE_CURVE('', #577, #578, #580, .T.);
#584 = EDGE_CURVE('', #578, #576, #581, .T.);
#585 = ORIENTED_EDGE('', *, *, #582, .T.);
#586 = ORIENTED_EDGE('', *, *, #583, .T.);
#587 = ORIENTED_EDGE('', *, *, #584, .T.);
#588 = EDGE_LOOP('', (#585, #586, #587));
#589 = FACE_BOUND('', #588, .T.);

/* ==== Hole 34 (row 1, col 3) CW ==== */
#590 = CARTESIAN_POINT('', (14.000, 8.000, 0.0));
#591 = CARTESIAN_POINT('', (14.000, 11.000, 0.0));
#592 = CARTESIAN_POINT('', (17.000, 9.500, 0.0));
#593 = VERTEX_POINT('', #590);
#594 = VERTEX_POINT('', #591);
#595 = VERTEX_POINT('', #592);
#596 = LINE('', #590, #6);
#597 = LINE('', #591, #6);
#598 = LINE('', #592, #6);
#599 = EDGE_CURVE('', #593, #594, #596, .T.);
#600 = EDGE_CURVE('', #594, #595, #597, .T.);
#601 = EDGE_CURVE('', #595, #593, #598, .T.);
#602 = ORIENTED_EDGE('', *, *, #599, .T.);
#603 = ORIENTED_EDGE('', *, *, #600, .T.);
#604 = ORIENTED_EDGE('', *, *, #601, .T.);
#605 = EDGE_LOOP('', (#602, #603, #604));
#606 = FACE_BOUND('', #605, .T.);

/* ==== Hole 35 (row 1, col 4) CW ==== */
#607 = CARTESIAN_POINT('', (17.000, 8.000, 0.0));
#608 = CARTESIAN_POINT('', (17.000, 11.000, 0.0));
#609 = CARTESIAN_POINT('', (20.000, 9.500, 0.0));
#610 = VERTEX_POINT('', #607);
#611 = VERTEX_POINT('', #608);
#612 = VERTEX_POINT('', #609);
#613 = LINE('', #607, #6);
#614 = LINE('', #608, #6);
#615 = LINE('', #609, #6);
#616 = EDGE_CURVE('', #610, #611, #613, .T.);
#617 = EDGE_CURVE('', #611, #612, #614, .T.);
#618 = EDGE_CURVE('', #612, #610, #615, .T.);
#619 = ORIENTED_EDGE('', *, *, #616, .T.);
#620 = ORIENTED_EDGE('', *, *, #617, .T.);
#621 = ORIENTED_EDGE('', *, *, #618, .T.);
#622 = EDGE_LOOP('', (#619, #620, #621));
#623 = FACE_BOUND('', #622, .T.);

/* ==== Hole 36 (row 1, col 5) CW ==== */
#624 = CARTESIAN_POINT('', (20.000, 8.000, 0.0));
#625 = CARTESIAN_POINT('', (20.000, 11.000, 0.0));
#626 = CARTESIAN_POINT('', (23.000, 9.500, 0.0));
#627 = VERTEX_POINT('', #624);
#628 = VERTEX_POINT('', #625);
#629 = VERTEX_POINT('', #626);
#630 = LINE('', #624, #6);
#631 = LINE('', #625, #6);
#632 = LINE('', #626, #6);
#633 = EDGE_CURVE('', #627, #628, #630, .T.);
#634 = EDGE_CURVE('', #628, #629, #631, .T.);
#635 = EDGE_CURVE('', #629, #627, #632, .T.);
#636 = ORIENTED_EDGE('', *, *, #633, .T.);
#637 = ORIENTED_EDGE('', *, *, #634, .T.);
#638 = ORIENTED_EDGE('', *, *, #635, .T.);
#639 = EDGE_LOOP('', (#636, #637, #638));
#640 = FACE_BOUND('', #639, .T.);

/* ==== Hole 37 (row 1, col 6) CW ==== */
#641 = CARTESIAN_POINT('', (23.000, 8.000, 0.0));
#642 = CARTESIAN_POINT('', (23.000, 11.000, 0.0));
#643 = CARTESIAN_POINT('', (26.000, 9.500, 0.0));
#644 = VERTEX_POINT('', #641);
#645 = VERTEX_POINT('', #642);
#646 = VERTEX_POINT('', #643);
#647 = LINE('', #641, #6);
#648 = LINE('', #642, #6);
#649 = LINE('', #643, #6);
#650 = EDGE_CURVE('', #644, #645, #647, .T.);
#651 = EDGE_CURVE('', #645, #646, #648, .T.);
#652 = EDGE_CURVE('', #646, #644, #649, .T.);
#653 = ORIENTED_EDGE('', *, *, #650, .T.);
#654 = ORIENTED_EDGE('', *, *, #651, .T.);
#655 = ORIENTED_EDGE('', *, *, #652, .T.);
#656 = EDGE_LOOP('', (#653, #654, #655));
#657 = FACE_BOUND('', #656, .T.);

/* ==== Hole 38 (row 1, col 7) CW ==== */
#658 = CARTESIAN_POINT('', (26.000, 8.000, 0.0));
#659 = CARTESIAN_POINT('', (26.000, 11.000, 0.0));
#660 = CARTESIAN_POINT('', (29.000, 9.500, 0.0));
#661 = VERTEX_POINT('', #658);
#662 = VERTEX_POINT('', #659);
#663 = VERTEX_POINT('', #660);
#664 = LINE('', #658, #6);
#665 = LINE('', #659, #6);
#666 = LINE('', #660, #6);
#667 = EDGE_CURVE('', #661, #662, #664, .T.);
#668 = EDGE_CURVE('', #662, #663, #665, .T.);
#669 = EDGE_CURVE('', #663, #661, #666, .T.);
#670 = ORIENTED_EDGE('', *, *, #667, .T.);
#671 = ORIENTED_EDGE('', *, *, #668, .T.);
#672 = ORIENTED_EDGE('', *, *, #669, .T.);
#673 = EDGE_LOOP('', (#670, #671, #672));
#674 = FACE_BOUND('', #673, .T.);

/* ==== Hole 39 (row 1, col 8) CW ==== */
#675 = CARTESIAN_POINT('', (29.000, 8.000, 0.0));
#676 = CARTESIAN_POINT('', (29.000, 11.000, 0.0));
#677 = CARTESIAN_POINT('', (32.000, 9.500, 0.0));
#678 = VERTEX_POINT('', #675);
#679 = VERTEX_POINT('', #676);
#680 = VERTEX_POINT('', #677);
#681 = LINE('', #675, #6);
#682 = LINE('', #676, #6);
#683 = LINE('', #677, #6);
#684 = EDGE_CURVE('', #678, #679, #681, .T.);
#685 = EDGE_CURVE('', #679, #680, #682, .T.);
#686 = EDGE_CURVE('', #680, #678, #683, .T.);
#687 = ORIENTED_EDGE('', *, *, #684, .T.);
#688 = ORIENTED_EDGE('', *, *, #685, .T.);
#689 = ORIENTED_EDGE('', *, *, #686, .T.);
#690 = EDGE_LOOP('', (#687, #688, #689));
#691 = FACE_BOUND('', #690, .T.);

/* ==== Hole 40 (row 1, col 9) CW ==== */
#692 = CARTESIAN_POINT('', (32.000, 8.000, 0.0));
#693 = CARTESIAN_POINT('', (32.000, 11.000, 0.0));
#694 = CARTESIAN_POINT('', (35.000, 9.500, 0.0));
#695 = VERTEX_POINT('', #692);
#696 = VERTEX_POINT('', #693);
#697 = VERTEX_POINT('', #694);
#698 = LINE('', #692, #6);
#699 = LINE('', #693, #6);
#700 = LINE('', #694, #6);
#701 = EDGE_CURVE('', #695, #696, #698, .T.);
#702 = EDGE_CURVE('', #696, #697, #699, .T.);
#703 = EDGE_CURVE('', #697, #695, #700, .T.);
#704 = ORIENTED_EDGE('', *, *, #701, .T.);
#705 = ORIENTED_EDGE('', *, *, #702, .T.);
#706 = ORIENTED_EDGE('', *, *, #703, .T.);
#707 = EDGE_LOOP('', (#704, #705, #706));
#708 = FACE_BOUND('', #707, .T.);

/* ==== Hole 41 (row 1, col 10) CW ==== */
#709 = CARTESIAN_POINT('', (35.000, 8.000, 0.0));
#710 = CARTESIAN_POINT('', (35.000, 11.000, 0.0));
#711 = CARTESIAN_POINT('', (38.000, 9.500, 0.0));
#712 = VERTEX_POINT('', #709);
#713 = VERTEX_POINT('', #710);
#714 = VERTEX_POINT('', #711);
#715 = LINE('', #709, #6);
#716 = LINE('', #710, #6);
#717 = LINE('', #711, #6);
#718 = EDGE_CURVE('', #712, #713, #715, .T.);
#719 = EDGE_CURVE('', #713, #714, #716, .T.);
#720 = EDGE_CURVE('', #714, #712, #717, .T.);
#721 = ORIENTED_EDGE('', *, *, #718, .T.);
#722 = ORIENTED_EDGE('', *, *, #719, .T.);
#723 = ORIENTED_EDGE('', *, *, #720, .T.);
#724 = EDGE_LOOP('', (#721, #722, #723));
#725 = FACE_BOUND('', #724, .T.);

/* ==== Hole 42 (row 1, col 11) CW ==== */
#726 = CARTESIAN_POINT('', (38.000, 8.000, 0.0));
#727 = CARTESIAN_POINT('', (38.000, 11.000, 0.0));
#728 = CARTESIAN_POINT('', (41.000, 9.500, 0.0));
#729 = VERTEX_POINT('', #726);
#730 = VERTEX_POINT('', #727);
#731 = VERTEX_POINT('', #728);
#732 = LINE('', #726, #6);
#733 = LINE('', #727, #6);
#734 = LINE('', #728, #6);
#735 = EDGE_CURVE('', #729, #730, #732, .T.);
#736 = EDGE_CURVE('', #730, #731, #733, .T.);
#737 = EDGE_CURVE('', #731, #729, #734, .T.);
#738 = ORIENTED_EDGE('', *, *, #735, .T.);
#739 = ORIENTED_EDGE('', *, *, #736, .T.);
#740 = ORIENTED_EDGE('', *, *, #737, .T.);
#741 = EDGE_LOOP('', (#738, #739, #740));
#742 = FACE_BOUND('', #741, .T.);

/* ==== Hole 43 (row 1, col 12) CW ==== */
#743 = CARTESIAN_POINT('', (41.000, 8.000, 0.0));
#744 = CARTESIAN_POINT('', (41.000, 11.000, 0.0));
#745 = CARTESIAN_POINT('', (44.000, 9.500, 0.0));
#746 = VERTEX_POINT('', #743);
#747 = VERTEX_POINT('', #744);
#748 = VERTEX_POINT('', #745);
#749 = LINE('', #743, #6);
#750 = LINE('', #744, #6);
#751 = LINE('', #745, #6);
#752 = EDGE_CURVE('', #746, #747, #749, .T.);
#753 = EDGE_CURVE('', #747, #748, #750, .T.);
#754 = EDGE_CURVE('', #748, #746, #751, .T.);
#755 = ORIENTED_EDGE('', *, *, #752, .T.);
#756 = ORIENTED_EDGE('', *, *, #753, .T.);
#757 = ORIENTED_EDGE('', *, *, #754, .T.);
#758 = EDGE_LOOP('', (#755, #756, #757));
#759 = FACE_BOUND('', #758, .T.);

/* ==== Hole 44 (row 1, col 13) CW ==== */
#760 = CARTESIAN_POINT('', (44.000, 8.000, 0.0));
#761 = CARTESIAN_POINT('', (44.000, 11.000, 0.0));
#762 = CARTESIAN_POINT('', (47.000, 9.500, 0.0));
#763 = VERTEX_POINT('', #760);
#764 = VERTEX_POINT('', #761);
#765 = VERTEX_POINT('', #762);
#766 = LINE('', #760, #6);
#767 = LINE('', #761, #6);
#768 = LINE('', #762, #6);
#769 = EDGE_CURVE('', #763, #764, #766, .T.);
#770 = EDGE_CURVE('', #764, #765, #767, .T.);
#771 = EDGE_CURVE('', #765, #763, #768, .T.);
#772 = ORIENTED_EDGE('', *, *, #769, .T.);
#773 = ORIENTED_EDGE('', *, *, #770, .T.);
#774 = ORIENTED_EDGE('', *, *, #771, .T.);
#775 = EDGE_LOOP('', (#772, #773, #774));
#776 = FACE_BOUND('', #775, .T.);

/* ==== Hole 45 (row 1, col 14) CW ==== */
#777 = CARTESIAN_POINT('', (47.000, 8.000, 0.0));
#778 = CARTESIAN_POINT('', (47.000, 11.000, 0.0));
#779 = CARTESIAN_POINT('', (50.000, 9.500, 0.0));
#780 = VERTEX_POINT('', #777);
#781 = VERTEX_POINT('', #778);
#782 = VERTEX_POINT('', #779);
#783 = LINE('', #777, #6);
#784 = LINE('', #778, #6);
#785 = LINE('', #779, #6);
#786 = EDGE_CURVE('', #780, #781, #783, .T.);
#787 = EDGE_CURVE('', #781, #782, #784, .T.);
#788 = EDGE_CURVE('', #782, #780, #785, .T.);
#789 = ORIENTED_EDGE('', *, *, #786, .T.);
#790 = ORIENTED_EDGE('', *, *, #787, .T.);
#791 = ORIENTED_EDGE('', *, *, #788, .T.);
#792 = EDGE_LOOP('', (#789, #790, #791));
#793 = FACE_BOUND('', #792, .T.);

/* ==== Hole 46 (row 1, col 15) CW ==== */
#794 = CARTESIAN_POINT('', (50.000, 8.000, 0.0));
#795 = CARTESIAN_POINT('', (50.000, 11.000, 0.0));
#796 = CARTESIAN_POINT('', (53.000, 9.500, 0.0));
#797 = VERTEX_POINT('', #794);
#798 = VERTEX_POINT('', #795);
#799 = VERTEX_POINT('', #796);
#800 = LINE('', #794, #6);
#801 = LINE('', #795, #6);
#802 = LINE('', #796, #6);
#803 = EDGE_CURVE('', #797, #798, #800, .T.);
#804 = EDGE_CURVE('', #798, #799, #801, .T.);
#805 = EDGE_CURVE('', #799, #797, #802, .T.);
#806 = ORIENTED_EDGE('', *, *, #803, .T.);
#807 = ORIENTED_EDGE('', *, *, #804, .T.);
#808 = ORIENTED_EDGE('', *, *, #805, .T.);
#809 = EDGE_LOOP('', (#806, #807, #808));
#810 = FACE_BOUND('', #809, .T.);

/* ==== Hole 47 (row 1, col 16) CW ==== */
#811 = CARTESIAN_POINT('', (53.000, 8.000, 0.0));
#812 = CARTESIAN_POINT('', (53.000, 11.000, 0.0));
#813 = CARTESIAN_POINT('', (56.000, 9.500, 0.0));
#814 = VERTEX_POINT('', #811);
#815 = VERTEX_POINT('', #812);
#816 = VERTEX_POINT('', #813);
#817 = LINE('', #811, #6);
#818 = LINE('', #812, #6);
#819 = LINE('', #813, #6);
#820 = EDGE_CURVE('', #814, #815, #817, .T.);
#821 = EDGE_CURVE('', #815, #816, #818, .T.);
#822 = EDGE_CURVE('', #816, #814, #819, .T.);
#823 = ORIENTED_EDGE('', *, *, #820, .T.);
#824 = ORIENTED_EDGE('', *, *, #821, .T.);
#825 = ORIENTED_EDGE('', *, *, #822, .T.);
#826 = EDGE_LOOP('', (#823, #824, #825));
#827 = FACE_BOUND('', #826, .T.);

/* ==== Hole 48 (row 1, col 17) CW ==== */
#828 = CARTESIAN_POINT('', (56.000, 8.000, 0.0));
#829 = CARTESIAN_POINT('', (56.000, 11.000, 0.0));
#830 = CARTESIAN_POINT('', (59.000, 9.500, 0.0));
#831 = VERTEX_POINT('', #828);
#832 = VERTEX_POINT('', #829);
#833 = VERTEX_POINT('', #830);
#834 = LINE('', #828, #6);
#835 = LINE('', #829, #6);
#836 = LINE('', #830, #6);
#837 = EDGE_CURVE('', #831, #832, #834, .T.);
#838 = EDGE_CURVE('', #832, #833, #835, .T.);
#839 = EDGE_CURVE('', #833, #831, #836, .T.);
#840 = ORIENTED_EDGE('', *, *, #837, .T.);
#841 = ORIENTED_EDGE('', *, *, #838, .T.);
#842 = ORIENTED_EDGE('', *, *, #839, .T.);
#843 = EDGE_LOOP('', (#840, #841, #842));
#844 = FACE_BOUND('', #843, .T.);

/* ==== Hole 49 (row 1, col 18) CW ==== */
#845 = CARTESIAN_POINT('', (59.000, 8.000, 0.0));
#846 = CARTESIAN_POINT('', (59.000, 11.000, 0.0));
#847 = CARTESIAN_POINT('', (62.000, 9.500, 0.0));
#848 = VERTEX_POINT('', #845);
#849 = VERTEX_POINT('', #846);
#850 = VERTEX_POINT('', #847);
#851 = LINE('', #845, #6);
#852 = LINE('', #846, #6);
#853 = LINE('', #847, #6);
#854 = EDGE_CURVE('', #848, #849, #851, .T.);
#855 = EDGE_CURVE('', #849, #850, #852, .T.);
#856 = EDGE_CURVE('', #850, #848, #853, .T.);
#857 = ORIENTED_EDGE('', *, *, #854, .T.);
#858 = ORIENTED_EDGE('', *, *, #855, .T.);
#859 = ORIENTED_EDGE('', *, *, #856, .T.);
#860 = EDGE_LOOP('', (#857, #858, #859));
#861 = FACE_BOUND('', #860, .T.);

/* ==== Hole 50 (row 1, col 19) CW ==== */
#862 = CARTESIAN_POINT('', (62.000, 8.000, 0.0));
#863 = CARTESIAN_POINT('', (62.000, 11.000, 0.0));
#864 = CARTESIAN_POINT('', (65.000, 9.500, 0.0));
#865 = VERTEX_POINT('', #862);
#866 = VERTEX_POINT('', #863);
#867 = VERTEX_POINT('', #864);
#868 = LINE('', #862, #6);
#869 = LINE('', #863, #6);
#870 = LINE('', #864, #6);
#871 = EDGE_CURVE('', #865, #866, #868, .T.);
#872 = EDGE_CURVE('', #866, #867, #869, .T.);
#873 = EDGE_CURVE('', #867, #865, #870, .T.);
#874 = ORIENTED_EDGE('', *, *, #871, .T.);
#875 = ORIENTED_EDGE('', *, *, #872, .T.);
#876 = ORIENTED_EDGE('', *, *, #873, .T.);
#877 = EDGE_LOOP('', (#874, #875, #876));
#878 = FACE_BOUND('', #877, .T.);

/* ==== Hole 51 (row 1, col 20) CW ==== */
#879 = CARTESIAN_POINT('', (65.000, 8.000, 0.0));
#880 = CARTESIAN_POINT('', (65.000, 11.000, 0.0));
#881 = CARTESIAN_POINT('', (68.000, 9.500, 0.0));
#882 = VERTEX_POINT('', #879);
#883 = VERTEX_POINT('', #880);
#884 = VERTEX_POINT('', #881);
#885 = LINE('', #879, #6);
#886 = LINE('', #880, #6);
#887 = LINE('', #881, #6);
#888 = EDGE_CURVE('', #882, #883, #885, .T.);
#889 = EDGE_CURVE('', #883, #884, #886, .T.);
#890 = EDGE_CURVE('', #884, #882, #887, .T.);
#891 = ORIENTED_EDGE('', *, *, #888, .T.);
#892 = ORIENTED_EDGE('', *, *, #889, .T.);
#893 = ORIENTED_EDGE('', *, *, #890, .T.);
#894 = EDGE_LOOP('', (#891, #892, #893));
#895 = FACE_BOUND('', #894, .T.);

/* ==== Hole 52 (row 1, col 21) CW ==== */
#896 = CARTESIAN_POINT('', (68.000, 8.000, 0.0));
#897 = CARTESIAN_POINT('', (68.000, 11.000, 0.0));
#898 = CARTESIAN_POINT('', (71.000, 9.500, 0.0));
#899 = VERTEX_POINT('', #896);
#900 = VERTEX_POINT('', #897);
#901 = VERTEX_POINT('', #898);
#902 = LINE('', #896, #6);
#903 = LINE('', #897, #6);
#904 = LINE('', #898, #6);
#905 = EDGE_CURVE('', #899, #900, #902, .T.);
#906 = EDGE_CURVE('', #900, #901, #903, .T.);
#907 = EDGE_CURVE('', #901, #899, #904, .T.);
#908 = ORIENTED_EDGE('', *, *, #905, .T.);
#909 = ORIENTED_EDGE('', *, *, #906, .T.);
#910 = ORIENTED_EDGE('', *, *, #907, .T.);
#911 = EDGE_LOOP('', (#908, #909, #910));
#912 = FACE_BOUND('', #911, .T.);

/* ==== Hole 53 (row 1, col 22) CW ==== */
#913 = CARTESIAN_POINT('', (71.000, 8.000, 0.0));
#914 = CARTESIAN_POINT('', (71.000, 11.000, 0.0));
#915 = CARTESIAN_POINT('', (74.000, 9.500, 0.0));
#916 = VERTEX_POINT('', #913);
#917 = VERTEX_POINT('', #914);
#918 = VERTEX_POINT('', #915);
#919 = LINE('', #913, #6);
#920 = LINE('', #914, #6);
#921 = LINE('', #915, #6);
#922 = EDGE_CURVE('', #916, #917, #919, .T.);
#923 = EDGE_CURVE('', #917, #918, #920, .T.);
#924 = EDGE_CURVE('', #918, #916, #921, .T.);
#925 = ORIENTED_EDGE('', *, *, #922, .T.);
#926 = ORIENTED_EDGE('', *, *, #923, .T.);
#927 = ORIENTED_EDGE('', *, *, #924, .T.);
#928 = EDGE_LOOP('', (#925, #926, #927));
#929 = FACE_BOUND('', #928, .T.);

/* ==== Hole 54 (row 1, col 23) CW ==== */
#930 = CARTESIAN_POINT('', (74.000, 8.000, 0.0));
#931 = CARTESIAN_POINT('', (74.000, 11.000, 0.0));
#932 = CARTESIAN_POINT('', (77.000, 9.500, 0.0));
#933 = VERTEX_POINT('', #930);
#934 = VERTEX_POINT('', #931);
#935 = VERTEX_POINT('', #932);
#936 = LINE('', #930, #6);
#937 = LINE('', #931, #6);
#938 = LINE('', #932, #6);
#939 = EDGE_CURVE('', #933, #934, #936, .T.);
#940 = EDGE_CURVE('', #934, #935, #937, .T.);
#941 = EDGE_CURVE('', #935, #933, #938, .T.);
#942 = ORIENTED_EDGE('', *, *, #939, .T.);
#943 = ORIENTED_EDGE('', *, *, #940, .T.);
#944 = ORIENTED_EDGE('', *, *, #941, .T.);
#945 = EDGE_LOOP('', (#942, #943, #944));
#946 = FACE_BOUND('', #945, .T.);

/* ==== Hole 55 (row 1, col 24) CW ==== */
#947 = CARTESIAN_POINT('', (77.000, 8.000, 0.0));
#948 = CARTESIAN_POINT('', (77.000, 11.000, 0.0));
#949 = CARTESIAN_POINT('', (80.000, 9.500, 0.0));
#950 = VERTEX_POINT('', #947);
#951 = VERTEX_POINT('', #948);
#952 = VERTEX_POINT('', #949);
#953 = LINE('', #947, #6);
#954 = LINE('', #948, #6);
#955 = LINE('', #949, #6);
#956 = EDGE_CURVE('', #950, #951, #953, .T.);
#957 = EDGE_CURVE('', #951, #952, #954, .T.);
#958 = EDGE_CURVE('', #952, #950, #955, .T.);
#959 = ORIENTED_EDGE('', *, *, #956, .T.);
#960 = ORIENTED_EDGE('', *, *, #957, .T.);
#961 = ORIENTED_EDGE('', *, *, #958, .T.);
#962 = EDGE_LOOP('', (#959, #960, #961));
#963 = FACE_BOUND('', #962, .T.);

/* ==== Hole 56 (row 1, col 25) CW ==== */
#964 = CARTESIAN_POINT('', (80.000, 8.000, 0.0));
#965 = CARTESIAN_POINT('', (80.000, 11.000, 0.0));
#966 = CARTESIAN_POINT('', (83.000, 9.500, 0.0));
#967 = VERTEX_POINT('', #964);
#968 = VERTEX_POINT('', #965);
#969 = VERTEX_POINT('', #966);
#970 = LINE('', #964, #6);
#971 = LINE('', #965, #6);
#972 = LINE('', #966, #6);
#973 = EDGE_CURVE('', #967, #968, #970, .T.);
#974 = EDGE_CURVE('', #968, #969, #971, .T.);
#975 = EDGE_CURVE('', #969, #967, #972, .T.);
#976 = ORIENTED_EDGE('', *, *, #973, .T.);
#977 = ORIENTED_EDGE('', *, *, #974, .T.);
#978 = ORIENTED_EDGE('', *, *, #975, .T.);
#979 = EDGE_LOOP('', (#976, #977, #978));
#980 = FACE_BOUND('', #979, .T.);

/* ==== Hole 57 (row 1, col 26) CW ==== */
#981 = CARTESIAN_POINT('', (83.000, 8.000, 0.0));
#982 = CARTESIAN_POINT('', (83.000, 11.000, 0.0));
#983 = CARTESIAN_POINT('', (86.000, 9.500, 0.0));
#984 = VERTEX_POINT('', #981);
#985 = VERTEX_POINT('', #982);
#986 = VERTEX_POINT('', #983);
#987 = LINE('', #981, #6);
#988 = LINE('', #982, #6);
#989 = LINE('', #983, #6);
#990 = EDGE_CURVE('', #984, #985, #987, .T.);
#991 = EDGE_CURVE('', #985, #986, #988, .T.);
#992 = EDGE_CURVE('', #986, #984, #989, .T.);
#993 = ORIENTED_EDGE('', *, *, #990, .T.);
#994 = ORIENTED_EDGE('', *, *, #991, .T.);
#995 = ORIENTED_EDGE('', *, *, #992, .T.);
#996 = EDGE_LOOP('', (#993, #994, #995));
#997 = FACE_BOUND('', #996, .T.);

/* ==== Hole 58 (row 1, col 27) CW ==== */
#998 = CARTESIAN_POINT('', (86.000, 8.000, 0.0));
#999 = CARTESIAN_POINT('', (86.000, 11.000, 0.0));
#1000 = CARTESIAN_POINT('', (89.000, 9.500, 0.0));
#1001 = VERTEX_POINT('', #998);
#1002 = VERTEX_POINT('', #999);
#1003 = VERTEX_POINT('', #1000);
#1004 = LINE('', #998, #6);
#1005 = LINE('', #999, #6);
#1006 = LINE('', #1000, #6);
#1007 = EDGE_CURVE('', #1001, #1002, #1004, .T.);
#1008 = EDGE_CURVE('', #1002, #1003, #1005, .T.);
#1009 = EDGE_CURVE('', #1003, #1001, #1006, .T.);
#1010 = ORIENTED_EDGE('', *, *, #1007, .T.);
#1011 = ORIENTED_EDGE('', *, *, #1008, .T.);
#1012 = ORIENTED_EDGE('', *, *, #1009, .T.);
#1013 = EDGE_LOOP('', (#1010, #1011, #1012));
#1014 = FACE_BOUND('', #1013, .T.);

/* ==== Hole 59 (row 1, col 28) CW ==== */
#1015 = CARTESIAN_POINT('', (89.000, 8.000, 0.0));
#1016 = CARTESIAN_POINT('', (89.000, 11.000, 0.0));
#1017 = CARTESIAN_POINT('', (92.000, 9.500, 0.0));
#1018 = VERTEX_POINT('', #1015);
#1019 = VERTEX_POINT('', #1016);
#1020 = VERTEX_POINT('', #1017);
#1021 = LINE('', #1015, #6);
#1022 = LINE('', #1016, #6);
#1023 = LINE('', #1017, #6);
#1024 = EDGE_CURVE('', #1018, #1019, #1021, .T.);
#1025 = EDGE_CURVE('', #1019, #1020, #1022, .T.);
#1026 = EDGE_CURVE('', #1020, #1018, #1023, .T.);
#1027 = ORIENTED_EDGE('', *, *, #1024, .T.);
#1028 = ORIENTED_EDGE('', *, *, #1025, .T.);
#1029 = ORIENTED_EDGE('', *, *, #1026, .T.);
#1030 = EDGE_LOOP('', (#1027, #1028, #1029));
#1031 = FACE_BOUND('', #1030, .T.);

/* ==== Hole 60 (row 1, col 29) CW ==== */
#1032 = CARTESIAN_POINT('', (92.000, 8.000, 0.0));
#1033 = CARTESIAN_POINT('', (92.000, 11.000, 0.0));
#1034 = CARTESIAN_POINT('', (95.000, 9.500, 0.0));
#1035 = VERTEX_POINT('', #1032);
#1036 = VERTEX_POINT('', #1033);
#1037 = VERTEX_POINT('', #1034);
#1038 = LINE('', #1032, #6);
#1039 = LINE('', #1033, #6);
#1040 = LINE('', #1034, #6);
#1041 = EDGE_CURVE('', #1035, #1036, #1038, .T.);
#1042 = EDGE_CURVE('', #1036, #1037, #1039, .T.);
#1043 = EDGE_CURVE('', #1037, #1035, #1040, .T.);
#1044 = ORIENTED_EDGE('', *, *, #1041, .T.);
#1045 = ORIENTED_EDGE('', *, *, #1042, .T.);
#1046 = ORIENTED_EDGE('', *, *, #1043, .T.);
#1047 = EDGE_LOOP('', (#1044, #1045, #1046));
#1048 = FACE_BOUND('', #1047, .T.);

/* ==== Hole 61 (row 2, col 0) CW ==== */
#1049 = CARTESIAN_POINT('', (5.000, 11.000, 0.0));
#1050 = CARTESIAN_POINT('', (5.000, 14.000, 0.0));
#1051 = CARTESIAN_POINT('', (8.000, 12.500, 0.0));
#1052 = VERTEX_POINT('', #1049);
#1053 = VERTEX_POINT('', #1050);
#1054 = VERTEX_POINT('', #1051);
#1055 = LINE('', #1049, #6);
#1056 = LINE('', #1050, #6);
#1057 = LINE('', #1051, #6);
#1058 = EDGE_CURVE('', #1052, #1053, #1055, .T.);
#1059 = EDGE_CURVE('', #1053, #1054, #1056, .T.);
#1060 = EDGE_CURVE('', #1054, #1052, #1057, .T.);
#1061 = ORIENTED_EDGE('', *, *, #1058, .T.);
#1062 = ORIENTED_EDGE('', *, *, #1059, .T.);
#1063 = ORIENTED_EDGE('', *, *, #1060, .T.);
#1064 = EDGE_LOOP('', (#1061, #1062, #1063));
#1065 = FACE_BOUND('', #1064, .T.);

/* ==== Hole 62 (row 2, col 1) CW ==== */
#1066 = CARTESIAN_POINT('', (8.000, 11.000, 0.0));
#1067 = CARTESIAN_POINT('', (8.000, 14.000, 0.0));
#1068 = CARTESIAN_POINT('', (11.000, 12.500, 0.0));
#1069 = VERTEX_POINT('', #1066);
#1070 = VERTEX_POINT('', #1067);
#1071 = VERTEX_POINT('', #1068);
#1072 = LINE('', #1066, #6);
#1073 = LINE('', #1067, #6);
#1074 = LINE('', #1068, #6);
#1075 = EDGE_CURVE('', #1069, #1070, #1072, .T.);
#1076 = EDGE_CURVE('', #1070, #1071, #1073, .T.);
#1077 = EDGE_CURVE('', #1071, #1069, #1074, .T.);
#1078 = ORIENTED_EDGE('', *, *, #1075, .T.);
#1079 = ORIENTED_EDGE('', *, *, #1076, .T.);
#1080 = ORIENTED_EDGE('', *, *, #1077, .T.);
#1081 = EDGE_LOOP('', (#1078, #1079, #1080));
#1082 = FACE_BOUND('', #1081, .T.);

/* ==== Hole 63 (row 2, col 2) CW ==== */
#1083 = CARTESIAN_POINT('', (11.000, 11.000, 0.0));
#1084 = CARTESIAN_POINT('', (11.000, 14.000, 0.0));
#1085 = CARTESIAN_POINT('', (14.000, 12.500, 0.0));
#1086 = VERTEX_POINT('', #1083);
#1087 = VERTEX_POINT('', #1084);
#1088 = VERTEX_POINT('', #1085);
#1089 = LINE('', #1083, #6);
#1090 = LINE('', #1084, #6);
#1091 = LINE('', #1085, #6);
#1092 = EDGE_CURVE('', #1086, #1087, #1089, .T.);
#1093 = EDGE_CURVE('', #1087, #1088, #1090, .T.);
#1094 = EDGE_CURVE('', #1088, #1086, #1091, .T.);
#1095 = ORIENTED_EDGE('', *, *, #1092, .T.);
#1096 = ORIENTED_EDGE('', *, *, #1093, .T.);
#1097 = ORIENTED_EDGE('', *, *, #1094, .T.);
#1098 = EDGE_LOOP('', (#1095, #1096, #1097));
#1099 = FACE_BOUND('', #1098, .T.);

/* ==== Hole 64 (row 2, col 3) CW ==== */
#1100 = CARTESIAN_POINT('', (14.000, 11.000, 0.0));
#1101 = CARTESIAN_POINT('', (14.000, 14.000, 0.0));
#1102 = CARTESIAN_POINT('', (17.000, 12.500, 0.0));
#1103 = VERTEX_POINT('', #1100);
#1104 = VERTEX_POINT('', #1101);
#1105 = VERTEX_POINT('', #1102);
#1106 = LINE('', #1100, #6);
#1107 = LINE('', #1101, #6);
#1108 = LINE('', #1102, #6);
#1109 = EDGE_CURVE('', #1103, #1104, #1106, .T.);
#1110 = EDGE_CURVE('', #1104, #1105, #1107, .T.);
#1111 = EDGE_CURVE('', #1105, #1103, #1108, .T.);
#1112 = ORIENTED_EDGE('', *, *, #1109, .T.);
#1113 = ORIENTED_EDGE('', *, *, #1110, .T.);
#1114 = ORIENTED_EDGE('', *, *, #1111, .T.);
#1115 = EDGE_LOOP('', (#1112, #1113, #1114));
#1116 = FACE_BOUND('', #1115, .T.);

/* ==== Hole 65 (row 2, col 4) CW ==== */
#1117 = CARTESIAN_POINT('', (17.000, 11.000, 0.0));
#1118 = CARTESIAN_POINT('', (17.000, 14.000, 0.0));
#1119 = CARTESIAN_POINT('', (20.000, 12.500, 0.0));
#1120 = VERTEX_POINT('', #1117);
#1121 = VERTEX_POINT('', #1118);
#1122 = VERTEX_POINT('', #1119);
#1123 = LINE('', #1117, #6);
#1124 = LINE('', #1118, #6);
#1125 = LINE('', #1119, #6);
#1126 = EDGE_CURVE('', #1120, #1121, #1123, .T.);
#1127 = EDGE_CURVE('', #1121, #1122, #1124, .T.);
#1128 = EDGE_CURVE('', #1122, #1120, #1125, .T.);
#1129 = ORIENTED_EDGE('', *, *, #1126, .T.);
#1130 = ORIENTED_EDGE('', *, *, #1127, .T.);
#1131 = ORIENTED_EDGE('', *, *, #1128, .T.);
#1132 = EDGE_LOOP('', (#1129, #1130, #1131));
#1133 = FACE_BOUND('', #1132, .T.);

/* ==== Hole 66 (row 2, col 5) CW ==== */
#1134 = CARTESIAN_POINT('', (20.000, 11.000, 0.0));
#1135 = CARTESIAN_POINT('', (20.000, 14.000, 0.0));
#1136 = CARTESIAN_POINT('', (23.000, 12.500, 0.0));
#1137 = VERTEX_POINT('', #1134);
#1138 = VERTEX_POINT('', #1135);
#1139 = VERTEX_POINT('', #1136);
#1140 = LINE('', #1134, #6);
#1141 = LINE('', #1135, #6);
#1142 = LINE('', #1136, #6);
#1143 = EDGE_CURVE('', #1137, #1138, #1140, .T.);
#1144 = EDGE_CURVE('', #1138, #1139, #1141, .T.);
#1145 = EDGE_CURVE('', #1139, #1137, #1142, .T.);
#1146 = ORIENTED_EDGE('', *, *, #1143, .T.);
#1147 = ORIENTED_EDGE('', *, *, #1144, .T.);
#1148 = ORIENTED_EDGE('', *, *, #1145, .T.);
#1149 = EDGE_LOOP('', (#1146, #1147, #1148));
#1150 = FACE_BOUND('', #1149, .T.);

/* ==== Hole 67 (row 2, col 6) CW ==== */
#1151 = CARTESIAN_POINT('', (23.000, 11.000, 0.0));
#1152 = CARTESIAN_POINT('', (23.000, 14.000, 0.0));
#1153 = CARTESIAN_POINT('', (26.000, 12.500, 0.0));
#1154 = VERTEX_POINT('', #1151);
#1155 = VERTEX_POINT('', #1152);
#1156 = VERTEX_POINT('', #1153);
#1157 = LINE('', #1151, #6);
#1158 = LINE('', #1152, #6);
#1159 = LINE('', #1153, #6);
#1160 = EDGE_CURVE('', #1154, #1155, #1157, .T.);
#1161 = EDGE_CURVE('', #1155, #1156, #1158, .T.);
#1162 = EDGE_CURVE('', #1156, #1154, #1159, .T.);
#1163 = ORIENTED_EDGE('', *, *, #1160, .T.);
#1164 = ORIENTED_EDGE('', *, *, #1161, .T.);
#1165 = ORIENTED_EDGE('', *, *, #1162, .T.);
#1166 = EDGE_LOOP('', (#1163, #1164, #1165));
#1167 = FACE_BOUND('', #1166, .T.);

/* ==== Hole 68 (row 2, col 7) CW ==== */
#1168 = CARTESIAN_POINT('', (26.000, 11.000, 0.0));
#1169 = CARTESIAN_POINT('', (26.000, 14.000, 0.0));
#1170 = CARTESIAN_POINT('', (29.000, 12.500, 0.0));
#1171 = VERTEX_POINT('', #1168);
#1172 = VERTEX_POINT('', #1169);
#1173 = VERTEX_POINT('', #1170);
#1174 = LINE('', #1168, #6);
#1175 = LINE('', #1169, #6);
#1176 = LINE('', #1170, #6);
#1177 = EDGE_CURVE('', #1171, #1172, #1174, .T.);
#1178 = EDGE_CURVE('', #1172, #1173, #1175, .T.);
#1179 = EDGE_CURVE('', #1173, #1171, #1176, .T.);
#1180 = ORIENTED_EDGE('', *, *, #1177, .T.);
#1181 = ORIENTED_EDGE('', *, *, #1178, .T.);
#1182 = ORIENTED_EDGE('', *, *, #1179, .T.);
#1183 = EDGE_LOOP('', (#1180, #1181, #1182));
#1184 = FACE_BOUND('', #1183, .T.);

/* ==== Hole 69 (row 2, col 8) CW ==== */
#1185 = CARTESIAN_POINT('', (29.000, 11.000, 0.0));
#1186 = CARTESIAN_POINT('', (29.000, 14.000, 0.0));
#1187 = CARTESIAN_POINT('', (32.000, 12.500, 0.0));
#1188 = VERTEX_POINT('', #1185);
#1189 = VERTEX_POINT('', #1186);
#1190 = VERTEX_POINT('', #1187);
#1191 = LINE('', #1185, #6);
#1192 = LINE('', #1186, #6);
#1193 = LINE('', #1187, #6);
#1194 = EDGE_CURVE('', #1188, #1189, #1191, .T.);
#1195 = EDGE_CURVE('', #1189, #1190, #1192, .T.);
#1196 = EDGE_CURVE('', #1190, #1188, #1193, .T.);
#1197 = ORIENTED_EDGE('', *, *, #1194, .T.);
#1198 = ORIENTED_EDGE('', *, *, #1195, .T.);
#1199 = ORIENTED_EDGE('', *, *, #1196, .T.);
#1200 = EDGE_LOOP('', (#1197, #1198, #1199));
#1201 = FACE_BOUND('', #1200, .T.);

/* ==== Hole 70 (row 2, col 9) CW ==== */
#1202 = CARTESIAN_POINT('', (32.000, 11.000, 0.0));
#1203 = CARTESIAN_POINT('', (32.000, 14.000, 0.0));
#1204 = CARTESIAN_POINT('', (35.000, 12.500, 0.0));
#1205 = VERTEX_POINT('', #1202);
#1206 = VERTEX_POINT('', #1203);
#1207 = VERTEX_POINT('', #1204);
#1208 = LINE('', #1202, #6);
#1209 = LINE('', #1203, #6);
#1210 = LINE('', #1204, #6);
#1211 = EDGE_CURVE('', #1205, #1206, #1208, .T.);
#1212 = EDGE_CURVE('', #1206, #1207, #1209, .T.);
#1213 = EDGE_CURVE('', #1207, #1205, #1210, .T.);
#1214 = ORIENTED_EDGE('', *, *, #1211, .T.);
#1215 = ORIENTED_EDGE('', *, *, #1212, .T.);
#1216 = ORIENTED_EDGE('', *, *, #1213, .T.);
#1217 = EDGE_LOOP('', (#1214, #1215, #1216));
#1218 = FACE_BOUND('', #1217, .T.);

/* ==== Hole 71 (row 2, col 10) CW ==== */
#1219 = CARTESIAN_POINT('', (35.000, 11.000, 0.0));
#1220 = CARTESIAN_POINT('', (35.000, 14.000, 0.0));
#1221 = CARTESIAN_POINT('', (38.000, 12.500, 0.0));
#1222 = VERTEX_POINT('', #1219);
#1223 = VERTEX_POINT('', #1220);
#1224 = VERTEX_POINT('', #1221);
#1225 = LINE('', #1219, #6);
#1226 = LINE('', #1220, #6);
#1227 = LINE('', #1221, #6);
#1228 = EDGE_CURVE('', #1222, #1223, #1225, .T.);
#1229 = EDGE_CURVE('', #1223, #1224, #1226, .T.);
#1230 = EDGE_CURVE('', #1224, #1222, #1227, .T.);
#1231 = ORIENTED_EDGE('', *, *, #1228, .T.);
#1232 = ORIENTED_EDGE('', *, *, #1229, .T.);
#1233 = ORIENTED_EDGE('', *, *, #1230, .T.);
#1234 = EDGE_LOOP('', (#1231, #1232, #1233));
#1235 = FACE_BOUND('', #1234, .T.);

/* ==== Hole 72 (row 2, col 11) CW ==== */
#1236 = CARTESIAN_POINT('', (38.000, 11.000, 0.0));
#1237 = CARTESIAN_POINT('', (38.000, 14.000, 0.0));
#1238 = CARTESIAN_POINT('', (41.000, 12.500, 0.0));
#1239 = VERTEX_POINT('', #1236);
#1240 = VERTEX_POINT('', #1237);
#1241 = VERTEX_POINT('', #1238);
#1242 = LINE('', #1236, #6);
#1243 = LINE('', #1237, #6);
#1244 = LINE('', #1238, #6);
#1245 = EDGE_CURVE('', #1239, #1240, #1242, .T.);
#1246 = EDGE_CURVE('', #1240, #1241, #1243, .T.);
#1247 = EDGE_CURVE('', #1241, #1239, #1244, .T.);
#1248 = ORIENTED_EDGE('', *, *, #1245, .T.);
#1249 = ORIENTED_EDGE('', *, *, #1246, .T.);
#1250 = ORIENTED_EDGE('', *, *, #1247, .T.);
#1251 = EDGE_LOOP('', (#1248, #1249, #1250));
#1252 = FACE_BOUND('', #1251, .T.);

/* ==== Hole 73 (row 2, col 12) CW ==== */
#1253 = CARTESIAN_POINT('', (41.000, 11.000, 0.0));
#1254 = CARTESIAN_POINT('', (41.000, 14.000, 0.0));
#1255 = CARTESIAN_POINT('', (44.000, 12.500, 0.0));
#1256 = VERTEX_POINT('', #1253);
#1257 = VERTEX_POINT('', #1254);
#1258 = VERTEX_POINT('', #1255);
#1259 = LINE('', #1253, #6);
#1260 = LINE('', #1254, #6);
#1261 = LINE('', #1255, #6);
#1262 = EDGE_CURVE('', #1256, #1257, #1259, .T.);
#1263 = EDGE_CURVE('', #1257, #1258, #1260, .T.);
#1264 = EDGE_CURVE('', #1258, #1256, #1261, .T.);
#1265 = ORIENTED_EDGE('', *, *, #1262, .T.);
#1266 = ORIENTED_EDGE('', *, *, #1263, .T.);
#1267 = ORIENTED_EDGE('', *, *, #1264, .T.);
#1268 = EDGE_LOOP('', (#1265, #1266, #1267));
#1269 = FACE_BOUND('', #1268, .T.);

/* ==== Hole 74 (row 2, col 13) CW ==== */
#1270 = CARTESIAN_POINT('', (44.000, 11.000, 0.0));
#1271 = CARTESIAN_POINT('', (44.000, 14.000, 0.0));
#1272 = CARTESIAN_POINT('', (47.000, 12.500, 0.0));
#1273 = VERTEX_POINT('', #1270);
#1274 = VERTEX_POINT('', #1271);
#1275 = VERTEX_POINT('', #1272);
#1276 = LINE('', #1270, #6);
#1277 = LINE('', #1271, #6);
#1278 = LINE('', #1272, #6);
#1279 = EDGE_CURVE('', #1273, #1274, #1276, .T.);
#1280 = EDGE_CURVE('', #1274, #1275, #1277, .T.);
#1281 = EDGE_CURVE('', #1275, #1273, #1278, .T.);
#1282 = ORIENTED_EDGE('', *, *, #1279, .T.);
#1283 = ORIENTED_EDGE('', *, *, #1280, .T.);
#1284 = ORIENTED_EDGE('', *, *, #1281, .T.);
#1285 = EDGE_LOOP('', (#1282, #1283, #1284));
#1286 = FACE_BOUND('', #1285, .T.);

/* ==== Hole 75 (row 2, col 14) CW ==== */
#1287 = CARTESIAN_POINT('', (47.000, 11.000, 0.0));
#1288 = CARTESIAN_POINT('', (47.000, 14.000, 0.0));
#1289 = CARTESIAN_POINT('', (50.000, 12.500, 0.0));
#1290 = VERTEX_POINT('', #1287);
#1291 = VERTEX_POINT('', #1288);
#1292 = VERTEX_POINT('', #1289);
#1293 = LINE('', #1287, #6);
#1294 = LINE('', #1288, #6);
#1295 = LINE('', #1289, #6);
#1296 = EDGE_CURVE('', #1290, #1291, #1293, .T.);
#1297 = EDGE_CURVE('', #1291, #1292, #1294, .T.);
#1298 = EDGE_CURVE('', #1292, #1290, #1295, .T.);
#1299 = ORIENTED_EDGE('', *, *, #1296, .T.);
#1300 = ORIENTED_EDGE('', *, *, #1297, .T.);
#1301 = ORIENTED_EDGE('', *, *, #1298, .T.);
#1302 = EDGE_LOOP('', (#1299, #1300, #1301));
#1303 = FACE_BOUND('', #1302, .T.);

/* ==== Hole 76 (row 2, col 15) CW ==== */
#1304 = CARTESIAN_POINT('', (50.000, 11.000, 0.0));
#1305 = CARTESIAN_POINT('', (50.000, 14.000, 0.0));
#1306 = CARTESIAN_POINT('', (53.000, 12.500, 0.0));
#1307 = VERTEX_POINT('', #1304);
#1308 = VERTEX_POINT('', #1305);
#1309 = VERTEX_POINT('', #1306);
#1310 = LINE('', #1304, #6);
#1311 = LINE('', #1305, #6);
#1312 = LINE('', #1306, #6);
#1313 = EDGE_CURVE('', #1307, #1308, #1310, .T.);
#1314 = EDGE_CURVE('', #1308, #1309, #1311, .T.);
#1315 = EDGE_CURVE('', #1309, #1307, #1312, .T.);
#1316 = ORIENTED_EDGE('', *, *, #1313, .T.);
#1317 = ORIENTED_EDGE('', *, *, #1314, .T.);
#1318 = ORIENTED_EDGE('', *, *, #1315, .T.);
#1319 = EDGE_LOOP('', (#1316, #1317, #1318));
#1320 = FACE_BOUND('', #1319, .T.);

/* ==== Hole 77 (row 2, col 16) CW ==== */
#1321 = CARTESIAN_POINT('', (53.000, 11.000, 0.0));
#1322 = CARTESIAN_POINT('', (53.000, 14.000, 0.0));
#1323 = CARTESIAN_POINT('', (56.000, 12.500, 0.0));
#1324 = VERTEX_POINT('', #1321);
#1325 = VERTEX_POINT('', #1322);
#1326 = VERTEX_POINT('', #1323);
#1327 = LINE('', #1321, #6);
#1328 = LINE('', #1322, #6);
#1329 = LINE('', #1323, #6);
#1330 = EDGE_CURVE('', #1324, #1325, #1327, .T.);
#1331 = EDGE_CURVE('', #1325, #1326, #1328, .T.);
#1332 = EDGE_CURVE('', #1326, #1324, #1329, .T.);
#1333 = ORIENTED_EDGE('', *, *, #1330, .T.);
#1334 = ORIENTED_EDGE('', *, *, #1331, .T.);
#1335 = ORIENTED_EDGE('', *, *, #1332, .T.);
#1336 = EDGE_LOOP('', (#1333, #1334, #1335));
#1337 = FACE_BOUND('', #1336, .T.);

/* ==== Hole 78 (row 2, col 17) CW ==== */
#1338 = CARTESIAN_POINT('', (56.000, 11.000, 0.0));
#1339 = CARTESIAN_POINT('', (56.000, 14.000, 0.0));
#1340 = CARTESIAN_POINT('', (59.000, 12.500, 0.0));
#1341 = VERTEX_POINT('', #1338);
#1342 = VERTEX_POINT('', #1339);
#1343 = VERTEX_POINT('', #1340);
#1344 = LINE('', #1338, #6);
#1345 = LINE('', #1339, #6);
#1346 = LINE('', #1340, #6);
#1347 = EDGE_CURVE('', #1341, #1342, #1344, .T.);
#1348 = EDGE_CURVE('', #1342, #1343, #1345, .T.);
#1349 = EDGE_CURVE('', #1343, #1341, #1346, .T.);
#1350 = ORIENTED_EDGE('', *, *, #1347, .T.);
#1351 = ORIENTED_EDGE('', *, *, #1348, .T.);
#1352 = ORIENTED_EDGE('', *, *, #1349, .T.);
#1353 = EDGE_LOOP('', (#1350, #1351, #1352));
#1354 = FACE_BOUND('', #1353, .T.);

/* ==== Hole 79 (row 2, col 18) CW ==== */
#1355 = CARTESIAN_POINT('', (59.000, 11.000, 0.0));
#1356 = CARTESIAN_POINT('', (59.000, 14.000, 0.0));
#1357 = CARTESIAN_POINT('', (62.000, 12.500, 0.0));
#1358 = VERTEX_POINT('', #1355);
#1359 = VERTEX_POINT('', #1356);
#1360 = VERTEX_POINT('', #1357);
#1361 = LINE('', #1355, #6);
#1362 = LINE('', #1356, #6);
#1363 = LINE('', #1357, #6);
#1364 = EDGE_CURVE('', #1358, #1359, #1361, .T.);
#1365 = EDGE_CURVE('', #1359, #1360, #1362, .T.);
#1366 = EDGE_CURVE('', #1360, #1358, #1363, .T.);
#1367 = ORIENTED_EDGE('', *, *, #1364, .T.);
#1368 = ORIENTED_EDGE('', *, *, #1365, .T.);
#1369 = ORIENTED_EDGE('', *, *, #1366, .T.);
#1370 = EDGE_LOOP('', (#1367, #1368, #1369));
#1371 = FACE_BOUND('', #1370, .T.);

/* ==== Hole 80 (row 2, col 19) CW ==== */
#1372 = CARTESIAN_POINT('', (62.000, 11.000, 0.0));
#1373 = CARTESIAN_POINT('', (62.000, 14.000, 0.0));
#1374 = CARTESIAN_POINT('', (65.000, 12.500, 0.0));
#1375 = VERTEX_POINT('', #1372);
#1376 = VERTEX_POINT('', #1373);
#1377 = VERTEX_POINT('', #1374);
#1378 = LINE('', #1372, #6);
#1379 = LINE('', #1373, #6);
#1380 = LINE('', #1374, #6);
#1381 = EDGE_CURVE('', #1375, #1376, #1378, .T.);
#1382 = EDGE_CURVE('', #1376, #1377, #1379, .T.);
#1383 = EDGE_CURVE('', #1377, #1375, #1380, .T.);
#1384 = ORIENTED_EDGE('', *, *, #1381, .T.);
#1385 = ORIENTED_EDGE('', *, *, #1382, .T.);
#1386 = ORIENTED_EDGE('', *, *, #1383, .T.);
#1387 = EDGE_LOOP('', (#1384, #1385, #1386));
#1388 = FACE_BOUND('', #1387, .T.);

/* ==== Hole 81 (row 2, col 20) CW ==== */
#1389 = CARTESIAN_POINT('', (65.000, 11.000, 0.0));
#1390 = CARTESIAN_POINT('', (65.000, 14.000, 0.0));
#1391 = CARTESIAN_POINT('', (68.000, 12.500, 0.0));
#1392 = VERTEX_POINT('', #1389);
#1393 = VERTEX_POINT('', #1390);
#1394 = VERTEX_POINT('', #1391);
#1395 = LINE('', #1389, #6);
#1396 = LINE('', #1390, #6);
#1397 = LINE('', #1391, #6);
#1398 = EDGE_CURVE('', #1392, #1393, #1395, .T.);
#1399 = EDGE_CURVE('', #1393, #1394, #1396, .T.);
#1400 = EDGE_CURVE('', #1394, #1392, #1397, .T.);
#1401 = ORIENTED_EDGE('', *, *, #1398, .T.);
#1402 = ORIENTED_EDGE('', *, *, #1399, .T.);
#1403 = ORIENTED_EDGE('', *, *, #1400, .T.);
#1404 = EDGE_LOOP('', (#1401, #1402, #1403));
#1405 = FACE_BOUND('', #1404, .T.);

/* ==== Hole 82 (row 2, col 21) CW ==== */
#1406 = CARTESIAN_POINT('', (68.000, 11.000, 0.0));
#1407 = CARTESIAN_POINT('', (68.000, 14.000, 0.0));
#1408 = CARTESIAN_POINT('', (71.000, 12.500, 0.0));
#1409 = VERTEX_POINT('', #1406);
#1410 = VERTEX_POINT('', #1407);
#1411 = VERTEX_POINT('', #1408);
#1412 = LINE('', #1406, #6);
#1413 = LINE('', #1407, #6);
#1414 = LINE('', #1408, #6);
#1415 = EDGE_CURVE('', #1409, #1410, #1412, .T.);
#1416 = EDGE_CURVE('', #1410, #1411, #1413, .T.);
#1417 = EDGE_CURVE('', #1411, #1409, #1414, .T.);
#1418 = ORIENTED_EDGE('', *, *, #1415, .T.);
#1419 = ORIENTED_EDGE('', *, *, #1416, .T.);
#1420 = ORIENTED_EDGE('', *, *, #1417, .T.);
#1421 = EDGE_LOOP('', (#1418, #1419, #1420));
#1422 = FACE_BOUND('', #1421, .T.);

/* ==== Hole 83 (row 2, col 22) CW ==== */
#1423 = CARTESIAN_POINT('', (71.000, 11.000, 0.0));
#1424 = CARTESIAN_POINT('', (71.000, 14.000, 0.0));
#1425 = CARTESIAN_POINT('', (74.000, 12.500, 0.0));
#1426 = VERTEX_POINT('', #1423);
#1427 = VERTEX_POINT('', #1424);
#1428 = VERTEX_POINT('', #1425);
#1429 = LINE('', #1423, #6);
#1430 = LINE('', #1424, #6);
#1431 = LINE('', #1425, #6);
#1432 = EDGE_CURVE('', #1426, #1427, #1429, .T.);
#1433 = EDGE_CURVE('', #1427, #1428, #1430, .T.);
#1434 = EDGE_CURVE('', #1428, #1426, #1431, .T.);
#1435 = ORIENTED_EDGE('', *, *, #1432, .T.);
#1436 = ORIENTED_EDGE('', *, *, #1433, .T.);
#1437 = ORIENTED_EDGE('', *, *, #1434, .T.);
#1438 = EDGE_LOOP('', (#1435, #1436, #1437));
#1439 = FACE_BOUND('', #1438, .T.);

/* ==== Hole 84 (row 2, col 23) CW ==== */
#1440 = CARTESIAN_POINT('', (74.000, 11.000, 0.0));
#1441 = CARTESIAN_POINT('', (74.000, 14.000, 0.0));
#1442 = CARTESIAN_POINT('', (77.000, 12.500, 0.0));
#1443 = VERTEX_POINT('', #1440);
#1444 = VERTEX_POINT('', #1441);
#1445 = VERTEX_POINT('', #1442);
#1446 = LINE('', #1440, #6);
#1447 = LINE('', #1441, #6);
#1448 = LINE('', #1442, #6);
#1449 = EDGE_CURVE('', #1443, #1444, #1446, .T.);
#1450 = EDGE_CURVE('', #1444, #1445, #1447, .T.);
#1451 = EDGE_CURVE('', #1445, #1443, #1448, .T.);
#1452 = ORIENTED_EDGE('', *, *, #1449, .T.);
#1453 = ORIENTED_EDGE('', *, *, #1450, .T.);
#1454 = ORIENTED_EDGE('', *, *, #1451, .T.);
#1455 = EDGE_LOOP('', (#1452, #1453, #1454));
#1456 = FACE_BOUND('', #1455, .T.);

/* ==== Hole 85 (row 2, col 24) CW ==== */
#1457 = CARTESIAN_POINT('', (77.000, 11.000, 0.0));
#1458 = CARTESIAN_POINT('', (77.000, 14.000, 0.0));
#1459 = CARTESIAN_POINT('', (80.000, 12.500, 0.0));
#1460 = VERTEX_POINT('', #1457);
#1461 = VERTEX_POINT('', #1458);
#1462 = VERTEX_POINT('', #1459);
#1463 = LINE('', #1457, #6);
#1464 = LINE('', #1458, #6);
#1465 = LINE('', #1459, #6);
#1466 = EDGE_CURVE('', #1460, #1461, #1463, .T.);
#1467 = EDGE_CURVE('', #1461, #1462, #1464, .T.);
#1468 = EDGE_CURVE('', #1462, #1460, #1465, .T.);
#1469 = ORIENTED_EDGE('', *, *, #1466, .T.);
#1470 = ORIENTED_EDGE('', *, *, #1467, .T.);
#1471 = ORIENTED_EDGE('', *, *, #1468, .T.);
#1472 = EDGE_LOOP('', (#1469, #1470, #1471));
#1473 = FACE_BOUND('', #1472, .T.);

/* ==== Hole 86 (row 2, col 25) CW ==== */
#1474 = CARTESIAN_POINT('', (80.000, 11.000, 0.0));
#1475 = CARTESIAN_POINT('', (80.000, 14.000, 0.0));
#1476 = CARTESIAN_POINT('', (83.000, 12.500, 0.0));
#1477 = VERTEX_POINT('', #1474);
#1478 = VERTEX_POINT('', #1475);
#1479 = VERTEX_POINT('', #1476);
#1480 = LINE('', #1474, #6);
#1481 = LINE('', #1475, #6);
#1482 = LINE('', #1476, #6);
#1483 = EDGE_CURVE('', #1477, #1478, #1480, .T.);
#1484 = EDGE_CURVE('', #1478, #1479, #1481, .T.);
#1485 = EDGE_CURVE('', #1479, #1477, #1482, .T.);
#1486 = ORIENTED_EDGE('', *, *, #1483, .T.);
#1487 = ORIENTED_EDGE('', *, *, #1484, .T.);
#1488 = ORIENTED_EDGE('', *, *, #1485, .T.);
#1489 = EDGE_LOOP('', (#1486, #1487, #1488));
#1490 = FACE_BOUND('', #1489, .T.);

/* ==== Hole 87 (row 2, col 26) CW ==== */
#1491 = CARTESIAN_POINT('', (83.000, 11.000, 0.0));
#1492 = CARTESIAN_POINT('', (83.000, 14.000, 0.0));
#1493 = CARTESIAN_POINT('', (86.000, 12.500, 0.0));
#1494 = VERTEX_POINT('', #1491);
#1495 = VERTEX_POINT('', #1492);
#1496 = VERTEX_POINT('', #1493);
#1497 = LINE('', #1491, #6);
#1498 = LINE('', #1492, #6);
#1499 = LINE('', #1493, #6);
#1500 = EDGE_CURVE('', #1494, #1495, #1497, .T.);
#1501 = EDGE_CURVE('', #1495, #1496, #1498, .T.);
#1502 = EDGE_CURVE('', #1496, #1494, #1499, .T.);
#1503 = ORIENTED_EDGE('', *, *, #1500, .T.);
#1504 = ORIENTED_EDGE('', *, *, #1501, .T.);
#1505 = ORIENTED_EDGE('', *, *, #1502, .T.);
#1506 = EDGE_LOOP('', (#1503, #1504, #1505));
#1507 = FACE_BOUND('', #1506, .T.);

/* ==== Hole 88 (row 2, col 27) CW ==== */
#1508 = CARTESIAN_POINT('', (86.000, 11.000, 0.0));
#1509 = CARTESIAN_POINT('', (86.000, 14.000, 0.0));
#1510 = CARTESIAN_POINT('', (89.000, 12.500, 0.0));
#1511 = VERTEX_POINT('', #1508);
#1512 = VERTEX_POINT('', #1509);
#1513 = VERTEX_POINT('', #1510);
#1514 = LINE('', #1508, #6);
#1515 = LINE('', #1509, #6);
#1516 = LINE('', #1510, #6);
#1517 = EDGE_CURVE('', #1511, #1512, #1514, .T.);
#1518 = EDGE_CURVE('', #1512, #1513, #1515, .T.);
#1519 = EDGE_CURVE('', #1513, #1511, #1516, .T.);
#1520 = ORIENTED_EDGE('', *, *, #1517, .T.);
#1521 = ORIENTED_EDGE('', *, *, #1518, .T.);
#1522 = ORIENTED_EDGE('', *, *, #1519, .T.);
#1523 = EDGE_LOOP('', (#1520, #1521, #1522));
#1524 = FACE_BOUND('', #1523, .T.);

/* ==== Hole 89 (row 2, col 28) CW ==== */
#1525 = CARTESIAN_POINT('', (89.000, 11.000, 0.0));
#1526 = CARTESIAN_POINT('', (89.000, 14.000, 0.0));
#1527 = CARTESIAN_POINT('', (92.000, 12.500, 0.0));
#1528 = VERTEX_POINT('', #1525);
#1529 = VERTEX_POINT('', #1526);
#1530 = VERTEX_POINT('', #1527);
#1531 = LINE('', #1525, #6);
#1532 = LINE('', #1526, #6);
#1533 = LINE('', #1527, #6);
#1534 = EDGE_CURVE('', #1528, #1529, #1531, .T.);
#1535 = EDGE_CURVE('', #1529, #1530, #1532, .T.);
#1536 = EDGE_CURVE('', #1530, #1528, #1533, .T.);
#1537 = ORIENTED_EDGE('', *, *, #1534, .T.);
#1538 = ORIENTED_EDGE('', *, *, #1535, .T.);
#1539 = ORIENTED_EDGE('', *, *, #1536, .T.);
#1540 = EDGE_LOOP('', (#1537, #1538, #1539));
#1541 = FACE_BOUND('', #1540, .T.);

/* ==== Hole 90 (row 2, col 29) CW ==== */
#1542 = CARTESIAN_POINT('', (92.000, 11.000, 0.0));
#1543 = CARTESIAN_POINT('', (92.000, 14.000, 0.0));
#1544 = CARTESIAN_POINT('', (95.000, 12.500, 0.0));
#1545 = VERTEX_POINT('', #1542);
#1546 = VERTEX_POINT('', #1543);
#1547 = VERTEX_POINT('', #1544);
#1548 = LINE('', #1542, #6);
#1549 = LINE('', #1543, #6);
#1550 = LINE('', #1544, #6);
#1551 = EDGE_CURVE('', #1545, #1546, #1548, .T.);
#1552 = EDGE_CURVE('', #1546, #1547, #1549, .T.);
#1553 = EDGE_CURVE('', #1547, #1545, #1550, .T.);
#1554 = ORIENTED_EDGE('', *, *, #1551, .T.);
#1555 = ORIENTED_EDGE('', *, *, #1552, .T.);
#1556 = ORIENTED_EDGE('', *, *, #1553, .T.);
#1557 = EDGE_LOOP('', (#1554, #1555, #1556));
#1558 = FACE_BOUND('', #1557, .T.);

/* ==== Hole 91 (row 3, col 0) CW ==== */
#1559 = CARTESIAN_POINT('', (5.000, 14.000, 0.0));
#1560 = CARTESIAN_POINT('', (5.000, 17.000, 0.0));
#1561 = CARTESIAN_POINT('', (8.000, 15.500, 0.0));
#1562 = VERTEX_POINT('', #1559);
#1563 = VERTEX_POINT('', #1560);
#1564 = VERTEX_POINT('', #1561);
#1565 = LINE('', #1559, #6);
#1566 = LINE('', #1560, #6);
#1567 = LINE('', #1561, #6);
#1568 = EDGE_CURVE('', #1562, #1563, #1565, .T.);
#1569 = EDGE_CURVE('', #1563, #1564, #1566, .T.);
#1570 = EDGE_CURVE('', #1564, #1562, #1567, .T.);
#1571 = ORIENTED_EDGE('', *, *, #1568, .T.);
#1572 = ORIENTED_EDGE('', *, *, #1569, .T.);
#1573 = ORIENTED_EDGE('', *, *, #1570, .T.);
#1574 = EDGE_LOOP('', (#1571, #1572, #1573));
#1575 = FACE_BOUND('', #1574, .T.);

/* ==== Hole 92 (row 3, col 1) CW ==== */
#1576 = CARTESIAN_POINT('', (8.000, 14.000, 0.0));
#1577 = CARTESIAN_POINT('', (8.000, 17.000, 0.0));
#1578 = CARTESIAN_POINT('', (11.000, 15.500, 0.0));
#1579 = VERTEX_POINT('', #1576);
#1580 = VERTEX_POINT('', #1577);
#1581 = VERTEX_POINT('', #1578);
#1582 = LINE('', #1576, #6);
#1583 = LINE('', #1577, #6);
#1584 = LINE('', #1578, #6);
#1585 = EDGE_CURVE('', #1579, #1580, #1582, .T.);
#1586 = EDGE_CURVE('', #1580, #1581, #1583, .T.);
#1587 = EDGE_CURVE('', #1581, #1579, #1584, .T.);
#1588 = ORIENTED_EDGE('', *, *, #1585, .T.);
#1589 = ORIENTED_EDGE('', *, *, #1586, .T.);
#1590 = ORIENTED_EDGE('', *, *, #1587, .T.);
#1591 = EDGE_LOOP('', (#1588, #1589, #1590));
#1592 = FACE_BOUND('', #1591, .T.);

/* ==== Hole 93 (row 3, col 2) CW ==== */
#1593 = CARTESIAN_POINT('', (11.000, 14.000, 0.0));
#1594 = CARTESIAN_POINT('', (11.000, 17.000, 0.0));
#1595 = CARTESIAN_POINT('', (14.000, 15.500, 0.0));
#1596 = VERTEX_POINT('', #1593);
#1597 = VERTEX_POINT('', #1594);
#1598 = VERTEX_POINT('', #1595);
#1599 = LINE('', #1593, #6);
#1600 = LINE('', #1594, #6);
#1601 = LINE('', #1595, #6);
#1602 = EDGE_CURVE('', #1596, #1597, #1599, .T.);
#1603 = EDGE_CURVE('', #1597, #1598, #1600, .T.);
#1604 = EDGE_CURVE('', #1598, #1596, #1601, .T.);
#1605 = ORIENTED_EDGE('', *, *, #1602, .T.);
#1606 = ORIENTED_EDGE('', *, *, #1603, .T.);
#1607 = ORIENTED_EDGE('', *, *, #1604, .T.);
#1608 = EDGE_LOOP('', (#1605, #1606, #1607));
#1609 = FACE_BOUND('', #1608, .T.);

/* ==== Hole 94 (row 3, col 3) CW ==== */
#1610 = CARTESIAN_POINT('', (14.000, 14.000, 0.0));
#1611 = CARTESIAN_POINT('', (14.000, 17.000, 0.0));
#1612 = CARTESIAN_POINT('', (17.000, 15.500, 0.0));
#1613 = VERTEX_POINT('', #1610);
#1614 = VERTEX_POINT('', #1611);
#1615 = VERTEX_POINT('', #1612);
#1616 = LINE('', #1610, #6);
#1617 = LINE('', #1611, #6);
#1618 = LINE('', #1612, #6);
#1619 = EDGE_CURVE('', #1613, #1614, #1616, .T.);
#1620 = EDGE_CURVE('', #1614, #1615, #1617, .T.);
#1621 = EDGE_CURVE('', #1615, #1613, #1618, .T.);
#1622 = ORIENTED_EDGE('', *, *, #1619, .T.);
#1623 = ORIENTED_EDGE('', *, *, #1620, .T.);
#1624 = ORIENTED_EDGE('', *, *, #1621, .T.);
#1625 = EDGE_LOOP('', (#1622, #1623, #1624));
#1626 = FACE_BOUND('', #1625, .T.);

/* ==== Hole 95 (row 3, col 4) CW ==== */
#1627 = CARTESIAN_POINT('', (17.000, 14.000, 0.0));
#1628 = CARTESIAN_POINT('', (17.000, 17.000, 0.0));
#1629 = CARTESIAN_POINT('', (20.000, 15.500, 0.0));
#1630 = VERTEX_POINT('', #1627);
#1631 = VERTEX_POINT('', #1628);
#1632 = VERTEX_POINT('', #1629);
#1633 = LINE('', #1627, #6);
#1634 = LINE('', #1628, #6);
#1635 = LINE('', #1629, #6);
#1636 = EDGE_CURVE('', #1630, #1631, #1633, .T.);
#1637 = EDGE_CURVE('', #1631, #1632, #1634, .T.);
#1638 = EDGE_CURVE('', #1632, #1630, #1635, .T.);
#1639 = ORIENTED_EDGE('', *, *, #1636, .T.);
#1640 = ORIENTED_EDGE('', *, *, #1637, .T.);
#1641 = ORIENTED_EDGE('', *, *, #1638, .T.);
#1642 = EDGE_LOOP('', (#1639, #1640, #1641));
#1643 = FACE_BOUND('', #1642, .T.);

/* ==== Hole 96 (row 3, col 5) CW ==== */
#1644 = CARTESIAN_POINT('', (20.000, 14.000, 0.0));
#1645 = CARTESIAN_POINT('', (20.000, 17.000, 0.0));
#1646 = CARTESIAN_POINT('', (23.000, 15.500, 0.0));
#1647 = VERTEX_POINT('', #1644);
#1648 = VERTEX_POINT('', #1645);
#1649 = VERTEX_POINT('', #1646);
#1650 = LINE('', #1644, #6);
#1651 = LINE('', #1645, #6);
#1652 = LINE('', #1646, #6);
#1653 = EDGE_CURVE('', #1647, #1648, #1650, .T.);
#1654 = EDGE_CURVE('', #1648, #1649, #1651, .T.);
#1655 = EDGE_CURVE('', #1649, #1647, #1652, .T.);
#1656 = ORIENTED_EDGE('', *, *, #1653, .T.);
#1657 = ORIENTED_EDGE('', *, *, #1654, .T.);
#1658 = ORIENTED_EDGE('', *, *, #1655, .T.);
#1659 = EDGE_LOOP('', (#1656, #1657, #1658));
#1660 = FACE_BOUND('', #1659, .T.);

/* ==== Hole 97 (row 3, col 6) CW ==== */
#1661 = CARTESIAN_POINT('', (23.000, 14.000, 0.0));
#1662 = CARTESIAN_POINT('', (23.000, 17.000, 0.0));
#1663 = CARTESIAN_POINT('', (26.000, 15.500, 0.0));
#1664 = VERTEX_POINT('', #1661);
#1665 = VERTEX_POINT('', #1662);
#1666 = VERTEX_POINT('', #1663);
#1667 = LINE('', #1661, #6);
#1668 = LINE('', #1662, #6);
#1669 = LINE('', #1663, #6);
#1670 = EDGE_CURVE('', #1664, #1665, #1667, .T.);
#1671 = EDGE_CURVE('', #1665, #1666, #1668, .T.);
#1672 = EDGE_CURVE('', #1666, #1664, #1669, .T.);
#1673 = ORIENTED_EDGE('', *, *, #1670, .T.);
#1674 = ORIENTED_EDGE('', *, *, #1671, .T.);
#1675 = ORIENTED_EDGE('', *, *, #1672, .T.);
#1676 = EDGE_LOOP('', (#1673, #1674, #1675));
#1677 = FACE_BOUND('', #1676, .T.);

/* ==== Hole 98 (row 3, col 7) CW ==== */
#1678 = CARTESIAN_POINT('', (26.000, 14.000, 0.0));
#1679 = CARTESIAN_POINT('', (26.000, 17.000, 0.0));
#1680 = CARTESIAN_POINT('', (29.000, 15.500, 0.0));
#1681 = VERTEX_POINT('', #1678);
#1682 = VERTEX_POINT('', #1679);
#1683 = VERTEX_POINT('', #1680);
#1684 = LINE('', #1678, #6);
#1685 = LINE('', #1679, #6);
#1686 = LINE('', #1680, #6);
#1687 = EDGE_CURVE('', #1681, #1682, #1684, .T.);
#1688 = EDGE_CURVE('', #1682, #1683, #1685, .T.);
#1689 = EDGE_CURVE('', #1683, #1681, #1686, .T.);
#1690 = ORIENTED_EDGE('', *, *, #1687, .T.);
#1691 = ORIENTED_EDGE('', *, *, #1688, .T.);
#1692 = ORIENTED_EDGE('', *, *, #1689, .T.);
#1693 = EDGE_LOOP('', (#1690, #1691, #1692));
#1694 = FACE_BOUND('', #1693, .T.);

/* ==== Hole 99 (row 3, col 8) CW ==== */
#1695 = CARTESIAN_POINT('', (29.000, 14.000, 0.0));
#1696 = CARTESIAN_POINT('', (29.000, 17.000, 0.0));
#1697 = CARTESIAN_POINT('', (32.000, 15.500, 0.0));
#1698 = VERTEX_POINT('', #1695);
#1699 = VERTEX_POINT('', #1696);
#1700 = VERTEX_POINT('', #1697);
#1701 = LINE('', #1695, #6);
#1702 = LINE('', #1696, #6);
#1703 = LINE('', #1697, #6);
#1704 = EDGE_CURVE('', #1698, #1699, #1701, .T.);
#1705 = EDGE_CURVE('', #1699, #1700, #1702, .T.);
#1706 = EDGE_CURVE('', #1700, #1698, #1703, .T.);
#1707 = ORIENTED_EDGE('', *, *, #1704, .T.);
#1708 = ORIENTED_EDGE('', *, *, #1705, .T.);
#1709 = ORIENTED_EDGE('', *, *, #1706, .T.);
#1710 = EDGE_LOOP('', (#1707, #1708, #1709));
#1711 = FACE_BOUND('', #1710, .T.);

/* ==== Hole 100 (row 3, col 9) CW ==== */
#1712 = CARTESIAN_POINT('', (32.000, 14.000, 0.0));
#1713 = CARTESIAN_POINT('', (32.000, 17.000, 0.0));
#1714 = CARTESIAN_POINT('', (35.000, 15.500, 0.0));
#1715 = VERTEX_POINT('', #1712);
#1716 = VERTEX_POINT('', #1713);
#1717 = VERTEX_POINT('', #1714);
#1718 = LINE('', #1712, #6);
#1719 = LINE('', #1713, #6);
#1720 = LINE('', #1714, #6);
#1721 = EDGE_CURVE('', #1715, #1716, #1718, .T.);
#1722 = EDGE_CURVE('', #1716, #1717, #1719, .T.);
#1723 = EDGE_CURVE('', #1717, #1715, #1720, .T.);
#1724 = ORIENTED_EDGE('', *, *, #1721, .T.);
#1725 = ORIENTED_EDGE('', *, *, #1722, .T.);
#1726 = ORIENTED_EDGE('', *, *, #1723, .T.);
#1727 = EDGE_LOOP('', (#1724, #1725, #1726));
#1728 = FACE_BOUND('', #1727, .T.);

/* ==== Hole 101 (row 3, col 10) CW ==== */
#1729 = CARTESIAN_POINT('', (35.000, 14.000, 0.0));
#1730 = CARTESIAN_POINT('', (35.000, 17.000, 0.0));
#1731 = CARTESIAN_POINT('', (38.000, 15.500, 0.0));
#1732 = VERTEX_POINT('', #1729);
#1733 = VERTEX_POINT('', #1730);
#1734 = VERTEX_POINT('', #1731);
#1735 = LINE('', #1729, #6);
#1736 = LINE('', #1730, #6);
#1737 = LINE('', #1731, #6);
#1738 = EDGE_CURVE('', #1732, #1733, #1735, .T.);
#1739 = EDGE_CURVE('', #1733, #1734, #1736, .T.);
#1740 = EDGE_CURVE('', #1734, #1732, #1737, .T.);
#1741 = ORIENTED_EDGE('', *, *, #1738, .T.);
#1742 = ORIENTED_EDGE('', *, *, #1739, .T.);
#1743 = ORIENTED_EDGE('', *, *, #1740, .T.);
#1744 = EDGE_LOOP('', (#1741, #1742, #1743));
#1745 = FACE_BOUND('', #1744, .T.);

/* ==== Hole 102 (row 3, col 11) CW ==== */
#1746 = CARTESIAN_POINT('', (38.000, 14.000, 0.0));
#1747 = CARTESIAN_POINT('', (38.000, 17.000, 0.0));
#1748 = CARTESIAN_POINT('', (41.000, 15.500, 0.0));
#1749 = VERTEX_POINT('', #1746);
#1750 = VERTEX_POINT('', #1747);
#1751 = VERTEX_POINT('', #1748);
#1752 = LINE('', #1746, #6);
#1753 = LINE('', #1747, #6);
#1754 = LINE('', #1748, #6);
#1755 = EDGE_CURVE('', #1749, #1750, #1752, .T.);
#1756 = EDGE_CURVE('', #1750, #1751, #1753, .T.);
#1757 = EDGE_CURVE('', #1751, #1749, #1754, .T.);
#1758 = ORIENTED_EDGE('', *, *, #1755, .T.);
#1759 = ORIENTED_EDGE('', *, *, #1756, .T.);
#1760 = ORIENTED_EDGE('', *, *, #1757, .T.);
#1761 = EDGE_LOOP('', (#1758, #1759, #1760));
#1762 = FACE_BOUND('', #1761, .T.);

/* ==== Hole 103 (row 3, col 12) CW ==== */
#1763 = CARTESIAN_POINT('', (41.000, 14.000, 0.0));
#1764 = CARTESIAN_POINT('', (41.000, 17.000, 0.0));
#1765 = CARTESIAN_POINT('', (44.000, 15.500, 0.0));
#1766 = VERTEX_POINT('', #1763);
#1767 = VERTEX_POINT('', #1764);
#1768 = VERTEX_POINT('', #1765);
#1769 = LINE('', #1763, #6);
#1770 = LINE('', #1764, #6);
#1771 = LINE('', #1765, #6);
#1772 = EDGE_CURVE('', #1766, #1767, #1769, .T.);
#1773 = EDGE_CURVE('', #1767, #1768, #1770, .T.);
#1774 = EDGE_CURVE('', #1768, #1766, #1771, .T.);
#1775 = ORIENTED_EDGE('', *, *, #1772, .T.);
#1776 = ORIENTED_EDGE('', *, *, #1773, .T.);
#1777 = ORIENTED_EDGE('', *, *, #1774, .T.);
#1778 = EDGE_LOOP('', (#1775, #1776, #1777));
#1779 = FACE_BOUND('', #1778, .T.);

/* ==== Hole 104 (row 3, col 13) CW ==== */
#1780 = CARTESIAN_POINT('', (44.000, 14.000, 0.0));
#1781 = CARTESIAN_POINT('', (44.000, 17.000, 0.0));
#1782 = CARTESIAN_POINT('', (47.000, 15.500, 0.0));
#1783 = VERTEX_POINT('', #1780);
#1784 = VERTEX_POINT('', #1781);
#1785 = VERTEX_POINT('', #1782);
#1786 = LINE('', #1780, #6);
#1787 = LINE('', #1781, #6);
#1788 = LINE('', #1782, #6);
#1789 = EDGE_CURVE('', #1783, #1784, #1786, .T.);
#1790 = EDGE_CURVE('', #1784, #1785, #1787, .T.);
#1791 = EDGE_CURVE('', #1785, #1783, #1788, .T.);
#1792 = ORIENTED_EDGE('', *, *, #1789, .T.);
#1793 = ORIENTED_EDGE('', *, *, #1790, .T.);
#1794 = ORIENTED_EDGE('', *, *, #1791, .T.);
#1795 = EDGE_LOOP('', (#1792, #1793, #1794));
#1796 = FACE_BOUND('', #1795, .T.);

/* ==== Hole 105 (row 3, col 14) CW ==== */
#1797 = CARTESIAN_POINT('', (47.000, 14.000, 0.0));
#1798 = CARTESIAN_POINT('', (47.000, 17.000, 0.0));
#1799 = CARTESIAN_POINT('', (50.000, 15.500, 0.0));
#1800 = VERTEX_POINT('', #1797);
#1801 = VERTEX_POINT('', #1798);
#1802 = VERTEX_POINT('', #1799);
#1803 = LINE('', #1797, #6);
#1804 = LINE('', #1798, #6);
#1805 = LINE('', #1799, #6);
#1806 = EDGE_CURVE('', #1800, #1801, #1803, .T.);
#1807 = EDGE_CURVE('', #1801, #1802, #1804, .T.);
#1808 = EDGE_CURVE('', #1802, #1800, #1805, .T.);
#1809 = ORIENTED_EDGE('', *, *, #1806, .T.);
#1810 = ORIENTED_EDGE('', *, *, #1807, .T.);
#1811 = ORIENTED_EDGE('', *, *, #1808, .T.);
#1812 = EDGE_LOOP('', (#1809, #1810, #1811));
#1813 = FACE_BOUND('', #1812, .T.);

/* ==== Hole 106 (row 3, col 15) CW ==== */
#1814 = CARTESIAN_POINT('', (50.000, 14.000, 0.0));
#1815 = CARTESIAN_POINT('', (50.000, 17.000, 0.0));
#1816 = CARTESIAN_POINT('', (53.000, 15.500, 0.0));
#1817 = VERTEX_POINT('', #1814);
#1818 = VERTEX_POINT('', #1815);
#1819 = VERTEX_POINT('', #1816);
#1820 = LINE('', #1814, #6);
#1821 = LINE('', #1815, #6);
#1822 = LINE('', #1816, #6);
#1823 = EDGE_CURVE('', #1817, #1818, #1820, .T.);
#1824 = EDGE_CURVE('', #1818, #1819, #1821, .T.);
#1825 = EDGE_CURVE('', #1819, #1817, #1822, .T.);
#1826 = ORIENTED_EDGE('', *, *, #1823, .T.);
#1827 = ORIENTED_EDGE('', *, *, #1824, .T.);
#1828 = ORIENTED_EDGE('', *, *, #1825, .T.);
#1829 = EDGE_LOOP('', (#1826, #1827, #1828));
#1830 = FACE_BOUND('', #1829, .T.);

/* ==== Hole 107 (row 3, col 16) CW ==== */
#1831 = CARTESIAN_POINT('', (53.000, 14.000, 0.0));
#1832 = CARTESIAN_POINT('', (53.000, 17.000, 0.0));
#1833 = CARTESIAN_POINT('', (56.000, 15.500, 0.0));
#1834 = VERTEX_POINT('', #1831);
#1835 = VERTEX_POINT('', #1832);
#1836 = VERTEX_POINT('', #1833);
#1837 = LINE('', #1831, #6);
#1838 = LINE('', #1832, #6);
#1839 = LINE('', #1833, #6);
#1840 = EDGE_CURVE('', #1834, #1835, #1837, .T.);
#1841 = EDGE_CURVE('', #1835, #1836, #1838, .T.);
#1842 = EDGE_CURVE('', #1836, #1834, #1839, .T.);
#1843 = ORIENTED_EDGE('', *, *, #1840, .T.);
#1844 = ORIENTED_EDGE('', *, *, #1841, .T.);
#1845 = ORIENTED_EDGE('', *, *, #1842, .T.);
#1846 = EDGE_LOOP('', (#1843, #1844, #1845));
#1847 = FACE_BOUND('', #1846, .T.);

/* ==== Hole 108 (row 3, col 17) CW ==== */
#1848 = CARTESIAN_POINT('', (56.000, 14.000, 0.0));
#1849 = CARTESIAN_POINT('', (56.000, 17.000, 0.0));
#1850 = CARTESIAN_POINT('', (59.000, 15.500, 0.0));
#1851 = VERTEX_POINT('', #1848);
#1852 = VERTEX_POINT('', #1849);
#1853 = VERTEX_POINT('', #1850);
#1854 = LINE('', #1848, #6);
#1855 = LINE('', #1849, #6);
#1856 = LINE('', #1850, #6);
#1857 = EDGE_CURVE('', #1851, #1852, #1854, .T.);
#1858 = EDGE_CURVE('', #1852, #1853, #1855, .T.);
#1859 = EDGE_CURVE('', #1853, #1851, #1856, .T.);
#1860 = ORIENTED_EDGE('', *, *, #1857, .T.);
#1861 = ORIENTED_EDGE('', *, *, #1858, .T.);
#1862 = ORIENTED_EDGE('', *, *, #1859, .T.);
#1863 = EDGE_LOOP('', (#1860, #1861, #1862));
#1864 = FACE_BOUND('', #1863, .T.);

/* ==== Hole 109 (row 3, col 18) CW ==== */
#1865 = CARTESIAN_POINT('', (59.000, 14.000, 0.0));
#1866 = CARTESIAN_POINT('', (59.000, 17.000, 0.0));
#1867 = CARTESIAN_POINT('', (62.000, 15.500, 0.0));
#1868 = VERTEX_POINT('', #1865);
#1869 = VERTEX_POINT('', #1866);
#1870 = VERTEX_POINT('', #1867);
#1871 = LINE('', #1865, #6);
#1872 = LINE('', #1866, #6);
#1873 = LINE('', #1867, #6);
#1874 = EDGE_CURVE('', #1868, #1869, #1871, .T.);
#1875 = EDGE_CURVE('', #1869, #1870, #1872, .T.);
#1876 = EDGE_CURVE('', #1870, #1868, #1873, .T.);
#1877 = ORIENTED_EDGE('', *, *, #1874, .T.);
#1878 = ORIENTED_EDGE('', *, *, #1875, .T.);
#1879 = ORIENTED_EDGE('', *, *, #1876, .T.);
#1880 = EDGE_LOOP('', (#1877, #1878, #1879));
#1881 = FACE_BOUND('', #1880, .T.);

/* ==== Hole 110 (row 3, col 19) CW ==== */
#1882 = CARTESIAN_POINT('', (62.000, 14.000, 0.0));
#1883 = CARTESIAN_POINT('', (62.000, 17.000, 0.0));
#1884 = CARTESIAN_POINT('', (65.000, 15.500, 0.0));
#1885 = VERTEX_POINT('', #1882);
#1886 = VERTEX_POINT('', #1883);
#1887 = VERTEX_POINT('', #1884);
#1888 = LINE('', #1882, #6);
#1889 = LINE('', #1883, #6);
#1890 = LINE('', #1884, #6);
#1891 = EDGE_CURVE('', #1885, #1886, #1888, .T.);
#1892 = EDGE_CURVE('', #1886, #1887, #1889, .T.);
#1893 = EDGE_CURVE('', #1887, #1885, #1890, .T.);
#1894 = ORIENTED_EDGE('', *, *, #1891, .T.);
#1895 = ORIENTED_EDGE('', *, *, #1892, .T.);
#1896 = ORIENTED_EDGE('', *, *, #1893, .T.);
#1897 = EDGE_LOOP('', (#1894, #1895, #1896));
#1898 = FACE_BOUND('', #1897, .T.);

/* ==== Hole 111 (row 3, col 20) CW ==== */
#1899 = CARTESIAN_POINT('', (65.000, 14.000, 0.0));
#1900 = CARTESIAN_POINT('', (65.000, 17.000, 0.0));
#1901 = CARTESIAN_POINT('', (68.000, 15.500, 0.0));
#1902 = VERTEX_POINT('', #1899);
#1903 = VERTEX_POINT('', #1900);
#1904 = VERTEX_POINT('', #1901);
#1905 = LINE('', #1899, #6);
#1906 = LINE('', #1900, #6);
#1907 = LINE('', #1901, #6);
#1908 = EDGE_CURVE('', #1902, #1903, #1905, .T.);
#1909 = EDGE_CURVE('', #1903, #1904, #1906, .T.);
#1910 = EDGE_CURVE('', #1904, #1902, #1907, .T.);
#1911 = ORIENTED_EDGE('', *, *, #1908, .T.);
#1912 = ORIENTED_EDGE('', *, *, #1909, .T.);
#1913 = ORIENTED_EDGE('', *, *, #1910, .T.);
#1914 = EDGE_LOOP('', (#1911, #1912, #1913));
#1915 = FACE_BOUND('', #1914, .T.);

/* ==== Hole 112 (row 3, col 21) CW ==== */
#1916 = CARTESIAN_POINT('', (68.000, 14.000, 0.0));
#1917 = CARTESIAN_POINT('', (68.000, 17.000, 0.0));
#1918 = CARTESIAN_POINT('', (71.000, 15.500, 0.0));
#1919 = VERTEX_POINT('', #1916);
#1920 = VERTEX_POINT('', #1917);
#1921 = VERTEX_POINT('', #1918);
#1922 = LINE('', #1916, #6);
#1923 = LINE('', #1917, #6);
#1924 = LINE('', #1918, #6);
#1925 = EDGE_CURVE('', #1919, #1920, #1922, .T.);
#1926 = EDGE_CURVE('', #1920, #1921, #1923, .T.);
#1927 = EDGE_CURVE('', #1921, #1919, #1924, .T.);
#1928 = ORIENTED_EDGE('', *, *, #1925, .T.);
#1929 = ORIENTED_EDGE('', *, *, #1926, .T.);
#1930 = ORIENTED_EDGE('', *, *, #1927, .T.);
#1931 = EDGE_LOOP('', (#1928, #1929, #1930));
#1932 = FACE_BOUND('', #1931, .T.);

/* ==== Hole 113 (row 3, col 22) CW ==== */
#1933 = CARTESIAN_POINT('', (71.000, 14.000, 0.0));
#1934 = CARTESIAN_POINT('', (71.000, 17.000, 0.0));
#1935 = CARTESIAN_POINT('', (74.000, 15.500, 0.0));
#1936 = VERTEX_POINT('', #1933);
#1937 = VERTEX_POINT('', #1934);
#1938 = VERTEX_POINT('', #1935);
#1939 = LINE('', #1933, #6);
#1940 = LINE('', #1934, #6);
#1941 = LINE('', #1935, #6);
#1942 = EDGE_CURVE('', #1936, #1937, #1939, .T.);
#1943 = EDGE_CURVE('', #1937, #1938, #1940, .T.);
#1944 = EDGE_CURVE('', #1938, #1936, #1941, .T.);
#1945 = ORIENTED_EDGE('', *, *, #1942, .T.);
#1946 = ORIENTED_EDGE('', *, *, #1943, .T.);
#1947 = ORIENTED_EDGE('', *, *, #1944, .T.);
#1948 = EDGE_LOOP('', (#1945, #1946, #1947));
#1949 = FACE_BOUND('', #1948, .T.);

/* ==== Hole 114 (row 3, col 23) CW ==== */
#1950 = CARTESIAN_POINT('', (74.000, 14.000, 0.0));
#1951 = CARTESIAN_POINT('', (74.000, 17.000, 0.0));
#1952 = CARTESIAN_POINT('', (77.000, 15.500, 0.0));
#1953 = VERTEX_POINT('', #1950);
#1954 = VERTEX_POINT('', #1951);
#1955 = VERTEX_POINT('', #1952);
#1956 = LINE('', #1950, #6);
#1957 = LINE('', #1951, #6);
#1958 = LINE('', #1952, #6);
#1959 = EDGE_CURVE('', #1953, #1954, #1956, .T.);
#1960 = EDGE_CURVE('', #1954, #1955, #1957, .T.);
#1961 = EDGE_CURVE('', #1955, #1953, #1958, .T.);
#1962 = ORIENTED_EDGE('', *, *, #1959, .T.);
#1963 = ORIENTED_EDGE('', *, *, #1960, .T.);
#1964 = ORIENTED_EDGE('', *, *, #1961, .T.);
#1965 = EDGE_LOOP('', (#1962, #1963, #1964));
#1966 = FACE_BOUND('', #1965, .T.);

/* ==== Hole 115 (row 3, col 24) CW ==== */
#1967 = CARTESIAN_POINT('', (77.000, 14.000, 0.0));
#1968 = CARTESIAN_POINT('', (77.000, 17.000, 0.0));
#1969 = CARTESIAN_POINT('', (80.000, 15.500, 0.0));
#1970 = VERTEX_POINT('', #1967);
#1971 = VERTEX_POINT('', #1968);
#1972 = VERTEX_POINT('', #1969);
#1973 = LINE('', #1967, #6);
#1974 = LINE('', #1968, #6);
#1975 = LINE('', #1969, #6);
#1976 = EDGE_CURVE('', #1970, #1971, #1973, .T.);
#1977 = EDGE_CURVE('', #1971, #1972, #1974, .T.);
#1978 = EDGE_CURVE('', #1972, #1970, #1975, .T.);
#1979 = ORIENTED_EDGE('', *, *, #1976, .T.);
#1980 = ORIENTED_EDGE('', *, *, #1977, .T.);
#1981 = ORIENTED_EDGE('', *, *, #1978, .T.);
#1982 = EDGE_LOOP('', (#1979, #1980, #1981));
#1983 = FACE_BOUND('', #1982, .T.);

/* ==== Hole 116 (row 3, col 25) CW ==== */
#1984 = CARTESIAN_POINT('', (80.000, 14.000, 0.0));
#1985 = CARTESIAN_POINT('', (80.000, 17.000, 0.0));
#1986 = CARTESIAN_POINT('', (83.000, 15.500, 0.0));
#1987 = VERTEX_POINT('', #1984);
#1988 = VERTEX_POINT('', #1985);
#1989 = VERTEX_POINT('', #1986);
#1990 = LINE('', #1984, #6);
#1991 = LINE('', #1985, #6);
#1992 = LINE('', #1986, #6);
#1993 = EDGE_CURVE('', #1987, #1988, #1990, .T.);
#1994 = EDGE_CURVE('', #1988, #1989, #1991, .T.);
#1995 = EDGE_CURVE('', #1989, #1987, #1992, .T.);
#1996 = ORIENTED_EDGE('', *, *, #1993, .T.);
#1997 = ORIENTED_EDGE('', *, *, #1994, .T.);
#1998 = ORIENTED_EDGE('', *, *, #1995, .T.);
#1999 = EDGE_LOOP('', (#1996, #1997, #1998));
#2000 = FACE_BOUND('', #1999, .T.);

/* ==== Hole 117 (row 3, col 26) CW ==== */
#2001 = CARTESIAN_POINT('', (83.000, 14.000, 0.0));
#2002 = CARTESIAN_POINT('', (83.000, 17.000, 0.0));
#2003 = CARTESIAN_POINT('', (86.000, 15.500, 0.0));
#2004 = VERTEX_POINT('', #2001);
#2005 = VERTEX_POINT('', #2002);
#2006 = VERTEX_POINT('', #2003);
#2007 = LINE('', #2001, #6);
#2008 = LINE('', #2002, #6);
#2009 = LINE('', #2003, #6);
#2010 = EDGE_CURVE('', #2004, #2005, #2007, .T.);
#2011 = EDGE_CURVE('', #2005, #2006, #2008, .T.);
#2012 = EDGE_CURVE('', #2006, #2004, #2009, .T.);
#2013 = ORIENTED_EDGE('', *, *, #2010, .T.);
#2014 = ORIENTED_EDGE('', *, *, #2011, .T.);
#2015 = ORIENTED_EDGE('', *, *, #2012, .T.);
#2016 = EDGE_LOOP('', (#2013, #2014, #2015));
#2017 = FACE_BOUND('', #2016, .T.);

/* ==== Hole 118 (row 3, col 27) CW ==== */
#2018 = CARTESIAN_POINT('', (86.000, 14.000, 0.0));
#2019 = CARTESIAN_POINT('', (86.000, 17.000, 0.0));
#2020 = CARTESIAN_POINT('', (89.000, 15.500, 0.0));
#2021 = VERTEX_POINT('', #2018);
#2022 = VERTEX_POINT('', #2019);
#2023 = VERTEX_POINT('', #2020);
#2024 = LINE('', #2018, #6);
#2025 = LINE('', #2019, #6);
#2026 = LINE('', #2020, #6);
#2027 = EDGE_CURVE('', #2021, #2022, #2024, .T.);
#2028 = EDGE_CURVE('', #2022, #2023, #2025, .T.);
#2029 = EDGE_CURVE('', #2023, #2021, #2026, .T.);
#2030 = ORIENTED_EDGE('', *, *, #2027, .T.);
#2031 = ORIENTED_EDGE('', *, *, #2028, .T.);
#2032 = ORIENTED_EDGE('', *, *, #2029, .T.);
#2033 = EDGE_LOOP('', (#2030, #2031, #2032));
#2034 = FACE_BOUND('', #2033, .T.);

/* ==== Hole 119 (row 3, col 28) CW ==== */
#2035 = CARTESIAN_POINT('', (89.000, 14.000, 0.0));
#2036 = CARTESIAN_POINT('', (89.000, 17.000, 0.0));
#2037 = CARTESIAN_POINT('', (92.000, 15.500, 0.0));
#2038 = VERTEX_POINT('', #2035);
#2039 = VERTEX_POINT('', #2036);
#2040 = VERTEX_POINT('', #2037);
#2041 = LINE('', #2035, #6);
#2042 = LINE('', #2036, #6);
#2043 = LINE('', #2037, #6);
#2044 = EDGE_CURVE('', #2038, #2039, #2041, .T.);
#2045 = EDGE_CURVE('', #2039, #2040, #2042, .T.);
#2046 = EDGE_CURVE('', #2040, #2038, #2043, .T.);
#2047 = ORIENTED_EDGE('', *, *, #2044, .T.);
#2048 = ORIENTED_EDGE('', *, *, #2045, .T.);
#2049 = ORIENTED_EDGE('', *, *, #2046, .T.);
#2050 = EDGE_LOOP('', (#2047, #2048, #2049));
#2051 = FACE_BOUND('', #2050, .T.);

/* ==== Hole 120 (row 3, col 29) CW ==== */
#2052 = CARTESIAN_POINT('', (92.000, 14.000, 0.0));
#2053 = CARTESIAN_POINT('', (92.000, 17.000, 0.0));
#2054 = CARTESIAN_POINT('', (95.000, 15.500, 0.0));
#2055 = VERTEX_POINT('', #2052);
#2056 = VERTEX_POINT('', #2053);
#2057 = VERTEX_POINT('', #2054);
#2058 = LINE('', #2052, #6);
#2059 = LINE('', #2053, #6);
#2060 = LINE('', #2054, #6);
#2061 = EDGE_CURVE('', #2055, #2056, #2058, .T.);
#2062 = EDGE_CURVE('', #2056, #2057, #2059, .T.);
#2063 = EDGE_CURVE('', #2057, #2055, #2060, .T.);
#2064 = ORIENTED_EDGE('', *, *, #2061, .T.);
#2065 = ORIENTED_EDGE('', *, *, #2062, .T.);
#2066 = ORIENTED_EDGE('', *, *, #2063, .T.);
#2067 = EDGE_LOOP('', (#2064, #2065, #2066));
#2068 = FACE_BOUND('', #2067, .T.);

/* ==== Hole 121 (row 4, col 0) CW ==== */
#2069 = CARTESIAN_POINT('', (5.000, 17.000, 0.0));
#2070 = CARTESIAN_POINT('', (5.000, 20.000, 0.0));
#2071 = CARTESIAN_POINT('', (8.000, 18.500, 0.0));
#2072 = VERTEX_POINT('', #2069);
#2073 = VERTEX_POINT('', #2070);
#2074 = VERTEX_POINT('', #2071);
#2075 = LINE('', #2069, #6);
#2076 = LINE('', #2070, #6);
#2077 = LINE('', #2071, #6);
#2078 = EDGE_CURVE('', #2072, #2073, #2075, .T.);
#2079 = EDGE_CURVE('', #2073, #2074, #2076, .T.);
#2080 = EDGE_CURVE('', #2074, #2072, #2077, .T.);
#2081 = ORIENTED_EDGE('', *, *, #2078, .T.);
#2082 = ORIENTED_EDGE('', *, *, #2079, .T.);
#2083 = ORIENTED_EDGE('', *, *, #2080, .T.);
#2084 = EDGE_LOOP('', (#2081, #2082, #2083));
#2085 = FACE_BOUND('', #2084, .T.);

/* ==== Hole 122 (row 4, col 1) CW ==== */
#2086 = CARTESIAN_POINT('', (8.000, 17.000, 0.0));
#2087 = CARTESIAN_POINT('', (8.000, 20.000, 0.0));
#2088 = CARTESIAN_POINT('', (11.000, 18.500, 0.0));
#2089 = VERTEX_POINT('', #2086);
#2090 = VERTEX_POINT('', #2087);
#2091 = VERTEX_POINT('', #2088);
#2092 = LINE('', #2086, #6);
#2093 = LINE('', #2087, #6);
#2094 = LINE('', #2088, #6);
#2095 = EDGE_CURVE('', #2089, #2090, #2092, .T.);
#2096 = EDGE_CURVE('', #2090, #2091, #2093, .T.);
#2097 = EDGE_CURVE('', #2091, #2089, #2094, .T.);
#2098 = ORIENTED_EDGE('', *, *, #2095, .T.);
#2099 = ORIENTED_EDGE('', *, *, #2096, .T.);
#2100 = ORIENTED_EDGE('', *, *, #2097, .T.);
#2101 = EDGE_LOOP('', (#2098, #2099, #2100));
#2102 = FACE_BOUND('', #2101, .T.);

/* ==== Hole 123 (row 4, col 2) CW ==== */
#2103 = CARTESIAN_POINT('', (11.000, 17.000, 0.0));
#2104 = CARTESIAN_POINT('', (11.000, 20.000, 0.0));
#2105 = CARTESIAN_POINT('', (14.000, 18.500, 0.0));
#2106 = VERTEX_POINT('', #2103);
#2107 = VERTEX_POINT('', #2104);
#2108 = VERTEX_POINT('', #2105);
#2109 = LINE('', #2103, #6);
#2110 = LINE('', #2104, #6);
#2111 = LINE('', #2105, #6);
#2112 = EDGE_CURVE('', #2106, #2107, #2109, .T.);
#2113 = EDGE_CURVE('', #2107, #2108, #2110, .T.);
#2114 = EDGE_CURVE('', #2108, #2106, #2111, .T.);
#2115 = ORIENTED_EDGE('', *, *, #2112, .T.);
#2116 = ORIENTED_EDGE('', *, *, #2113, .T.);
#2117 = ORIENTED_EDGE('', *, *, #2114, .T.);
#2118 = EDGE_LOOP('', (#2115, #2116, #2117));
#2119 = FACE_BOUND('', #2118, .T.);

/* ==== Hole 124 (row 4, col 3) CW ==== */
#2120 = CARTESIAN_POINT('', (14.000, 17.000, 0.0));
#2121 = CARTESIAN_POINT('', (14.000, 20.000, 0.0));
#2122 = CARTESIAN_POINT('', (17.000, 18.500, 0.0));
#2123 = VERTEX_POINT('', #2120);
#2124 = VERTEX_POINT('', #2121);
#2125 = VERTEX_POINT('', #2122);
#2126 = LINE('', #2120, #6);
#2127 = LINE('', #2121, #6);
#2128 = LINE('', #2122, #6);
#2129 = EDGE_CURVE('', #2123, #2124, #2126, .T.);
#2130 = EDGE_CURVE('', #2124, #2125, #2127, .T.);
#2131 = EDGE_CURVE('', #2125, #2123, #2128, .T.);
#2132 = ORIENTED_EDGE('', *, *, #2129, .T.);
#2133 = ORIENTED_EDGE('', *, *, #2130, .T.);
#2134 = ORIENTED_EDGE('', *, *, #2131, .T.);
#2135 = EDGE_LOOP('', (#2132, #2133, #2134));
#2136 = FACE_BOUND('', #2135, .T.);

/* ==== Hole 125 (row 4, col 4) CW ==== */
#2137 = CARTESIAN_POINT('', (17.000, 17.000, 0.0));
#2138 = CARTESIAN_POINT('', (17.000, 20.000, 0.0));
#2139 = CARTESIAN_POINT('', (20.000, 18.500, 0.0));
#2140 = VERTEX_POINT('', #2137);
#2141 = VERTEX_POINT('', #2138);
#2142 = VERTEX_POINT('', #2139);
#2143 = LINE('', #2137, #6);
#2144 = LINE('', #2138, #6);
#2145 = LINE('', #2139, #6);
#2146 = EDGE_CURVE('', #2140, #2141, #2143, .T.);
#2147 = EDGE_CURVE('', #2141, #2142, #2144, .T.);
#2148 = EDGE_CURVE('', #2142, #2140, #2145, .T.);
#2149 = ORIENTED_EDGE('', *, *, #2146, .T.);
#2150 = ORIENTED_EDGE('', *, *, #2147, .T.);
#2151 = ORIENTED_EDGE('', *, *, #2148, .T.);
#2152 = EDGE_LOOP('', (#2149, #2150, #2151));
#2153 = FACE_BOUND('', #2152, .T.);

/* ==== Hole 126 (row 4, col 5) CW ==== */
#2154 = CARTESIAN_POINT('', (20.000, 17.000, 0.0));
#2155 = CARTESIAN_POINT('', (20.000, 20.000, 0.0));
#2156 = CARTESIAN_POINT('', (23.000, 18.500, 0.0));
#2157 = VERTEX_POINT('', #2154);
#2158 = VERTEX_POINT('', #2155);
#2159 = VERTEX_POINT('', #2156);
#2160 = LINE('', #2154, #6);
#2161 = LINE('', #2155, #6);
#2162 = LINE('', #2156, #6);
#2163 = EDGE_CURVE('', #2157, #2158, #2160, .T.);
#2164 = EDGE_CURVE('', #2158, #2159, #2161, .T.);
#2165 = EDGE_CURVE('', #2159, #2157, #2162, .T.);
#2166 = ORIENTED_EDGE('', *, *, #2163, .T.);
#2167 = ORIENTED_EDGE('', *, *, #2164, .T.);
#2168 = ORIENTED_EDGE('', *, *, #2165, .T.);
#2169 = EDGE_LOOP('', (#2166, #2167, #2168));
#2170 = FACE_BOUND('', #2169, .T.);

/* ==== Hole 127 (row 4, col 6) CW ==== */
#2171 = CARTESIAN_POINT('', (23.000, 17.000, 0.0));
#2172 = CARTESIAN_POINT('', (23.000, 20.000, 0.0));
#2173 = CARTESIAN_POINT('', (26.000, 18.500, 0.0));
#2174 = VERTEX_POINT('', #2171);
#2175 = VERTEX_POINT('', #2172);
#2176 = VERTEX_POINT('', #2173);
#2177 = LINE('', #2171, #6);
#2178 = LINE('', #2172, #6);
#2179 = LINE('', #2173, #6);
#2180 = EDGE_CURVE('', #2174, #2175, #2177, .T.);
#2181 = EDGE_CURVE('', #2175, #2176, #2178, .T.);
#2182 = EDGE_CURVE('', #2176, #2174, #2179, .T.);
#2183 = ORIENTED_EDGE('', *, *, #2180, .T.);
#2184 = ORIENTED_EDGE('', *, *, #2181, .T.);
#2185 = ORIENTED_EDGE('', *, *, #2182, .T.);
#2186 = EDGE_LOOP('', (#2183, #2184, #2185));
#2187 = FACE_BOUND('', #2186, .T.);

/* ==== Hole 128 (row 4, col 7) CW ==== */
#2188 = CARTESIAN_POINT('', (26.000, 17.000, 0.0));
#2189 = CARTESIAN_POINT('', (26.000, 20.000, 0.0));
#2190 = CARTESIAN_POINT('', (29.000, 18.500, 0.0));
#2191 = VERTEX_POINT('', #2188);
#2192 = VERTEX_POINT('', #2189);
#2193 = VERTEX_POINT('', #2190);
#2194 = LINE('', #2188, #6);
#2195 = LINE('', #2189, #6);
#2196 = LINE('', #2190, #6);
#2197 = EDGE_CURVE('', #2191, #2192, #2194, .T.);
#2198 = EDGE_CURVE('', #2192, #2193, #2195, .T.);
#2199 = EDGE_CURVE('', #2193, #2191, #2196, .T.);
#2200 = ORIENTED_EDGE('', *, *, #2197, .T.);
#2201 = ORIENTED_EDGE('', *, *, #2198, .T.);
#2202 = ORIENTED_EDGE('', *, *, #2199, .T.);
#2203 = EDGE_LOOP('', (#2200, #2201, #2202));
#2204 = FACE_BOUND('', #2203, .T.);

/* ==== Hole 129 (row 4, col 8) CW ==== */
#2205 = CARTESIAN_POINT('', (29.000, 17.000, 0.0));
#2206 = CARTESIAN_POINT('', (29.000, 20.000, 0.0));
#2207 = CARTESIAN_POINT('', (32.000, 18.500, 0.0));
#2208 = VERTEX_POINT('', #2205);
#2209 = VERTEX_POINT('', #2206);
#2210 = VERTEX_POINT('', #2207);
#2211 = LINE('', #2205, #6);
#2212 = LINE('', #2206, #6);
#2213 = LINE('', #2207, #6);
#2214 = EDGE_CURVE('', #2208, #2209, #2211, .T.);
#2215 = EDGE_CURVE('', #2209, #2210, #2212, .T.);
#2216 = EDGE_CURVE('', #2210, #2208, #2213, .T.);
#2217 = ORIENTED_EDGE('', *, *, #2214, .T.);
#2218 = ORIENTED_EDGE('', *, *, #2215, .T.);
#2219 = ORIENTED_EDGE('', *, *, #2216, .T.);
#2220 = EDGE_LOOP('', (#2217, #2218, #2219));
#2221 = FACE_BOUND('', #2220, .T.);

/* ==== Hole 130 (row 4, col 9) CW ==== */
#2222 = CARTESIAN_POINT('', (32.000, 17.000, 0.0));
#2223 = CARTESIAN_POINT('', (32.000, 20.000, 0.0));
#2224 = CARTESIAN_POINT('', (35.000, 18.500, 0.0));
#2225 = VERTEX_POINT('', #2222);
#2226 = VERTEX_POINT('', #2223);
#2227 = VERTEX_POINT('', #2224);
#2228 = LINE('', #2222, #6);
#2229 = LINE('', #2223, #6);
#2230 = LINE('', #2224, #6);
#2231 = EDGE_CURVE('', #2225, #2226, #2228, .T.);
#2232 = EDGE_CURVE('', #2226, #2227, #2229, .T.);
#2233 = EDGE_CURVE('', #2227, #2225, #2230, .T.);
#2234 = ORIENTED_EDGE('', *, *, #2231, .T.);
#2235 = ORIENTED_EDGE('', *, *, #2232, .T.);
#2236 = ORIENTED_EDGE('', *, *, #2233, .T.);
#2237 = EDGE_LOOP('', (#2234, #2235, #2236));
#2238 = FACE_BOUND('', #2237, .T.);

/* ==== Hole 131 (row 4, col 10) CW ==== */
#2239 = CARTESIAN_POINT('', (35.000, 17.000, 0.0));
#2240 = CARTESIAN_POINT('', (35.000, 20.000, 0.0));
#2241 = CARTESIAN_POINT('', (38.000, 18.500, 0.0));
#2242 = VERTEX_POINT('', #2239);
#2243 = VERTEX_POINT('', #2240);
#2244 = VERTEX_POINT('', #2241);
#2245 = LINE('', #2239, #6);
#2246 = LINE('', #2240, #6);
#2247 = LINE('', #2241, #6);
#2248 = EDGE_CURVE('', #2242, #2243, #2245, .T.);
#2249 = EDGE_CURVE('', #2243, #2244, #2246, .T.);
#2250 = EDGE_CURVE('', #2244, #2242, #2247, .T.);
#2251 = ORIENTED_EDGE('', *, *, #2248, .T.);
#2252 = ORIENTED_EDGE('', *, *, #2249, .T.);
#2253 = ORIENTED_EDGE('', *, *, #2250, .T.);
#2254 = EDGE_LOOP('', (#2251, #2252, #2253));
#2255 = FACE_BOUND('', #2254, .T.);

/* ==== Hole 132 (row 4, col 11) CW ==== */
#2256 = CARTESIAN_POINT('', (38.000, 17.000, 0.0));
#2257 = CARTESIAN_POINT('', (38.000, 20.000, 0.0));
#2258 = CARTESIAN_POINT('', (41.000, 18.500, 0.0));
#2259 = VERTEX_POINT('', #2256);
#2260 = VERTEX_POINT('', #2257);
#2261 = VERTEX_POINT('', #2258);
#2262 = LINE('', #2256, #6);
#2263 = LINE('', #2257, #6);
#2264 = LINE('', #2258, #6);
#2265 = EDGE_CURVE('', #2259, #2260, #2262, .T.);
#2266 = EDGE_CURVE('', #2260, #2261, #2263, .T.);
#2267 = EDGE_CURVE('', #2261, #2259, #2264, .T.);
#2268 = ORIENTED_EDGE('', *, *, #2265, .T.);
#2269 = ORIENTED_EDGE('', *, *, #2266, .T.);
#2270 = ORIENTED_EDGE('', *, *, #2267, .T.);
#2271 = EDGE_LOOP('', (#2268, #2269, #2270));
#2272 = FACE_BOUND('', #2271, .T.);

/* ==== Hole 133 (row 4, col 12) CW ==== */
#2273 = CARTESIAN_POINT('', (41.000, 17.000, 0.0));
#2274 = CARTESIAN_POINT('', (41.000, 20.000, 0.0));
#2275 = CARTESIAN_POINT('', (44.000, 18.500, 0.0));
#2276 = VERTEX_POINT('', #2273);
#2277 = VERTEX_POINT('', #2274);
#2278 = VERTEX_POINT('', #2275);
#2279 = LINE('', #2273, #6);
#2280 = LINE('', #2274, #6);
#2281 = LINE('', #2275, #6);
#2282 = EDGE_CURVE('', #2276, #2277, #2279, .T.);
#2283 = EDGE_CURVE('', #2277, #2278, #2280, .T.);
#2284 = EDGE_CURVE('', #2278, #2276, #2281, .T.);
#2285 = ORIENTED_EDGE('', *, *, #2282, .T.);
#2286 = ORIENTED_EDGE('', *, *, #2283, .T.);
#2287 = ORIENTED_EDGE('', *, *, #2284, .T.);
#2288 = EDGE_LOOP('', (#2285, #2286, #2287));
#2289 = FACE_BOUND('', #2288, .T.);

/* ==== Hole 134 (row 4, col 13) CW ==== */
#2290 = CARTESIAN_POINT('', (44.000, 17.000, 0.0));
#2291 = CARTESIAN_POINT('', (44.000, 20.000, 0.0));
#2292 = CARTESIAN_POINT('', (47.000, 18.500, 0.0));
#2293 = VERTEX_POINT('', #2290);
#2294 = VERTEX_POINT('', #2291);
#2295 = VERTEX_POINT('', #2292);
#2296 = LINE('', #2290, #6);
#2297 = LINE('', #2291, #6);
#2298 = LINE('', #2292, #6);
#2299 = EDGE_CURVE('', #2293, #2294, #2296, .T.);
#2300 = EDGE_CURVE('', #2294, #2295, #2297, .T.);
#2301 = EDGE_CURVE('', #2295, #2293, #2298, .T.);
#2302 = ORIENTED_EDGE('', *, *, #2299, .T.);
#2303 = ORIENTED_EDGE('', *, *, #2300, .T.);
#2304 = ORIENTED_EDGE('', *, *, #2301, .T.);
#2305 = EDGE_LOOP('', (#2302, #2303, #2304));
#2306 = FACE_BOUND('', #2305, .T.);

/* ==== Hole 135 (row 4, col 14) CW ==== */
#2307 = CARTESIAN_POINT('', (47.000, 17.000, 0.0));
#2308 = CARTESIAN_POINT('', (47.000, 20.000, 0.0));
#2309 = CARTESIAN_POINT('', (50.000, 18.500, 0.0));
#2310 = VERTEX_POINT('', #2307);
#2311 = VERTEX_POINT('', #2308);
#2312 = VERTEX_POINT('', #2309);
#2313 = LINE('', #2307, #6);
#2314 = LINE('', #2308, #6);
#2315 = LINE('', #2309, #6);
#2316 = EDGE_CURVE('', #2310, #2311, #2313, .T.);
#2317 = EDGE_CURVE('', #2311, #2312, #2314, .T.);
#2318 = EDGE_CURVE('', #2312, #2310, #2315, .T.);
#2319 = ORIENTED_EDGE('', *, *, #2316, .T.);
#2320 = ORIENTED_EDGE('', *, *, #2317, .T.);
#2321 = ORIENTED_EDGE('', *, *, #2318, .T.);
#2322 = EDGE_LOOP('', (#2319, #2320, #2321));
#2323 = FACE_BOUND('', #2322, .T.);

/* ==== Hole 136 (row 4, col 15) CW ==== */
#2324 = CARTESIAN_POINT('', (50.000, 17.000, 0.0));
#2325 = CARTESIAN_POINT('', (50.000, 20.000, 0.0));
#2326 = CARTESIAN_POINT('', (53.000, 18.500, 0.0));
#2327 = VERTEX_POINT('', #2324);
#2328 = VERTEX_POINT('', #2325);
#2329 = VERTEX_POINT('', #2326);
#2330 = LINE('', #2324, #6);
#2331 = LINE('', #2325, #6);
#2332 = LINE('', #2326, #6);
#2333 = EDGE_CURVE('', #2327, #2328, #2330, .T.);
#2334 = EDGE_CURVE('', #2328, #2329, #2331, .T.);
#2335 = EDGE_CURVE('', #2329, #2327, #2332, .T.);
#2336 = ORIENTED_EDGE('', *, *, #2333, .T.);
#2337 = ORIENTED_EDGE('', *, *, #2334, .T.);
#2338 = ORIENTED_EDGE('', *, *, #2335, .T.);
#2339 = EDGE_LOOP('', (#2336, #2337, #2338));
#2340 = FACE_BOUND('', #2339, .T.);

/* ==== Hole 137 (row 4, col 16) CW ==== */
#2341 = CARTESIAN_POINT('', (53.000, 17.000, 0.0));
#2342 = CARTESIAN_POINT('', (53.000, 20.000, 0.0));
#2343 = CARTESIAN_POINT('', (56.000, 18.500, 0.0));
#2344 = VERTEX_POINT('', #2341);
#2345 = VERTEX_POINT('', #2342);
#2346 = VERTEX_POINT('', #2343);
#2347 = LINE('', #2341, #6);
#2348 = LINE('', #2342, #6);
#2349 = LINE('', #2343, #6);
#2350 = EDGE_CURVE('', #2344, #2345, #2347, .T.);
#2351 = EDGE_CURVE('', #2345, #2346, #2348, .T.);
#2352 = EDGE_CURVE('', #2346, #2344, #2349, .T.);
#2353 = ORIENTED_EDGE('', *, *, #2350, .T.);
#2354 = ORIENTED_EDGE('', *, *, #2351, .T.);
#2355 = ORIENTED_EDGE('', *, *, #2352, .T.);
#2356 = EDGE_LOOP('', (#2353, #2354, #2355));
#2357 = FACE_BOUND('', #2356, .T.);

/* ==== Hole 138 (row 4, col 17) CW ==== */
#2358 = CARTESIAN_POINT('', (56.000, 17.000, 0.0));
#2359 = CARTESIAN_POINT('', (56.000, 20.000, 0.0));
#2360 = CARTESIAN_POINT('', (59.000, 18.500, 0.0));
#2361 = VERTEX_POINT('', #2358);
#2362 = VERTEX_POINT('', #2359);
#2363 = VERTEX_POINT('', #2360);
#2364 = LINE('', #2358, #6);
#2365 = LINE('', #2359, #6);
#2366 = LINE('', #2360, #6);
#2367 = EDGE_CURVE('', #2361, #2362, #2364, .T.);
#2368 = EDGE_CURVE('', #2362, #2363, #2365, .T.);
#2369 = EDGE_CURVE('', #2363, #2361, #2366, .T.);
#2370 = ORIENTED_EDGE('', *, *, #2367, .T.);
#2371 = ORIENTED_EDGE('', *, *, #2368, .T.);
#2372 = ORIENTED_EDGE('', *, *, #2369, .T.);
#2373 = EDGE_LOOP('', (#2370, #2371, #2372));
#2374 = FACE_BOUND('', #2373, .T.);

/* ==== Hole 139 (row 4, col 18) CW ==== */
#2375 = CARTESIAN_POINT('', (59.000, 17.000, 0.0));
#2376 = CARTESIAN_POINT('', (59.000, 20.000, 0.0));
#2377 = CARTESIAN_POINT('', (62.000, 18.500, 0.0));
#2378 = VERTEX_POINT('', #2375);
#2379 = VERTEX_POINT('', #2376);
#2380 = VERTEX_POINT('', #2377);
#2381 = LINE('', #2375, #6);
#2382 = LINE('', #2376, #6);
#2383 = LINE('', #2377, #6);
#2384 = EDGE_CURVE('', #2378, #2379, #2381, .T.);
#2385 = EDGE_CURVE('', #2379, #2380, #2382, .T.);
#2386 = EDGE_CURVE('', #2380, #2378, #2383, .T.);
#2387 = ORIENTED_EDGE('', *, *, #2384, .T.);
#2388 = ORIENTED_EDGE('', *, *, #2385, .T.);
#2389 = ORIENTED_EDGE('', *, *, #2386, .T.);
#2390 = EDGE_LOOP('', (#2387, #2388, #2389));
#2391 = FACE_BOUND('', #2390, .T.);

/* ==== Hole 140 (row 4, col 19) CW ==== */
#2392 = CARTESIAN_POINT('', (62.000, 17.000, 0.0));
#2393 = CARTESIAN_POINT('', (62.000, 20.000, 0.0));
#2394 = CARTESIAN_POINT('', (65.000, 18.500, 0.0));
#2395 = VERTEX_POINT('', #2392);
#2396 = VERTEX_POINT('', #2393);
#2397 = VERTEX_POINT('', #2394);
#2398 = LINE('', #2392, #6);
#2399 = LINE('', #2393, #6);
#2400 = LINE('', #2394, #6);
#2401 = EDGE_CURVE('', #2395, #2396, #2398, .T.);
#2402 = EDGE_CURVE('', #2396, #2397, #2399, .T.);
#2403 = EDGE_CURVE('', #2397, #2395, #2400, .T.);
#2404 = ORIENTED_EDGE('', *, *, #2401, .T.);
#2405 = ORIENTED_EDGE('', *, *, #2402, .T.);
#2406 = ORIENTED_EDGE('', *, *, #2403, .T.);
#2407 = EDGE_LOOP('', (#2404, #2405, #2406));
#2408 = FACE_BOUND('', #2407, .T.);

/* ==== Hole 141 (row 4, col 20) CW ==== */
#2409 = CARTESIAN_POINT('', (65.000, 17.000, 0.0));
#2410 = CARTESIAN_POINT('', (65.000, 20.000, 0.0));
#2411 = CARTESIAN_POINT('', (68.000, 18.500, 0.0));
#2412 = VERTEX_POINT('', #2409);
#2413 = VERTEX_POINT('', #2410);
#2414 = VERTEX_POINT('', #2411);
#2415 = LINE('', #2409, #6);
#2416 = LINE('', #2410, #6);
#2417 = LINE('', #2411, #6);
#2418 = EDGE_CURVE('', #2412, #2413, #2415, .T.);
#2419 = EDGE_CURVE('', #2413, #2414, #2416, .T.);
#2420 = EDGE_CURVE('', #2414, #2412, #2417, .T.);
#2421 = ORIENTED_EDGE('', *, *, #2418, .T.);
#2422 = ORIENTED_EDGE('', *, *, #2419, .T.);
#2423 = ORIENTED_EDGE('', *, *, #2420, .T.);
#2424 = EDGE_LOOP('', (#2421, #2422, #2423));
#2425 = FACE_BOUND('', #2424, .T.);

/* ==== Hole 142 (row 4, col 21) CW ==== */
#2426 = CARTESIAN_POINT('', (68.000, 17.000, 0.0));
#2427 = CARTESIAN_POINT('', (68.000, 20.000, 0.0));
#2428 = CARTESIAN_POINT('', (71.000, 18.500, 0.0));
#2429 = VERTEX_POINT('', #2426);
#2430 = VERTEX_POINT('', #2427);
#2431 = VERTEX_POINT('', #2428);
#2432 = LINE('', #2426, #6);
#2433 = LINE('', #2427, #6);
#2434 = LINE('', #2428, #6);
#2435 = EDGE_CURVE('', #2429, #2430, #2432, .T.);
#2436 = EDGE_CURVE('', #2430, #2431, #2433, .T.);
#2437 = EDGE_CURVE('', #2431, #2429, #2434, .T.);
#2438 = ORIENTED_EDGE('', *, *, #2435, .T.);
#2439 = ORIENTED_EDGE('', *, *, #2436, .T.);
#2440 = ORIENTED_EDGE('', *, *, #2437, .T.);
#2441 = EDGE_LOOP('', (#2438, #2439, #2440));
#2442 = FACE_BOUND('', #2441, .T.);

/* ==== Hole 143 (row 4, col 22) CW ==== */
#2443 = CARTESIAN_POINT('', (71.000, 17.000, 0.0));
#2444 = CARTESIAN_POINT('', (71.000, 20.000, 0.0));
#2445 = CARTESIAN_POINT('', (74.000, 18.500, 0.0));
#2446 = VERTEX_POINT('', #2443);
#2447 = VERTEX_POINT('', #2444);
#2448 = VERTEX_POINT('', #2445);
#2449 = LINE('', #2443, #6);
#2450 = LINE('', #2444, #6);
#2451 = LINE('', #2445, #6);
#2452 = EDGE_CURVE('', #2446, #2447, #2449, .T.);
#2453 = EDGE_CURVE('', #2447, #2448, #2450, .T.);
#2454 = EDGE_CURVE('', #2448, #2446, #2451, .T.);
#2455 = ORIENTED_EDGE('', *, *, #2452, .T.);
#2456 = ORIENTED_EDGE('', *, *, #2453, .T.);
#2457 = ORIENTED_EDGE('', *, *, #2454, .T.);
#2458 = EDGE_LOOP('', (#2455, #2456, #2457));
#2459 = FACE_BOUND('', #2458, .T.);

/* ==== Hole 144 (row 4, col 23) CW ==== */
#2460 = CARTESIAN_POINT('', (74.000, 17.000, 0.0));
#2461 = CARTESIAN_POINT('', (74.000, 20.000, 0.0));
#2462 = CARTESIAN_POINT('', (77.000, 18.500, 0.0));
#2463 = VERTEX_POINT('', #2460);
#2464 = VERTEX_POINT('', #2461);
#2465 = VERTEX_POINT('', #2462);
#2466 = LINE('', #2460, #6);
#2467 = LINE('', #2461, #6);
#2468 = LINE('', #2462, #6);
#2469 = EDGE_CURVE('', #2463, #2464, #2466, .T.);
#2470 = EDGE_CURVE('', #2464, #2465, #2467, .T.);
#2471 = EDGE_CURVE('', #2465, #2463, #2468, .T.);
#2472 = ORIENTED_EDGE('', *, *, #2469, .T.);
#2473 = ORIENTED_EDGE('', *, *, #2470, .T.);
#2474 = ORIENTED_EDGE('', *, *, #2471, .T.);
#2475 = EDGE_LOOP('', (#2472, #2473, #2474));
#2476 = FACE_BOUND('', #2475, .T.);

/* ==== Hole 145 (row 4, col 24) CW ==== */
#2477 = CARTESIAN_POINT('', (77.000, 17.000, 0.0));
#2478 = CARTESIAN_POINT('', (77.000, 20.000, 0.0));
#2479 = CARTESIAN_POINT('', (80.000, 18.500, 0.0));
#2480 = VERTEX_POINT('', #2477);
#2481 = VERTEX_POINT('', #2478);
#2482 = VERTEX_POINT('', #2479);
#2483 = LINE('', #2477, #6);
#2484 = LINE('', #2478, #6);
#2485 = LINE('', #2479, #6);
#2486 = EDGE_CURVE('', #2480, #2481, #2483, .T.);
#2487 = EDGE_CURVE('', #2481, #2482, #2484, .T.);
#2488 = EDGE_CURVE('', #2482, #2480, #2485, .T.);
#2489 = ORIENTED_EDGE('', *, *, #2486, .T.);
#2490 = ORIENTED_EDGE('', *, *, #2487, .T.);
#2491 = ORIENTED_EDGE('', *, *, #2488, .T.);
#2492 = EDGE_LOOP('', (#2489, #2490, #2491));
#2493 = FACE_BOUND('', #2492, .T.);

/* ==== Hole 146 (row 4, col 25) CW ==== */
#2494 = CARTESIAN_POINT('', (80.000, 17.000, 0.0));
#2495 = CARTESIAN_POINT('', (80.000, 20.000, 0.0));
#2496 = CARTESIAN_POINT('', (83.000, 18.500, 0.0));
#2497 = VERTEX_POINT('', #2494);
#2498 = VERTEX_POINT('', #2495);
#2499 = VERTEX_POINT('', #2496);
#2500 = LINE('', #2494, #6);
#2501 = LINE('', #2495, #6);
#2502 = LINE('', #2496, #6);
#2503 = EDGE_CURVE('', #2497, #2498, #2500, .T.);
#2504 = EDGE_CURVE('', #2498, #2499, #2501, .T.);
#2505 = EDGE_CURVE('', #2499, #2497, #2502, .T.);
#2506 = ORIENTED_EDGE('', *, *, #2503, .T.);
#2507 = ORIENTED_EDGE('', *, *, #2504, .T.);
#2508 = ORIENTED_EDGE('', *, *, #2505, .T.);
#2509 = EDGE_LOOP('', (#2506, #2507, #2508));
#2510 = FACE_BOUND('', #2509, .T.);

/* ==== Hole 147 (row 4, col 26) CW ==== */
#2511 = CARTESIAN_POINT('', (83.000, 17.000, 0.0));
#2512 = CARTESIAN_POINT('', (83.000, 20.000, 0.0));
#2513 = CARTESIAN_POINT('', (86.000, 18.500, 0.0));
#2514 = VERTEX_POINT('', #2511);
#2515 = VERTEX_POINT('', #2512);
#2516 = VERTEX_POINT('', #2513);
#2517 = LINE('', #2511, #6);
#2518 = LINE('', #2512, #6);
#2519 = LINE('', #2513, #6);
#2520 = EDGE_CURVE('', #2514, #2515, #2517, .T.);
#2521 = EDGE_CURVE('', #2515, #2516, #2518, .T.);
#2522 = EDGE_CURVE('', #2516, #2514, #2519, .T.);
#2523 = ORIENTED_EDGE('', *, *, #2520, .T.);
#2524 = ORIENTED_EDGE('', *, *, #2521, .T.);
#2525 = ORIENTED_EDGE('', *, *, #2522, .T.);
#2526 = EDGE_LOOP('', (#2523, #2524, #2525));
#2527 = FACE_BOUND('', #2526, .T.);

/* ==== Hole 148 (row 4, col 27) CW ==== */
#2528 = CARTESIAN_POINT('', (86.000, 17.000, 0.0));
#2529 = CARTESIAN_POINT('', (86.000, 20.000, 0.0));
#2530 = CARTESIAN_POINT('', (89.000, 18.500, 0.0));
#2531 = VERTEX_POINT('', #2528);
#2532 = VERTEX_POINT('', #2529);
#2533 = VERTEX_POINT('', #2530);
#2534 = LINE('', #2528, #6);
#2535 = LINE('', #2529, #6);
#2536 = LINE('', #2530, #6);
#2537 = EDGE_CURVE('', #2531, #2532, #2534, .T.);
#2538 = EDGE_CURVE('', #2532, #2533, #2535, .T.);
#2539 = EDGE_CURVE('', #2533, #2531, #2536, .T.);
#2540 = ORIENTED_EDGE('', *, *, #2537, .T.);
#2541 = ORIENTED_EDGE('', *, *, #2538, .T.);
#2542 = ORIENTED_EDGE('', *, *, #2539, .T.);
#2543 = EDGE_LOOP('', (#2540, #2541, #2542));
#2544 = FACE_BOUND('', #2543, .T.);

/* ==== Hole 149 (row 4, col 28) CW ==== */
#2545 = CARTESIAN_POINT('', (89.000, 17.000, 0.0));
#2546 = CARTESIAN_POINT('', (89.000, 20.000, 0.0));
#2547 = CARTESIAN_POINT('', (92.000, 18.500, 0.0));
#2548 = VERTEX_POINT('', #2545);
#2549 = VERTEX_POINT('', #2546);
#2550 = VERTEX_POINT('', #2547);
#2551 = LINE('', #2545, #6);
#2552 = LINE('', #2546, #6);
#2553 = LINE('', #2547, #6);
#2554 = EDGE_CURVE('', #2548, #2549, #2551, .T.);
#2555 = EDGE_CURVE('', #2549, #2550, #2552, .T.);
#2556 = EDGE_CURVE('', #2550, #2548, #2553, .T.);
#2557 = ORIENTED_EDGE('', *, *, #2554, .T.);
#2558 = ORIENTED_EDGE('', *, *, #2555, .T.);
#2559 = ORIENTED_EDGE('', *, *, #2556, .T.);
#2560 = EDGE_LOOP('', (#2557, #2558, #2559));
#2561 = FACE_BOUND('', #2560, .T.);

/* ==== Hole 150 (row 4, col 29) CW ==== */
#2562 = CARTESIAN_POINT('', (92.000, 17.000, 0.0));
#2563 = CARTESIAN_POINT('', (92.000, 20.000, 0.0));
#2564 = CARTESIAN_POINT('', (95.000, 18.500, 0.0));
#2565 = VERTEX_POINT('', #2562);
#2566 = VERTEX_POINT('', #2563);
#2567 = VERTEX_POINT('', #2564);
#2568 = LINE('', #2562, #6);
#2569 = LINE('', #2563, #6);
#2570 = LINE('', #2564, #6);
#2571 = EDGE_CURVE('', #2565, #2566, #2568, .T.);
#2572 = EDGE_CURVE('', #2566, #2567, #2569, .T.);
#2573 = EDGE_CURVE('', #2567, #2565, #2570, .T.);
#2574 = ORIENTED_EDGE('', *, *, #2571, .T.);
#2575 = ORIENTED_EDGE('', *, *, #2572, .T.);
#2576 = ORIENTED_EDGE('', *, *, #2573, .T.);
#2577 = EDGE_LOOP('', (#2574, #2575, #2576));
#2578 = FACE_BOUND('', #2577, .T.);

/* ==== Hole 151 (row 5, col 0) CW ==== */
#2579 = CARTESIAN_POINT('', (5.000, 20.000, 0.0));
#2580 = CARTESIAN_POINT('', (5.000, 23.000, 0.0));
#2581 = CARTESIAN_POINT('', (8.000, 21.500, 0.0));
#2582 = VERTEX_POINT('', #2579);
#2583 = VERTEX_POINT('', #2580);
#2584 = VERTEX_POINT('', #2581);
#2585 = LINE('', #2579, #6);
#2586 = LINE('', #2580, #6);
#2587 = LINE('', #2581, #6);
#2588 = EDGE_CURVE('', #2582, #2583, #2585, .T.);
#2589 = EDGE_CURVE('', #2583, #2584, #2586, .T.);
#2590 = EDGE_CURVE('', #2584, #2582, #2587, .T.);
#2591 = ORIENTED_EDGE('', *, *, #2588, .T.);
#2592 = ORIENTED_EDGE('', *, *, #2589, .T.);
#2593 = ORIENTED_EDGE('', *, *, #2590, .T.);
#2594 = EDGE_LOOP('', (#2591, #2592, #2593));
#2595 = FACE_BOUND('', #2594, .T.);

/* ==== Hole 152 (row 5, col 1) CW ==== */
#2596 = CARTESIAN_POINT('', (8.000, 20.000, 0.0));
#2597 = CARTESIAN_POINT('', (8.000, 23.000, 0.0));
#2598 = CARTESIAN_POINT('', (11.000, 21.500, 0.0));
#2599 = VERTEX_POINT('', #2596);
#2600 = VERTEX_POINT('', #2597);
#2601 = VERTEX_POINT('', #2598);
#2602 = LINE('', #2596, #6);
#2603 = LINE('', #2597, #6);
#2604 = LINE('', #2598, #6);
#2605 = EDGE_CURVE('', #2599, #2600, #2602, .T.);
#2606 = EDGE_CURVE('', #2600, #2601, #2603, .T.);
#2607 = EDGE_CURVE('', #2601, #2599, #2604, .T.);
#2608 = ORIENTED_EDGE('', *, *, #2605, .T.);
#2609 = ORIENTED_EDGE('', *, *, #2606, .T.);
#2610 = ORIENTED_EDGE('', *, *, #2607, .T.);
#2611 = EDGE_LOOP('', (#2608, #2609, #2610));
#2612 = FACE_BOUND('', #2611, .T.);

/* ==== Hole 153 (row 5, col 2) CW ==== */
#2613 = CARTESIAN_POINT('', (11.000, 20.000, 0.0));
#2614 = CARTESIAN_POINT('', (11.000, 23.000, 0.0));
#2615 = CARTESIAN_POINT('', (14.000, 21.500, 0.0));
#2616 = VERTEX_POINT('', #2613);
#2617 = VERTEX_POINT('', #2614);
#2618 = VERTEX_POINT('', #2615);
#2619 = LINE('', #2613, #6);
#2620 = LINE('', #2614, #6);
#2621 = LINE('', #2615, #6);
#2622 = EDGE_CURVE('', #2616, #2617, #2619, .T.);
#2623 = EDGE_CURVE('', #2617, #2618, #2620, .T.);
#2624 = EDGE_CURVE('', #2618, #2616, #2621, .T.);
#2625 = ORIENTED_EDGE('', *, *, #2622, .T.);
#2626 = ORIENTED_EDGE('', *, *, #2623, .T.);
#2627 = ORIENTED_EDGE('', *, *, #2624, .T.);
#2628 = EDGE_LOOP('', (#2625, #2626, #2627));
#2629 = FACE_BOUND('', #2628, .T.);

/* ==== Hole 154 (row 5, col 3) CW ==== */
#2630 = CARTESIAN_POINT('', (14.000, 20.000, 0.0));
#2631 = CARTESIAN_POINT('', (14.000, 23.000, 0.0));
#2632 = CARTESIAN_POINT('', (17.000, 21.500, 0.0));
#2633 = VERTEX_POINT('', #2630);
#2634 = VERTEX_POINT('', #2631);
#2635 = VERTEX_POINT('', #2632);
#2636 = LINE('', #2630, #6);
#2637 = LINE('', #2631, #6);
#2638 = LINE('', #2632, #6);
#2639 = EDGE_CURVE('', #2633, #2634, #2636, .T.);
#2640 = EDGE_CURVE('', #2634, #2635, #2637, .T.);
#2641 = EDGE_CURVE('', #2635, #2633, #2638, .T.);
#2642 = ORIENTED_EDGE('', *, *, #2639, .T.);
#2643 = ORIENTED_EDGE('', *, *, #2640, .T.);
#2644 = ORIENTED_EDGE('', *, *, #2641, .T.);
#2645 = EDGE_LOOP('', (#2642, #2643, #2644));
#2646 = FACE_BOUND('', #2645, .T.);

/* ==== Hole 155 (row 5, col 4) CW ==== */
#2647 = CARTESIAN_POINT('', (17.000, 20.000, 0.0));
#2648 = CARTESIAN_POINT('', (17.000, 23.000, 0.0));
#2649 = CARTESIAN_POINT('', (20.000, 21.500, 0.0));
#2650 = VERTEX_POINT('', #2647);
#2651 = VERTEX_POINT('', #2648);
#2652 = VERTEX_POINT('', #2649);
#2653 = LINE('', #2647, #6);
#2654 = LINE('', #2648, #6);
#2655 = LINE('', #2649, #6);
#2656 = EDGE_CURVE('', #2650, #2651, #2653, .T.);
#2657 = EDGE_CURVE('', #2651, #2652, #2654, .T.);
#2658 = EDGE_CURVE('', #2652, #2650, #2655, .T.);
#2659 = ORIENTED_EDGE('', *, *, #2656, .T.);
#2660 = ORIENTED_EDGE('', *, *, #2657, .T.);
#2661 = ORIENTED_EDGE('', *, *, #2658, .T.);
#2662 = EDGE_LOOP('', (#2659, #2660, #2661));
#2663 = FACE_BOUND('', #2662, .T.);

/* ==== Hole 156 (row 5, col 5) CW ==== */
#2664 = CARTESIAN_POINT('', (20.000, 20.000, 0.0));
#2665 = CARTESIAN_POINT('', (20.000, 23.000, 0.0));
#2666 = CARTESIAN_POINT('', (23.000, 21.500, 0.0));
#2667 = VERTEX_POINT('', #2664);
#2668 = VERTEX_POINT('', #2665);
#2669 = VERTEX_POINT('', #2666);
#2670 = LINE('', #2664, #6);
#2671 = LINE('', #2665, #6);
#2672 = LINE('', #2666, #6);
#2673 = EDGE_CURVE('', #2667, #2668, #2670, .T.);
#2674 = EDGE_CURVE('', #2668, #2669, #2671, .T.);
#2675 = EDGE_CURVE('', #2669, #2667, #2672, .T.);
#2676 = ORIENTED_EDGE('', *, *, #2673, .T.);
#2677 = ORIENTED_EDGE('', *, *, #2674, .T.);
#2678 = ORIENTED_EDGE('', *, *, #2675, .T.);
#2679 = EDGE_LOOP('', (#2676, #2677, #2678));
#2680 = FACE_BOUND('', #2679, .T.);

/* ==== Hole 157 (row 5, col 6) CW ==== */
#2681 = CARTESIAN_POINT('', (23.000, 20.000, 0.0));
#2682 = CARTESIAN_POINT('', (23.000, 23.000, 0.0));
#2683 = CARTESIAN_POINT('', (26.000, 21.500, 0.0));
#2684 = VERTEX_POINT('', #2681);
#2685 = VERTEX_POINT('', #2682);
#2686 = VERTEX_POINT('', #2683);
#2687 = LINE('', #2681, #6);
#2688 = LINE('', #2682, #6);
#2689 = LINE('', #2683, #6);
#2690 = EDGE_CURVE('', #2684, #2685, #2687, .T.);
#2691 = EDGE_CURVE('', #2685, #2686, #2688, .T.);
#2692 = EDGE_CURVE('', #2686, #2684, #2689, .T.);
#2693 = ORIENTED_EDGE('', *, *, #2690, .T.);
#2694 = ORIENTED_EDGE('', *, *, #2691, .T.);
#2695 = ORIENTED_EDGE('', *, *, #2692, .T.);
#2696 = EDGE_LOOP('', (#2693, #2694, #2695));
#2697 = FACE_BOUND('', #2696, .T.);

/* ==== Hole 158 (row 5, col 7) CW ==== */
#2698 = CARTESIAN_POINT('', (26.000, 20.000, 0.0));
#2699 = CARTESIAN_POINT('', (26.000, 23.000, 0.0));
#2700 = CARTESIAN_POINT('', (29.000, 21.500, 0.0));
#2701 = VERTEX_POINT('', #2698);
#2702 = VERTEX_POINT('', #2699);
#2703 = VERTEX_POINT('', #2700);
#2704 = LINE('', #2698, #6);
#2705 = LINE('', #2699, #6);
#2706 = LINE('', #2700, #6);
#2707 = EDGE_CURVE('', #2701, #2702, #2704, .T.);
#2708 = EDGE_CURVE('', #2702, #2703, #2705, .T.);
#2709 = EDGE_CURVE('', #2703, #2701, #2706, .T.);
#2710 = ORIENTED_EDGE('', *, *, #2707, .T.);
#2711 = ORIENTED_EDGE('', *, *, #2708, .T.);
#2712 = ORIENTED_EDGE('', *, *, #2709, .T.);
#2713 = EDGE_LOOP('', (#2710, #2711, #2712));
#2714 = FACE_BOUND('', #2713, .T.);

/* ==== Hole 159 (row 5, col 8) CW ==== */
#2715 = CARTESIAN_POINT('', (29.000, 20.000, 0.0));
#2716 = CARTESIAN_POINT('', (29.000, 23.000, 0.0));
#2717 = CARTESIAN_POINT('', (32.000, 21.500, 0.0));
#2718 = VERTEX_POINT('', #2715);
#2719 = VERTEX_POINT('', #2716);
#2720 = VERTEX_POINT('', #2717);
#2721 = LINE('', #2715, #6);
#2722 = LINE('', #2716, #6);
#2723 = LINE('', #2717, #6);
#2724 = EDGE_CURVE('', #2718, #2719, #2721, .T.);
#2725 = EDGE_CURVE('', #2719, #2720, #2722, .T.);
#2726 = EDGE_CURVE('', #2720, #2718, #2723, .T.);
#2727 = ORIENTED_EDGE('', *, *, #2724, .T.);
#2728 = ORIENTED_EDGE('', *, *, #2725, .T.);
#2729 = ORIENTED_EDGE('', *, *, #2726, .T.);
#2730 = EDGE_LOOP('', (#2727, #2728, #2729));
#2731 = FACE_BOUND('', #2730, .T.);

/* ==== Hole 160 (row 5, col 9) CW ==== */
#2732 = CARTESIAN_POINT('', (32.000, 20.000, 0.0));
#2733 = CARTESIAN_POINT('', (32.000, 23.000, 0.0));
#2734 = CARTESIAN_POINT('', (35.000, 21.500, 0.0));
#2735 = VERTEX_POINT('', #2732);
#2736 = VERTEX_POINT('', #2733);
#2737 = VERTEX_POINT('', #2734);
#2738 = LINE('', #2732, #6);
#2739 = LINE('', #2733, #6);
#2740 = LINE('', #2734, #6);
#2741 = EDGE_CURVE('', #2735, #2736, #2738, .T.);
#2742 = EDGE_CURVE('', #2736, #2737, #2739, .T.);
#2743 = EDGE_CURVE('', #2737, #2735, #2740, .T.);
#2744 = ORIENTED_EDGE('', *, *, #2741, .T.);
#2745 = ORIENTED_EDGE('', *, *, #2742, .T.);
#2746 = ORIENTED_EDGE('', *, *, #2743, .T.);
#2747 = EDGE_LOOP('', (#2744, #2745, #2746));
#2748 = FACE_BOUND('', #2747, .T.);

/* ==== Hole 161 (row 5, col 10) CW ==== */
#2749 = CARTESIAN_POINT('', (35.000, 20.000, 0.0));
#2750 = CARTESIAN_POINT('', (35.000, 23.000, 0.0));
#2751 = CARTESIAN_POINT('', (38.000, 21.500, 0.0));
#2752 = VERTEX_POINT('', #2749);
#2753 = VERTEX_POINT('', #2750);
#2754 = VERTEX_POINT('', #2751);
#2755 = LINE('', #2749, #6);
#2756 = LINE('', #2750, #6);
#2757 = LINE('', #2751, #6);
#2758 = EDGE_CURVE('', #2752, #2753, #2755, .T.);
#2759 = EDGE_CURVE('', #2753, #2754, #2756, .T.);
#2760 = EDGE_CURVE('', #2754, #2752, #2757, .T.);
#2761 = ORIENTED_EDGE('', *, *, #2758, .T.);
#2762 = ORIENTED_EDGE('', *, *, #2759, .T.);
#2763 = ORIENTED_EDGE('', *, *, #2760, .T.);
#2764 = EDGE_LOOP('', (#2761, #2762, #2763));
#2765 = FACE_BOUND('', #2764, .T.);

/* ==== Hole 162 (row 5, col 11) CW ==== */
#2766 = CARTESIAN_POINT('', (38.000, 20.000, 0.0));
#2767 = CARTESIAN_POINT('', (38.000, 23.000, 0.0));
#2768 = CARTESIAN_POINT('', (41.000, 21.500, 0.0));
#2769 = VERTEX_POINT('', #2766);
#2770 = VERTEX_POINT('', #2767);
#2771 = VERTEX_POINT('', #2768);
#2772 = LINE('', #2766, #6);
#2773 = LINE('', #2767, #6);
#2774 = LINE('', #2768, #6);
#2775 = EDGE_CURVE('', #2769, #2770, #2772, .T.);
#2776 = EDGE_CURVE('', #2770, #2771, #2773, .T.);
#2777 = EDGE_CURVE('', #2771, #2769, #2774, .T.);
#2778 = ORIENTED_EDGE('', *, *, #2775, .T.);
#2779 = ORIENTED_EDGE('', *, *, #2776, .T.);
#2780 = ORIENTED_EDGE('', *, *, #2777, .T.);
#2781 = EDGE_LOOP('', (#2778, #2779, #2780));
#2782 = FACE_BOUND('', #2781, .T.);

/* ==== Hole 163 (row 5, col 12) CW ==== */
#2783 = CARTESIAN_POINT('', (41.000, 20.000, 0.0));
#2784 = CARTESIAN_POINT('', (41.000, 23.000, 0.0));
#2785 = CARTESIAN_POINT('', (44.000, 21.500, 0.0));
#2786 = VERTEX_POINT('', #2783);
#2787 = VERTEX_POINT('', #2784);
#2788 = VERTEX_POINT('', #2785);
#2789 = LINE('', #2783, #6);
#2790 = LINE('', #2784, #6);
#2791 = LINE('', #2785, #6);
#2792 = EDGE_CURVE('', #2786, #2787, #2789, .T.);
#2793 = EDGE_CURVE('', #2787, #2788, #2790, .T.);
#2794 = EDGE_CURVE('', #2788, #2786, #2791, .T.);
#2795 = ORIENTED_EDGE('', *, *, #2792, .T.);
#2796 = ORIENTED_EDGE('', *, *, #2793, .T.);
#2797 = ORIENTED_EDGE('', *, *, #2794, .T.);
#2798 = EDGE_LOOP('', (#2795, #2796, #2797));
#2799 = FACE_BOUND('', #2798, .T.);

/* ==== Hole 164 (row 5, col 13) CW ==== */
#2800 = CARTESIAN_POINT('', (44.000, 20.000, 0.0));
#2801 = CARTESIAN_POINT('', (44.000, 23.000, 0.0));
#2802 = CARTESIAN_POINT('', (47.000, 21.500, 0.0));
#2803 = VERTEX_POINT('', #2800);
#2804 = VERTEX_POINT('', #2801);
#2805 = VERTEX_POINT('', #2802);
#2806 = LINE('', #2800, #6);
#2807 = LINE('', #2801, #6);
#2808 = LINE('', #2802, #6);
#2809 = EDGE_CURVE('', #2803, #2804, #2806, .T.);
#2810 = EDGE_CURVE('', #2804, #2805, #2807, .T.);
#2811 = EDGE_CURVE('', #2805, #2803, #2808, .T.);
#2812 = ORIENTED_EDGE('', *, *, #2809, .T.);
#2813 = ORIENTED_EDGE('', *, *, #2810, .T.);
#2814 = ORIENTED_EDGE('', *, *, #2811, .T.);
#2815 = EDGE_LOOP('', (#2812, #2813, #2814));
#2816 = FACE_BOUND('', #2815, .T.);

/* ==== Hole 165 (row 5, col 14) CW ==== */
#2817 = CARTESIAN_POINT('', (47.000, 20.000, 0.0));
#2818 = CARTESIAN_POINT('', (47.000, 23.000, 0.0));
#2819 = CARTESIAN_POINT('', (50.000, 21.500, 0.0));
#2820 = VERTEX_POINT('', #2817);
#2821 = VERTEX_POINT('', #2818);
#2822 = VERTEX_POINT('', #2819);
#2823 = LINE('', #2817, #6);
#2824 = LINE('', #2818, #6);
#2825 = LINE('', #2819, #6);
#2826 = EDGE_CURVE('', #2820, #2821, #2823, .T.);
#2827 = EDGE_CURVE('', #2821, #2822, #2824, .T.);
#2828 = EDGE_CURVE('', #2822, #2820, #2825, .T.);
#2829 = ORIENTED_EDGE('', *, *, #2826, .T.);
#2830 = ORIENTED_EDGE('', *, *, #2827, .T.);
#2831 = ORIENTED_EDGE('', *, *, #2828, .T.);
#2832 = EDGE_LOOP('', (#2829, #2830, #2831));
#2833 = FACE_BOUND('', #2832, .T.);

/* ==== Hole 166 (row 5, col 15) CW ==== */
#2834 = CARTESIAN_POINT('', (50.000, 20.000, 0.0));
#2835 = CARTESIAN_POINT('', (50.000, 23.000, 0.0));
#2836 = CARTESIAN_POINT('', (53.000, 21.500, 0.0));
#2837 = VERTEX_POINT('', #2834);
#2838 = VERTEX_POINT('', #2835);
#2839 = VERTEX_POINT('', #2836);
#2840 = LINE('', #2834, #6);
#2841 = LINE('', #2835, #6);
#2842 = LINE('', #2836, #6);
#2843 = EDGE_CURVE('', #2837, #2838, #2840, .T.);
#2844 = EDGE_CURVE('', #2838, #2839, #2841, .T.);
#2845 = EDGE_CURVE('', #2839, #2837, #2842, .T.);
#2846 = ORIENTED_EDGE('', *, *, #2843, .T.);
#2847 = ORIENTED_EDGE('', *, *, #2844, .T.);
#2848 = ORIENTED_EDGE('', *, *, #2845, .T.);
#2849 = EDGE_LOOP('', (#2846, #2847, #2848));
#2850 = FACE_BOUND('', #2849, .T.);

/* ==== Hole 167 (row 5, col 16) CW ==== */
#2851 = CARTESIAN_POINT('', (53.000, 20.000, 0.0));
#2852 = CARTESIAN_POINT('', (53.000, 23.000, 0.0));
#2853 = CARTESIAN_POINT('', (56.000, 21.500, 0.0));
#2854 = VERTEX_POINT('', #2851);
#2855 = VERTEX_POINT('', #2852);
#2856 = VERTEX_POINT('', #2853);
#2857 = LINE('', #2851, #6);
#2858 = LINE('', #2852, #6);
#2859 = LINE('', #2853, #6);
#2860 = EDGE_CURVE('', #2854, #2855, #2857, .T.);
#2861 = EDGE_CURVE('', #2855, #2856, #2858, .T.);
#2862 = EDGE_CURVE('', #2856, #2854, #2859, .T.);
#2863 = ORIENTED_EDGE('', *, *, #2860, .T.);
#2864 = ORIENTED_EDGE('', *, *, #2861, .T.);
#2865 = ORIENTED_EDGE('', *, *, #2862, .T.);
#2866 = EDGE_LOOP('', (#2863, #2864, #2865));
#2867 = FACE_BOUND('', #2866, .T.);

/* ==== Hole 168 (row 5, col 17) CW ==== */
#2868 = CARTESIAN_POINT('', (56.000, 20.000, 0.0));
#2869 = CARTESIAN_POINT('', (56.000, 23.000, 0.0));
#2870 = CARTESIAN_POINT('', (59.000, 21.500, 0.0));
#2871 = VERTEX_POINT('', #2868);
#2872 = VERTEX_POINT('', #2869);
#2873 = VERTEX_POINT('', #2870);
#2874 = LINE('', #2868, #6);
#2875 = LINE('', #2869, #6);
#2876 = LINE('', #2870, #6);
#2877 = EDGE_CURVE('', #2871, #2872, #2874, .T.);
#2878 = EDGE_CURVE('', #2872, #2873, #2875, .T.);
#2879 = EDGE_CURVE('', #2873, #2871, #2876, .T.);
#2880 = ORIENTED_EDGE('', *, *, #2877, .T.);
#2881 = ORIENTED_EDGE('', *, *, #2878, .T.);
#2882 = ORIENTED_EDGE('', *, *, #2879, .T.);
#2883 = EDGE_LOOP('', (#2880, #2881, #2882));
#2884 = FACE_BOUND('', #2883, .T.);

/* ==== Hole 169 (row 5, col 18) CW ==== */
#2885 = CARTESIAN_POINT('', (59.000, 20.000, 0.0));
#2886 = CARTESIAN_POINT('', (59.000, 23.000, 0.0));
#2887 = CARTESIAN_POINT('', (62.000, 21.500, 0.0));
#2888 = VERTEX_POINT('', #2885);
#2889 = VERTEX_POINT('', #2886);
#2890 = VERTEX_POINT('', #2887);
#2891 = LINE('', #2885, #6);
#2892 = LINE('', #2886, #6);
#2893 = LINE('', #2887, #6);
#2894 = EDGE_CURVE('', #2888, #2889, #2891, .T.);
#2895 = EDGE_CURVE('', #2889, #2890, #2892, .T.);
#2896 = EDGE_CURVE('', #2890, #2888, #2893, .T.);
#2897 = ORIENTED_EDGE('', *, *, #2894, .T.);
#2898 = ORIENTED_EDGE('', *, *, #2895, .T.);
#2899 = ORIENTED_EDGE('', *, *, #2896, .T.);
#2900 = EDGE_LOOP('', (#2897, #2898, #2899));
#2901 = FACE_BOUND('', #2900, .T.);

/* ==== Hole 170 (row 5, col 19) CW ==== */
#2902 = CARTESIAN_POINT('', (62.000, 20.000, 0.0));
#2903 = CARTESIAN_POINT('', (62.000, 23.000, 0.0));
#2904 = CARTESIAN_POINT('', (65.000, 21.500, 0.0));
#2905 = VERTEX_POINT('', #2902);
#2906 = VERTEX_POINT('', #2903);
#2907 = VERTEX_POINT('', #2904);
#2908 = LINE('', #2902, #6);
#2909 = LINE('', #2903, #6);
#2910 = LINE('', #2904, #6);
#2911 = EDGE_CURVE('', #2905, #2906, #2908, .T.);
#2912 = EDGE_CURVE('', #2906, #2907, #2909, .T.);
#2913 = EDGE_CURVE('', #2907, #2905, #2910, .T.);
#2914 = ORIENTED_EDGE('', *, *, #2911, .T.);
#2915 = ORIENTED_EDGE('', *, *, #2912, .T.);
#2916 = ORIENTED_EDGE('', *, *, #2913, .T.);
#2917 = EDGE_LOOP('', (#2914, #2915, #2916));
#2918 = FACE_BOUND('', #2917, .T.);

/* ==== Hole 171 (row 5, col 20) CW ==== */
#2919 = CARTESIAN_POINT('', (65.000, 20.000, 0.0));
#2920 = CARTESIAN_POINT('', (65.000, 23.000, 0.0));
#2921 = CARTESIAN_POINT('', (68.000, 21.500, 0.0));
#2922 = VERTEX_POINT('', #2919);
#2923 = VERTEX_POINT('', #2920);
#2924 = VERTEX_POINT('', #2921);
#2925 = LINE('', #2919, #6);
#2926 = LINE('', #2920, #6);
#2927 = LINE('', #2921, #6);
#2928 = EDGE_CURVE('', #2922, #2923, #2925, .T.);
#2929 = EDGE_CURVE('', #2923, #2924, #2926, .T.);
#2930 = EDGE_CURVE('', #2924, #2922, #2927, .T.);
#2931 = ORIENTED_EDGE('', *, *, #2928, .T.);
#2932 = ORIENTED_EDGE('', *, *, #2929, .T.);
#2933 = ORIENTED_EDGE('', *, *, #2930, .T.);
#2934 = EDGE_LOOP('', (#2931, #2932, #2933));
#2935 = FACE_BOUND('', #2934, .T.);

/* ==== Hole 172 (row 5, col 21) CW ==== */
#2936 = CARTESIAN_POINT('', (68.000, 20.000, 0.0));
#2937 = CARTESIAN_POINT('', (68.000, 23.000, 0.0));
#2938 = CARTESIAN_POINT('', (71.000, 21.500, 0.0));
#2939 = VERTEX_POINT('', #2936);
#2940 = VERTEX_POINT('', #2937);
#2941 = VERTEX_POINT('', #2938);
#2942 = LINE('', #2936, #6);
#2943 = LINE('', #2937, #6);
#2944 = LINE('', #2938, #6);
#2945 = EDGE_CURVE('', #2939, #2940, #2942, .T.);
#2946 = EDGE_CURVE('', #2940, #2941, #2943, .T.);
#2947 = EDGE_CURVE('', #2941, #2939, #2944, .T.);
#2948 = ORIENTED_EDGE('', *, *, #2945, .T.);
#2949 = ORIENTED_EDGE('', *, *, #2946, .T.);
#2950 = ORIENTED_EDGE('', *, *, #2947, .T.);
#2951 = EDGE_LOOP('', (#2948, #2949, #2950));
#2952 = FACE_BOUND('', #2951, .T.);

/* ==== Hole 173 (row 5, col 22) CW ==== */
#2953 = CARTESIAN_POINT('', (71.000, 20.000, 0.0));
#2954 = CARTESIAN_POINT('', (71.000, 23.000, 0.0));
#2955 = CARTESIAN_POINT('', (74.000, 21.500, 0.0));
#2956 = VERTEX_POINT('', #2953);
#2957 = VERTEX_POINT('', #2954);
#2958 = VERTEX_POINT('', #2955);
#2959 = LINE('', #2953, #6);
#2960 = LINE('', #2954, #6);
#2961 = LINE('', #2955, #6);
#2962 = EDGE_CURVE('', #2956, #2957, #2959, .T.);
#2963 = EDGE_CURVE('', #2957, #2958, #2960, .T.);
#2964 = EDGE_CURVE('', #2958, #2956, #2961, .T.);
#2965 = ORIENTED_EDGE('', *, *, #2962, .T.);
#2966 = ORIENTED_EDGE('', *, *, #2963, .T.);
#2967 = ORIENTED_EDGE('', *, *, #2964, .T.);
#2968 = EDGE_LOOP('', (#2965, #2966, #2967));
#2969 = FACE_BOUND('', #2968, .T.);

/* ==== Hole 174 (row 5, col 23) CW ==== */
#2970 = CARTESIAN_POINT('', (74.000, 20.000, 0.0));
#2971 = CARTESIAN_POINT('', (74.000, 23.000, 0.0));
#2972 = CARTESIAN_POINT('', (77.000, 21.500, 0.0));
#2973 = VERTEX_POINT('', #2970);
#2974 = VERTEX_POINT('', #2971);
#2975 = VERTEX_POINT('', #2972);
#2976 = LINE('', #2970, #6);
#2977 = LINE('', #2971, #6);
#2978 = LINE('', #2972, #6);
#2979 = EDGE_CURVE('', #2973, #2974, #2976, .T.);
#2980 = EDGE_CURVE('', #2974, #2975, #2977, .T.);
#2981 = EDGE_CURVE('', #2975, #2973, #2978, .T.);
#2982 = ORIENTED_EDGE('', *, *, #2979, .T.);
#2983 = ORIENTED_EDGE('', *, *, #2980, .T.);
#2984 = ORIENTED_EDGE('', *, *, #2981, .T.);
#2985 = EDGE_LOOP('', (#2982, #2983, #2984));
#2986 = FACE_BOUND('', #2985, .T.);

/* ==== Hole 175 (row 5, col 24) CW ==== */
#2987 = CARTESIAN_POINT('', (77.000, 20.000, 0.0));
#2988 = CARTESIAN_POINT('', (77.000, 23.000, 0.0));
#2989 = CARTESIAN_POINT('', (80.000, 21.500, 0.0));
#2990 = VERTEX_POINT('', #2987);
#2991 = VERTEX_POINT('', #2988);
#2992 = VERTEX_POINT('', #2989);
#2993 = LINE('', #2987, #6);
#2994 = LINE('', #2988, #6);
#2995 = LINE('', #2989, #6);
#2996 = EDGE_CURVE('', #2990, #2991, #2993, .T.);
#2997 = EDGE_CURVE('', #2991, #2992, #2994, .T.);
#2998 = EDGE_CURVE('', #2992, #2990, #2995, .T.);
#2999 = ORIENTED_EDGE('', *, *, #2996, .T.);
#3000 = ORIENTED_EDGE('', *, *, #2997, .T.);
#3001 = ORIENTED_EDGE('', *, *, #2998, .T.);
#3002 = EDGE_LOOP('', (#2999, #3000, #3001));
#3003 = FACE_BOUND('', #3002, .T.);

/* ==== Hole 176 (row 5, col 25) CW ==== */
#3004 = CARTESIAN_POINT('', (80.000, 20.000, 0.0));
#3005 = CARTESIAN_POINT('', (80.000, 23.000, 0.0));
#3006 = CARTESIAN_POINT('', (83.000, 21.500, 0.0));
#3007 = VERTEX_POINT('', #3004);
#3008 = VERTEX_POINT('', #3005);
#3009 = VERTEX_POINT('', #3006);
#3010 = LINE('', #3004, #6);
#3011 = LINE('', #3005, #6);
#3012 = LINE('', #3006, #6);
#3013 = EDGE_CURVE('', #3007, #3008, #3010, .T.);
#3014 = EDGE_CURVE('', #3008, #3009, #3011, .T.);
#3015 = EDGE_CURVE('', #3009, #3007, #3012, .T.);
#3016 = ORIENTED_EDGE('', *, *, #3013, .T.);
#3017 = ORIENTED_EDGE('', *, *, #3014, .T.);
#3018 = ORIENTED_EDGE('', *, *, #3015, .T.);
#3019 = EDGE_LOOP('', (#3016, #3017, #3018));
#3020 = FACE_BOUND('', #3019, .T.);

/* ==== Hole 177 (row 5, col 26) CW ==== */
#3021 = CARTESIAN_POINT('', (83.000, 20.000, 0.0));
#3022 = CARTESIAN_POINT('', (83.000, 23.000, 0.0));
#3023 = CARTESIAN_POINT('', (86.000, 21.500, 0.0));
#3024 = VERTEX_POINT('', #3021);
#3025 = VERTEX_POINT('', #3022);
#3026 = VERTEX_POINT('', #3023);
#3027 = LINE('', #3021, #6);
#3028 = LINE('', #3022, #6);
#3029 = LINE('', #3023, #6);
#3030 = EDGE_CURVE('', #3024, #3025, #3027, .T.);
#3031 = EDGE_CURVE('', #3025, #3026, #3028, .T.);
#3032 = EDGE_CURVE('', #3026, #3024, #3029, .T.);
#3033 = ORIENTED_EDGE('', *, *, #3030, .T.);
#3034 = ORIENTED_EDGE('', *, *, #3031, .T.);
#3035 = ORIENTED_EDGE('', *, *, #3032, .T.);
#3036 = EDGE_LOOP('', (#3033, #3034, #3035));
#3037 = FACE_BOUND('', #3036, .T.);

/* ==== Hole 178 (row 5, col 27) CW ==== */
#3038 = CARTESIAN_POINT('', (86.000, 20.000, 0.0));
#3039 = CARTESIAN_POINT('', (86.000, 23.000, 0.0));
#3040 = CARTESIAN_POINT('', (89.000, 21.500, 0.0));
#3041 = VERTEX_POINT('', #3038);
#3042 = VERTEX_POINT('', #3039);
#3043 = VERTEX_POINT('', #3040);
#3044 = LINE('', #3038, #6);
#3045 = LINE('', #3039, #6);
#3046 = LINE('', #3040, #6);
#3047 = EDGE_CURVE('', #3041, #3042, #3044, .T.);
#3048 = EDGE_CURVE('', #3042, #3043, #3045, .T.);
#3049 = EDGE_CURVE('', #3043, #3041, #3046, .T.);
#3050 = ORIENTED_EDGE('', *, *, #3047, .T.);
#3051 = ORIENTED_EDGE('', *, *, #3048, .T.);
#3052 = ORIENTED_EDGE('', *, *, #3049, .T.);
#3053 = EDGE_LOOP('', (#3050, #3051, #3052));
#3054 = FACE_BOUND('', #3053, .T.);

/* ==== Hole 179 (row 5, col 28) CW ==== */
#3055 = CARTESIAN_POINT('', (89.000, 20.000, 0.0));
#3056 = CARTESIAN_POINT('', (89.000, 23.000, 0.0));
#3057 = CARTESIAN_POINT('', (92.000, 21.500, 0.0));
#3058 = VERTEX_POINT('', #3055);
#3059 = VERTEX_POINT('', #3056);
#3060 = VERTEX_POINT('', #3057);
#3061 = LINE('', #3055, #6);
#3062 = LINE('', #3056, #6);
#3063 = LINE('', #3057, #6);
#3064 = EDGE_CURVE('', #3058, #3059, #3061, .T.);
#3065 = EDGE_CURVE('', #3059, #3060, #3062, .T.);
#3066 = EDGE_CURVE('', #3060, #3058, #3063, .T.);
#3067 = ORIENTED_EDGE('', *, *, #3064, .T.);
#3068 = ORIENTED_EDGE('', *, *, #3065, .T.);
#3069 = ORIENTED_EDGE('', *, *, #3066, .T.);
#3070 = EDGE_LOOP('', (#3067, #3068, #3069));
#3071 = FACE_BOUND('', #3070, .T.);

/* ==== Hole 180 (row 5, col 29) CW ==== */
#3072 = CARTESIAN_POINT('', (92.000, 20.000, 0.0));
#3073 = CARTESIAN_POINT('', (92.000, 23.000, 0.0));
#3074 = CARTESIAN_POINT('', (95.000, 21.500, 0.0));
#3075 = VERTEX_POINT('', #3072);
#3076 = VERTEX_POINT('', #3073);
#3077 = VERTEX_POINT('', #3074);
#3078 = LINE('', #3072, #6);
#3079 = LINE('', #3073, #6);
#3080 = LINE('', #3074, #6);
#3081 = EDGE_CURVE('', #3075, #3076, #3078, .T.);
#3082 = EDGE_CURVE('', #3076, #3077, #3079, .T.);
#3083 = EDGE_CURVE('', #3077, #3075, #3080, .T.);
#3084 = ORIENTED_EDGE('', *, *, #3081, .T.);
#3085 = ORIENTED_EDGE('', *, *, #3082, .T.);
#3086 = ORIENTED_EDGE('', *, *, #3083, .T.);
#3087 = EDGE_LOOP('', (#3084, #3085, #3086));
#3088 = FACE_BOUND('', #3087, .T.);

/* ==== Hole 181 (row 6, col 0) CW ==== */
#3089 = CARTESIAN_POINT('', (5.000, 23.000, 0.0));
#3090 = CARTESIAN_POINT('', (5.000, 26.000, 0.0));
#3091 = CARTESIAN_POINT('', (8.000, 24.500, 0.0));
#3092 = VERTEX_POINT('', #3089);
#3093 = VERTEX_POINT('', #3090);
#3094 = VERTEX_POINT('', #3091);
#3095 = LINE('', #3089, #6);
#3096 = LINE('', #3090, #6);
#3097 = LINE('', #3091, #6);
#3098 = EDGE_CURVE('', #3092, #3093, #3095, .T.);
#3099 = EDGE_CURVE('', #3093, #3094, #3096, .T.);
#3100 = EDGE_CURVE('', #3094, #3092, #3097, .T.);
#3101 = ORIENTED_EDGE('', *, *, #3098, .T.);
#3102 = ORIENTED_EDGE('', *, *, #3099, .T.);
#3103 = ORIENTED_EDGE('', *, *, #3100, .T.);
#3104 = EDGE_LOOP('', (#3101, #3102, #3103));
#3105 = FACE_BOUND('', #3104, .T.);

/* ==== Hole 182 (row 6, col 1) CW ==== */
#3106 = CARTESIAN_POINT('', (8.000, 23.000, 0.0));
#3107 = CARTESIAN_POINT('', (8.000, 26.000, 0.0));
#3108 = CARTESIAN_POINT('', (11.000, 24.500, 0.0));
#3109 = VERTEX_POINT('', #3106);
#3110 = VERTEX_POINT('', #3107);
#3111 = VERTEX_POINT('', #3108);
#3112 = LINE('', #3106, #6);
#3113 = LINE('', #3107, #6);
#3114 = LINE('', #3108, #6);
#3115 = EDGE_CURVE('', #3109, #3110, #3112, .T.);
#3116 = EDGE_CURVE('', #3110, #3111, #3113, .T.);
#3117 = EDGE_CURVE('', #3111, #3109, #3114, .T.);
#3118 = ORIENTED_EDGE('', *, *, #3115, .T.);
#3119 = ORIENTED_EDGE('', *, *, #3116, .T.);
#3120 = ORIENTED_EDGE('', *, *, #3117, .T.);
#3121 = EDGE_LOOP('', (#3118, #3119, #3120));
#3122 = FACE_BOUND('', #3121, .T.);

/* ==== Hole 183 (row 6, col 2) CW ==== */
#3123 = CARTESIAN_POINT('', (11.000, 23.000, 0.0));
#3124 = CARTESIAN_POINT('', (11.000, 26.000, 0.0));
#3125 = CARTESIAN_POINT('', (14.000, 24.500, 0.0));
#3126 = VERTEX_POINT('', #3123);
#3127 = VERTEX_POINT('', #3124);
#3128 = VERTEX_POINT('', #3125);
#3129 = LINE('', #3123, #6);
#3130 = LINE('', #3124, #6);
#3131 = LINE('', #3125, #6);
#3132 = EDGE_CURVE('', #3126, #3127, #3129, .T.);
#3133 = EDGE_CURVE('', #3127, #3128, #3130, .T.);
#3134 = EDGE_CURVE('', #3128, #3126, #3131, .T.);
#3135 = ORIENTED_EDGE('', *, *, #3132, .T.);
#3136 = ORIENTED_EDGE('', *, *, #3133, .T.);
#3137 = ORIENTED_EDGE('', *, *, #3134, .T.);
#3138 = EDGE_LOOP('', (#3135, #3136, #3137));
#3139 = FACE_BOUND('', #3138, .T.);

/* ==== Hole 184 (row 6, col 3) CW ==== */
#3140 = CARTESIAN_POINT('', (14.000, 23.000, 0.0));
#3141 = CARTESIAN_POINT('', (14.000, 26.000, 0.0));
#3142 = CARTESIAN_POINT('', (17.000, 24.500, 0.0));
#3143 = VERTEX_POINT('', #3140);
#3144 = VERTEX_POINT('', #3141);
#3145 = VERTEX_POINT('', #3142);
#3146 = LINE('', #3140, #6);
#3147 = LINE('', #3141, #6);
#3148 = LINE('', #3142, #6);
#3149 = EDGE_CURVE('', #3143, #3144, #3146, .T.);
#3150 = EDGE_CURVE('', #3144, #3145, #3147, .T.);
#3151 = EDGE_CURVE('', #3145, #3143, #3148, .T.);
#3152 = ORIENTED_EDGE('', *, *, #3149, .T.);
#3153 = ORIENTED_EDGE('', *, *, #3150, .T.);
#3154 = ORIENTED_EDGE('', *, *, #3151, .T.);
#3155 = EDGE_LOOP('', (#3152, #3153, #3154));
#3156 = FACE_BOUND('', #3155, .T.);

/* ==== Hole 185 (row 6, col 4) CW ==== */
#3157 = CARTESIAN_POINT('', (17.000, 23.000, 0.0));
#3158 = CARTESIAN_POINT('', (17.000, 26.000, 0.0));
#3159 = CARTESIAN_POINT('', (20.000, 24.500, 0.0));
#3160 = VERTEX_POINT('', #3157);
#3161 = VERTEX_POINT('', #3158);
#3162 = VERTEX_POINT('', #3159);
#3163 = LINE('', #3157, #6);
#3164 = LINE('', #3158, #6);
#3165 = LINE('', #3159, #6);
#3166 = EDGE_CURVE('', #3160, #3161, #3163, .T.);
#3167 = EDGE_CURVE('', #3161, #3162, #3164, .T.);
#3168 = EDGE_CURVE('', #3162, #3160, #3165, .T.);
#3169 = ORIENTED_EDGE('', *, *, #3166, .T.);
#3170 = ORIENTED_EDGE('', *, *, #3167, .T.);
#3171 = ORIENTED_EDGE('', *, *, #3168, .T.);
#3172 = EDGE_LOOP('', (#3169, #3170, #3171));
#3173 = FACE_BOUND('', #3172, .T.);

/* ==== Hole 186 (row 6, col 5) CW ==== */
#3174 = CARTESIAN_POINT('', (20.000, 23.000, 0.0));
#3175 = CARTESIAN_POINT('', (20.000, 26.000, 0.0));
#3176 = CARTESIAN_POINT('', (23.000, 24.500, 0.0));
#3177 = VERTEX_POINT('', #3174);
#3178 = VERTEX_POINT('', #3175);
#3179 = VERTEX_POINT('', #3176);
#3180 = LINE('', #3174, #6);
#3181 = LINE('', #3175, #6);
#3182 = LINE('', #3176, #6);
#3183 = EDGE_CURVE('', #3177, #3178, #3180, .T.);
#3184 = EDGE_CURVE('', #3178, #3179, #3181, .T.);
#3185 = EDGE_CURVE('', #3179, #3177, #3182, .T.);
#3186 = ORIENTED_EDGE('', *, *, #3183, .T.);
#3187 = ORIENTED_EDGE('', *, *, #3184, .T.);
#3188 = ORIENTED_EDGE('', *, *, #3185, .T.);
#3189 = EDGE_LOOP('', (#3186, #3187, #3188));
#3190 = FACE_BOUND('', #3189, .T.);

/* ==== Hole 187 (row 6, col 6) CW ==== */
#3191 = CARTESIAN_POINT('', (23.000, 23.000, 0.0));
#3192 = CARTESIAN_POINT('', (23.000, 26.000, 0.0));
#3193 = CARTESIAN_POINT('', (26.000, 24.500, 0.0));
#3194 = VERTEX_POINT('', #3191);
#3195 = VERTEX_POINT('', #3192);
#3196 = VERTEX_POINT('', #3193);
#3197 = LINE('', #3191, #6);
#3198 = LINE('', #3192, #6);
#3199 = LINE('', #3193, #6);
#3200 = EDGE_CURVE('', #3194, #3195, #3197, .T.);
#3201 = EDGE_CURVE('', #3195, #3196, #3198, .T.);
#3202 = EDGE_CURVE('', #3196, #3194, #3199, .T.);
#3203 = ORIENTED_EDGE('', *, *, #3200, .T.);
#3204 = ORIENTED_EDGE('', *, *, #3201, .T.);
#3205 = ORIENTED_EDGE('', *, *, #3202, .T.);
#3206 = EDGE_LOOP('', (#3203, #3204, #3205));
#3207 = FACE_BOUND('', #3206, .T.);

/* ==== Hole 188 (row 6, col 7) CW ==== */
#3208 = CARTESIAN_POINT('', (26.000, 23.000, 0.0));
#3209 = CARTESIAN_POINT('', (26.000, 26.000, 0.0));
#3210 = CARTESIAN_POINT('', (29.000, 24.500, 0.0));
#3211 = VERTEX_POINT('', #3208);
#3212 = VERTEX_POINT('', #3209);
#3213 = VERTEX_POINT('', #3210);
#3214 = LINE('', #3208, #6);
#3215 = LINE('', #3209, #6);
#3216 = LINE('', #3210, #6);
#3217 = EDGE_CURVE('', #3211, #3212, #3214, .T.);
#3218 = EDGE_CURVE('', #3212, #3213, #3215, .T.);
#3219 = EDGE_CURVE('', #3213, #3211, #3216, .T.);
#3220 = ORIENTED_EDGE('', *, *, #3217, .T.);
#3221 = ORIENTED_EDGE('', *, *, #3218, .T.);
#3222 = ORIENTED_EDGE('', *, *, #3219, .T.);
#3223 = EDGE_LOOP('', (#3220, #3221, #3222));
#3224 = FACE_BOUND('', #3223, .T.);

/* ==== Hole 189 (row 6, col 8) CW ==== */
#3225 = CARTESIAN_POINT('', (29.000, 23.000, 0.0));
#3226 = CARTESIAN_POINT('', (29.000, 26.000, 0.0));
#3227 = CARTESIAN_POINT('', (32.000, 24.500, 0.0));
#3228 = VERTEX_POINT('', #3225);
#3229 = VERTEX_POINT('', #3226);
#3230 = VERTEX_POINT('', #3227);
#3231 = LINE('', #3225, #6);
#3232 = LINE('', #3226, #6);
#3233 = LINE('', #3227, #6);
#3234 = EDGE_CURVE('', #3228, #3229, #3231, .T.);
#3235 = EDGE_CURVE('', #3229, #3230, #3232, .T.);
#3236 = EDGE_CURVE('', #3230, #3228, #3233, .T.);
#3237 = ORIENTED_EDGE('', *, *, #3234, .T.);
#3238 = ORIENTED_EDGE('', *, *, #3235, .T.);
#3239 = ORIENTED_EDGE('', *, *, #3236, .T.);
#3240 = EDGE_LOOP('', (#3237, #3238, #3239));
#3241 = FACE_BOUND('', #3240, .T.);

/* ==== Hole 190 (row 6, col 9) CW ==== */
#3242 = CARTESIAN_POINT('', (32.000, 23.000, 0.0));
#3243 = CARTESIAN_POINT('', (32.000, 26.000, 0.0));
#3244 = CARTESIAN_POINT('', (35.000, 24.500, 0.0));
#3245 = VERTEX_POINT('', #3242);
#3246 = VERTEX_POINT('', #3243);
#3247 = VERTEX_POINT('', #3244);
#3248 = LINE('', #3242, #6);
#3249 = LINE('', #3243, #6);
#3250 = LINE('', #3244, #6);
#3251 = EDGE_CURVE('', #3245, #3246, #3248, .T.);
#3252 = EDGE_CURVE('', #3246, #3247, #3249, .T.);
#3253 = EDGE_CURVE('', #3247, #3245, #3250, .T.);
#3254 = ORIENTED_EDGE('', *, *, #3251, .T.);
#3255 = ORIENTED_EDGE('', *, *, #3252, .T.);
#3256 = ORIENTED_EDGE('', *, *, #3253, .T.);
#3257 = EDGE_LOOP('', (#3254, #3255, #3256));
#3258 = FACE_BOUND('', #3257, .T.);

/* ==== Hole 191 (row 6, col 10) CW ==== */
#3259 = CARTESIAN_POINT('', (35.000, 23.000, 0.0));
#3260 = CARTESIAN_POINT('', (35.000, 26.000, 0.0));
#3261 = CARTESIAN_POINT('', (38.000, 24.500, 0.0));
#3262 = VERTEX_POINT('', #3259);
#3263 = VERTEX_POINT('', #3260);
#3264 = VERTEX_POINT('', #3261);
#3265 = LINE('', #3259, #6);
#3266 = LINE('', #3260, #6);
#3267 = LINE('', #3261, #6);
#3268 = EDGE_CURVE('', #3262, #3263, #3265, .T.);
#3269 = EDGE_CURVE('', #3263, #3264, #3266, .T.);
#3270 = EDGE_CURVE('', #3264, #3262, #3267, .T.);
#3271 = ORIENTED_EDGE('', *, *, #3268, .T.);
#3272 = ORIENTED_EDGE('', *, *, #3269, .T.);
#3273 = ORIENTED_EDGE('', *, *, #3270, .T.);
#3274 = EDGE_LOOP('', (#3271, #3272, #3273));
#3275 = FACE_BOUND('', #3274, .T.);

/* ==== Hole 192 (row 6, col 11) CW ==== */
#3276 = CARTESIAN_POINT('', (38.000, 23.000, 0.0));
#3277 = CARTESIAN_POINT('', (38.000, 26.000, 0.0));
#3278 = CARTESIAN_POINT('', (41.000, 24.500, 0.0));
#3279 = VERTEX_POINT('', #3276);
#3280 = VERTEX_POINT('', #3277);
#3281 = VERTEX_POINT('', #3278);
#3282 = LINE('', #3276, #6);
#3283 = LINE('', #3277, #6);
#3284 = LINE('', #3278, #6);
#3285 = EDGE_CURVE('', #3279, #3280, #3282, .T.);
#3286 = EDGE_CURVE('', #3280, #3281, #3283, .T.);
#3287 = EDGE_CURVE('', #3281, #3279, #3284, .T.);
#3288 = ORIENTED_EDGE('', *, *, #3285, .T.);
#3289 = ORIENTED_EDGE('', *, *, #3286, .T.);
#3290 = ORIENTED_EDGE('', *, *, #3287, .T.);
#3291 = EDGE_LOOP('', (#3288, #3289, #3290));
#3292 = FACE_BOUND('', #3291, .T.);

/* ==== Hole 193 (row 6, col 12) CW ==== */
#3293 = CARTESIAN_POINT('', (41.000, 23.000, 0.0));
#3294 = CARTESIAN_POINT('', (41.000, 26.000, 0.0));
#3295 = CARTESIAN_POINT('', (44.000, 24.500, 0.0));
#3296 = VERTEX_POINT('', #3293);
#3297 = VERTEX_POINT('', #3294);
#3298 = VERTEX_POINT('', #3295);
#3299 = LINE('', #3293, #6);
#3300 = LINE('', #3294, #6);
#3301 = LINE('', #3295, #6);
#3302 = EDGE_CURVE('', #3296, #3297, #3299, .T.);
#3303 = EDGE_CURVE('', #3297, #3298, #3300, .T.);
#3304 = EDGE_CURVE('', #3298, #3296, #3301, .T.);
#3305 = ORIENTED_EDGE('', *, *, #3302, .T.);
#3306 = ORIENTED_EDGE('', *, *, #3303, .T.);
#3307 = ORIENTED_EDGE('', *, *, #3304, .T.);
#3308 = EDGE_LOOP('', (#3305, #3306, #3307));
#3309 = FACE_BOUND('', #3308, .T.);

/* ==== Hole 194 (row 6, col 13) CW ==== */
#3310 = CARTESIAN_POINT('', (44.000, 23.000, 0.0));
#3311 = CARTESIAN_POINT('', (44.000, 26.000, 0.0));
#3312 = CARTESIAN_POINT('', (47.000, 24.500, 0.0));
#3313 = VERTEX_POINT('', #3310);
#3314 = VERTEX_POINT('', #3311);
#3315 = VERTEX_POINT('', #3312);
#3316 = LINE('', #3310, #6);
#3317 = LINE('', #3311, #6);
#3318 = LINE('', #3312, #6);
#3319 = EDGE_CURVE('', #3313, #3314, #3316, .T.);
#3320 = EDGE_CURVE('', #3314, #3315, #3317, .T.);
#3321 = EDGE_CURVE('', #3315, #3313, #3318, .T.);
#3322 = ORIENTED_EDGE('', *, *, #3319, .T.);
#3323 = ORIENTED_EDGE('', *, *, #3320, .T.);
#3324 = ORIENTED_EDGE('', *, *, #3321, .T.);
#3325 = EDGE_LOOP('', (#3322, #3323, #3324));
#3326 = FACE_BOUND('', #3325, .T.);

/* ==== Hole 195 (row 6, col 14) CW ==== */
#3327 = CARTESIAN_POINT('', (47.000, 23.000, 0.0));
#3328 = CARTESIAN_POINT('', (47.000, 26.000, 0.0));
#3329 = CARTESIAN_POINT('', (50.000, 24.500, 0.0));
#3330 = VERTEX_POINT('', #3327);
#3331 = VERTEX_POINT('', #3328);
#3332 = VERTEX_POINT('', #3329);
#3333 = LINE('', #3327, #6);
#3334 = LINE('', #3328, #6);
#3335 = LINE('', #3329, #6);
#3336 = EDGE_CURVE('', #3330, #3331, #3333, .T.);
#3337 = EDGE_CURVE('', #3331, #3332, #3334, .T.);
#3338 = EDGE_CURVE('', #3332, #3330, #3335, .T.);
#3339 = ORIENTED_EDGE('', *, *, #3336, .T.);
#3340 = ORIENTED_EDGE('', *, *, #3337, .T.);
#3341 = ORIENTED_EDGE('', *, *, #3338, .T.);
#3342 = EDGE_LOOP('', (#3339, #3340, #3341));
#3343 = FACE_BOUND('', #3342, .T.);

/* ==== Hole 196 (row 6, col 15) CW ==== */
#3344 = CARTESIAN_POINT('', (50.000, 23.000, 0.0));
#3345 = CARTESIAN_POINT('', (50.000, 26.000, 0.0));
#3346 = CARTESIAN_POINT('', (53.000, 24.500, 0.0));
#3347 = VERTEX_POINT('', #3344);
#3348 = VERTEX_POINT('', #3345);
#3349 = VERTEX_POINT('', #3346);
#3350 = LINE('', #3344, #6);
#3351 = LINE('', #3345, #6);
#3352 = LINE('', #3346, #6);
#3353 = EDGE_CURVE('', #3347, #3348, #3350, .T.);
#3354 = EDGE_CURVE('', #3348, #3349, #3351, .T.);
#3355 = EDGE_CURVE('', #3349, #3347, #3352, .T.);
#3356 = ORIENTED_EDGE('', *, *, #3353, .T.);
#3357 = ORIENTED_EDGE('', *, *, #3354, .T.);
#3358 = ORIENTED_EDGE('', *, *, #3355, .T.);
#3359 = EDGE_LOOP('', (#3356, #3357, #3358));
#3360 = FACE_BOUND('', #3359, .T.);

/* ==== Hole 197 (row 6, col 16) CW ==== */
#3361 = CARTESIAN_POINT('', (53.000, 23.000, 0.0));
#3362 = CARTESIAN_POINT('', (53.000, 26.000, 0.0));
#3363 = CARTESIAN_POINT('', (56.000, 24.500, 0.0));
#3364 = VERTEX_POINT('', #3361);
#3365 = VERTEX_POINT('', #3362);
#3366 = VERTEX_POINT('', #3363);
#3367 = LINE('', #3361, #6);
#3368 = LINE('', #3362, #6);
#3369 = LINE('', #3363, #6);
#3370 = EDGE_CURVE('', #3364, #3365, #3367, .T.);
#3371 = EDGE_CURVE('', #3365, #3366, #3368, .T.);
#3372 = EDGE_CURVE('', #3366, #3364, #3369, .T.);
#3373 = ORIENTED_EDGE('', *, *, #3370, .T.);
#3374 = ORIENTED_EDGE('', *, *, #3371, .T.);
#3375 = ORIENTED_EDGE('', *, *, #3372, .T.);
#3376 = EDGE_LOOP('', (#3373, #3374, #3375));
#3377 = FACE_BOUND('', #3376, .T.);

/* ==== Hole 198 (row 6, col 17) CW ==== */
#3378 = CARTESIAN_POINT('', (56.000, 23.000, 0.0));
#3379 = CARTESIAN_POINT('', (56.000, 26.000, 0.0));
#3380 = CARTESIAN_POINT('', (59.000, 24.500, 0.0));
#3381 = VERTEX_POINT('', #3378);
#3382 = VERTEX_POINT('', #3379);
#3383 = VERTEX_POINT('', #3380);
#3384 = LINE('', #3378, #6);
#3385 = LINE('', #3379, #6);
#3386 = LINE('', #3380, #6);
#3387 = EDGE_CURVE('', #3381, #3382, #3384, .T.);
#3388 = EDGE_CURVE('', #3382, #3383, #3385, .T.);
#3389 = EDGE_CURVE('', #3383, #3381, #3386, .T.);
#3390 = ORIENTED_EDGE('', *, *, #3387, .T.);
#3391 = ORIENTED_EDGE('', *, *, #3388, .T.);
#3392 = ORIENTED_EDGE('', *, *, #3389, .T.);
#3393 = EDGE_LOOP('', (#3390, #3391, #3392));
#3394 = FACE_BOUND('', #3393, .T.);

/* ==== Hole 199 (row 6, col 18) CW ==== */
#3395 = CARTESIAN_POINT('', (59.000, 23.000, 0.0));
#3396 = CARTESIAN_POINT('', (59.000, 26.000, 0.0));
#3397 = CARTESIAN_POINT('', (62.000, 24.500, 0.0));
#3398 = VERTEX_POINT('', #3395);
#3399 = VERTEX_POINT('', #3396);
#3400 = VERTEX_POINT('', #3397);
#3401 = LINE('', #3395, #6);
#3402 = LINE('', #3396, #6);
#3403 = LINE('', #3397, #6);
#3404 = EDGE_CURVE('', #3398, #3399, #3401, .T.);
#3405 = EDGE_CURVE('', #3399, #3400, #3402, .T.);
#3406 = EDGE_CURVE('', #3400, #3398, #3403, .T.);
#3407 = ORIENTED_EDGE('', *, *, #3404, .T.);
#3408 = ORIENTED_EDGE('', *, *, #3405, .T.);
#3409 = ORIENTED_EDGE('', *, *, #3406, .T.);
#3410 = EDGE_LOOP('', (#3407, #3408, #3409));
#3411 = FACE_BOUND('', #3410, .T.);

/* ==== Hole 200 (row 6, col 19) CW ==== */
#3412 = CARTESIAN_POINT('', (62.000, 23.000, 0.0));
#3413 = CARTESIAN_POINT('', (62.000, 26.000, 0.0));
#3414 = CARTESIAN_POINT('', (65.000, 24.500, 0.0));
#3415 = VERTEX_POINT('', #3412);
#3416 = VERTEX_POINT('', #3413);
#3417 = VERTEX_POINT('', #3414);
#3418 = LINE('', #3412, #6);
#3419 = LINE('', #3413, #6);
#3420 = LINE('', #3414, #6);
#3421 = EDGE_CURVE('', #3415, #3416, #3418, .T.);
#3422 = EDGE_CURVE('', #3416, #3417, #3419, .T.);
#3423 = EDGE_CURVE('', #3417, #3415, #3420, .T.);
#3424 = ORIENTED_EDGE('', *, *, #3421, .T.);
#3425 = ORIENTED_EDGE('', *, *, #3422, .T.);
#3426 = ORIENTED_EDGE('', *, *, #3423, .T.);
#3427 = EDGE_LOOP('', (#3424, #3425, #3426));
#3428 = FACE_BOUND('', #3427, .T.);

/* ==== Hole 201 (row 6, col 20) CW ==== */
#3429 = CARTESIAN_POINT('', (65.000, 23.000, 0.0));
#3430 = CARTESIAN_POINT('', (65.000, 26.000, 0.0));
#3431 = CARTESIAN_POINT('', (68.000, 24.500, 0.0));
#3432 = VERTEX_POINT('', #3429);
#3433 = VERTEX_POINT('', #3430);
#3434 = VERTEX_POINT('', #3431);
#3435 = LINE('', #3429, #6);
#3436 = LINE('', #3430, #6);
#3437 = LINE('', #3431, #6);
#3438 = EDGE_CURVE('', #3432, #3433, #3435, .T.);
#3439 = EDGE_CURVE('', #3433, #3434, #3436, .T.);
#3440 = EDGE_CURVE('', #3434, #3432, #3437, .T.);
#3441 = ORIENTED_EDGE('', *, *, #3438, .T.);
#3442 = ORIENTED_EDGE('', *, *, #3439, .T.);
#3443 = ORIENTED_EDGE('', *, *, #3440, .T.);
#3444 = EDGE_LOOP('', (#3441, #3442, #3443));
#3445 = FACE_BOUND('', #3444, .T.);

/* ==== Hole 202 (row 6, col 21) CW ==== */
#3446 = CARTESIAN_POINT('', (68.000, 23.000, 0.0));
#3447 = CARTESIAN_POINT('', (68.000, 26.000, 0.0));
#3448 = CARTESIAN_POINT('', (71.000, 24.500, 0.0));
#3449 = VERTEX_POINT('', #3446);
#3450 = VERTEX_POINT('', #3447);
#3451 = VERTEX_POINT('', #3448);
#3452 = LINE('', #3446, #6);
#3453 = LINE('', #3447, #6);
#3454 = LINE('', #3448, #6);
#3455 = EDGE_CURVE('', #3449, #3450, #3452, .T.);
#3456 = EDGE_CURVE('', #3450, #3451, #3453, .T.);
#3457 = EDGE_CURVE('', #3451, #3449, #3454, .T.);
#3458 = ORIENTED_EDGE('', *, *, #3455, .T.);
#3459 = ORIENTED_EDGE('', *, *, #3456, .T.);
#3460 = ORIENTED_EDGE('', *, *, #3457, .T.);
#3461 = EDGE_LOOP('', (#3458, #3459, #3460));
#3462 = FACE_BOUND('', #3461, .T.);

/* ==== Hole 203 (row 6, col 22) CW ==== */
#3463 = CARTESIAN_POINT('', (71.000, 23.000, 0.0));
#3464 = CARTESIAN_POINT('', (71.000, 26.000, 0.0));
#3465 = CARTESIAN_POINT('', (74.000, 24.500, 0.0));
#3466 = VERTEX_POINT('', #3463);
#3467 = VERTEX_POINT('', #3464);
#3468 = VERTEX_POINT('', #3465);
#3469 = LINE('', #3463, #6);
#3470 = LINE('', #3464, #6);
#3471 = LINE('', #3465, #6);
#3472 = EDGE_CURVE('', #3466, #3467, #3469, .T.);
#3473 = EDGE_CURVE('', #3467, #3468, #3470, .T.);
#3474 = EDGE_CURVE('', #3468, #3466, #3471, .T.);
#3475 = ORIENTED_EDGE('', *, *, #3472, .T.);
#3476 = ORIENTED_EDGE('', *, *, #3473, .T.);
#3477 = ORIENTED_EDGE('', *, *, #3474, .T.);
#3478 = EDGE_LOOP('', (#3475, #3476, #3477));
#3479 = FACE_BOUND('', #3478, .T.);

/* ==== Hole 204 (row 6, col 23) CW ==== */
#3480 = CARTESIAN_POINT('', (74.000, 23.000, 0.0));
#3481 = CARTESIAN_POINT('', (74.000, 26.000, 0.0));
#3482 = CARTESIAN_POINT('', (77.000, 24.500, 0.0));
#3483 = VERTEX_POINT('', #3480);
#3484 = VERTEX_POINT('', #3481);
#3485 = VERTEX_POINT('', #3482);
#3486 = LINE('', #3480, #6);
#3487 = LINE('', #3481, #6);
#3488 = LINE('', #3482, #6);
#3489 = EDGE_CURVE('', #3483, #3484, #3486, .T.);
#3490 = EDGE_CURVE('', #3484, #3485, #3487, .T.);
#3491 = EDGE_CURVE('', #3485, #3483, #3488, .T.);
#3492 = ORIENTED_EDGE('', *, *, #3489, .T.);
#3493 = ORIENTED_EDGE('', *, *, #3490, .T.);
#3494 = ORIENTED_EDGE('', *, *, #3491, .T.);
#3495 = EDGE_LOOP('', (#3492, #3493, #3494));
#3496 = FACE_BOUND('', #3495, .T.);

/* ==== Hole 205 (row 6, col 24) CW ==== */
#3497 = CARTESIAN_POINT('', (77.000, 23.000, 0.0));
#3498 = CARTESIAN_POINT('', (77.000, 26.000, 0.0));
#3499 = CARTESIAN_POINT('', (80.000, 24.500, 0.0));
#3500 = VERTEX_POINT('', #3497);
#3501 = VERTEX_POINT('', #3498);
#3502 = VERTEX_POINT('', #3499);
#3503 = LINE('', #3497, #6);
#3504 = LINE('', #3498, #6);
#3505 = LINE('', #3499, #6);
#3506 = EDGE_CURVE('', #3500, #3501, #3503, .T.);
#3507 = EDGE_CURVE('', #3501, #3502, #3504, .T.);
#3508 = EDGE_CURVE('', #3502, #3500, #3505, .T.);
#3509 = ORIENTED_EDGE('', *, *, #3506, .T.);
#3510 = ORIENTED_EDGE('', *, *, #3507, .T.);
#3511 = ORIENTED_EDGE('', *, *, #3508, .T.);
#3512 = EDGE_LOOP('', (#3509, #3510, #3511));
#3513 = FACE_BOUND('', #3512, .T.);

/* ==== Hole 206 (row 6, col 25) CW ==== */
#3514 = CARTESIAN_POINT('', (80.000, 23.000, 0.0));
#3515 = CARTESIAN_POINT('', (80.000, 26.000, 0.0));
#3516 = CARTESIAN_POINT('', (83.000, 24.500, 0.0));
#3517 = VERTEX_POINT('', #3514);
#3518 = VERTEX_POINT('', #3515);
#3519 = VERTEX_POINT('', #3516);
#3520 = LINE('', #3514, #6);
#3521 = LINE('', #3515, #6);
#3522 = LINE('', #3516, #6);
#3523 = EDGE_CURVE('', #3517, #3518, #3520, .T.);
#3524 = EDGE_CURVE('', #3518, #3519, #3521, .T.);
#3525 = EDGE_CURVE('', #3519, #3517, #3522, .T.);
#3526 = ORIENTED_EDGE('', *, *, #3523, .T.);
#3527 = ORIENTED_EDGE('', *, *, #3524, .T.);
#3528 = ORIENTED_EDGE('', *, *, #3525, .T.);
#3529 = EDGE_LOOP('', (#3526, #3527, #3528));
#3530 = FACE_BOUND('', #3529, .T.);

/* ==== Hole 207 (row 6, col 26) CW ==== */
#3531 = CARTESIAN_POINT('', (83.000, 23.000, 0.0));
#3532 = CARTESIAN_POINT('', (83.000, 26.000, 0.0));
#3533 = CARTESIAN_POINT('', (86.000, 24.500, 0.0));
#3534 = VERTEX_POINT('', #3531);
#3535 = VERTEX_POINT('', #3532);
#3536 = VERTEX_POINT('', #3533);
#3537 = LINE('', #3531, #6);
#3538 = LINE('', #3532, #6);
#3539 = LINE('', #3533, #6);
#3540 = EDGE_CURVE('', #3534, #3535, #3537, .T.);
#3541 = EDGE_CURVE('', #3535, #3536, #3538, .T.);
#3542 = EDGE_CURVE('', #3536, #3534, #3539, .T.);
#3543 = ORIENTED_EDGE('', *, *, #3540, .T.);
#3544 = ORIENTED_EDGE('', *, *, #3541, .T.);
#3545 = ORIENTED_EDGE('', *, *, #3542, .T.);
#3546 = EDGE_LOOP('', (#3543, #3544, #3545));
#3547 = FACE_BOUND('', #3546, .T.);

/* ==== Hole 208 (row 6, col 27) CW ==== */
#3548 = CARTESIAN_POINT('', (86.000, 23.000, 0.0));
#3549 = CARTESIAN_POINT('', (86.000, 26.000, 0.0));
#3550 = CARTESIAN_POINT('', (89.000, 24.500, 0.0));
#3551 = VERTEX_POINT('', #3548);
#3552 = VERTEX_POINT('', #3549);
#3553 = VERTEX_POINT('', #3550);
#3554 = LINE('', #3548, #6);
#3555 = LINE('', #3549, #6);
#3556 = LINE('', #3550, #6);
#3557 = EDGE_CURVE('', #3551, #3552, #3554, .T.);
#3558 = EDGE_CURVE('', #3552, #3553, #3555, .T.);
#3559 = EDGE_CURVE('', #3553, #3551, #3556, .T.);
#3560 = ORIENTED_EDGE('', *, *, #3557, .T.);
#3561 = ORIENTED_EDGE('', *, *, #3558, .T.);
#3562 = ORIENTED_EDGE('', *, *, #3559, .T.);
#3563 = EDGE_LOOP('', (#3560, #3561, #3562));
#3564 = FACE_BOUND('', #3563, .T.);

/* ==== Hole 209 (row 6, col 28) CW ==== */
#3565 = CARTESIAN_POINT('', (89.000, 23.000, 0.0));
#3566 = CARTESIAN_POINT('', (89.000, 26.000, 0.0));
#3567 = CARTESIAN_POINT('', (92.000, 24.500, 0.0));
#3568 = VERTEX_POINT('', #3565);
#3569 = VERTEX_POINT('', #3566);
#3570 = VERTEX_POINT('', #3567);
#3571 = LINE('', #3565, #6);
#3572 = LINE('', #3566, #6);
#3573 = LINE('', #3567, #6);
#3574 = EDGE_CURVE('', #3568, #3569, #3571, .T.);
#3575 = EDGE_CURVE('', #3569, #3570, #3572, .T.);
#3576 = EDGE_CURVE('', #3570, #3568, #3573, .T.);
#3577 = ORIENTED_EDGE('', *, *, #3574, .T.);
#3578 = ORIENTED_EDGE('', *, *, #3575, .T.);
#3579 = ORIENTED_EDGE('', *, *, #3576, .T.);
#3580 = EDGE_LOOP('', (#3577, #3578, #3579));
#3581 = FACE_BOUND('', #3580, .T.);

/* ==== Hole 210 (row 6, col 29) CW ==== */
#3582 = CARTESIAN_POINT('', (92.000, 23.000, 0.0));
#3583 = CARTESIAN_POINT('', (92.000, 26.000, 0.0));
#3584 = CARTESIAN_POINT('', (95.000, 24.500, 0.0));
#3585 = VERTEX_POINT('', #3582);
#3586 = VERTEX_POINT('', #3583);
#3587 = VERTEX_POINT('', #3584);
#3588 = LINE('', #3582, #6);
#3589 = LINE('', #3583, #6);
#3590 = LINE('', #3584, #6);
#3591 = EDGE_CURVE('', #3585, #3586, #3588, .T.);
#3592 = EDGE_CURVE('', #3586, #3587, #3589, .T.);
#3593 = EDGE_CURVE('', #3587, #3585, #3590, .T.);
#3594 = ORIENTED_EDGE('', *, *, #3591, .T.);
#3595 = ORIENTED_EDGE('', *, *, #3592, .T.);
#3596 = ORIENTED_EDGE('', *, *, #3593, .T.);
#3597 = EDGE_LOOP('', (#3594, #3595, #3596));
#3598 = FACE_BOUND('', #3597, .T.);

/* ==== Hole 211 (row 7, col 0) CW ==== */
#3599 = CARTESIAN_POINT('', (5.000, 26.000, 0.0));
#3600 = CARTESIAN_POINT('', (5.000, 29.000, 0.0));
#3601 = CARTESIAN_POINT('', (8.000, 27.500, 0.0));
#3602 = VERTEX_POINT('', #3599);
#3603 = VERTEX_POINT('', #3600);
#3604 = VERTEX_POINT('', #3601);
#3605 = LINE('', #3599, #6);
#3606 = LINE('', #3600, #6);
#3607 = LINE('', #3601, #6);
#3608 = EDGE_CURVE('', #3602, #3603, #3605, .T.);
#3609 = EDGE_CURVE('', #3603, #3604, #3606, .T.);
#3610 = EDGE_CURVE('', #3604, #3602, #3607, .T.);
#3611 = ORIENTED_EDGE('', *, *, #3608, .T.);
#3612 = ORIENTED_EDGE('', *, *, #3609, .T.);
#3613 = ORIENTED_EDGE('', *, *, #3610, .T.);
#3614 = EDGE_LOOP('', (#3611, #3612, #3613));
#3615 = FACE_BOUND('', #3614, .T.);

/* ==== Hole 212 (row 7, col 1) CW ==== */
#3616 = CARTESIAN_POINT('', (8.000, 26.000, 0.0));
#3617 = CARTESIAN_POINT('', (8.000, 29.000, 0.0));
#3618 = CARTESIAN_POINT('', (11.000, 27.500, 0.0));
#3619 = VERTEX_POINT('', #3616);
#3620 = VERTEX_POINT('', #3617);
#3621 = VERTEX_POINT('', #3618);
#3622 = LINE('', #3616, #6);
#3623 = LINE('', #3617, #6);
#3624 = LINE('', #3618, #6);
#3625 = EDGE_CURVE('', #3619, #3620, #3622, .T.);
#3626 = EDGE_CURVE('', #3620, #3621, #3623, .T.);
#3627 = EDGE_CURVE('', #3621, #3619, #3624, .T.);
#3628 = ORIENTED_EDGE('', *, *, #3625, .T.);
#3629 = ORIENTED_EDGE('', *, *, #3626, .T.);
#3630 = ORIENTED_EDGE('', *, *, #3627, .T.);
#3631 = EDGE_LOOP('', (#3628, #3629, #3630));
#3632 = FACE_BOUND('', #3631, .T.);

/* ==== Hole 213 (row 7, col 2) CW ==== */
#3633 = CARTESIAN_POINT('', (11.000, 26.000, 0.0));
#3634 = CARTESIAN_POINT('', (11.000, 29.000, 0.0));
#3635 = CARTESIAN_POINT('', (14.000, 27.500, 0.0));
#3636 = VERTEX_POINT('', #3633);
#3637 = VERTEX_POINT('', #3634);
#3638 = VERTEX_POINT('', #3635);
#3639 = LINE('', #3633, #6);
#3640 = LINE('', #3634, #6);
#3641 = LINE('', #3635, #6);
#3642 = EDGE_CURVE('', #3636, #3637, #3639, .T.);
#3643 = EDGE_CURVE('', #3637, #3638, #3640, .T.);
#3644 = EDGE_CURVE('', #3638, #3636, #3641, .T.);
#3645 = ORIENTED_EDGE('', *, *, #3642, .T.);
#3646 = ORIENTED_EDGE('', *, *, #3643, .T.);
#3647 = ORIENTED_EDGE('', *, *, #3644, .T.);
#3648 = EDGE_LOOP('', (#3645, #3646, #3647));
#3649 = FACE_BOUND('', #3648, .T.);

/* ==== Hole 214 (row 7, col 3) CW ==== */
#3650 = CARTESIAN_POINT('', (14.000, 26.000, 0.0));
#3651 = CARTESIAN_POINT('', (14.000, 29.000, 0.0));
#3652 = CARTESIAN_POINT('', (17.000, 27.500, 0.0));
#3653 = VERTEX_POINT('', #3650);
#3654 = VERTEX_POINT('', #3651);
#3655 = VERTEX_POINT('', #3652);
#3656 = LINE('', #3650, #6);
#3657 = LINE('', #3651, #6);
#3658 = LINE('', #3652, #6);
#3659 = EDGE_CURVE('', #3653, #3654, #3656, .T.);
#3660 = EDGE_CURVE('', #3654, #3655, #3657, .T.);
#3661 = EDGE_CURVE('', #3655, #3653, #3658, .T.);
#3662 = ORIENTED_EDGE('', *, *, #3659, .T.);
#3663 = ORIENTED_EDGE('', *, *, #3660, .T.);
#3664 = ORIENTED_EDGE('', *, *, #3661, .T.);
#3665 = EDGE_LOOP('', (#3662, #3663, #3664));
#3666 = FACE_BOUND('', #3665, .T.);

/* ==== Hole 215 (row 7, col 4) CW ==== */
#3667 = CARTESIAN_POINT('', (17.000, 26.000, 0.0));
#3668 = CARTESIAN_POINT('', (17.000, 29.000, 0.0));
#3669 = CARTESIAN_POINT('', (20.000, 27.500, 0.0));
#3670 = VERTEX_POINT('', #3667);
#3671 = VERTEX_POINT('', #3668);
#3672 = VERTEX_POINT('', #3669);
#3673 = LINE('', #3667, #6);
#3674 = LINE('', #3668, #6);
#3675 = LINE('', #3669, #6);
#3676 = EDGE_CURVE('', #3670, #3671, #3673, .T.);
#3677 = EDGE_CURVE('', #3671, #3672, #3674, .T.);
#3678 = EDGE_CURVE('', #3672, #3670, #3675, .T.);
#3679 = ORIENTED_EDGE('', *, *, #3676, .T.);
#3680 = ORIENTED_EDGE('', *, *, #3677, .T.);
#3681 = ORIENTED_EDGE('', *, *, #3678, .T.);
#3682 = EDGE_LOOP('', (#3679, #3680, #3681));
#3683 = FACE_BOUND('', #3682, .T.);

/* ==== Hole 216 (row 7, col 5) CW ==== */
#3684 = CARTESIAN_POINT('', (20.000, 26.000, 0.0));
#3685 = CARTESIAN_POINT('', (20.000, 29.000, 0.0));
#3686 = CARTESIAN_POINT('', (23.000, 27.500, 0.0));
#3687 = VERTEX_POINT('', #3684);
#3688 = VERTEX_POINT('', #3685);
#3689 = VERTEX_POINT('', #3686);
#3690 = LINE('', #3684, #6);
#3691 = LINE('', #3685, #6);
#3692 = LINE('', #3686, #6);
#3693 = EDGE_CURVE('', #3687, #3688, #3690, .T.);
#3694 = EDGE_CURVE('', #3688, #3689, #3691, .T.);
#3695 = EDGE_CURVE('', #3689, #3687, #3692, .T.);
#3696 = ORIENTED_EDGE('', *, *, #3693, .T.);
#3697 = ORIENTED_EDGE('', *, *, #3694, .T.);
#3698 = ORIENTED_EDGE('', *, *, #3695, .T.);
#3699 = EDGE_LOOP('', (#3696, #3697, #3698));
#3700 = FACE_BOUND('', #3699, .T.);

/* ==== Hole 217 (row 7, col 6) CW ==== */
#3701 = CARTESIAN_POINT('', (23.000, 26.000, 0.0));
#3702 = CARTESIAN_POINT('', (23.000, 29.000, 0.0));
#3703 = CARTESIAN_POINT('', (26.000, 27.500, 0.0));
#3704 = VERTEX_POINT('', #3701);
#3705 = VERTEX_POINT('', #3702);
#3706 = VERTEX_POINT('', #3703);
#3707 = LINE('', #3701, #6);
#3708 = LINE('', #3702, #6);
#3709 = LINE('', #3703, #6);
#3710 = EDGE_CURVE('', #3704, #3705, #3707, .T.);
#3711 = EDGE_CURVE('', #3705, #3706, #3708, .T.);
#3712 = EDGE_CURVE('', #3706, #3704, #3709, .T.);
#3713 = ORIENTED_EDGE('', *, *, #3710, .T.);
#3714 = ORIENTED_EDGE('', *, *, #3711, .T.);
#3715 = ORIENTED_EDGE('', *, *, #3712, .T.);
#3716 = EDGE_LOOP('', (#3713, #3714, #3715));
#3717 = FACE_BOUND('', #3716, .T.);

/* ==== Hole 218 (row 7, col 7) CW ==== */
#3718 = CARTESIAN_POINT('', (26.000, 26.000, 0.0));
#3719 = CARTESIAN_POINT('', (26.000, 29.000, 0.0));
#3720 = CARTESIAN_POINT('', (29.000, 27.500, 0.0));
#3721 = VERTEX_POINT('', #3718);
#3722 = VERTEX_POINT('', #3719);
#3723 = VERTEX_POINT('', #3720);
#3724 = LINE('', #3718, #6);
#3725 = LINE('', #3719, #6);
#3726 = LINE('', #3720, #6);
#3727 = EDGE_CURVE('', #3721, #3722, #3724, .T.);
#3728 = EDGE_CURVE('', #3722, #3723, #3725, .T.);
#3729 = EDGE_CURVE('', #3723, #3721, #3726, .T.);
#3730 = ORIENTED_EDGE('', *, *, #3727, .T.);
#3731 = ORIENTED_EDGE('', *, *, #3728, .T.);
#3732 = ORIENTED_EDGE('', *, *, #3729, .T.);
#3733 = EDGE_LOOP('', (#3730, #3731, #3732));
#3734 = FACE_BOUND('', #3733, .T.);

/* ==== Hole 219 (row 7, col 8) CW ==== */
#3735 = CARTESIAN_POINT('', (29.000, 26.000, 0.0));
#3736 = CARTESIAN_POINT('', (29.000, 29.000, 0.0));
#3737 = CARTESIAN_POINT('', (32.000, 27.500, 0.0));
#3738 = VERTEX_POINT('', #3735);
#3739 = VERTEX_POINT('', #3736);
#3740 = VERTEX_POINT('', #3737);
#3741 = LINE('', #3735, #6);
#3742 = LINE('', #3736, #6);
#3743 = LINE('', #3737, #6);
#3744 = EDGE_CURVE('', #3738, #3739, #3741, .T.);
#3745 = EDGE_CURVE('', #3739, #3740, #3742, .T.);
#3746 = EDGE_CURVE('', #3740, #3738, #3743, .T.);
#3747 = ORIENTED_EDGE('', *, *, #3744, .T.);
#3748 = ORIENTED_EDGE('', *, *, #3745, .T.);
#3749 = ORIENTED_EDGE('', *, *, #3746, .T.);
#3750 = EDGE_LOOP('', (#3747, #3748, #3749));
#3751 = FACE_BOUND('', #3750, .T.);

/* ==== Hole 220 (row 7, col 9) CW ==== */
#3752 = CARTESIAN_POINT('', (32.000, 26.000, 0.0));
#3753 = CARTESIAN_POINT('', (32.000, 29.000, 0.0));
#3754 = CARTESIAN_POINT('', (35.000, 27.500, 0.0));
#3755 = VERTEX_POINT('', #3752);
#3756 = VERTEX_POINT('', #3753);
#3757 = VERTEX_POINT('', #3754);
#3758 = LINE('', #3752, #6);
#3759 = LINE('', #3753, #6);
#3760 = LINE('', #3754, #6);
#3761 = EDGE_CURVE('', #3755, #3756, #3758, .T.);
#3762 = EDGE_CURVE('', #3756, #3757, #3759, .T.);
#3763 = EDGE_CURVE('', #3757, #3755, #3760, .T.);
#3764 = ORIENTED_EDGE('', *, *, #3761, .T.);
#3765 = ORIENTED_EDGE('', *, *, #3762, .T.);
#3766 = ORIENTED_EDGE('', *, *, #3763, .T.);
#3767 = EDGE_LOOP('', (#3764, #3765, #3766));
#3768 = FACE_BOUND('', #3767, .T.);

/* ==== Hole 221 (row 7, col 10) CW ==== */
#3769 = CARTESIAN_POINT('', (35.000, 26.000, 0.0));
#3770 = CARTESIAN_POINT('', (35.000, 29.000, 0.0));
#3771 = CARTESIAN_POINT('', (38.000, 27.500, 0.0));
#3772 = VERTEX_POINT('', #3769);
#3773 = VERTEX_POINT('', #3770);
#3774 = VERTEX_POINT('', #3771);
#3775 = LINE('', #3769, #6);
#3776 = LINE('', #3770, #6);
#3777 = LINE('', #3771, #6);
#3778 = EDGE_CURVE('', #3772, #3773, #3775, .T.);
#3779 = EDGE_CURVE('', #3773, #3774, #3776, .T.);
#3780 = EDGE_CURVE('', #3774, #3772, #3777, .T.);
#3781 = ORIENTED_EDGE('', *, *, #3778, .T.);
#3782 = ORIENTED_EDGE('', *, *, #3779, .T.);
#3783 = ORIENTED_EDGE('', *, *, #3780, .T.);
#3784 = EDGE_LOOP('', (#3781, #3782, #3783));
#3785 = FACE_BOUND('', #3784, .T.);

/* ==== Hole 222 (row 7, col 11) CW ==== */
#3786 = CARTESIAN_POINT('', (38.000, 26.000, 0.0));
#3787 = CARTESIAN_POINT('', (38.000, 29.000, 0.0));
#3788 = CARTESIAN_POINT('', (41.000, 27.500, 0.0));
#3789 = VERTEX_POINT('', #3786);
#3790 = VERTEX_POINT('', #3787);
#3791 = VERTEX_POINT('', #3788);
#3792 = LINE('', #3786, #6);
#3793 = LINE('', #3787, #6);
#3794 = LINE('', #3788, #6);
#3795 = EDGE_CURVE('', #3789, #3790, #3792, .T.);
#3796 = EDGE_CURVE('', #3790, #3791, #3793, .T.);
#3797 = EDGE_CURVE('', #3791, #3789, #3794, .T.);
#3798 = ORIENTED_EDGE('', *, *, #3795, .T.);
#3799 = ORIENTED_EDGE('', *, *, #3796, .T.);
#3800 = ORIENTED_EDGE('', *, *, #3797, .T.);
#3801 = EDGE_LOOP('', (#3798, #3799, #3800));
#3802 = FACE_BOUND('', #3801, .T.);

/* ==== Hole 223 (row 7, col 12) CW ==== */
#3803 = CARTESIAN_POINT('', (41.000, 26.000, 0.0));
#3804 = CARTESIAN_POINT('', (41.000, 29.000, 0.0));
#3805 = CARTESIAN_POINT('', (44.000, 27.500, 0.0));
#3806 = VERTEX_POINT('', #3803);
#3807 = VERTEX_POINT('', #3804);
#3808 = VERTEX_POINT('', #3805);
#3809 = LINE('', #3803, #6);
#3810 = LINE('', #3804, #6);
#3811 = LINE('', #3805, #6);
#3812 = EDGE_CURVE('', #3806, #3807, #3809, .T.);
#3813 = EDGE_CURVE('', #3807, #3808, #3810, .T.);
#3814 = EDGE_CURVE('', #3808, #3806, #3811, .T.);
#3815 = ORIENTED_EDGE('', *, *, #3812, .T.);
#3816 = ORIENTED_EDGE('', *, *, #3813, .T.);
#3817 = ORIENTED_EDGE('', *, *, #3814, .T.);
#3818 = EDGE_LOOP('', (#3815, #3816, #3817));
#3819 = FACE_BOUND('', #3818, .T.);

/* ==== Hole 224 (row 7, col 13) CW ==== */
#3820 = CARTESIAN_POINT('', (44.000, 26.000, 0.0));
#3821 = CARTESIAN_POINT('', (44.000, 29.000, 0.0));
#3822 = CARTESIAN_POINT('', (47.000, 27.500, 0.0));
#3823 = VERTEX_POINT('', #3820);
#3824 = VERTEX_POINT('', #3821);
#3825 = VERTEX_POINT('', #3822);
#3826 = LINE('', #3820, #6);
#3827 = LINE('', #3821, #6);
#3828 = LINE('', #3822, #6);
#3829 = EDGE_CURVE('', #3823, #3824, #3826, .T.);
#3830 = EDGE_CURVE('', #3824, #3825, #3827, .T.);
#3831 = EDGE_CURVE('', #3825, #3823, #3828, .T.);
#3832 = ORIENTED_EDGE('', *, *, #3829, .T.);
#3833 = ORIENTED_EDGE('', *, *, #3830, .T.);
#3834 = ORIENTED_EDGE('', *, *, #3831, .T.);
#3835 = EDGE_LOOP('', (#3832, #3833, #3834));
#3836 = FACE_BOUND('', #3835, .T.);

/* ==== Hole 225 (row 7, col 14) CW ==== */
#3837 = CARTESIAN_POINT('', (47.000, 26.000, 0.0));
#3838 = CARTESIAN_POINT('', (47.000, 29.000, 0.0));
#3839 = CARTESIAN_POINT('', (50.000, 27.500, 0.0));
#3840 = VERTEX_POINT('', #3837);
#3841 = VERTEX_POINT('', #3838);
#3842 = VERTEX_POINT('', #3839);
#3843 = LINE('', #3837, #6);
#3844 = LINE('', #3838, #6);
#3845 = LINE('', #3839, #6);
#3846 = EDGE_CURVE('', #3840, #3841, #3843, .T.);
#3847 = EDGE_CURVE('', #3841, #3842, #3844, .T.);
#3848 = EDGE_CURVE('', #3842, #3840, #3845, .T.);
#3849 = ORIENTED_EDGE('', *, *, #3846, .T.);
#3850 = ORIENTED_EDGE('', *, *, #3847, .T.);
#3851 = ORIENTED_EDGE('', *, *, #3848, .T.);
#3852 = EDGE_LOOP('', (#3849, #3850, #3851));
#3853 = FACE_BOUND('', #3852, .T.);

/* ==== Hole 226 (row 7, col 15) CW ==== */
#3854 = CARTESIAN_POINT('', (50.000, 26.000, 0.0));
#3855 = CARTESIAN_POINT('', (50.000, 29.000, 0.0));
#3856 = CARTESIAN_POINT('', (53.000, 27.500, 0.0));
#3857 = VERTEX_POINT('', #3854);
#3858 = VERTEX_POINT('', #3855);
#3859 = VERTEX_POINT('', #3856);
#3860 = LINE('', #3854, #6);
#3861 = LINE('', #3855, #6);
#3862 = LINE('', #3856, #6);
#3863 = EDGE_CURVE('', #3857, #3858, #3860, .T.);
#3864 = EDGE_CURVE('', #3858, #3859, #3861, .T.);
#3865 = EDGE_CURVE('', #3859, #3857, #3862, .T.);
#3866 = ORIENTED_EDGE('', *, *, #3863, .T.);
#3867 = ORIENTED_EDGE('', *, *, #3864, .T.);
#3868 = ORIENTED_EDGE('', *, *, #3865, .T.);
#3869 = EDGE_LOOP('', (#3866, #3867, #3868));
#3870 = FACE_BOUND('', #3869, .T.);

/* ==== Hole 227 (row 7, col 16) CW ==== */
#3871 = CARTESIAN_POINT('', (53.000, 26.000, 0.0));
#3872 = CARTESIAN_POINT('', (53.000, 29.000, 0.0));
#3873 = CARTESIAN_POINT('', (56.000, 27.500, 0.0));
#3874 = VERTEX_POINT('', #3871);
#3875 = VERTEX_POINT('', #3872);
#3876 = VERTEX_POINT('', #3873);
#3877 = LINE('', #3871, #6);
#3878 = LINE('', #3872, #6);
#3879 = LINE('', #3873, #6);
#3880 = EDGE_CURVE('', #3874, #3875, #3877, .T.);
#3881 = EDGE_CURVE('', #3875, #3876, #3878, .T.);
#3882 = EDGE_CURVE('', #3876, #3874, #3879, .T.);
#3883 = ORIENTED_EDGE('', *, *, #3880, .T.);
#3884 = ORIENTED_EDGE('', *, *, #3881, .T.);
#3885 = ORIENTED_EDGE('', *, *, #3882, .T.);
#3886 = EDGE_LOOP('', (#3883, #3884, #3885));
#3887 = FACE_BOUND('', #3886, .T.);

/* ==== Hole 228 (row 7, col 17) CW ==== */
#3888 = CARTESIAN_POINT('', (56.000, 26.000, 0.0));
#3889 = CARTESIAN_POINT('', (56.000, 29.000, 0.0));
#3890 = CARTESIAN_POINT('', (59.000, 27.500, 0.0));
#3891 = VERTEX_POINT('', #3888);
#3892 = VERTEX_POINT('', #3889);
#3893 = VERTEX_POINT('', #3890);
#3894 = LINE('', #3888, #6);
#3895 = LINE('', #3889, #6);
#3896 = LINE('', #3890, #6);
#3897 = EDGE_CURVE('', #3891, #3892, #3894, .T.);
#3898 = EDGE_CURVE('', #3892, #3893, #3895, .T.);
#3899 = EDGE_CURVE('', #3893, #3891, #3896, .T.);
#3900 = ORIENTED_EDGE('', *, *, #3897, .T.);
#3901 = ORIENTED_EDGE('', *, *, #3898, .T.);
#3902 = ORIENTED_EDGE('', *, *, #3899, .T.);
#3903 = EDGE_LOOP('', (#3900, #3901, #3902));
#3904 = FACE_BOUND('', #3903, .T.);

/* ==== Hole 229 (row 7, col 18) CW ==== */
#3905 = CARTESIAN_POINT('', (59.000, 26.000, 0.0));
#3906 = CARTESIAN_POINT('', (59.000, 29.000, 0.0));
#3907 = CARTESIAN_POINT('', (62.000, 27.500, 0.0));
#3908 = VERTEX_POINT('', #3905);
#3909 = VERTEX_POINT('', #3906);
#3910 = VERTEX_POINT('', #3907);
#3911 = LINE('', #3905, #6);
#3912 = LINE('', #3906, #6);
#3913 = LINE('', #3907, #6);
#3914 = EDGE_CURVE('', #3908, #3909, #3911, .T.);
#3915 = EDGE_CURVE('', #3909, #3910, #3912, .T.);
#3916 = EDGE_CURVE('', #3910, #3908, #3913, .T.);
#3917 = ORIENTED_EDGE('', *, *, #3914, .T.);
#3918 = ORIENTED_EDGE('', *, *, #3915, .T.);
#3919 = ORIENTED_EDGE('', *, *, #3916, .T.);
#3920 = EDGE_LOOP('', (#3917, #3918, #3919));
#3921 = FACE_BOUND('', #3920, .T.);

/* ==== Hole 230 (row 7, col 19) CW ==== */
#3922 = CARTESIAN_POINT('', (62.000, 26.000, 0.0));
#3923 = CARTESIAN_POINT('', (62.000, 29.000, 0.0));
#3924 = CARTESIAN_POINT('', (65.000, 27.500, 0.0));
#3925 = VERTEX_POINT('', #3922);
#3926 = VERTEX_POINT('', #3923);
#3927 = VERTEX_POINT('', #3924);
#3928 = LINE('', #3922, #6);
#3929 = LINE('', #3923, #6);
#3930 = LINE('', #3924, #6);
#3931 = EDGE_CURVE('', #3925, #3926, #3928, .T.);
#3932 = EDGE_CURVE('', #3926, #3927, #3929, .T.);
#3933 = EDGE_CURVE('', #3927, #3925, #3930, .T.);
#3934 = ORIENTED_EDGE('', *, *, #3931, .T.);
#3935 = ORIENTED_EDGE('', *, *, #3932, .T.);
#3936 = ORIENTED_EDGE('', *, *, #3933, .T.);
#3937 = EDGE_LOOP('', (#3934, #3935, #3936));
#3938 = FACE_BOUND('', #3937, .T.);

/* ==== Hole 231 (row 7, col 20) CW ==== */
#3939 = CARTESIAN_POINT('', (65.000, 26.000, 0.0));
#3940 = CARTESIAN_POINT('', (65.000, 29.000, 0.0));
#3941 = CARTESIAN_POINT('', (68.000, 27.500, 0.0));
#3942 = VERTEX_POINT('', #3939);
#3943 = VERTEX_POINT('', #3940);
#3944 = VERTEX_POINT('', #3941);
#3945 = LINE('', #3939, #6);
#3946 = LINE('', #3940, #6);
#3947 = LINE('', #3941, #6);
#3948 = EDGE_CURVE('', #3942, #3943, #3945, .T.);
#3949 = EDGE_CURVE('', #3943, #3944, #3946, .T.);
#3950 = EDGE_CURVE('', #3944, #3942, #3947, .T.);
#3951 = ORIENTED_EDGE('', *, *, #3948, .T.);
#3952 = ORIENTED_EDGE('', *, *, #3949, .T.);
#3953 = ORIENTED_EDGE('', *, *, #3950, .T.);
#3954 = EDGE_LOOP('', (#3951, #3952, #3953));
#3955 = FACE_BOUND('', #3954, .T.);

/* ==== Hole 232 (row 7, col 21) CW ==== */
#3956 = CARTESIAN_POINT('', (68.000, 26.000, 0.0));
#3957 = CARTESIAN_POINT('', (68.000, 29.000, 0.0));
#3958 = CARTESIAN_POINT('', (71.000, 27.500, 0.0));
#3959 = VERTEX_POINT('', #3956);
#3960 = VERTEX_POINT('', #3957);
#3961 = VERTEX_POINT('', #3958);
#3962 = LINE('', #3956, #6);
#3963 = LINE('', #3957, #6);
#3964 = LINE('', #3958, #6);
#3965 = EDGE_CURVE('', #3959, #3960, #3962, .T.);
#3966 = EDGE_CURVE('', #3960, #3961, #3963, .T.);
#3967 = EDGE_CURVE('', #3961, #3959, #3964, .T.);
#3968 = ORIENTED_EDGE('', *, *, #3965, .T.);
#3969 = ORIENTED_EDGE('', *, *, #3966, .T.);
#3970 = ORIENTED_EDGE('', *, *, #3967, .T.);
#3971 = EDGE_LOOP('', (#3968, #3969, #3970));
#3972 = FACE_BOUND('', #3971, .T.);

/* ==== Hole 233 (row 7, col 22) CW ==== */
#3973 = CARTESIAN_POINT('', (71.000, 26.000, 0.0));
#3974 = CARTESIAN_POINT('', (71.000, 29.000, 0.0));
#3975 = CARTESIAN_POINT('', (74.000, 27.500, 0.0));
#3976 = VERTEX_POINT('', #3973);
#3977 = VERTEX_POINT('', #3974);
#3978 = VERTEX_POINT('', #3975);
#3979 = LINE('', #3973, #6);
#3980 = LINE('', #3974, #6);
#3981 = LINE('', #3975, #6);
#3982 = EDGE_CURVE('', #3976, #3977, #3979, .T.);
#3983 = EDGE_CURVE('', #3977, #3978, #3980, .T.);
#3984 = EDGE_CURVE('', #3978, #3976, #3981, .T.);
#3985 = ORIENTED_EDGE('', *, *, #3982, .T.);
#3986 = ORIENTED_EDGE('', *, *, #3983, .T.);
#3987 = ORIENTED_EDGE('', *, *, #3984, .T.);
#3988 = EDGE_LOOP('', (#3985, #3986, #3987));
#3989 = FACE_BOUND('', #3988, .T.);

/* ==== Hole 234 (row 7, col 23) CW ==== */
#3990 = CARTESIAN_POINT('', (74.000, 26.000, 0.0));
#3991 = CARTESIAN_POINT('', (74.000, 29.000, 0.0));
#3992 = CARTESIAN_POINT('', (77.000, 27.500, 0.0));
#3993 = VERTEX_POINT('', #3990);
#3994 = VERTEX_POINT('', #3991);
#3995 = VERTEX_POINT('', #3992);
#3996 = LINE('', #3990, #6);
#3997 = LINE('', #3991, #6);
#3998 = LINE('', #3992, #6);
#3999 = EDGE_CURVE('', #3993, #3994, #3996, .T.);
#4000 = EDGE_CURVE('', #3994, #3995, #3997, .T.);
#4001 = EDGE_CURVE('', #3995, #3993, #3998, .T.);
#4002 = ORIENTED_EDGE('', *, *, #3999, .T.);
#4003 = ORIENTED_EDGE('', *, *, #4000, .T.);
#4004 = ORIENTED_EDGE('', *, *, #4001, .T.);
#4005 = EDGE_LOOP('', (#4002, #4003, #4004));
#4006 = FACE_BOUND('', #4005, .T.);

/* ==== Hole 235 (row 7, col 24) CW ==== */
#4007 = CARTESIAN_POINT('', (77.000, 26.000, 0.0));
#4008 = CARTESIAN_POINT('', (77.000, 29.000, 0.0));
#4009 = CARTESIAN_POINT('', (80.000, 27.500, 0.0));
#4010 = VERTEX_POINT('', #4007);
#4011 = VERTEX_POINT('', #4008);
#4012 = VERTEX_POINT('', #4009);
#4013 = LINE('', #4007, #6);
#4014 = LINE('', #4008, #6);
#4015 = LINE('', #4009, #6);
#4016 = EDGE_CURVE('', #4010, #4011, #4013, .T.);
#4017 = EDGE_CURVE('', #4011, #4012, #4014, .T.);
#4018 = EDGE_CURVE('', #4012, #4010, #4015, .T.);
#4019 = ORIENTED_EDGE('', *, *, #4016, .T.);
#4020 = ORIENTED_EDGE('', *, *, #4017, .T.);
#4021 = ORIENTED_EDGE('', *, *, #4018, .T.);
#4022 = EDGE_LOOP('', (#4019, #4020, #4021));
#4023 = FACE_BOUND('', #4022, .T.);

/* ==== Hole 236 (row 7, col 25) CW ==== */
#4024 = CARTESIAN_POINT('', (80.000, 26.000, 0.0));
#4025 = CARTESIAN_POINT('', (80.000, 29.000, 0.0));
#4026 = CARTESIAN_POINT('', (83.000, 27.500, 0.0));
#4027 = VERTEX_POINT('', #4024);
#4028 = VERTEX_POINT('', #4025);
#4029 = VERTEX_POINT('', #4026);
#4030 = LINE('', #4024, #6);
#4031 = LINE('', #4025, #6);
#4032 = LINE('', #4026, #6);
#4033 = EDGE_CURVE('', #4027, #4028, #4030, .T.);
#4034 = EDGE_CURVE('', #4028, #4029, #4031, .T.);
#4035 = EDGE_CURVE('', #4029, #4027, #4032, .T.);
#4036 = ORIENTED_EDGE('', *, *, #4033, .T.);
#4037 = ORIENTED_EDGE('', *, *, #4034, .T.);
#4038 = ORIENTED_EDGE('', *, *, #4035, .T.);
#4039 = EDGE_LOOP('', (#4036, #4037, #4038));
#4040 = FACE_BOUND('', #4039, .T.);

/* ==== Hole 237 (row 7, col 26) CW ==== */
#4041 = CARTESIAN_POINT('', (83.000, 26.000, 0.0));
#4042 = CARTESIAN_POINT('', (83.000, 29.000, 0.0));
#4043 = CARTESIAN_POINT('', (86.000, 27.500, 0.0));
#4044 = VERTEX_POINT('', #4041);
#4045 = VERTEX_POINT('', #4042);
#4046 = VERTEX_POINT('', #4043);
#4047 = LINE('', #4041, #6);
#4048 = LINE('', #4042, #6);
#4049 = LINE('', #4043, #6);
#4050 = EDGE_CURVE('', #4044, #4045, #4047, .T.);
#4051 = EDGE_CURVE('', #4045, #4046, #4048, .T.);
#4052 = EDGE_CURVE('', #4046, #4044, #4049, .T.);
#4053 = ORIENTED_EDGE('', *, *, #4050, .T.);
#4054 = ORIENTED_EDGE('', *, *, #4051, .T.);
#4055 = ORIENTED_EDGE('', *, *, #4052, .T.);
#4056 = EDGE_LOOP('', (#4053, #4054, #4055));
#4057 = FACE_BOUND('', #4056, .T.);

/* ==== Hole 238 (row 7, col 27) CW ==== */
#4058 = CARTESIAN_POINT('', (86.000, 26.000, 0.0));
#4059 = CARTESIAN_POINT('', (86.000, 29.000, 0.0));
#4060 = CARTESIAN_POINT('', (89.000, 27.500, 0.0));
#4061 = VERTEX_POINT('', #4058);
#4062 = VERTEX_POINT('', #4059);
#4063 = VERTEX_POINT('', #4060);
#4064 = LINE('', #4058, #6);
#4065 = LINE('', #4059, #6);
#4066 = LINE('', #4060, #6);
#4067 = EDGE_CURVE('', #4061, #4062, #4064, .T.);
#4068 = EDGE_CURVE('', #4062, #4063, #4065, .T.);
#4069 = EDGE_CURVE('', #4063, #4061, #4066, .T.);
#4070 = ORIENTED_EDGE('', *, *, #4067, .T.);
#4071 = ORIENTED_EDGE('', *, *, #4068, .T.);
#4072 = ORIENTED_EDGE('', *, *, #4069, .T.);
#4073 = EDGE_LOOP('', (#4070, #4071, #4072));
#4074 = FACE_BOUND('', #4073, .T.);

/* ==== Hole 239 (row 7, col 28) CW ==== */
#4075 = CARTESIAN_POINT('', (89.000, 26.000, 0.0));
#4076 = CARTESIAN_POINT('', (89.000, 29.000, 0.0));
#4077 = CARTESIAN_POINT('', (92.000, 27.500, 0.0));
#4078 = VERTEX_POINT('', #4075);
#4079 = VERTEX_POINT('', #4076);
#4080 = VERTEX_POINT('', #4077);
#4081 = LINE('', #4075, #6);
#4082 = LINE('', #4076, #6);
#4083 = LINE('', #4077, #6);
#4084 = EDGE_CURVE('', #4078, #4079, #4081, .T.);
#4085 = EDGE_CURVE('', #4079, #4080, #4082, .T.);
#4086 = EDGE_CURVE('', #4080, #4078, #4083, .T.);
#4087 = ORIENTED_EDGE('', *, *, #4084, .T.);
#4088 = ORIENTED_EDGE('', *, *, #4085, .T.);
#4089 = ORIENTED_EDGE('', *, *, #4086, .T.);
#4090 = EDGE_LOOP('', (#4087, #4088, #4089));
#4091 = FACE_BOUND('', #4090, .T.);

/* ==== Hole 240 (row 7, col 29) CW ==== */
#4092 = CARTESIAN_POINT('', (92.000, 26.000, 0.0));
#4093 = CARTESIAN_POINT('', (92.000, 29.000, 0.0));
#4094 = CARTESIAN_POINT('', (95.000, 27.500, 0.0));
#4095 = VERTEX_POINT('', #4092);
#4096 = VERTEX_POINT('', #4093);
#4097 = VERTEX_POINT('', #4094);
#4098 = LINE('', #4092, #6);
#4099 = LINE('', #4093, #6);
#4100 = LINE('', #4094, #6);
#4101 = EDGE_CURVE('', #4095, #4096, #4098, .T.);
#4102 = EDGE_CURVE('', #4096, #4097, #4099, .T.);
#4103 = EDGE_CURVE('', #4097, #4095, #4100, .T.);
#4104 = ORIENTED_EDGE('', *, *, #4101, .T.);
#4105 = ORIENTED_EDGE('', *, *, #4102, .T.);
#4106 = ORIENTED_EDGE('', *, *, #4103, .T.);
#4107 = EDGE_LOOP('', (#4104, #4105, #4106));
#4108 = FACE_BOUND('', #4107, .T.);

/* ==== Hole 241 (row 8, col 0) CW ==== */
#4109 = CARTESIAN_POINT('', (5.000, 29.000, 0.0));
#4110 = CARTESIAN_POINT('', (5.000, 32.000, 0.0));
#4111 = CARTESIAN_POINT('', (8.000, 30.500, 0.0));
#4112 = VERTEX_POINT('', #4109);
#4113 = VERTEX_POINT('', #4110);
#4114 = VERTEX_POINT('', #4111);
#4115 = LINE('', #4109, #6);
#4116 = LINE('', #4110, #6);
#4117 = LINE('', #4111, #6);
#4118 = EDGE_CURVE('', #4112, #4113, #4115, .T.);
#4119 = EDGE_CURVE('', #4113, #4114, #4116, .T.);
#4120 = EDGE_CURVE('', #4114, #4112, #4117, .T.);
#4121 = ORIENTED_EDGE('', *, *, #4118, .T.);
#4122 = ORIENTED_EDGE('', *, *, #4119, .T.);
#4123 = ORIENTED_EDGE('', *, *, #4120, .T.);
#4124 = EDGE_LOOP('', (#4121, #4122, #4123));
#4125 = FACE_BOUND('', #4124, .T.);

/* ==== Hole 242 (row 8, col 1) CW ==== */
#4126 = CARTESIAN_POINT('', (8.000, 29.000, 0.0));
#4127 = CARTESIAN_POINT('', (8.000, 32.000, 0.0));
#4128 = CARTESIAN_POINT('', (11.000, 30.500, 0.0));
#4129 = VERTEX_POINT('', #4126);
#4130 = VERTEX_POINT('', #4127);
#4131 = VERTEX_POINT('', #4128);
#4132 = LINE('', #4126, #6);
#4133 = LINE('', #4127, #6);
#4134 = LINE('', #4128, #6);
#4135 = EDGE_CURVE('', #4129, #4130, #4132, .T.);
#4136 = EDGE_CURVE('', #4130, #4131, #4133, .T.);
#4137 = EDGE_CURVE('', #4131, #4129, #4134, .T.);
#4138 = ORIENTED_EDGE('', *, *, #4135, .T.);
#4139 = ORIENTED_EDGE('', *, *, #4136, .T.);
#4140 = ORIENTED_EDGE('', *, *, #4137, .T.);
#4141 = EDGE_LOOP('', (#4138, #4139, #4140));
#4142 = FACE_BOUND('', #4141, .T.);

/* ==== Hole 243 (row 8, col 2) CW ==== */
#4143 = CARTESIAN_POINT('', (11.000, 29.000, 0.0));
#4144 = CARTESIAN_POINT('', (11.000, 32.000, 0.0));
#4145 = CARTESIAN_POINT('', (14.000, 30.500, 0.0));
#4146 = VERTEX_POINT('', #4143);
#4147 = VERTEX_POINT('', #4144);
#4148 = VERTEX_POINT('', #4145);
#4149 = LINE('', #4143, #6);
#4150 = LINE('', #4144, #6);
#4151 = LINE('', #4145, #6);
#4152 = EDGE_CURVE('', #4146, #4147, #4149, .T.);
#4153 = EDGE_CURVE('', #4147, #4148, #4150, .T.);
#4154 = EDGE_CURVE('', #4148, #4146, #4151, .T.);
#4155 = ORIENTED_EDGE('', *, *, #4152, .T.);
#4156 = ORIENTED_EDGE('', *, *, #4153, .T.);
#4157 = ORIENTED_EDGE('', *, *, #4154, .T.);
#4158 = EDGE_LOOP('', (#4155, #4156, #4157));
#4159 = FACE_BOUND('', #4158, .T.);

/* ==== Hole 244 (row 8, col 3) CW ==== */
#4160 = CARTESIAN_POINT('', (14.000, 29.000, 0.0));
#4161 = CARTESIAN_POINT('', (14.000, 32.000, 0.0));
#4162 = CARTESIAN_POINT('', (17.000, 30.500, 0.0));
#4163 = VERTEX_POINT('', #4160);
#4164 = VERTEX_POINT('', #4161);
#4165 = VERTEX_POINT('', #4162);
#4166 = LINE('', #4160, #6);
#4167 = LINE('', #4161, #6);
#4168 = LINE('', #4162, #6);
#4169 = EDGE_CURVE('', #4163, #4164, #4166, .T.);
#4170 = EDGE_CURVE('', #4164, #4165, #4167, .T.);
#4171 = EDGE_CURVE('', #4165, #4163, #4168, .T.);
#4172 = ORIENTED_EDGE('', *, *, #4169, .T.);
#4173 = ORIENTED_EDGE('', *, *, #4170, .T.);
#4174 = ORIENTED_EDGE('', *, *, #4171, .T.);
#4175 = EDGE_LOOP('', (#4172, #4173, #4174));
#4176 = FACE_BOUND('', #4175, .T.);

/* ==== Hole 245 (row 8, col 4) CW ==== */
#4177 = CARTESIAN_POINT('', (17.000, 29.000, 0.0));
#4178 = CARTESIAN_POINT('', (17.000, 32.000, 0.0));
#4179 = CARTESIAN_POINT('', (20.000, 30.500, 0.0));
#4180 = VERTEX_POINT('', #4177);
#4181 = VERTEX_POINT('', #4178);
#4182 = VERTEX_POINT('', #4179);
#4183 = LINE('', #4177, #6);
#4184 = LINE('', #4178, #6);
#4185 = LINE('', #4179, #6);
#4186 = EDGE_CURVE('', #4180, #4181, #4183, .T.);
#4187 = EDGE_CURVE('', #4181, #4182, #4184, .T.);
#4188 = EDGE_CURVE('', #4182, #4180, #4185, .T.);
#4189 = ORIENTED_EDGE('', *, *, #4186, .T.);
#4190 = ORIENTED_EDGE('', *, *, #4187, .T.);
#4191 = ORIENTED_EDGE('', *, *, #4188, .T.);
#4192 = EDGE_LOOP('', (#4189, #4190, #4191));
#4193 = FACE_BOUND('', #4192, .T.);

/* ==== Hole 246 (row 8, col 5) CW ==== */
#4194 = CARTESIAN_POINT('', (20.000, 29.000, 0.0));
#4195 = CARTESIAN_POINT('', (20.000, 32.000, 0.0));
#4196 = CARTESIAN_POINT('', (23.000, 30.500, 0.0));
#4197 = VERTEX_POINT('', #4194);
#4198 = VERTEX_POINT('', #4195);
#4199 = VERTEX_POINT('', #4196);
#4200 = LINE('', #4194, #6);
#4201 = LINE('', #4195, #6);
#4202 = LINE('', #4196, #6);
#4203 = EDGE_CURVE('', #4197, #4198, #4200, .T.);
#4204 = EDGE_CURVE('', #4198, #4199, #4201, .T.);
#4205 = EDGE_CURVE('', #4199, #4197, #4202, .T.);
#4206 = ORIENTED_EDGE('', *, *, #4203, .T.);
#4207 = ORIENTED_EDGE('', *, *, #4204, .T.);
#4208 = ORIENTED_EDGE('', *, *, #4205, .T.);
#4209 = EDGE_LOOP('', (#4206, #4207, #4208));
#4210 = FACE_BOUND('', #4209, .T.);

/* ==== Hole 247 (row 8, col 6) CW ==== */
#4211 = CARTESIAN_POINT('', (23.000, 29.000, 0.0));
#4212 = CARTESIAN_POINT('', (23.000, 32.000, 0.0));
#4213 = CARTESIAN_POINT('', (26.000, 30.500, 0.0));
#4214 = VERTEX_POINT('', #4211);
#4215 = VERTEX_POINT('', #4212);
#4216 = VERTEX_POINT('', #4213);
#4217 = LINE('', #4211, #6);
#4218 = LINE('', #4212, #6);
#4219 = LINE('', #4213, #6);
#4220 = EDGE_CURVE('', #4214, #4215, #4217, .T.);
#4221 = EDGE_CURVE('', #4215, #4216, #4218, .T.);
#4222 = EDGE_CURVE('', #4216, #4214, #4219, .T.);
#4223 = ORIENTED_EDGE('', *, *, #4220, .T.);
#4224 = ORIENTED_EDGE('', *, *, #4221, .T.);
#4225 = ORIENTED_EDGE('', *, *, #4222, .T.);
#4226 = EDGE_LOOP('', (#4223, #4224, #4225));
#4227 = FACE_BOUND('', #4226, .T.);

/* ==== Hole 248 (row 8, col 7) CW ==== */
#4228 = CARTESIAN_POINT('', (26.000, 29.000, 0.0));
#4229 = CARTESIAN_POINT('', (26.000, 32.000, 0.0));
#4230 = CARTESIAN_POINT('', (29.000, 30.500, 0.0));
#4231 = VERTEX_POINT('', #4228);
#4232 = VERTEX_POINT('', #4229);
#4233 = VERTEX_POINT('', #4230);
#4234 = LINE('', #4228, #6);
#4235 = LINE('', #4229, #6);
#4236 = LINE('', #4230, #6);
#4237 = EDGE_CURVE('', #4231, #4232, #4234, .T.);
#4238 = EDGE_CURVE('', #4232, #4233, #4235, .T.);
#4239 = EDGE_CURVE('', #4233, #4231, #4236, .T.);
#4240 = ORIENTED_EDGE('', *, *, #4237, .T.);
#4241 = ORIENTED_EDGE('', *, *, #4238, .T.);
#4242 = ORIENTED_EDGE('', *, *, #4239, .T.);
#4243 = EDGE_LOOP('', (#4240, #4241, #4242));
#4244 = FACE_BOUND('', #4243, .T.);

/* ==== Hole 249 (row 8, col 8) CW ==== */
#4245 = CARTESIAN_POINT('', (29.000, 29.000, 0.0));
#4246 = CARTESIAN_POINT('', (29.000, 32.000, 0.0));
#4247 = CARTESIAN_POINT('', (32.000, 30.500, 0.0));
#4248 = VERTEX_POINT('', #4245);
#4249 = VERTEX_POINT('', #4246);
#4250 = VERTEX_POINT('', #4247);
#4251 = LINE('', #4245, #6);
#4252 = LINE('', #4246, #6);
#4253 = LINE('', #4247, #6);
#4254 = EDGE_CURVE('', #4248, #4249, #4251, .T.);
#4255 = EDGE_CURVE('', #4249, #4250, #4252, .T.);
#4256 = EDGE_CURVE('', #4250, #4248, #4253, .T.);
#4257 = ORIENTED_EDGE('', *, *, #4254, .T.);
#4258 = ORIENTED_EDGE('', *, *, #4255, .T.);
#4259 = ORIENTED_EDGE('', *, *, #4256, .T.);
#4260 = EDGE_LOOP('', (#4257, #4258, #4259));
#4261 = FACE_BOUND('', #4260, .T.);

/* ==== Hole 250 (row 8, col 9) CW ==== */
#4262 = CARTESIAN_POINT('', (32.000, 29.000, 0.0));
#4263 = CARTESIAN_POINT('', (32.000, 32.000, 0.0));
#4264 = CARTESIAN_POINT('', (35.000, 30.500, 0.0));
#4265 = VERTEX_POINT('', #4262);
#4266 = VERTEX_POINT('', #4263);
#4267 = VERTEX_POINT('', #4264);
#4268 = LINE('', #4262, #6);
#4269 = LINE('', #4263, #6);
#4270 = LINE('', #4264, #6);
#4271 = EDGE_CURVE('', #4265, #4266, #4268, .T.);
#4272 = EDGE_CURVE('', #4266, #4267, #4269, .T.);
#4273 = EDGE_CURVE('', #4267, #4265, #4270, .T.);
#4274 = ORIENTED_EDGE('', *, *, #4271, .T.);
#4275 = ORIENTED_EDGE('', *, *, #4272, .T.);
#4276 = ORIENTED_EDGE('', *, *, #4273, .T.);
#4277 = EDGE_LOOP('', (#4274, #4275, #4276));
#4278 = FACE_BOUND('', #4277, .T.);

/* ==== Hole 251 (row 8, col 10) CW ==== */
#4279 = CARTESIAN_POINT('', (35.000, 29.000, 0.0));
#4280 = CARTESIAN_POINT('', (35.000, 32.000, 0.0));
#4281 = CARTESIAN_POINT('', (38.000, 30.500, 0.0));
#4282 = VERTEX_POINT('', #4279);
#4283 = VERTEX_POINT('', #4280);
#4284 = VERTEX_POINT('', #4281);
#4285 = LINE('', #4279, #6);
#4286 = LINE('', #4280, #6);
#4287 = LINE('', #4281, #6);
#4288 = EDGE_CURVE('', #4282, #4283, #4285, .T.);
#4289 = EDGE_CURVE('', #4283, #4284, #4286, .T.);
#4290 = EDGE_CURVE('', #4284, #4282, #4287, .T.);
#4291 = ORIENTED_EDGE('', *, *, #4288, .T.);
#4292 = ORIENTED_EDGE('', *, *, #4289, .T.);
#4293 = ORIENTED_EDGE('', *, *, #4290, .T.);
#4294 = EDGE_LOOP('', (#4291, #4292, #4293));
#4295 = FACE_BOUND('', #4294, .T.);

/* ==== Hole 252 (row 8, col 11) CW ==== */
#4296 = CARTESIAN_POINT('', (38.000, 29.000, 0.0));
#4297 = CARTESIAN_POINT('', (38.000, 32.000, 0.0));
#4298 = CARTESIAN_POINT('', (41.000, 30.500, 0.0));
#4299 = VERTEX_POINT('', #4296);
#4300 = VERTEX_POINT('', #4297);
#4301 = VERTEX_POINT('', #4298);
#4302 = LINE('', #4296, #6);
#4303 = LINE('', #4297, #6);
#4304 = LINE('', #4298, #6);
#4305 = EDGE_CURVE('', #4299, #4300, #4302, .T.);
#4306 = EDGE_CURVE('', #4300, #4301, #4303, .T.);
#4307 = EDGE_CURVE('', #4301, #4299, #4304, .T.);
#4308 = ORIENTED_EDGE('', *, *, #4305, .T.);
#4309 = ORIENTED_EDGE('', *, *, #4306, .T.);
#4310 = ORIENTED_EDGE('', *, *, #4307, .T.);
#4311 = EDGE_LOOP('', (#4308, #4309, #4310));
#4312 = FACE_BOUND('', #4311, .T.);

/* ==== Hole 253 (row 8, col 12) CW ==== */
#4313 = CARTESIAN_POINT('', (41.000, 29.000, 0.0));
#4314 = CARTESIAN_POINT('', (41.000, 32.000, 0.0));
#4315 = CARTESIAN_POINT('', (44.000, 30.500, 0.0));
#4316 = VERTEX_POINT('', #4313);
#4317 = VERTEX_POINT('', #4314);
#4318 = VERTEX_POINT('', #4315);
#4319 = LINE('', #4313, #6);
#4320 = LINE('', #4314, #6);
#4321 = LINE('', #4315, #6);
#4322 = EDGE_CURVE('', #4316, #4317, #4319, .T.);
#4323 = EDGE_CURVE('', #4317, #4318, #4320, .T.);
#4324 = EDGE_CURVE('', #4318, #4316, #4321, .T.);
#4325 = ORIENTED_EDGE('', *, *, #4322, .T.);
#4326 = ORIENTED_EDGE('', *, *, #4323, .T.);
#4327 = ORIENTED_EDGE('', *, *, #4324, .T.);
#4328 = EDGE_LOOP('', (#4325, #4326, #4327));
#4329 = FACE_BOUND('', #4328, .T.);

/* ==== Hole 254 (row 8, col 13) CW ==== */
#4330 = CARTESIAN_POINT('', (44.000, 29.000, 0.0));
#4331 = CARTESIAN_POINT('', (44.000, 32.000, 0.0));
#4332 = CARTESIAN_POINT('', (47.000, 30.500, 0.0));
#4333 = VERTEX_POINT('', #4330);
#4334 = VERTEX_POINT('', #4331);
#4335 = VERTEX_POINT('', #4332);
#4336 = LINE('', #4330, #6);
#4337 = LINE('', #4331, #6);
#4338 = LINE('', #4332, #6);
#4339 = EDGE_CURVE('', #4333, #4334, #4336, .T.);
#4340 = EDGE_CURVE('', #4334, #4335, #4337, .T.);
#4341 = EDGE_CURVE('', #4335, #4333, #4338, .T.);
#4342 = ORIENTED_EDGE('', *, *, #4339, .T.);
#4343 = ORIENTED_EDGE('', *, *, #4340, .T.);
#4344 = ORIENTED_EDGE('', *, *, #4341, .T.);
#4345 = EDGE_LOOP('', (#4342, #4343, #4344));
#4346 = FACE_BOUND('', #4345, .T.);

/* ==== Hole 255 (row 8, col 14) CW ==== */
#4347 = CARTESIAN_POINT('', (47.000, 29.000, 0.0));
#4348 = CARTESIAN_POINT('', (47.000, 32.000, 0.0));
#4349 = CARTESIAN_POINT('', (50.000, 30.500, 0.0));
#4350 = VERTEX_POINT('', #4347);
#4351 = VERTEX_POINT('', #4348);
#4352 = VERTEX_POINT('', #4349);
#4353 = LINE('', #4347, #6);
#4354 = LINE('', #4348, #6);
#4355 = LINE('', #4349, #6);
#4356 = EDGE_CURVE('', #4350, #4351, #4353, .T.);
#4357 = EDGE_CURVE('', #4351, #4352, #4354, .T.);
#4358 = EDGE_CURVE('', #4352, #4350, #4355, .T.);
#4359 = ORIENTED_EDGE('', *, *, #4356, .T.);
#4360 = ORIENTED_EDGE('', *, *, #4357, .T.);
#4361 = ORIENTED_EDGE('', *, *, #4358, .T.);
#4362 = EDGE_LOOP('', (#4359, #4360, #4361));
#4363 = FACE_BOUND('', #4362, .T.);

/* ==== Hole 256 (row 8, col 15) CW ==== */
#4364 = CARTESIAN_POINT('', (50.000, 29.000, 0.0));
#4365 = CARTESIAN_POINT('', (50.000, 32.000, 0.0));
#4366 = CARTESIAN_POINT('', (53.000, 30.500, 0.0));
#4367 = VERTEX_POINT('', #4364);
#4368 = VERTEX_POINT('', #4365);
#4369 = VERTEX_POINT('', #4366);
#4370 = LINE('', #4364, #6);
#4371 = LINE('', #4365, #6);
#4372 = LINE('', #4366, #6);
#4373 = EDGE_CURVE('', #4367, #4368, #4370, .T.);
#4374 = EDGE_CURVE('', #4368, #4369, #4371, .T.);
#4375 = EDGE_CURVE('', #4369, #4367, #4372, .T.);
#4376 = ORIENTED_EDGE('', *, *, #4373, .T.);
#4377 = ORIENTED_EDGE('', *, *, #4374, .T.);
#4378 = ORIENTED_EDGE('', *, *, #4375, .T.);
#4379 = EDGE_LOOP('', (#4376, #4377, #4378));
#4380 = FACE_BOUND('', #4379, .T.);

/* ==== Hole 257 (row 8, col 16) CW ==== */
#4381 = CARTESIAN_POINT('', (53.000, 29.000, 0.0));
#4382 = CARTESIAN_POINT('', (53.000, 32.000, 0.0));
#4383 = CARTESIAN_POINT('', (56.000, 30.500, 0.0));
#4384 = VERTEX_POINT('', #4381);
#4385 = VERTEX_POINT('', #4382);
#4386 = VERTEX_POINT('', #4383);
#4387 = LINE('', #4381, #6);
#4388 = LINE('', #4382, #6);
#4389 = LINE('', #4383, #6);
#4390 = EDGE_CURVE('', #4384, #4385, #4387, .T.);
#4391 = EDGE_CURVE('', #4385, #4386, #4388, .T.);
#4392 = EDGE_CURVE('', #4386, #4384, #4389, .T.);
#4393 = ORIENTED_EDGE('', *, *, #4390, .T.);
#4394 = ORIENTED_EDGE('', *, *, #4391, .T.);
#4395 = ORIENTED_EDGE('', *, *, #4392, .T.);
#4396 = EDGE_LOOP('', (#4393, #4394, #4395));
#4397 = FACE_BOUND('', #4396, .T.);

/* ==== Hole 258 (row 8, col 17) CW ==== */
#4398 = CARTESIAN_POINT('', (56.000, 29.000, 0.0));
#4399 = CARTESIAN_POINT('', (56.000, 32.000, 0.0));
#4400 = CARTESIAN_POINT('', (59.000, 30.500, 0.0));
#4401 = VERTEX_POINT('', #4398);
#4402 = VERTEX_POINT('', #4399);
#4403 = VERTEX_POINT('', #4400);
#4404 = LINE('', #4398, #6);
#4405 = LINE('', #4399, #6);
#4406 = LINE('', #4400, #6);
#4407 = EDGE_CURVE('', #4401, #4402, #4404, .T.);
#4408 = EDGE_CURVE('', #4402, #4403, #4405, .T.);
#4409 = EDGE_CURVE('', #4403, #4401, #4406, .T.);
#4410 = ORIENTED_EDGE('', *, *, #4407, .T.);
#4411 = ORIENTED_EDGE('', *, *, #4408, .T.);
#4412 = ORIENTED_EDGE('', *, *, #4409, .T.);
#4413 = EDGE_LOOP('', (#4410, #4411, #4412));
#4414 = FACE_BOUND('', #4413, .T.);

/* ==== Hole 259 (row 8, col 18) CW ==== */
#4415 = CARTESIAN_POINT('', (59.000, 29.000, 0.0));
#4416 = CARTESIAN_POINT('', (59.000, 32.000, 0.0));
#4417 = CARTESIAN_POINT('', (62.000, 30.500, 0.0));
#4418 = VERTEX_POINT('', #4415);
#4419 = VERTEX_POINT('', #4416);
#4420 = VERTEX_POINT('', #4417);
#4421 = LINE('', #4415, #6);
#4422 = LINE('', #4416, #6);
#4423 = LINE('', #4417, #6);
#4424 = EDGE_CURVE('', #4418, #4419, #4421, .T.);
#4425 = EDGE_CURVE('', #4419, #4420, #4422, .T.);
#4426 = EDGE_CURVE('', #4420, #4418, #4423, .T.);
#4427 = ORIENTED_EDGE('', *, *, #4424, .T.);
#4428 = ORIENTED_EDGE('', *, *, #4425, .T.);
#4429 = ORIENTED_EDGE('', *, *, #4426, .T.);
#4430 = EDGE_LOOP('', (#4427, #4428, #4429));
#4431 = FACE_BOUND('', #4430, .T.);

/* ==== Hole 260 (row 8, col 19) CW ==== */
#4432 = CARTESIAN_POINT('', (62.000, 29.000, 0.0));
#4433 = CARTESIAN_POINT('', (62.000, 32.000, 0.0));
#4434 = CARTESIAN_POINT('', (65.000, 30.500, 0.0));
#4435 = VERTEX_POINT('', #4432);
#4436 = VERTEX_POINT('', #4433);
#4437 = VERTEX_POINT('', #4434);
#4438 = LINE('', #4432, #6);
#4439 = LINE('', #4433, #6);
#4440 = LINE('', #4434, #6);
#4441 = EDGE_CURVE('', #4435, #4436, #4438, .T.);
#4442 = EDGE_CURVE('', #4436, #4437, #4439, .T.);
#4443 = EDGE_CURVE('', #4437, #4435, #4440, .T.);
#4444 = ORIENTED_EDGE('', *, *, #4441, .T.);
#4445 = ORIENTED_EDGE('', *, *, #4442, .T.);
#4446 = ORIENTED_EDGE('', *, *, #4443, .T.);
#4447 = EDGE_LOOP('', (#4444, #4445, #4446));
#4448 = FACE_BOUND('', #4447, .T.);

/* ==== Hole 261 (row 8, col 20) CW ==== */
#4449 = CARTESIAN_POINT('', (65.000, 29.000, 0.0));
#4450 = CARTESIAN_POINT('', (65.000, 32.000, 0.0));
#4451 = CARTESIAN_POINT('', (68.000, 30.500, 0.0));
#4452 = VERTEX_POINT('', #4449);
#4453 = VERTEX_POINT('', #4450);
#4454 = VERTEX_POINT('', #4451);
#4455 = LINE('', #4449, #6);
#4456 = LINE('', #4450, #6);
#4457 = LINE('', #4451, #6);
#4458 = EDGE_CURVE('', #4452, #4453, #4455, .T.);
#4459 = EDGE_CURVE('', #4453, #4454, #4456, .T.);
#4460 = EDGE_CURVE('', #4454, #4452, #4457, .T.);
#4461 = ORIENTED_EDGE('', *, *, #4458, .T.);
#4462 = ORIENTED_EDGE('', *, *, #4459, .T.);
#4463 = ORIENTED_EDGE('', *, *, #4460, .T.);
#4464 = EDGE_LOOP('', (#4461, #4462, #4463));
#4465 = FACE_BOUND('', #4464, .T.);

/* ==== Hole 262 (row 8, col 21) CW ==== */
#4466 = CARTESIAN_POINT('', (68.000, 29.000, 0.0));
#4467 = CARTESIAN_POINT('', (68.000, 32.000, 0.0));
#4468 = CARTESIAN_POINT('', (71.000, 30.500, 0.0));
#4469 = VERTEX_POINT('', #4466);
#4470 = VERTEX_POINT('', #4467);
#4471 = VERTEX_POINT('', #4468);
#4472 = LINE('', #4466, #6);
#4473 = LINE('', #4467, #6);
#4474 = LINE('', #4468, #6);
#4475 = EDGE_CURVE('', #4469, #4470, #4472, .T.);
#4476 = EDGE_CURVE('', #4470, #4471, #4473, .T.);
#4477 = EDGE_CURVE('', #4471, #4469, #4474, .T.);
#4478 = ORIENTED_EDGE('', *, *, #4475, .T.);
#4479 = ORIENTED_EDGE('', *, *, #4476, .T.);
#4480 = ORIENTED_EDGE('', *, *, #4477, .T.);
#4481 = EDGE_LOOP('', (#4478, #4479, #4480));
#4482 = FACE_BOUND('', #4481, .T.);

/* ==== Hole 263 (row 8, col 22) CW ==== */
#4483 = CARTESIAN_POINT('', (71.000, 29.000, 0.0));
#4484 = CARTESIAN_POINT('', (71.000, 32.000, 0.0));
#4485 = CARTESIAN_POINT('', (74.000, 30.500, 0.0));
#4486 = VERTEX_POINT('', #4483);
#4487 = VERTEX_POINT('', #4484);
#4488 = VERTEX_POINT('', #4485);
#4489 = LINE('', #4483, #6);
#4490 = LINE('', #4484, #6);
#4491 = LINE('', #4485, #6);
#4492 = EDGE_CURVE('', #4486, #4487, #4489, .T.);
#4493 = EDGE_CURVE('', #4487, #4488, #4490, .T.);
#4494 = EDGE_CURVE('', #4488, #4486, #4491, .T.);
#4495 = ORIENTED_EDGE('', *, *, #4492, .T.);
#4496 = ORIENTED_EDGE('', *, *, #4493, .T.);
#4497 = ORIENTED_EDGE('', *, *, #4494, .T.);
#4498 = EDGE_LOOP('', (#4495, #4496, #4497));
#4499 = FACE_BOUND('', #4498, .T.);

/* ==== Hole 264 (row 8, col 23) CW ==== */
#4500 = CARTESIAN_POINT('', (74.000, 29.000, 0.0));
#4501 = CARTESIAN_POINT('', (74.000, 32.000, 0.0));
#4502 = CARTESIAN_POINT('', (77.000, 30.500, 0.0));
#4503 = VERTEX_POINT('', #4500);
#4504 = VERTEX_POINT('', #4501);
#4505 = VERTEX_POINT('', #4502);
#4506 = LINE('', #4500, #6);
#4507 = LINE('', #4501, #6);
#4508 = LINE('', #4502, #6);
#4509 = EDGE_CURVE('', #4503, #4504, #4506, .T.);
#4510 = EDGE_CURVE('', #4504, #4505, #4507, .T.);
#4511 = EDGE_CURVE('', #4505, #4503, #4508, .T.);
#4512 = ORIENTED_EDGE('', *, *, #4509, .T.);
#4513 = ORIENTED_EDGE('', *, *, #4510, .T.);
#4514 = ORIENTED_EDGE('', *, *, #4511, .T.);
#4515 = EDGE_LOOP('', (#4512, #4513, #4514));
#4516 = FACE_BOUND('', #4515, .T.);

/* ==== Hole 265 (row 8, col 24) CW ==== */
#4517 = CARTESIAN_POINT('', (77.000, 29.000, 0.0));
#4518 = CARTESIAN_POINT('', (77.000, 32.000, 0.0));
#4519 = CARTESIAN_POINT('', (80.000, 30.500, 0.0));
#4520 = VERTEX_POINT('', #4517);
#4521 = VERTEX_POINT('', #4518);
#4522 = VERTEX_POINT('', #4519);
#4523 = LINE('', #4517, #6);
#4524 = LINE('', #4518, #6);
#4525 = LINE('', #4519, #6);
#4526 = EDGE_CURVE('', #4520, #4521, #4523, .T.);
#4527 = EDGE_CURVE('', #4521, #4522, #4524, .T.);
#4528 = EDGE_CURVE('', #4522, #4520, #4525, .T.);
#4529 = ORIENTED_EDGE('', *, *, #4526, .T.);
#4530 = ORIENTED_EDGE('', *, *, #4527, .T.);
#4531 = ORIENTED_EDGE('', *, *, #4528, .T.);
#4532 = EDGE_LOOP('', (#4529, #4530, #4531));
#4533 = FACE_BOUND('', #4532, .T.);

/* ==== Hole 266 (row 8, col 25) CW ==== */
#4534 = CARTESIAN_POINT('', (80.000, 29.000, 0.0));
#4535 = CARTESIAN_POINT('', (80.000, 32.000, 0.0));
#4536 = CARTESIAN_POINT('', (83.000, 30.500, 0.0));
#4537 = VERTEX_POINT('', #4534);
#4538 = VERTEX_POINT('', #4535);
#4539 = VERTEX_POINT('', #4536);
#4540 = LINE('', #4534, #6);
#4541 = LINE('', #4535, #6);
#4542 = LINE('', #4536, #6);
#4543 = EDGE_CURVE('', #4537, #4538, #4540, .T.);
#4544 = EDGE_CURVE('', #4538, #4539, #4541, .T.);
#4545 = EDGE_CURVE('', #4539, #4537, #4542, .T.);
#4546 = ORIENTED_EDGE('', *, *, #4543, .T.);
#4547 = ORIENTED_EDGE('', *, *, #4544, .T.);
#4548 = ORIENTED_EDGE('', *, *, #4545, .T.);
#4549 = EDGE_LOOP('', (#4546, #4547, #4548));
#4550 = FACE_BOUND('', #4549, .T.);

/* ==== Hole 267 (row 8, col 26) CW ==== */
#4551 = CARTESIAN_POINT('', (83.000, 29.000, 0.0));
#4552 = CARTESIAN_POINT('', (83.000, 32.000, 0.0));
#4553 = CARTESIAN_POINT('', (86.000, 30.500, 0.0));
#4554 = VERTEX_POINT('', #4551);
#4555 = VERTEX_POINT('', #4552);
#4556 = VERTEX_POINT('', #4553);
#4557 = LINE('', #4551, #6);
#4558 = LINE('', #4552, #6);
#4559 = LINE('', #4553, #6);
#4560 = EDGE_CURVE('', #4554, #4555, #4557, .T.);
#4561 = EDGE_CURVE('', #4555, #4556, #4558, .T.);
#4562 = EDGE_CURVE('', #4556, #4554, #4559, .T.);
#4563 = ORIENTED_EDGE('', *, *, #4560, .T.);
#4564 = ORIENTED_EDGE('', *, *, #4561, .T.);
#4565 = ORIENTED_EDGE('', *, *, #4562, .T.);
#4566 = EDGE_LOOP('', (#4563, #4564, #4565));
#4567 = FACE_BOUND('', #4566, .T.);

/* ==== Hole 268 (row 8, col 27) CW ==== */
#4568 = CARTESIAN_POINT('', (86.000, 29.000, 0.0));
#4569 = CARTESIAN_POINT('', (86.000, 32.000, 0.0));
#4570 = CARTESIAN_POINT('', (89.000, 30.500, 0.0));
#4571 = VERTEX_POINT('', #4568);
#4572 = VERTEX_POINT('', #4569);
#4573 = VERTEX_POINT('', #4570);
#4574 = LINE('', #4568, #6);
#4575 = LINE('', #4569, #6);
#4576 = LINE('', #4570, #6);
#4577 = EDGE_CURVE('', #4571, #4572, #4574, .T.);
#4578 = EDGE_CURVE('', #4572, #4573, #4575, .T.);
#4579 = EDGE_CURVE('', #4573, #4571, #4576, .T.);
#4580 = ORIENTED_EDGE('', *, *, #4577, .T.);
#4581 = ORIENTED_EDGE('', *, *, #4578, .T.);
#4582 = ORIENTED_EDGE('', *, *, #4579, .T.);
#4583 = EDGE_LOOP('', (#4580, #4581, #4582));
#4584 = FACE_BOUND('', #4583, .T.);

/* ==== Hole 269 (row 8, col 28) CW ==== */
#4585 = CARTESIAN_POINT('', (89.000, 29.000, 0.0));
#4586 = CARTESIAN_POINT('', (89.000, 32.000, 0.0));
#4587 = CARTESIAN_POINT('', (92.000, 30.500, 0.0));
#4588 = VERTEX_POINT('', #4585);
#4589 = VERTEX_POINT('', #4586);
#4590 = VERTEX_POINT('', #4587);
#4591 = LINE('', #4585, #6);
#4592 = LINE('', #4586, #6);
#4593 = LINE('', #4587, #6);
#4594 = EDGE_CURVE('', #4588, #4589, #4591, .T.);
#4595 = EDGE_CURVE('', #4589, #4590, #4592, .T.);
#4596 = EDGE_CURVE('', #4590, #4588, #4593, .T.);
#4597 = ORIENTED_EDGE('', *, *, #4594, .T.);
#4598 = ORIENTED_EDGE('', *, *, #4595, .T.);
#4599 = ORIENTED_EDGE('', *, *, #4596, .T.);
#4600 = EDGE_LOOP('', (#4597, #4598, #4599));
#4601 = FACE_BOUND('', #4600, .T.);

/* ==== Hole 270 (row 8, col 29) CW ==== */
#4602 = CARTESIAN_POINT('', (92.000, 29.000, 0.0));
#4603 = CARTESIAN_POINT('', (92.000, 32.000, 0.0));
#4604 = CARTESIAN_POINT('', (95.000, 30.500, 0.0));
#4605 = VERTEX_POINT('', #4602);
#4606 = VERTEX_POINT('', #4603);
#4607 = VERTEX_POINT('', #4604);
#4608 = LINE('', #4602, #6);
#4609 = LINE('', #4603, #6);
#4610 = LINE('', #4604, #6);
#4611 = EDGE_CURVE('', #4605, #4606, #4608, .T.);
#4612 = EDGE_CURVE('', #4606, #4607, #4609, .T.);
#4613 = EDGE_CURVE('', #4607, #4605, #4610, .T.);
#4614 = ORIENTED_EDGE('', *, *, #4611, .T.);
#4615 = ORIENTED_EDGE('', *, *, #4612, .T.);
#4616 = ORIENTED_EDGE('', *, *, #4613, .T.);
#4617 = EDGE_LOOP('', (#4614, #4615, #4616));
#4618 = FACE_BOUND('', #4617, .T.);

/* ==== Hole 271 (row 9, col 0) CW ==== */
#4619 = CARTESIAN_POINT('', (5.000, 32.000, 0.0));
#4620 = CARTESIAN_POINT('', (5.000, 35.000, 0.0));
#4621 = CARTESIAN_POINT('', (8.000, 33.500, 0.0));
#4622 = VERTEX_POINT('', #4619);
#4623 = VERTEX_POINT('', #4620);
#4624 = VERTEX_POINT('', #4621);
#4625 = LINE('', #4619, #6);
#4626 = LINE('', #4620, #6);
#4627 = LINE('', #4621, #6);
#4628 = EDGE_CURVE('', #4622, #4623, #4625, .T.);
#4629 = EDGE_CURVE('', #4623, #4624, #4626, .T.);
#4630 = EDGE_CURVE('', #4624, #4622, #4627, .T.);
#4631 = ORIENTED_EDGE('', *, *, #4628, .T.);
#4632 = ORIENTED_EDGE('', *, *, #4629, .T.);
#4633 = ORIENTED_EDGE('', *, *, #4630, .T.);
#4634 = EDGE_LOOP('', (#4631, #4632, #4633));
#4635 = FACE_BOUND('', #4634, .T.);

/* ==== Hole 272 (row 9, col 1) CW ==== */
#4636 = CARTESIAN_POINT('', (8.000, 32.000, 0.0));
#4637 = CARTESIAN_POINT('', (8.000, 35.000, 0.0));
#4638 = CARTESIAN_POINT('', (11.000, 33.500, 0.0));
#4639 = VERTEX_POINT('', #4636);
#4640 = VERTEX_POINT('', #4637);
#4641 = VERTEX_POINT('', #4638);
#4642 = LINE('', #4636, #6);
#4643 = LINE('', #4637, #6);
#4644 = LINE('', #4638, #6);
#4645 = EDGE_CURVE('', #4639, #4640, #4642, .T.);
#4646 = EDGE_CURVE('', #4640, #4641, #4643, .T.);
#4647 = EDGE_CURVE('', #4641, #4639, #4644, .T.);
#4648 = ORIENTED_EDGE('', *, *, #4645, .T.);
#4649 = ORIENTED_EDGE('', *, *, #4646, .T.);
#4650 = ORIENTED_EDGE('', *, *, #4647, .T.);
#4651 = EDGE_LOOP('', (#4648, #4649, #4650));
#4652 = FACE_BOUND('', #4651, .T.);

/* ==== Hole 273 (row 9, col 2) CW ==== */
#4653 = CARTESIAN_POINT('', (11.000, 32.000, 0.0));
#4654 = CARTESIAN_POINT('', (11.000, 35.000, 0.0));
#4655 = CARTESIAN_POINT('', (14.000, 33.500, 0.0));
#4656 = VERTEX_POINT('', #4653);
#4657 = VERTEX_POINT('', #4654);
#4658 = VERTEX_POINT('', #4655);
#4659 = LINE('', #4653, #6);
#4660 = LINE('', #4654, #6);
#4661 = LINE('', #4655, #6);
#4662 = EDGE_CURVE('', #4656, #4657, #4659, .T.);
#4663 = EDGE_CURVE('', #4657, #4658, #4660, .T.);
#4664 = EDGE_CURVE('', #4658, #4656, #4661, .T.);
#4665 = ORIENTED_EDGE('', *, *, #4662, .T.);
#4666 = ORIENTED_EDGE('', *, *, #4663, .T.);
#4667 = ORIENTED_EDGE('', *, *, #4664, .T.);
#4668 = EDGE_LOOP('', (#4665, #4666, #4667));
#4669 = FACE_BOUND('', #4668, .T.);

/* ==== Hole 274 (row 9, col 3) CW ==== */
#4670 = CARTESIAN_POINT('', (14.000, 32.000, 0.0));
#4671 = CARTESIAN_POINT('', (14.000, 35.000, 0.0));
#4672 = CARTESIAN_POINT('', (17.000, 33.500, 0.0));
#4673 = VERTEX_POINT('', #4670);
#4674 = VERTEX_POINT('', #4671);
#4675 = VERTEX_POINT('', #4672);
#4676 = LINE('', #4670, #6);
#4677 = LINE('', #4671, #6);
#4678 = LINE('', #4672, #6);
#4679 = EDGE_CURVE('', #4673, #4674, #4676, .T.);
#4680 = EDGE_CURVE('', #4674, #4675, #4677, .T.);
#4681 = EDGE_CURVE('', #4675, #4673, #4678, .T.);
#4682 = ORIENTED_EDGE('', *, *, #4679, .T.);
#4683 = ORIENTED_EDGE('', *, *, #4680, .T.);
#4684 = ORIENTED_EDGE('', *, *, #4681, .T.);
#4685 = EDGE_LOOP('', (#4682, #4683, #4684));
#4686 = FACE_BOUND('', #4685, .T.);

/* ==== Hole 275 (row 9, col 4) CW ==== */
#4687 = CARTESIAN_POINT('', (17.000, 32.000, 0.0));
#4688 = CARTESIAN_POINT('', (17.000, 35.000, 0.0));
#4689 = CARTESIAN_POINT('', (20.000, 33.500, 0.0));
#4690 = VERTEX_POINT('', #4687);
#4691 = VERTEX_POINT('', #4688);
#4692 = VERTEX_POINT('', #4689);
#4693 = LINE('', #4687, #6);
#4694 = LINE('', #4688, #6);
#4695 = LINE('', #4689, #6);
#4696 = EDGE_CURVE('', #4690, #4691, #4693, .T.);
#4697 = EDGE_CURVE('', #4691, #4692, #4694, .T.);
#4698 = EDGE_CURVE('', #4692, #4690, #4695, .T.);
#4699 = ORIENTED_EDGE('', *, *, #4696, .T.);
#4700 = ORIENTED_EDGE('', *, *, #4697, .T.);
#4701 = ORIENTED_EDGE('', *, *, #4698, .T.);
#4702 = EDGE_LOOP('', (#4699, #4700, #4701));
#4703 = FACE_BOUND('', #4702, .T.);

/* ==== Hole 276 (row 9, col 5) CW ==== */
#4704 = CARTESIAN_POINT('', (20.000, 32.000, 0.0));
#4705 = CARTESIAN_POINT('', (20.000, 35.000, 0.0));
#4706 = CARTESIAN_POINT('', (23.000, 33.500, 0.0));
#4707 = VERTEX_POINT('', #4704);
#4708 = VERTEX_POINT('', #4705);
#4709 = VERTEX_POINT('', #4706);
#4710 = LINE('', #4704, #6);
#4711 = LINE('', #4705, #6);
#4712 = LINE('', #4706, #6);
#4713 = EDGE_CURVE('', #4707, #4708, #4710, .T.);
#4714 = EDGE_CURVE('', #4708, #4709, #4711, .T.);
#4715 = EDGE_CURVE('', #4709, #4707, #4712, .T.);
#4716 = ORIENTED_EDGE('', *, *, #4713, .T.);
#4717 = ORIENTED_EDGE('', *, *, #4714, .T.);
#4718 = ORIENTED_EDGE('', *, *, #4715, .T.);
#4719 = EDGE_LOOP('', (#4716, #4717, #4718));
#4720 = FACE_BOUND('', #4719, .T.);

/* ==== Hole 277 (row 9, col 6) CW ==== */
#4721 = CARTESIAN_POINT('', (23.000, 32.000, 0.0));
#4722 = CARTESIAN_POINT('', (23.000, 35.000, 0.0));
#4723 = CARTESIAN_POINT('', (26.000, 33.500, 0.0));
#4724 = VERTEX_POINT('', #4721);
#4725 = VERTEX_POINT('', #4722);
#4726 = VERTEX_POINT('', #4723);
#4727 = LINE('', #4721, #6);
#4728 = LINE('', #4722, #6);
#4729 = LINE('', #4723, #6);
#4730 = EDGE_CURVE('', #4724, #4725, #4727, .T.);
#4731 = EDGE_CURVE('', #4725, #4726, #4728, .T.);
#4732 = EDGE_CURVE('', #4726, #4724, #4729, .T.);
#4733 = ORIENTED_EDGE('', *, *, #4730, .T.);
#4734 = ORIENTED_EDGE('', *, *, #4731, .T.);
#4735 = ORIENTED_EDGE('', *, *, #4732, .T.);
#4736 = EDGE_LOOP('', (#4733, #4734, #4735));
#4737 = FACE_BOUND('', #4736, .T.);

/* ==== Hole 278 (row 9, col 7) CW ==== */
#4738 = CARTESIAN_POINT('', (26.000, 32.000, 0.0));
#4739 = CARTESIAN_POINT('', (26.000, 35.000, 0.0));
#4740 = CARTESIAN_POINT('', (29.000, 33.500, 0.0));
#4741 = VERTEX_POINT('', #4738);
#4742 = VERTEX_POINT('', #4739);
#4743 = VERTEX_POINT('', #4740);
#4744 = LINE('', #4738, #6);
#4745 = LINE('', #4739, #6);
#4746 = LINE('', #4740, #6);
#4747 = EDGE_CURVE('', #4741, #4742, #4744, .T.);
#4748 = EDGE_CURVE('', #4742, #4743, #4745, .T.);
#4749 = EDGE_CURVE('', #4743, #4741, #4746, .T.);
#4750 = ORIENTED_EDGE('', *, *, #4747, .T.);
#4751 = ORIENTED_EDGE('', *, *, #4748, .T.);
#4752 = ORIENTED_EDGE('', *, *, #4749, .T.);
#4753 = EDGE_LOOP('', (#4750, #4751, #4752));
#4754 = FACE_BOUND('', #4753, .T.);

/* ==== Hole 279 (row 9, col 8) CW ==== */
#4755 = CARTESIAN_POINT('', (29.000, 32.000, 0.0));
#4756 = CARTESIAN_POINT('', (29.000, 35.000, 0.0));
#4757 = CARTESIAN_POINT('', (32.000, 33.500, 0.0));
#4758 = VERTEX_POINT('', #4755);
#4759 = VERTEX_POINT('', #4756);
#4760 = VERTEX_POINT('', #4757);
#4761 = LINE('', #4755, #6);
#4762 = LINE('', #4756, #6);
#4763 = LINE('', #4757, #6);
#4764 = EDGE_CURVE('', #4758, #4759, #4761, .T.);
#4765 = EDGE_CURVE('', #4759, #4760, #4762, .T.);
#4766 = EDGE_CURVE('', #4760, #4758, #4763, .T.);
#4767 = ORIENTED_EDGE('', *, *, #4764, .T.);
#4768 = ORIENTED_EDGE('', *, *, #4765, .T.);
#4769 = ORIENTED_EDGE('', *, *, #4766, .T.);
#4770 = EDGE_LOOP('', (#4767, #4768, #4769));
#4771 = FACE_BOUND('', #4770, .T.);

/* ==== Hole 280 (row 9, col 9) CW ==== */
#4772 = CARTESIAN_POINT('', (32.000, 32.000, 0.0));
#4773 = CARTESIAN_POINT('', (32.000, 35.000, 0.0));
#4774 = CARTESIAN_POINT('', (35.000, 33.500, 0.0));
#4775 = VERTEX_POINT('', #4772);
#4776 = VERTEX_POINT('', #4773);
#4777 = VERTEX_POINT('', #4774);
#4778 = LINE('', #4772, #6);
#4779 = LINE('', #4773, #6);
#4780 = LINE('', #4774, #6);
#4781 = EDGE_CURVE('', #4775, #4776, #4778, .T.);
#4782 = EDGE_CURVE('', #4776, #4777, #4779, .T.);
#4783 = EDGE_CURVE('', #4777, #4775, #4780, .T.);
#4784 = ORIENTED_EDGE('', *, *, #4781, .T.);
#4785 = ORIENTED_EDGE('', *, *, #4782, .T.);
#4786 = ORIENTED_EDGE('', *, *, #4783, .T.);
#4787 = EDGE_LOOP('', (#4784, #4785, #4786));
#4788 = FACE_BOUND('', #4787, .T.);

/* ==== Hole 281 (row 9, col 10) CW ==== */
#4789 = CARTESIAN_POINT('', (35.000, 32.000, 0.0));
#4790 = CARTESIAN_POINT('', (35.000, 35.000, 0.0));
#4791 = CARTESIAN_POINT('', (38.000, 33.500, 0.0));
#4792 = VERTEX_POINT('', #4789);
#4793 = VERTEX_POINT('', #4790);
#4794 = VERTEX_POINT('', #4791);
#4795 = LINE('', #4789, #6);
#4796 = LINE('', #4790, #6);
#4797 = LINE('', #4791, #6);
#4798 = EDGE_CURVE('', #4792, #4793, #4795, .T.);
#4799 = EDGE_CURVE('', #4793, #4794, #4796, .T.);
#4800 = EDGE_CURVE('', #4794, #4792, #4797, .T.);
#4801 = ORIENTED_EDGE('', *, *, #4798, .T.);
#4802 = ORIENTED_EDGE('', *, *, #4799, .T.);
#4803 = ORIENTED_EDGE('', *, *, #4800, .T.);
#4804 = EDGE_LOOP('', (#4801, #4802, #4803));
#4805 = FACE_BOUND('', #4804, .T.);

/* ==== Hole 282 (row 9, col 11) CW ==== */
#4806 = CARTESIAN_POINT('', (38.000, 32.000, 0.0));
#4807 = CARTESIAN_POINT('', (38.000, 35.000, 0.0));
#4808 = CARTESIAN_POINT('', (41.000, 33.500, 0.0));
#4809 = VERTEX_POINT('', #4806);
#4810 = VERTEX_POINT('', #4807);
#4811 = VERTEX_POINT('', #4808);
#4812 = LINE('', #4806, #6);
#4813 = LINE('', #4807, #6);
#4814 = LINE('', #4808, #6);
#4815 = EDGE_CURVE('', #4809, #4810, #4812, .T.);
#4816 = EDGE_CURVE('', #4810, #4811, #4813, .T.);
#4817 = EDGE_CURVE('', #4811, #4809, #4814, .T.);
#4818 = ORIENTED_EDGE('', *, *, #4815, .T.);
#4819 = ORIENTED_EDGE('', *, *, #4816, .T.);
#4820 = ORIENTED_EDGE('', *, *, #4817, .T.);
#4821 = EDGE_LOOP('', (#4818, #4819, #4820));
#4822 = FACE_BOUND('', #4821, .T.);

/* ==== Hole 283 (row 9, col 12) CW ==== */
#4823 = CARTESIAN_POINT('', (41.000, 32.000, 0.0));
#4824 = CARTESIAN_POINT('', (41.000, 35.000, 0.0));
#4825 = CARTESIAN_POINT('', (44.000, 33.500, 0.0));
#4826 = VERTEX_POINT('', #4823);
#4827 = VERTEX_POINT('', #4824);
#4828 = VERTEX_POINT('', #4825);
#4829 = LINE('', #4823, #6);
#4830 = LINE('', #4824, #6);
#4831 = LINE('', #4825, #6);
#4832 = EDGE_CURVE('', #4826, #4827, #4829, .T.);
#4833 = EDGE_CURVE('', #4827, #4828, #4830, .T.);
#4834 = EDGE_CURVE('', #4828, #4826, #4831, .T.);
#4835 = ORIENTED_EDGE('', *, *, #4832, .T.);
#4836 = ORIENTED_EDGE('', *, *, #4833, .T.);
#4837 = ORIENTED_EDGE('', *, *, #4834, .T.);
#4838 = EDGE_LOOP('', (#4835, #4836, #4837));
#4839 = FACE_BOUND('', #4838, .T.);

/* ==== Hole 284 (row 9, col 13) CW ==== */
#4840 = CARTESIAN_POINT('', (44.000, 32.000, 0.0));
#4841 = CARTESIAN_POINT('', (44.000, 35.000, 0.0));
#4842 = CARTESIAN_POINT('', (47.000, 33.500, 0.0));
#4843 = VERTEX_POINT('', #4840);
#4844 = VERTEX_POINT('', #4841);
#4845 = VERTEX_POINT('', #4842);
#4846 = LINE('', #4840, #6);
#4847 = LINE('', #4841, #6);
#4848 = LINE('', #4842, #6);
#4849 = EDGE_CURVE('', #4843, #4844, #4846, .T.);
#4850 = EDGE_CURVE('', #4844, #4845, #4847, .T.);
#4851 = EDGE_CURVE('', #4845, #4843, #4848, .T.);
#4852 = ORIENTED_EDGE('', *, *, #4849, .T.);
#4853 = ORIENTED_EDGE('', *, *, #4850, .T.);
#4854 = ORIENTED_EDGE('', *, *, #4851, .T.);
#4855 = EDGE_LOOP('', (#4852, #4853, #4854));
#4856 = FACE_BOUND('', #4855, .T.);

/* ==== Hole 285 (row 9, col 14) CW ==== */
#4857 = CARTESIAN_POINT('', (47.000, 32.000, 0.0));
#4858 = CARTESIAN_POINT('', (47.000, 35.000, 0.0));
#4859 = CARTESIAN_POINT('', (50.000, 33.500, 0.0));
#4860 = VERTEX_POINT('', #4857);
#4861 = VERTEX_POINT('', #4858);
#4862 = VERTEX_POINT('', #4859);
#4863 = LINE('', #4857, #6);
#4864 = LINE('', #4858, #6);
#4865 = LINE('', #4859, #6);
#4866 = EDGE_CURVE('', #4860, #4861, #4863, .T.);
#4867 = EDGE_CURVE('', #4861, #4862, #4864, .T.);
#4868 = EDGE_CURVE('', #4862, #4860, #4865, .T.);
#4869 = ORIENTED_EDGE('', *, *, #4866, .T.);
#4870 = ORIENTED_EDGE('', *, *, #4867, .T.);
#4871 = ORIENTED_EDGE('', *, *, #4868, .T.);
#4872 = EDGE_LOOP('', (#4869, #4870, #4871));
#4873 = FACE_BOUND('', #4872, .T.);

/* ==== Hole 286 (row 9, col 15) CW ==== */
#4874 = CARTESIAN_POINT('', (50.000, 32.000, 0.0));
#4875 = CARTESIAN_POINT('', (50.000, 35.000, 0.0));
#4876 = CARTESIAN_POINT('', (53.000, 33.500, 0.0));
#4877 = VERTEX_POINT('', #4874);
#4878 = VERTEX_POINT('', #4875);
#4879 = VERTEX_POINT('', #4876);
#4880 = LINE('', #4874, #6);
#4881 = LINE('', #4875, #6);
#4882 = LINE('', #4876, #6);
#4883 = EDGE_CURVE('', #4877, #4878, #4880, .T.);
#4884 = EDGE_CURVE('', #4878, #4879, #4881, .T.);
#4885 = EDGE_CURVE('', #4879, #4877, #4882, .T.);
#4886 = ORIENTED_EDGE('', *, *, #4883, .T.);
#4887 = ORIENTED_EDGE('', *, *, #4884, .T.);
#4888 = ORIENTED_EDGE('', *, *, #4885, .T.);
#4889 = EDGE_LOOP('', (#4886, #4887, #4888));
#4890 = FACE_BOUND('', #4889, .T.);

/* ==== Hole 287 (row 9, col 16) CW ==== */
#4891 = CARTESIAN_POINT('', (53.000, 32.000, 0.0));
#4892 = CARTESIAN_POINT('', (53.000, 35.000, 0.0));
#4893 = CARTESIAN_POINT('', (56.000, 33.500, 0.0));
#4894 = VERTEX_POINT('', #4891);
#4895 = VERTEX_POINT('', #4892);
#4896 = VERTEX_POINT('', #4893);
#4897 = LINE('', #4891, #6);
#4898 = LINE('', #4892, #6);
#4899 = LINE('', #4893, #6);
#4900 = EDGE_CURVE('', #4894, #4895, #4897, .T.);
#4901 = EDGE_CURVE('', #4895, #4896, #4898, .T.);
#4902 = EDGE_CURVE('', #4896, #4894, #4899, .T.);
#4903 = ORIENTED_EDGE('', *, *, #4900, .T.);
#4904 = ORIENTED_EDGE('', *, *, #4901, .T.);
#4905 = ORIENTED_EDGE('', *, *, #4902, .T.);
#4906 = EDGE_LOOP('', (#4903, #4904, #4905));
#4907 = FACE_BOUND('', #4906, .T.);

/* ==== Hole 288 (row 9, col 17) CW ==== */
#4908 = CARTESIAN_POINT('', (56.000, 32.000, 0.0));
#4909 = CARTESIAN_POINT('', (56.000, 35.000, 0.0));
#4910 = CARTESIAN_POINT('', (59.000, 33.500, 0.0));
#4911 = VERTEX_POINT('', #4908);
#4912 = VERTEX_POINT('', #4909);
#4913 = VERTEX_POINT('', #4910);
#4914 = LINE('', #4908, #6);
#4915 = LINE('', #4909, #6);
#4916 = LINE('', #4910, #6);
#4917 = EDGE_CURVE('', #4911, #4912, #4914, .T.);
#4918 = EDGE_CURVE('', #4912, #4913, #4915, .T.);
#4919 = EDGE_CURVE('', #4913, #4911, #4916, .T.);
#4920 = ORIENTED_EDGE('', *, *, #4917, .T.);
#4921 = ORIENTED_EDGE('', *, *, #4918, .T.);
#4922 = ORIENTED_EDGE('', *, *, #4919, .T.);
#4923 = EDGE_LOOP('', (#4920, #4921, #4922));
#4924 = FACE_BOUND('', #4923, .T.);

/* ==== Hole 289 (row 9, col 18) CW ==== */
#4925 = CARTESIAN_POINT('', (59.000, 32.000, 0.0));
#4926 = CARTESIAN_POINT('', (59.000, 35.000, 0.0));
#4927 = CARTESIAN_POINT('', (62.000, 33.500, 0.0));
#4928 = VERTEX_POINT('', #4925);
#4929 = VERTEX_POINT('', #4926);
#4930 = VERTEX_POINT('', #4927);
#4931 = LINE('', #4925, #6);
#4932 = LINE('', #4926, #6);
#4933 = LINE('', #4927, #6);
#4934 = EDGE_CURVE('', #4928, #4929, #4931, .T.);
#4935 = EDGE_CURVE('', #4929, #4930, #4932, .T.);
#4936 = EDGE_CURVE('', #4930, #4928, #4933, .T.);
#4937 = ORIENTED_EDGE('', *, *, #4934, .T.);
#4938 = ORIENTED_EDGE('', *, *, #4935, .T.);
#4939 = ORIENTED_EDGE('', *, *, #4936, .T.);
#4940 = EDGE_LOOP('', (#4937, #4938, #4939));
#4941 = FACE_BOUND('', #4940, .T.);

/* ==== Hole 290 (row 9, col 19) CW ==== */
#4942 = CARTESIAN_POINT('', (62.000, 32.000, 0.0));
#4943 = CARTESIAN_POINT('', (62.000, 35.000, 0.0));
#4944 = CARTESIAN_POINT('', (65.000, 33.500, 0.0));
#4945 = VERTEX_POINT('', #4942);
#4946 = VERTEX_POINT('', #4943);
#4947 = VERTEX_POINT('', #4944);
#4948 = LINE('', #4942, #6);
#4949 = LINE('', #4943, #6);
#4950 = LINE('', #4944, #6);
#4951 = EDGE_CURVE('', #4945, #4946, #4948, .T.);
#4952 = EDGE_CURVE('', #4946, #4947, #4949, .T.);
#4953 = EDGE_CURVE('', #4947, #4945, #4950, .T.);
#4954 = ORIENTED_EDGE('', *, *, #4951, .T.);
#4955 = ORIENTED_EDGE('', *, *, #4952, .T.);
#4956 = ORIENTED_EDGE('', *, *, #4953, .T.);
#4957 = EDGE_LOOP('', (#4954, #4955, #4956));
#4958 = FACE_BOUND('', #4957, .T.);

/* ==== Hole 291 (row 9, col 20) CW ==== */
#4959 = CARTESIAN_POINT('', (65.000, 32.000, 0.0));
#4960 = CARTESIAN_POINT('', (65.000, 35.000, 0.0));
#4961 = CARTESIAN_POINT('', (68.000, 33.500, 0.0));
#4962 = VERTEX_POINT('', #4959);
#4963 = VERTEX_POINT('', #4960);
#4964 = VERTEX_POINT('', #4961);
#4965 = LINE('', #4959, #6);
#4966 = LINE('', #4960, #6);
#4967 = LINE('', #4961, #6);
#4968 = EDGE_CURVE('', #4962, #4963, #4965, .T.);
#4969 = EDGE_CURVE('', #4963, #4964, #4966, .T.);
#4970 = EDGE_CURVE('', #4964, #4962, #4967, .T.);
#4971 = ORIENTED_EDGE('', *, *, #4968, .T.);
#4972 = ORIENTED_EDGE('', *, *, #4969, .T.);
#4973 = ORIENTED_EDGE('', *, *, #4970, .T.);
#4974 = EDGE_LOOP('', (#4971, #4972, #4973));
#4975 = FACE_BOUND('', #4974, .T.);

/* ==== Hole 292 (row 9, col 21) CW ==== */
#4976 = CARTESIAN_POINT('', (68.000, 32.000, 0.0));
#4977 = CARTESIAN_POINT('', (68.000, 35.000, 0.0));
#4978 = CARTESIAN_POINT('', (71.000, 33.500, 0.0));
#4979 = VERTEX_POINT('', #4976);
#4980 = VERTEX_POINT('', #4977);
#4981 = VERTEX_POINT('', #4978);
#4982 = LINE('', #4976, #6);
#4983 = LINE('', #4977, #6);
#4984 = LINE('', #4978, #6);
#4985 = EDGE_CURVE('', #4979, #4980, #4982, .T.);
#4986 = EDGE_CURVE('', #4980, #4981, #4983, .T.);
#4987 = EDGE_CURVE('', #4981, #4979, #4984, .T.);
#4988 = ORIENTED_EDGE('', *, *, #4985, .T.);
#4989 = ORIENTED_EDGE('', *, *, #4986, .T.);
#4990 = ORIENTED_EDGE('', *, *, #4987, .T.);
#4991 = EDGE_LOOP('', (#4988, #4989, #4990));
#4992 = FACE_BOUND('', #4991, .T.);

/* ==== Hole 293 (row 9, col 22) CW ==== */
#4993 = CARTESIAN_POINT('', (71.000, 32.000, 0.0));
#4994 = CARTESIAN_POINT('', (71.000, 35.000, 0.0));
#4995 = CARTESIAN_POINT('', (74.000, 33.500, 0.0));
#4996 = VERTEX_POINT('', #4993);
#4997 = VERTEX_POINT('', #4994);
#4998 = VERTEX_POINT('', #4995);
#4999 = LINE('', #4993, #6);
#5000 = LINE('', #4994, #6);
#5001 = LINE('', #4995, #6);
#5002 = EDGE_CURVE('', #4996, #4997, #4999, .T.);
#5003 = EDGE_CURVE('', #4997, #4998, #5000, .T.);
#5004 = EDGE_CURVE('', #4998, #4996, #5001, .T.);
#5005 = ORIENTED_EDGE('', *, *, #5002, .T.);
#5006 = ORIENTED_EDGE('', *, *, #5003, .T.);
#5007 = ORIENTED_EDGE('', *, *, #5004, .T.);
#5008 = EDGE_LOOP('', (#5005, #5006, #5007));
#5009 = FACE_BOUND('', #5008, .T.);

/* ==== Hole 294 (row 9, col 23) CW ==== */
#5010 = CARTESIAN_POINT('', (74.000, 32.000, 0.0));
#5011 = CARTESIAN_POINT('', (74.000, 35.000, 0.0));
#5012 = CARTESIAN_POINT('', (77.000, 33.500, 0.0));
#5013 = VERTEX_POINT('', #5010);
#5014 = VERTEX_POINT('', #5011);
#5015 = VERTEX_POINT('', #5012);
#5016 = LINE('', #5010, #6);
#5017 = LINE('', #5011, #6);
#5018 = LINE('', #5012, #6);
#5019 = EDGE_CURVE('', #5013, #5014, #5016, .T.);
#5020 = EDGE_CURVE('', #5014, #5015, #5017, .T.);
#5021 = EDGE_CURVE('', #5015, #5013, #5018, .T.);
#5022 = ORIENTED_EDGE('', *, *, #5019, .T.);
#5023 = ORIENTED_EDGE('', *, *, #5020, .T.);
#5024 = ORIENTED_EDGE('', *, *, #5021, .T.);
#5025 = EDGE_LOOP('', (#5022, #5023, #5024));
#5026 = FACE_BOUND('', #5025, .T.);

/* ==== Hole 295 (row 9, col 24) CW ==== */
#5027 = CARTESIAN_POINT('', (77.000, 32.000, 0.0));
#5028 = CARTESIAN_POINT('', (77.000, 35.000, 0.0));
#5029 = CARTESIAN_POINT('', (80.000, 33.500, 0.0));
#5030 = VERTEX_POINT('', #5027);
#5031 = VERTEX_POINT('', #5028);
#5032 = VERTEX_POINT('', #5029);
#5033 = LINE('', #5027, #6);
#5034 = LINE('', #5028, #6);
#5035 = LINE('', #5029, #6);
#5036 = EDGE_CURVE('', #5030, #5031, #5033, .T.);
#5037 = EDGE_CURVE('', #5031, #5032, #5034, .T.);
#5038 = EDGE_CURVE('', #5032, #5030, #5035, .T.);
#5039 = ORIENTED_EDGE('', *, *, #5036, .T.);
#5040 = ORIENTED_EDGE('', *, *, #5037, .T.);
#5041 = ORIENTED_EDGE('', *, *, #5038, .T.);
#5042 = EDGE_LOOP('', (#5039, #5040, #5041));
#5043 = FACE_BOUND('', #5042, .T.);

/* ==== Hole 296 (row 9, col 25) CW ==== */
#5044 = CARTESIAN_POINT('', (80.000, 32.000, 0.0));
#5045 = CARTESIAN_POINT('', (80.000, 35.000, 0.0));
#5046 = CARTESIAN_POINT('', (83.000, 33.500, 0.0));
#5047 = VERTEX_POINT('', #5044);
#5048 = VERTEX_POINT('', #5045);
#5049 = VERTEX_POINT('', #5046);
#5050 = LINE('', #5044, #6);
#5051 = LINE('', #5045, #6);
#5052 = LINE('', #5046, #6);
#5053 = EDGE_CURVE('', #5047, #5048, #5050, .T.);
#5054 = EDGE_CURVE('', #5048, #5049, #5051, .T.);
#5055 = EDGE_CURVE('', #5049, #5047, #5052, .T.);
#5056 = ORIENTED_EDGE('', *, *, #5053, .T.);
#5057 = ORIENTED_EDGE('', *, *, #5054, .T.);
#5058 = ORIENTED_EDGE('', *, *, #5055, .T.);
#5059 = EDGE_LOOP('', (#5056, #5057, #5058));
#5060 = FACE_BOUND('', #5059, .T.);

/* ==== Hole 297 (row 9, col 26) CW ==== */
#5061 = CARTESIAN_POINT('', (83.000, 32.000, 0.0));
#5062 = CARTESIAN_POINT('', (83.000, 35.000, 0.0));
#5063 = CARTESIAN_POINT('', (86.000, 33.500, 0.0));
#5064 = VERTEX_POINT('', #5061);
#5065 = VERTEX_POINT('', #5062);
#5066 = VERTEX_POINT('', #5063);
#5067 = LINE('', #5061, #6);
#5068 = LINE('', #5062, #6);
#5069 = LINE('', #5063, #6);
#5070 = EDGE_CURVE('', #5064, #5065, #5067, .T.);
#5071 = EDGE_CURVE('', #5065, #5066, #5068, .T.);
#5072 = EDGE_CURVE('', #5066, #5064, #5069, .T.);
#5073 = ORIENTED_EDGE('', *, *, #5070, .T.);
#5074 = ORIENTED_EDGE('', *, *, #5071, .T.);
#5075 = ORIENTED_EDGE('', *, *, #5072, .T.);
#5076 = EDGE_LOOP('', (#5073, #5074, #5075));
#5077 = FACE_BOUND('', #5076, .T.);

/* ==== Hole 298 (row 9, col 27) CW ==== */
#5078 = CARTESIAN_POINT('', (86.000, 32.000, 0.0));
#5079 = CARTESIAN_POINT('', (86.000, 35.000, 0.0));
#5080 = CARTESIAN_POINT('', (89.000, 33.500, 0.0));
#5081 = VERTEX_POINT('', #5078);
#5082 = VERTEX_POINT('', #5079);
#5083 = VERTEX_POINT('', #5080);
#5084 = LINE('', #5078, #6);
#5085 = LINE('', #5079, #6);
#5086 = LINE('', #5080, #6);
#5087 = EDGE_CURVE('', #5081, #5082, #5084, .T.);
#5088 = EDGE_CURVE('', #5082, #5083, #5085, .T.);
#5089 = EDGE_CURVE('', #5083, #5081, #5086, .T.);
#5090 = ORIENTED_EDGE('', *, *, #5087, .T.);
#5091 = ORIENTED_EDGE('', *, *, #5088, .T.);
#5092 = ORIENTED_EDGE('', *, *, #5089, .T.);
#5093 = EDGE_LOOP('', (#5090, #5091, #5092));
#5094 = FACE_BOUND('', #5093, .T.);

/* ==== Hole 299 (row 9, col 28) CW ==== */
#5095 = CARTESIAN_POINT('', (89.000, 32.000, 0.0));
#5096 = CARTESIAN_POINT('', (89.000, 35.000, 0.0));
#5097 = CARTESIAN_POINT('', (92.000, 33.500, 0.0));
#5098 = VERTEX_POINT('', #5095);
#5099 = VERTEX_POINT('', #5096);
#5100 = VERTEX_POINT('', #5097);
#5101 = LINE('', #5095, #6);
#5102 = LINE('', #5096, #6);
#5103 = LINE('', #5097, #6);
#5104 = EDGE_CURVE('', #5098, #5099, #5101, .T.);
#5105 = EDGE_CURVE('', #5099, #5100, #5102, .T.);
#5106 = EDGE_CURVE('', #5100, #5098, #5103, .T.);
#5107 = ORIENTED_EDGE('', *, *, #5104, .T.);
#5108 = ORIENTED_EDGE('', *, *, #5105, .T.);
#5109 = ORIENTED_EDGE('', *, *, #5106, .T.);
#5110 = EDGE_LOOP('', (#5107, #5108, #5109));
#5111 = FACE_BOUND('', #5110, .T.);

/* ==== Hole 300 (row 9, col 29) CW ==== */
#5112 = CARTESIAN_POINT('', (92.000, 32.000, 0.0));
#5113 = CARTESIAN_POINT('', (92.000, 35.000, 0.0));
#5114 = CARTESIAN_POINT('', (95.000, 33.500, 0.0));
#5115 = VERTEX_POINT('', #5112);
#5116 = VERTEX_POINT('', #5113);
#5117 = VERTEX_POINT('', #5114);
#5118 = LINE('', #5112, #6);
#5119 = LINE('', #5113, #6);
#5120 = LINE('', #5114, #6);
#5121 = EDGE_CURVE('', #5115, #5116, #5118, .T.);
#5122 = EDGE_CURVE('', #5116, #5117, #5119, .T.);
#5123 = EDGE_CURVE('', #5117, #5115, #5120, .T.);
#5124 = ORIENTED_EDGE('', *, *, #5121, .T.);
#5125 = ORIENTED_EDGE('', *, *, #5122, .T.);
#5126 = ORIENTED_EDGE('', *, *, #5123, .T.);
#5127 = EDGE_LOOP('', (#5124, #5125, #5126));
#5128 = FACE_BOUND('', #5127, .T.);

/* ==== Hole 301 (row 10, col 0) CW ==== */
#5129 = CARTESIAN_POINT('', (5.000, 35.000, 0.0));
#5130 = CARTESIAN_POINT('', (5.000, 38.000, 0.0));
#5131 = CARTESIAN_POINT('', (8.000, 36.500, 0.0));
#5132 = VERTEX_POINT('', #5129);
#5133 = VERTEX_POINT('', #5130);
#5134 = VERTEX_POINT('', #5131);
#5135 = LINE('', #5129, #6);
#5136 = LINE('', #5130, #6);
#5137 = LINE('', #5131, #6);
#5138 = EDGE_CURVE('', #5132, #5133, #5135, .T.);
#5139 = EDGE_CURVE('', #5133, #5134, #5136, .T.);
#5140 = EDGE_CURVE('', #5134, #5132, #5137, .T.);
#5141 = ORIENTED_EDGE('', *, *, #5138, .T.);
#5142 = ORIENTED_EDGE('', *, *, #5139, .T.);
#5143 = ORIENTED_EDGE('', *, *, #5140, .T.);
#5144 = EDGE_LOOP('', (#5141, #5142, #5143));
#5145 = FACE_BOUND('', #5144, .T.);

/* ==== Hole 302 (row 10, col 1) CW ==== */
#5146 = CARTESIAN_POINT('', (8.000, 35.000, 0.0));
#5147 = CARTESIAN_POINT('', (8.000, 38.000, 0.0));
#5148 = CARTESIAN_POINT('', (11.000, 36.500, 0.0));
#5149 = VERTEX_POINT('', #5146);
#5150 = VERTEX_POINT('', #5147);
#5151 = VERTEX_POINT('', #5148);
#5152 = LINE('', #5146, #6);
#5153 = LINE('', #5147, #6);
#5154 = LINE('', #5148, #6);
#5155 = EDGE_CURVE('', #5149, #5150, #5152, .T.);
#5156 = EDGE_CURVE('', #5150, #5151, #5153, .T.);
#5157 = EDGE_CURVE('', #5151, #5149, #5154, .T.);
#5158 = ORIENTED_EDGE('', *, *, #5155, .T.);
#5159 = ORIENTED_EDGE('', *, *, #5156, .T.);
#5160 = ORIENTED_EDGE('', *, *, #5157, .T.);
#5161 = EDGE_LOOP('', (#5158, #5159, #5160));
#5162 = FACE_BOUND('', #5161, .T.);

/* ==== Hole 303 (row 10, col 2) CW ==== */
#5163 = CARTESIAN_POINT('', (11.000, 35.000, 0.0));
#5164 = CARTESIAN_POINT('', (11.000, 38.000, 0.0));
#5165 = CARTESIAN_POINT('', (14.000, 36.500, 0.0));
#5166 = VERTEX_POINT('', #5163);
#5167 = VERTEX_POINT('', #5164);
#5168 = VERTEX_POINT('', #5165);
#5169 = LINE('', #5163, #6);
#5170 = LINE('', #5164, #6);
#5171 = LINE('', #5165, #6);
#5172 = EDGE_CURVE('', #5166, #5167, #5169, .T.);
#5173 = EDGE_CURVE('', #5167, #5168, #5170, .T.);
#5174 = EDGE_CURVE('', #5168, #5166, #5171, .T.);
#5175 = ORIENTED_EDGE('', *, *, #5172, .T.);
#5176 = ORIENTED_EDGE('', *, *, #5173, .T.);
#5177 = ORIENTED_EDGE('', *, *, #5174, .T.);
#5178 = EDGE_LOOP('', (#5175, #5176, #5177));
#5179 = FACE_BOUND('', #5178, .T.);

/* ==== Hole 304 (row 10, col 3) CW ==== */
#5180 = CARTESIAN_POINT('', (14.000, 35.000, 0.0));
#5181 = CARTESIAN_POINT('', (14.000, 38.000, 0.0));
#5182 = CARTESIAN_POINT('', (17.000, 36.500, 0.0));
#5183 = VERTEX_POINT('', #5180);
#5184 = VERTEX_POINT('', #5181);
#5185 = VERTEX_POINT('', #5182);
#5186 = LINE('', #5180, #6);
#5187 = LINE('', #5181, #6);
#5188 = LINE('', #5182, #6);
#5189 = EDGE_CURVE('', #5183, #5184, #5186, .T.);
#5190 = EDGE_CURVE('', #5184, #5185, #5187, .T.);
#5191 = EDGE_CURVE('', #5185, #5183, #5188, .T.);
#5192 = ORIENTED_EDGE('', *, *, #5189, .T.);
#5193 = ORIENTED_EDGE('', *, *, #5190, .T.);
#5194 = ORIENTED_EDGE('', *, *, #5191, .T.);
#5195 = EDGE_LOOP('', (#5192, #5193, #5194));
#5196 = FACE_BOUND('', #5195, .T.);

/* ==== Hole 305 (row 10, col 4) CW ==== */
#5197 = CARTESIAN_POINT('', (17.000, 35.000, 0.0));
#5198 = CARTESIAN_POINT('', (17.000, 38.000, 0.0));
#5199 = CARTESIAN_POINT('', (20.000, 36.500, 0.0));
#5200 = VERTEX_POINT('', #5197);
#5201 = VERTEX_POINT('', #5198);
#5202 = VERTEX_POINT('', #5199);
#5203 = LINE('', #5197, #6);
#5204 = LINE('', #5198, #6);
#5205 = LINE('', #5199, #6);
#5206 = EDGE_CURVE('', #5200, #5201, #5203, .T.);
#5207 = EDGE_CURVE('', #5201, #5202, #5204, .T.);
#5208 = EDGE_CURVE('', #5202, #5200, #5205, .T.);
#5209 = ORIENTED_EDGE('', *, *, #5206, .T.);
#5210 = ORIENTED_EDGE('', *, *, #5207, .T.);
#5211 = ORIENTED_EDGE('', *, *, #5208, .T.);
#5212 = EDGE_LOOP('', (#5209, #5210, #5211));
#5213 = FACE_BOUND('', #5212, .T.);

/* ==== Hole 306 (row 10, col 5) CW ==== */
#5214 = CARTESIAN_POINT('', (20.000, 35.000, 0.0));
#5215 = CARTESIAN_POINT('', (20.000, 38.000, 0.0));
#5216 = CARTESIAN_POINT('', (23.000, 36.500, 0.0));
#5217 = VERTEX_POINT('', #5214);
#5218 = VERTEX_POINT('', #5215);
#5219 = VERTEX_POINT('', #5216);
#5220 = LINE('', #5214, #6);
#5221 = LINE('', #5215, #6);
#5222 = LINE('', #5216, #6);
#5223 = EDGE_CURVE('', #5217, #5218, #5220, .T.);
#5224 = EDGE_CURVE('', #5218, #5219, #5221, .T.);
#5225 = EDGE_CURVE('', #5219, #5217, #5222, .T.);
#5226 = ORIENTED_EDGE('', *, *, #5223, .T.);
#5227 = ORIENTED_EDGE('', *, *, #5224, .T.);
#5228 = ORIENTED_EDGE('', *, *, #5225, .T.);
#5229 = EDGE_LOOP('', (#5226, #5227, #5228));
#5230 = FACE_BOUND('', #5229, .T.);

/* ==== Hole 307 (row 10, col 6) CW ==== */
#5231 = CARTESIAN_POINT('', (23.000, 35.000, 0.0));
#5232 = CARTESIAN_POINT('', (23.000, 38.000, 0.0));
#5233 = CARTESIAN_POINT('', (26.000, 36.500, 0.0));
#5234 = VERTEX_POINT('', #5231);
#5235 = VERTEX_POINT('', #5232);
#5236 = VERTEX_POINT('', #5233);
#5237 = LINE('', #5231, #6);
#5238 = LINE('', #5232, #6);
#5239 = LINE('', #5233, #6);
#5240 = EDGE_CURVE('', #5234, #5235, #5237, .T.);
#5241 = EDGE_CURVE('', #5235, #5236, #5238, .T.);
#5242 = EDGE_CURVE('', #5236, #5234, #5239, .T.);
#5243 = ORIENTED_EDGE('', *, *, #5240, .T.);
#5244 = ORIENTED_EDGE('', *, *, #5241, .T.);
#5245 = ORIENTED_EDGE('', *, *, #5242, .T.);
#5246 = EDGE_LOOP('', (#5243, #5244, #5245));
#5247 = FACE_BOUND('', #5246, .T.);

/* ==== Hole 308 (row 10, col 7) CW ==== */
#5248 = CARTESIAN_POINT('', (26.000, 35.000, 0.0));
#5249 = CARTESIAN_POINT('', (26.000, 38.000, 0.0));
#5250 = CARTESIAN_POINT('', (29.000, 36.500, 0.0));
#5251 = VERTEX_POINT('', #5248);
#5252 = VERTEX_POINT('', #5249);
#5253 = VERTEX_POINT('', #5250);
#5254 = LINE('', #5248, #6);
#5255 = LINE('', #5249, #6);
#5256 = LINE('', #5250, #6);
#5257 = EDGE_CURVE('', #5251, #5252, #5254, .T.);
#5258 = EDGE_CURVE('', #5252, #5253, #5255, .T.);
#5259 = EDGE_CURVE('', #5253, #5251, #5256, .T.);
#5260 = ORIENTED_EDGE('', *, *, #5257, .T.);
#5261 = ORIENTED_EDGE('', *, *, #5258, .T.);
#5262 = ORIENTED_EDGE('', *, *, #5259, .T.);
#5263 = EDGE_LOOP('', (#5260, #5261, #5262));
#5264 = FACE_BOUND('', #5263, .T.);

/* ==== Hole 309 (row 10, col 8) CW ==== */
#5265 = CARTESIAN_POINT('', (29.000, 35.000, 0.0));
#5266 = CARTESIAN_POINT('', (29.000, 38.000, 0.0));
#5267 = CARTESIAN_POINT('', (32.000, 36.500, 0.0));
#5268 = VERTEX_POINT('', #5265);
#5269 = VERTEX_POINT('', #5266);
#5270 = VERTEX_POINT('', #5267);
#5271 = LINE('', #5265, #6);
#5272 = LINE('', #5266, #6);
#5273 = LINE('', #5267, #6);
#5274 = EDGE_CURVE('', #5268, #5269, #5271, .T.);
#5275 = EDGE_CURVE('', #5269, #5270, #5272, .T.);
#5276 = EDGE_CURVE('', #5270, #5268, #5273, .T.);
#5277 = ORIENTED_EDGE('', *, *, #5274, .T.);
#5278 = ORIENTED_EDGE('', *, *, #5275, .T.);
#5279 = ORIENTED_EDGE('', *, *, #5276, .T.);
#5280 = EDGE_LOOP('', (#5277, #5278, #5279));
#5281 = FACE_BOUND('', #5280, .T.);

/* ==== Hole 310 (row 10, col 9) CW ==== */
#5282 = CARTESIAN_POINT('', (32.000, 35.000, 0.0));
#5283 = CARTESIAN_POINT('', (32.000, 38.000, 0.0));
#5284 = CARTESIAN_POINT('', (35.000, 36.500, 0.0));
#5285 = VERTEX_POINT('', #5282);
#5286 = VERTEX_POINT('', #5283);
#5287 = VERTEX_POINT('', #5284);
#5288 = LINE('', #5282, #6);
#5289 = LINE('', #5283, #6);
#5290 = LINE('', #5284, #6);
#5291 = EDGE_CURVE('', #5285, #5286, #5288, .T.);
#5292 = EDGE_CURVE('', #5286, #5287, #5289, .T.);
#5293 = EDGE_CURVE('', #5287, #5285, #5290, .T.);
#5294 = ORIENTED_EDGE('', *, *, #5291, .T.);
#5295 = ORIENTED_EDGE('', *, *, #5292, .T.);
#5296 = ORIENTED_EDGE('', *, *, #5293, .T.);
#5297 = EDGE_LOOP('', (#5294, #5295, #5296));
#5298 = FACE_BOUND('', #5297, .T.);

/* ==== Hole 311 (row 10, col 10) CW ==== */
#5299 = CARTESIAN_POINT('', (35.000, 35.000, 0.0));
#5300 = CARTESIAN_POINT('', (35.000, 38.000, 0.0));
#5301 = CARTESIAN_POINT('', (38.000, 36.500, 0.0));
#5302 = VERTEX_POINT('', #5299);
#5303 = VERTEX_POINT('', #5300);
#5304 = VERTEX_POINT('', #5301);
#5305 = LINE('', #5299, #6);
#5306 = LINE('', #5300, #6);
#5307 = LINE('', #5301, #6);
#5308 = EDGE_CURVE('', #5302, #5303, #5305, .T.);
#5309 = EDGE_CURVE('', #5303, #5304, #5306, .T.);
#5310 = EDGE_CURVE('', #5304, #5302, #5307, .T.);
#5311 = ORIENTED_EDGE('', *, *, #5308, .T.);
#5312 = ORIENTED_EDGE('', *, *, #5309, .T.);
#5313 = ORIENTED_EDGE('', *, *, #5310, .T.);
#5314 = EDGE_LOOP('', (#5311, #5312, #5313));
#5315 = FACE_BOUND('', #5314, .T.);

/* ==== Hole 312 (row 10, col 11) CW ==== */
#5316 = CARTESIAN_POINT('', (38.000, 35.000, 0.0));
#5317 = CARTESIAN_POINT('', (38.000, 38.000, 0.0));
#5318 = CARTESIAN_POINT('', (41.000, 36.500, 0.0));
#5319 = VERTEX_POINT('', #5316);
#5320 = VERTEX_POINT('', #5317);
#5321 = VERTEX_POINT('', #5318);
#5322 = LINE('', #5316, #6);
#5323 = LINE('', #5317, #6);
#5324 = LINE('', #5318, #6);
#5325 = EDGE_CURVE('', #5319, #5320, #5322, .T.);
#5326 = EDGE_CURVE('', #5320, #5321, #5323, .T.);
#5327 = EDGE_CURVE('', #5321, #5319, #5324, .T.);
#5328 = ORIENTED_EDGE('', *, *, #5325, .T.);
#5329 = ORIENTED_EDGE('', *, *, #5326, .T.);
#5330 = ORIENTED_EDGE('', *, *, #5327, .T.);
#5331 = EDGE_LOOP('', (#5328, #5329, #5330));
#5332 = FACE_BOUND('', #5331, .T.);

/* ==== Hole 313 (row 10, col 12) CW ==== */
#5333 = CARTESIAN_POINT('', (41.000, 35.000, 0.0));
#5334 = CARTESIAN_POINT('', (41.000, 38.000, 0.0));
#5335 = CARTESIAN_POINT('', (44.000, 36.500, 0.0));
#5336 = VERTEX_POINT('', #5333);
#5337 = VERTEX_POINT('', #5334);
#5338 = VERTEX_POINT('', #5335);
#5339 = LINE('', #5333, #6);
#5340 = LINE('', #5334, #6);
#5341 = LINE('', #5335, #6);
#5342 = EDGE_CURVE('', #5336, #5337, #5339, .T.);
#5343 = EDGE_CURVE('', #5337, #5338, #5340, .T.);
#5344 = EDGE_CURVE('', #5338, #5336, #5341, .T.);
#5345 = ORIENTED_EDGE('', *, *, #5342, .T.);
#5346 = ORIENTED_EDGE('', *, *, #5343, .T.);
#5347 = ORIENTED_EDGE('', *, *, #5344, .T.);
#5348 = EDGE_LOOP('', (#5345, #5346, #5347));
#5349 = FACE_BOUND('', #5348, .T.);

/* ==== Hole 314 (row 10, col 13) CW ==== */
#5350 = CARTESIAN_POINT('', (44.000, 35.000, 0.0));
#5351 = CARTESIAN_POINT('', (44.000, 38.000, 0.0));
#5352 = CARTESIAN_POINT('', (47.000, 36.500, 0.0));
#5353 = VERTEX_POINT('', #5350);
#5354 = VERTEX_POINT('', #5351);
#5355 = VERTEX_POINT('', #5352);
#5356 = LINE('', #5350, #6);
#5357 = LINE('', #5351, #6);
#5358 = LINE('', #5352, #6);
#5359 = EDGE_CURVE('', #5353, #5354, #5356, .T.);
#5360 = EDGE_CURVE('', #5354, #5355, #5357, .T.);
#5361 = EDGE_CURVE('', #5355, #5353, #5358, .T.);
#5362 = ORIENTED_EDGE('', *, *, #5359, .T.);
#5363 = ORIENTED_EDGE('', *, *, #5360, .T.);
#5364 = ORIENTED_EDGE('', *, *, #5361, .T.);
#5365 = EDGE_LOOP('', (#5362, #5363, #5364));
#5366 = FACE_BOUND('', #5365, .T.);

/* ==== Hole 315 (row 10, col 14) CW ==== */
#5367 = CARTESIAN_POINT('', (47.000, 35.000, 0.0));
#5368 = CARTESIAN_POINT('', (47.000, 38.000, 0.0));
#5369 = CARTESIAN_POINT('', (50.000, 36.500, 0.0));
#5370 = VERTEX_POINT('', #5367);
#5371 = VERTEX_POINT('', #5368);
#5372 = VERTEX_POINT('', #5369);
#5373 = LINE('', #5367, #6);
#5374 = LINE('', #5368, #6);
#5375 = LINE('', #5369, #6);
#5376 = EDGE_CURVE('', #5370, #5371, #5373, .T.);
#5377 = EDGE_CURVE('', #5371, #5372, #5374, .T.);
#5378 = EDGE_CURVE('', #5372, #5370, #5375, .T.);
#5379 = ORIENTED_EDGE('', *, *, #5376, .T.);
#5380 = ORIENTED_EDGE('', *, *, #5377, .T.);
#5381 = ORIENTED_EDGE('', *, *, #5378, .T.);
#5382 = EDGE_LOOP('', (#5379, #5380, #5381));
#5383 = FACE_BOUND('', #5382, .T.);

/* ==== Hole 316 (row 10, col 15) CW ==== */
#5384 = CARTESIAN_POINT('', (50.000, 35.000, 0.0));
#5385 = CARTESIAN_POINT('', (50.000, 38.000, 0.0));
#5386 = CARTESIAN_POINT('', (53.000, 36.500, 0.0));
#5387 = VERTEX_POINT('', #5384);
#5388 = VERTEX_POINT('', #5385);
#5389 = VERTEX_POINT('', #5386);
#5390 = LINE('', #5384, #6);
#5391 = LINE('', #5385, #6);
#5392 = LINE('', #5386, #6);
#5393 = EDGE_CURVE('', #5387, #5388, #5390, .T.);
#5394 = EDGE_CURVE('', #5388, #5389, #5391, .T.);
#5395 = EDGE_CURVE('', #5389, #5387, #5392, .T.);
#5396 = ORIENTED_EDGE('', *, *, #5393, .T.);
#5397 = ORIENTED_EDGE('', *, *, #5394, .T.);
#5398 = ORIENTED_EDGE('', *, *, #5395, .T.);
#5399 = EDGE_LOOP('', (#5396, #5397, #5398));
#5400 = FACE_BOUND('', #5399, .T.);

/* ==== Hole 317 (row 10, col 16) CW ==== */
#5401 = CARTESIAN_POINT('', (53.000, 35.000, 0.0));
#5402 = CARTESIAN_POINT('', (53.000, 38.000, 0.0));
#5403 = CARTESIAN_POINT('', (56.000, 36.500, 0.0));
#5404 = VERTEX_POINT('', #5401);
#5405 = VERTEX_POINT('', #5402);
#5406 = VERTEX_POINT('', #5403);
#5407 = LINE('', #5401, #6);
#5408 = LINE('', #5402, #6);
#5409 = LINE('', #5403, #6);
#5410 = EDGE_CURVE('', #5404, #5405, #5407, .T.);
#5411 = EDGE_CURVE('', #5405, #5406, #5408, .T.);
#5412 = EDGE_CURVE('', #5406, #5404, #5409, .T.);
#5413 = ORIENTED_EDGE('', *, *, #5410, .T.);
#5414 = ORIENTED_EDGE('', *, *, #5411, .T.);
#5415 = ORIENTED_EDGE('', *, *, #5412, .T.);
#5416 = EDGE_LOOP('', (#5413, #5414, #5415));
#5417 = FACE_BOUND('', #5416, .T.);

/* ==== Hole 318 (row 10, col 17) CW ==== */
#5418 = CARTESIAN_POINT('', (56.000, 35.000, 0.0));
#5419 = CARTESIAN_POINT('', (56.000, 38.000, 0.0));
#5420 = CARTESIAN_POINT('', (59.000, 36.500, 0.0));
#5421 = VERTEX_POINT('', #5418);
#5422 = VERTEX_POINT('', #5419);
#5423 = VERTEX_POINT('', #5420);
#5424 = LINE('', #5418, #6);
#5425 = LINE('', #5419, #6);
#5426 = LINE('', #5420, #6);
#5427 = EDGE_CURVE('', #5421, #5422, #5424, .T.);
#5428 = EDGE_CURVE('', #5422, #5423, #5425, .T.);
#5429 = EDGE_CURVE('', #5423, #5421, #5426, .T.);
#5430 = ORIENTED_EDGE('', *, *, #5427, .T.);
#5431 = ORIENTED_EDGE('', *, *, #5428, .T.);
#5432 = ORIENTED_EDGE('', *, *, #5429, .T.);
#5433 = EDGE_LOOP('', (#5430, #5431, #5432));
#5434 = FACE_BOUND('', #5433, .T.);

/* ==== Hole 319 (row 10, col 18) CW ==== */
#5435 = CARTESIAN_POINT('', (59.000, 35.000, 0.0));
#5436 = CARTESIAN_POINT('', (59.000, 38.000, 0.0));
#5437 = CARTESIAN_POINT('', (62.000, 36.500, 0.0));
#5438 = VERTEX_POINT('', #5435);
#5439 = VERTEX_POINT('', #5436);
#5440 = VERTEX_POINT('', #5437);
#5441 = LINE('', #5435, #6);
#5442 = LINE('', #5436, #6);
#5443 = LINE('', #5437, #6);
#5444 = EDGE_CURVE('', #5438, #5439, #5441, .T.);
#5445 = EDGE_CURVE('', #5439, #5440, #5442, .T.);
#5446 = EDGE_CURVE('', #5440, #5438, #5443, .T.);
#5447 = ORIENTED_EDGE('', *, *, #5444, .T.);
#5448 = ORIENTED_EDGE('', *, *, #5445, .T.);
#5449 = ORIENTED_EDGE('', *, *, #5446, .T.);
#5450 = EDGE_LOOP('', (#5447, #5448, #5449));
#5451 = FACE_BOUND('', #5450, .T.);

/* ==== Hole 320 (row 10, col 19) CW ==== */
#5452 = CARTESIAN_POINT('', (62.000, 35.000, 0.0));
#5453 = CARTESIAN_POINT('', (62.000, 38.000, 0.0));
#5454 = CARTESIAN_POINT('', (65.000, 36.500, 0.0));
#5455 = VERTEX_POINT('', #5452);
#5456 = VERTEX_POINT('', #5453);
#5457 = VERTEX_POINT('', #5454);
#5458 = LINE('', #5452, #6);
#5459 = LINE('', #5453, #6);
#5460 = LINE('', #5454, #6);
#5461 = EDGE_CURVE('', #5455, #5456, #5458, .T.);
#5462 = EDGE_CURVE('', #5456, #5457, #5459, .T.);
#5463 = EDGE_CURVE('', #5457, #5455, #5460, .T.);
#5464 = ORIENTED_EDGE('', *, *, #5461, .T.);
#5465 = ORIENTED_EDGE('', *, *, #5462, .T.);
#5466 = ORIENTED_EDGE('', *, *, #5463, .T.);
#5467 = EDGE_LOOP('', (#5464, #5465, #5466));
#5468 = FACE_BOUND('', #5467, .T.);

/* ==== Hole 321 (row 10, col 20) CW ==== */
#5469 = CARTESIAN_POINT('', (65.000, 35.000, 0.0));
#5470 = CARTESIAN_POINT('', (65.000, 38.000, 0.0));
#5471 = CARTESIAN_POINT('', (68.000, 36.500, 0.0));
#5472 = VERTEX_POINT('', #5469);
#5473 = VERTEX_POINT('', #5470);
#5474 = VERTEX_POINT('', #5471);
#5475 = LINE('', #5469, #6);
#5476 = LINE('', #5470, #6);
#5477 = LINE('', #5471, #6);
#5478 = EDGE_CURVE('', #5472, #5473, #5475, .T.);
#5479 = EDGE_CURVE('', #5473, #5474, #5476, .T.);
#5480 = EDGE_CURVE('', #5474, #5472, #5477, .T.);
#5481 = ORIENTED_EDGE('', *, *, #5478, .T.);
#5482 = ORIENTED_EDGE('', *, *, #5479, .T.);
#5483 = ORIENTED_EDGE('', *, *, #5480, .T.);
#5484 = EDGE_LOOP('', (#5481, #5482, #5483));
#5485 = FACE_BOUND('', #5484, .T.);

/* ==== Hole 322 (row 10, col 21) CW ==== */
#5486 = CARTESIAN_POINT('', (68.000, 35.000, 0.0));
#5487 = CARTESIAN_POINT('', (68.000, 38.000, 0.0));
#5488 = CARTESIAN_POINT('', (71.000, 36.500, 0.0));
#5489 = VERTEX_POINT('', #5486);
#5490 = VERTEX_POINT('', #5487);
#5491 = VERTEX_POINT('', #5488);
#5492 = LINE('', #5486, #6);
#5493 = LINE('', #5487, #6);
#5494 = LINE('', #5488, #6);
#5495 = EDGE_CURVE('', #5489, #5490, #5492, .T.);
#5496 = EDGE_CURVE('', #5490, #5491, #5493, .T.);
#5497 = EDGE_CURVE('', #5491, #5489, #5494, .T.);
#5498 = ORIENTED_EDGE('', *, *, #5495, .T.);
#5499 = ORIENTED_EDGE('', *, *, #5496, .T.);
#5500 = ORIENTED_EDGE('', *, *, #5497, .T.);
#5501 = EDGE_LOOP('', (#5498, #5499, #5500));
#5502 = FACE_BOUND('', #5501, .T.);

/* ==== Hole 323 (row 10, col 22) CW ==== */
#5503 = CARTESIAN_POINT('', (71.000, 35.000, 0.0));
#5504 = CARTESIAN_POINT('', (71.000, 38.000, 0.0));
#5505 = CARTESIAN_POINT('', (74.000, 36.500, 0.0));
#5506 = VERTEX_POINT('', #5503);
#5507 = VERTEX_POINT('', #5504);
#5508 = VERTEX_POINT('', #5505);
#5509 = LINE('', #5503, #6);
#5510 = LINE('', #5504, #6);
#5511 = LINE('', #5505, #6);
#5512 = EDGE_CURVE('', #5506, #5507, #5509, .T.);
#5513 = EDGE_CURVE('', #5507, #5508, #5510, .T.);
#5514 = EDGE_CURVE('', #5508, #5506, #5511, .T.);
#5515 = ORIENTED_EDGE('', *, *, #5512, .T.);
#5516 = ORIENTED_EDGE('', *, *, #5513, .T.);
#5517 = ORIENTED_EDGE('', *, *, #5514, .T.);
#5518 = EDGE_LOOP('', (#5515, #5516, #5517));
#5519 = FACE_BOUND('', #5518, .T.);

/* ==== Hole 324 (row 10, col 23) CW ==== */
#5520 = CARTESIAN_POINT('', (74.000, 35.000, 0.0));
#5521 = CARTESIAN_POINT('', (74.000, 38.000, 0.0));
#5522 = CARTESIAN_POINT('', (77.000, 36.500, 0.0));
#5523 = VERTEX_POINT('', #5520);
#5524 = VERTEX_POINT('', #5521);
#5525 = VERTEX_POINT('', #5522);
#5526 = LINE('', #5520, #6);
#5527 = LINE('', #5521, #6);
#5528 = LINE('', #5522, #6);
#5529 = EDGE_CURVE('', #5523, #5524, #5526, .T.);
#5530 = EDGE_CURVE('', #5524, #5525, #5527, .T.);
#5531 = EDGE_CURVE('', #5525, #5523, #5528, .T.);
#5532 = ORIENTED_EDGE('', *, *, #5529, .T.);
#5533 = ORIENTED_EDGE('', *, *, #5530, .T.);
#5534 = ORIENTED_EDGE('', *, *, #5531, .T.);
#5535 = EDGE_LOOP('', (#5532, #5533, #5534));
#5536 = FACE_BOUND('', #5535, .T.);

/* ==== Hole 325 (row 10, col 24) CW ==== */
#5537 = CARTESIAN_POINT('', (77.000, 35.000, 0.0));
#5538 = CARTESIAN_POINT('', (77.000, 38.000, 0.0));
#5539 = CARTESIAN_POINT('', (80.000, 36.500, 0.0));
#5540 = VERTEX_POINT('', #5537);
#5541 = VERTEX_POINT('', #5538);
#5542 = VERTEX_POINT('', #5539);
#5543 = LINE('', #5537, #6);
#5544 = LINE('', #5538, #6);
#5545 = LINE('', #5539, #6);
#5546 = EDGE_CURVE('', #5540, #5541, #5543, .T.);
#5547 = EDGE_CURVE('', #5541, #5542, #5544, .T.);
#5548 = EDGE_CURVE('', #5542, #5540, #5545, .T.);
#5549 = ORIENTED_EDGE('', *, *, #5546, .T.);
#5550 = ORIENTED_EDGE('', *, *, #5547, .T.);
#5551 = ORIENTED_EDGE('', *, *, #5548, .T.);
#5552 = EDGE_LOOP('', (#5549, #5550, #5551));
#5553 = FACE_BOUND('', #5552, .T.);

/* ==== Hole 326 (row 10, col 25) CW ==== */
#5554 = CARTESIAN_POINT('', (80.000, 35.000, 0.0));
#5555 = CARTESIAN_POINT('', (80.000, 38.000, 0.0));
#5556 = CARTESIAN_POINT('', (83.000, 36.500, 0.0));
#5557 = VERTEX_POINT('', #5554);
#5558 = VERTEX_POINT('', #5555);
#5559 = VERTEX_POINT('', #5556);
#5560 = LINE('', #5554, #6);
#5561 = LINE('', #5555, #6);
#5562 = LINE('', #5556, #6);
#5563 = EDGE_CURVE('', #5557, #5558, #5560, .T.);
#5564 = EDGE_CURVE('', #5558, #5559, #5561, .T.);
#5565 = EDGE_CURVE('', #5559, #5557, #5562, .T.);
#5566 = ORIENTED_EDGE('', *, *, #5563, .T.);
#5567 = ORIENTED_EDGE('', *, *, #5564, .T.);
#5568 = ORIENTED_EDGE('', *, *, #5565, .T.);
#5569 = EDGE_LOOP('', (#5566, #5567, #5568));
#5570 = FACE_BOUND('', #5569, .T.);

/* ==== Hole 327 (row 10, col 26) CW ==== */
#5571 = CARTESIAN_POINT('', (83.000, 35.000, 0.0));
#5572 = CARTESIAN_POINT('', (83.000, 38.000, 0.0));
#5573 = CARTESIAN_POINT('', (86.000, 36.500, 0.0));
#5574 = VERTEX_POINT('', #5571);
#5575 = VERTEX_POINT('', #5572);
#5576 = VERTEX_POINT('', #5573);
#5577 = LINE('', #5571, #6);
#5578 = LINE('', #5572, #6);
#5579 = LINE('', #5573, #6);
#5580 = EDGE_CURVE('', #5574, #5575, #5577, .T.);
#5581 = EDGE_CURVE('', #5575, #5576, #5578, .T.);
#5582 = EDGE_CURVE('', #5576, #5574, #5579, .T.);
#5583 = ORIENTED_EDGE('', *, *, #5580, .T.);
#5584 = ORIENTED_EDGE('', *, *, #5581, .T.);
#5585 = ORIENTED_EDGE('', *, *, #5582, .T.);
#5586 = EDGE_LOOP('', (#5583, #5584, #5585));
#5587 = FACE_BOUND('', #5586, .T.);

/* ==== Hole 328 (row 10, col 27) CW ==== */
#5588 = CARTESIAN_POINT('', (86.000, 35.000, 0.0));
#5589 = CARTESIAN_POINT('', (86.000, 38.000, 0.0));
#5590 = CARTESIAN_POINT('', (89.000, 36.500, 0.0));
#5591 = VERTEX_POINT('', #5588);
#5592 = VERTEX_POINT('', #5589);
#5593 = VERTEX_POINT('', #5590);
#5594 = LINE('', #5588, #6);
#5595 = LINE('', #5589, #6);
#5596 = LINE('', #5590, #6);
#5597 = EDGE_CURVE('', #5591, #5592, #5594, .T.);
#5598 = EDGE_CURVE('', #5592, #5593, #5595, .T.);
#5599 = EDGE_CURVE('', #5593, #5591, #5596, .T.);
#5600 = ORIENTED_EDGE('', *, *, #5597, .T.);
#5601 = ORIENTED_EDGE('', *, *, #5598, .T.);
#5602 = ORIENTED_EDGE('', *, *, #5599, .T.);
#5603 = EDGE_LOOP('', (#5600, #5601, #5602));
#5604 = FACE_BOUND('', #5603, .T.);

/* ==== Hole 329 (row 10, col 28) CW ==== */
#5605 = CARTESIAN_POINT('', (89.000, 35.000, 0.0));
#5606 = CARTESIAN_POINT('', (89.000, 38.000, 0.0));
#5607 = CARTESIAN_POINT('', (92.000, 36.500, 0.0));
#5608 = VERTEX_POINT('', #5605);
#5609 = VERTEX_POINT('', #5606);
#5610 = VERTEX_POINT('', #5607);
#5611 = LINE('', #5605, #6);
#5612 = LINE('', #5606, #6);
#5613 = LINE('', #5607, #6);
#5614 = EDGE_CURVE('', #5608, #5609, #5611, .T.);
#5615 = EDGE_CURVE('', #5609, #5610, #5612, .T.);
#5616 = EDGE_CURVE('', #5610, #5608, #5613, .T.);
#5617 = ORIENTED_EDGE('', *, *, #5614, .T.);
#5618 = ORIENTED_EDGE('', *, *, #5615, .T.);
#5619 = ORIENTED_EDGE('', *, *, #5616, .T.);
#5620 = EDGE_LOOP('', (#5617, #5618, #5619));
#5621 = FACE_BOUND('', #5620, .T.);

/* ==== Hole 330 (row 10, col 29) CW ==== */
#5622 = CARTESIAN_POINT('', (92.000, 35.000, 0.0));
#5623 = CARTESIAN_POINT('', (92.000, 38.000, 0.0));
#5624 = CARTESIAN_POINT('', (95.000, 36.500, 0.0));
#5625 = VERTEX_POINT('', #5622);
#5626 = VERTEX_POINT('', #5623);
#5627 = VERTEX_POINT('', #5624);
#5628 = LINE('', #5622, #6);
#5629 = LINE('', #5623, #6);
#5630 = LINE('', #5624, #6);
#5631 = EDGE_CURVE('', #5625, #5626, #5628, .T.);
#5632 = EDGE_CURVE('', #5626, #5627, #5629, .T.);
#5633 = EDGE_CURVE('', #5627, #5625, #5630, .T.);
#5634 = ORIENTED_EDGE('', *, *, #5631, .T.);
#5635 = ORIENTED_EDGE('', *, *, #5632, .T.);
#5636 = ORIENTED_EDGE('', *, *, #5633, .T.);
#5637 = EDGE_LOOP('', (#5634, #5635, #5636));
#5638 = FACE_BOUND('', #5637, .T.);

/* ==== Hole 331 (row 11, col 0) CW ==== */
#5639 = CARTESIAN_POINT('', (5.000, 38.000, 0.0));
#5640 = CARTESIAN_POINT('', (5.000, 41.000, 0.0));
#5641 = CARTESIAN_POINT('', (8.000, 39.500, 0.0));
#5642 = VERTEX_POINT('', #5639);
#5643 = VERTEX_POINT('', #5640);
#5644 = VERTEX_POINT('', #5641);
#5645 = LINE('', #5639, #6);
#5646 = LINE('', #5640, #6);
#5647 = LINE('', #5641, #6);
#5648 = EDGE_CURVE('', #5642, #5643, #5645, .T.);
#5649 = EDGE_CURVE('', #5643, #5644, #5646, .T.);
#5650 = EDGE_CURVE('', #5644, #5642, #5647, .T.);
#5651 = ORIENTED_EDGE('', *, *, #5648, .T.);
#5652 = ORIENTED_EDGE('', *, *, #5649, .T.);
#5653 = ORIENTED_EDGE('', *, *, #5650, .T.);
#5654 = EDGE_LOOP('', (#5651, #5652, #5653));
#5655 = FACE_BOUND('', #5654, .T.);

/* ==== Hole 332 (row 11, col 1) CW ==== */
#5656 = CARTESIAN_POINT('', (8.000, 38.000, 0.0));
#5657 = CARTESIAN_POINT('', (8.000, 41.000, 0.0));
#5658 = CARTESIAN_POINT('', (11.000, 39.500, 0.0));
#5659 = VERTEX_POINT('', #5656);
#5660 = VERTEX_POINT('', #5657);
#5661 = VERTEX_POINT('', #5658);
#5662 = LINE('', #5656, #6);
#5663 = LINE('', #5657, #6);
#5664 = LINE('', #5658, #6);
#5665 = EDGE_CURVE('', #5659, #5660, #5662, .T.);
#5666 = EDGE_CURVE('', #5660, #5661, #5663, .T.);
#5667 = EDGE_CURVE('', #5661, #5659, #5664, .T.);
#5668 = ORIENTED_EDGE('', *, *, #5665, .T.);
#5669 = ORIENTED_EDGE('', *, *, #5666, .T.);
#5670 = ORIENTED_EDGE('', *, *, #5667, .T.);
#5671 = EDGE_LOOP('', (#5668, #5669, #5670));
#5672 = FACE_BOUND('', #5671, .T.);

/* ==== Hole 333 (row 11, col 2) CW ==== */
#5673 = CARTESIAN_POINT('', (11.000, 38.000, 0.0));
#5674 = CARTESIAN_POINT('', (11.000, 41.000, 0.0));
#5675 = CARTESIAN_POINT('', (14.000, 39.500, 0.0));
#5676 = VERTEX_POINT('', #5673);
#5677 = VERTEX_POINT('', #5674);
#5678 = VERTEX_POINT('', #5675);
#5679 = LINE('', #5673, #6);
#5680 = LINE('', #5674, #6);
#5681 = LINE('', #5675, #6);
#5682 = EDGE_CURVE('', #5676, #5677, #5679, .T.);
#5683 = EDGE_CURVE('', #5677, #5678, #5680, .T.);
#5684 = EDGE_CURVE('', #5678, #5676, #5681, .T.);
#5685 = ORIENTED_EDGE('', *, *, #5682, .T.);
#5686 = ORIENTED_EDGE('', *, *, #5683, .T.);
#5687 = ORIENTED_EDGE('', *, *, #5684, .T.);
#5688 = EDGE_LOOP('', (#5685, #5686, #5687));
#5689 = FACE_BOUND('', #5688, .T.);

/* ==== Hole 334 (row 11, col 3) CW ==== */
#5690 = CARTESIAN_POINT('', (14.000, 38.000, 0.0));
#5691 = CARTESIAN_POINT('', (14.000, 41.000, 0.0));
#5692 = CARTESIAN_POINT('', (17.000, 39.500, 0.0));
#5693 = VERTEX_POINT('', #5690);
#5694 = VERTEX_POINT('', #5691);
#5695 = VERTEX_POINT('', #5692);
#5696 = LINE('', #5690, #6);
#5697 = LINE('', #5691, #6);
#5698 = LINE('', #5692, #6);
#5699 = EDGE_CURVE('', #5693, #5694, #5696, .T.);
#5700 = EDGE_CURVE('', #5694, #5695, #5697, .T.);
#5701 = EDGE_CURVE('', #5695, #5693, #5698, .T.);
#5702 = ORIENTED_EDGE('', *, *, #5699, .T.);
#5703 = ORIENTED_EDGE('', *, *, #5700, .T.);
#5704 = ORIENTED_EDGE('', *, *, #5701, .T.);
#5705 = EDGE_LOOP('', (#5702, #5703, #5704));
#5706 = FACE_BOUND('', #5705, .T.);

/* ==== Hole 335 (row 11, col 4) CW ==== */
#5707 = CARTESIAN_POINT('', (17.000, 38.000, 0.0));
#5708 = CARTESIAN_POINT('', (17.000, 41.000, 0.0));
#5709 = CARTESIAN_POINT('', (20.000, 39.500, 0.0));
#5710 = VERTEX_POINT('', #5707);
#5711 = VERTEX_POINT('', #5708);
#5712 = VERTEX_POINT('', #5709);
#5713 = LINE('', #5707, #6);
#5714 = LINE('', #5708, #6);
#5715 = LINE('', #5709, #6);
#5716 = EDGE_CURVE('', #5710, #5711, #5713, .T.);
#5717 = EDGE_CURVE('', #5711, #5712, #5714, .T.);
#5718 = EDGE_CURVE('', #5712, #5710, #5715, .T.);
#5719 = ORIENTED_EDGE('', *, *, #5716, .T.);
#5720 = ORIENTED_EDGE('', *, *, #5717, .T.);
#5721 = ORIENTED_EDGE('', *, *, #5718, .T.);
#5722 = EDGE_LOOP('', (#5719, #5720, #5721));
#5723 = FACE_BOUND('', #5722, .T.);

/* ==== Hole 336 (row 11, col 5) CW ==== */
#5724 = CARTESIAN_POINT('', (20.000, 38.000, 0.0));
#5725 = CARTESIAN_POINT('', (20.000, 41.000, 0.0));
#5726 = CARTESIAN_POINT('', (23.000, 39.500, 0.0));
#5727 = VERTEX_POINT('', #5724);
#5728 = VERTEX_POINT('', #5725);
#5729 = VERTEX_POINT('', #5726);
#5730 = LINE('', #5724, #6);
#5731 = LINE('', #5725, #6);
#5732 = LINE('', #5726, #6);
#5733 = EDGE_CURVE('', #5727, #5728, #5730, .T.);
#5734 = EDGE_CURVE('', #5728, #5729, #5731, .T.);
#5735 = EDGE_CURVE('', #5729, #5727, #5732, .T.);
#5736 = ORIENTED_EDGE('', *, *, #5733, .T.);
#5737 = ORIENTED_EDGE('', *, *, #5734, .T.);
#5738 = ORIENTED_EDGE('', *, *, #5735, .T.);
#5739 = EDGE_LOOP('', (#5736, #5737, #5738));
#5740 = FACE_BOUND('', #5739, .T.);

/* ==== Hole 337 (row 11, col 6) CW ==== */
#5741 = CARTESIAN_POINT('', (23.000, 38.000, 0.0));
#5742 = CARTESIAN_POINT('', (23.000, 41.000, 0.0));
#5743 = CARTESIAN_POINT('', (26.000, 39.500, 0.0));
#5744 = VERTEX_POINT('', #5741);
#5745 = VERTEX_POINT('', #5742);
#5746 = VERTEX_POINT('', #5743);
#5747 = LINE('', #5741, #6);
#5748 = LINE('', #5742, #6);
#5749 = LINE('', #5743, #6);
#5750 = EDGE_CURVE('', #5744, #5745, #5747, .T.);
#5751 = EDGE_CURVE('', #5745, #5746, #5748, .T.);
#5752 = EDGE_CURVE('', #5746, #5744, #5749, .T.);
#5753 = ORIENTED_EDGE('', *, *, #5750, .T.);
#5754 = ORIENTED_EDGE('', *, *, #5751, .T.);
#5755 = ORIENTED_EDGE('', *, *, #5752, .T.);
#5756 = EDGE_LOOP('', (#5753, #5754, #5755));
#5757 = FACE_BOUND('', #5756, .T.);

/* ==== Hole 338 (row 11, col 7) CW ==== */
#5758 = CARTESIAN_POINT('', (26.000, 38.000, 0.0));
#5759 = CARTESIAN_POINT('', (26.000, 41.000, 0.0));
#5760 = CARTESIAN_POINT('', (29.000, 39.500, 0.0));
#5761 = VERTEX_POINT('', #5758);
#5762 = VERTEX_POINT('', #5759);
#5763 = VERTEX_POINT('', #5760);
#5764 = LINE('', #5758, #6);
#5765 = LINE('', #5759, #6);
#5766 = LINE('', #5760, #6);
#5767 = EDGE_CURVE('', #5761, #5762, #5764, .T.);
#5768 = EDGE_CURVE('', #5762, #5763, #5765, .T.);
#5769 = EDGE_CURVE('', #5763, #5761, #5766, .T.);
#5770 = ORIENTED_EDGE('', *, *, #5767, .T.);
#5771 = ORIENTED_EDGE('', *, *, #5768, .T.);
#5772 = ORIENTED_EDGE('', *, *, #5769, .T.);
#5773 = EDGE_LOOP('', (#5770, #5771, #5772));
#5774 = FACE_BOUND('', #5773, .T.);

/* ==== Hole 339 (row 11, col 8) CW ==== */
#5775 = CARTESIAN_POINT('', (29.000, 38.000, 0.0));
#5776 = CARTESIAN_POINT('', (29.000, 41.000, 0.0));
#5777 = CARTESIAN_POINT('', (32.000, 39.500, 0.0));
#5778 = VERTEX_POINT('', #5775);
#5779 = VERTEX_POINT('', #5776);
#5780 = VERTEX_POINT('', #5777);
#5781 = LINE('', #5775, #6);
#5782 = LINE('', #5776, #6);
#5783 = LINE('', #5777, #6);
#5784 = EDGE_CURVE('', #5778, #5779, #5781, .T.);
#5785 = EDGE_CURVE('', #5779, #5780, #5782, .T.);
#5786 = EDGE_CURVE('', #5780, #5778, #5783, .T.);
#5787 = ORIENTED_EDGE('', *, *, #5784, .T.);
#5788 = ORIENTED_EDGE('', *, *, #5785, .T.);
#5789 = ORIENTED_EDGE('', *, *, #5786, .T.);
#5790 = EDGE_LOOP('', (#5787, #5788, #5789));
#5791 = FACE_BOUND('', #5790, .T.);

/* ==== Hole 340 (row 11, col 9) CW ==== */
#5792 = CARTESIAN_POINT('', (32.000, 38.000, 0.0));
#5793 = CARTESIAN_POINT('', (32.000, 41.000, 0.0));
#5794 = CARTESIAN_POINT('', (35.000, 39.500, 0.0));
#5795 = VERTEX_POINT('', #5792);
#5796 = VERTEX_POINT('', #5793);
#5797 = VERTEX_POINT('', #5794);
#5798 = LINE('', #5792, #6);
#5799 = LINE('', #5793, #6);
#5800 = LINE('', #5794, #6);
#5801 = EDGE_CURVE('', #5795, #5796, #5798, .T.);
#5802 = EDGE_CURVE('', #5796, #5797, #5799, .T.);
#5803 = EDGE_CURVE('', #5797, #5795, #5800, .T.);
#5804 = ORIENTED_EDGE('', *, *, #5801, .T.);
#5805 = ORIENTED_EDGE('', *, *, #5802, .T.);
#5806 = ORIENTED_EDGE('', *, *, #5803, .T.);
#5807 = EDGE_LOOP('', (#5804, #5805, #5806));
#5808 = FACE_BOUND('', #5807, .T.);

/* ==== Hole 341 (row 11, col 10) CW ==== */
#5809 = CARTESIAN_POINT('', (35.000, 38.000, 0.0));
#5810 = CARTESIAN_POINT('', (35.000, 41.000, 0.0));
#5811 = CARTESIAN_POINT('', (38.000, 39.500, 0.0));
#5812 = VERTEX_POINT('', #5809);
#5813 = VERTEX_POINT('', #5810);
#5814 = VERTEX_POINT('', #5811);
#5815 = LINE('', #5809, #6);
#5816 = LINE('', #5810, #6);
#5817 = LINE('', #5811, #6);
#5818 = EDGE_CURVE('', #5812, #5813, #5815, .T.);
#5819 = EDGE_CURVE('', #5813, #5814, #5816, .T.);
#5820 = EDGE_CURVE('', #5814, #5812, #5817, .T.);
#5821 = ORIENTED_EDGE('', *, *, #5818, .T.);
#5822 = ORIENTED_EDGE('', *, *, #5819, .T.);
#5823 = ORIENTED_EDGE('', *, *, #5820, .T.);
#5824 = EDGE_LOOP('', (#5821, #5822, #5823));
#5825 = FACE_BOUND('', #5824, .T.);

/* ==== Hole 342 (row 11, col 11) CW ==== */
#5826 = CARTESIAN_POINT('', (38.000, 38.000, 0.0));
#5827 = CARTESIAN_POINT('', (38.000, 41.000, 0.0));
#5828 = CARTESIAN_POINT('', (41.000, 39.500, 0.0));
#5829 = VERTEX_POINT('', #5826);
#5830 = VERTEX_POINT('', #5827);
#5831 = VERTEX_POINT('', #5828);
#5832 = LINE('', #5826, #6);
#5833 = LINE('', #5827, #6);
#5834 = LINE('', #5828, #6);
#5835 = EDGE_CURVE('', #5829, #5830, #5832, .T.);
#5836 = EDGE_CURVE('', #5830, #5831, #5833, .T.);
#5837 = EDGE_CURVE('', #5831, #5829, #5834, .T.);
#5838 = ORIENTED_EDGE('', *, *, #5835, .T.);
#5839 = ORIENTED_EDGE('', *, *, #5836, .T.);
#5840 = ORIENTED_EDGE('', *, *, #5837, .T.);
#5841 = EDGE_LOOP('', (#5838, #5839, #5840));
#5842 = FACE_BOUND('', #5841, .T.);

/* ==== Hole 343 (row 11, col 12) CW ==== */
#5843 = CARTESIAN_POINT('', (41.000, 38.000, 0.0));
#5844 = CARTESIAN_POINT('', (41.000, 41.000, 0.0));
#5845 = CARTESIAN_POINT('', (44.000, 39.500, 0.0));
#5846 = VERTEX_POINT('', #5843);
#5847 = VERTEX_POINT('', #5844);
#5848 = VERTEX_POINT('', #5845);
#5849 = LINE('', #5843, #6);
#5850 = LINE('', #5844, #6);
#5851 = LINE('', #5845, #6);
#5852 = EDGE_CURVE('', #5846, #5847, #5849, .T.);
#5853 = EDGE_CURVE('', #5847, #5848, #5850, .T.);
#5854 = EDGE_CURVE('', #5848, #5846, #5851, .T.);
#5855 = ORIENTED_EDGE('', *, *, #5852, .T.);
#5856 = ORIENTED_EDGE('', *, *, #5853, .T.);
#5857 = ORIENTED_EDGE('', *, *, #5854, .T.);
#5858 = EDGE_LOOP('', (#5855, #5856, #5857));
#5859 = FACE_BOUND('', #5858, .T.);

/* ==== Hole 344 (row 11, col 13) CW ==== */
#5860 = CARTESIAN_POINT('', (44.000, 38.000, 0.0));
#5861 = CARTESIAN_POINT('', (44.000, 41.000, 0.0));
#5862 = CARTESIAN_POINT('', (47.000, 39.500, 0.0));
#5863 = VERTEX_POINT('', #5860);
#5864 = VERTEX_POINT('', #5861);
#5865 = VERTEX_POINT('', #5862);
#5866 = LINE('', #5860, #6);
#5867 = LINE('', #5861, #6);
#5868 = LINE('', #5862, #6);
#5869 = EDGE_CURVE('', #5863, #5864, #5866, .T.);
#5870 = EDGE_CURVE('', #5864, #5865, #5867, .T.);
#5871 = EDGE_CURVE('', #5865, #5863, #5868, .T.);
#5872 = ORIENTED_EDGE('', *, *, #5869, .T.);
#5873 = ORIENTED_EDGE('', *, *, #5870, .T.);
#5874 = ORIENTED_EDGE('', *, *, #5871, .T.);
#5875 = EDGE_LOOP('', (#5872, #5873, #5874));
#5876 = FACE_BOUND('', #5875, .T.);

/* ==== Hole 345 (row 11, col 14) CW ==== */
#5877 = CARTESIAN_POINT('', (47.000, 38.000, 0.0));
#5878 = CARTESIAN_POINT('', (47.000, 41.000, 0.0));
#5879 = CARTESIAN_POINT('', (50.000, 39.500, 0.0));
#5880 = VERTEX_POINT('', #5877);
#5881 = VERTEX_POINT('', #5878);
#5882 = VERTEX_POINT('', #5879);
#5883 = LINE('', #5877, #6);
#5884 = LINE('', #5878, #6);
#5885 = LINE('', #5879, #6);
#5886 = EDGE_CURVE('', #5880, #5881, #5883, .T.);
#5887 = EDGE_CURVE('', #5881, #5882, #5884, .T.);
#5888 = EDGE_CURVE('', #5882, #5880, #5885, .T.);
#5889 = ORIENTED_EDGE('', *, *, #5886, .T.);
#5890 = ORIENTED_EDGE('', *, *, #5887, .T.);
#5891 = ORIENTED_EDGE('', *, *, #5888, .T.);
#5892 = EDGE_LOOP('', (#5889, #5890, #5891));
#5893 = FACE_BOUND('', #5892, .T.);

/* ==== Hole 346 (row 11, col 15) CW ==== */
#5894 = CARTESIAN_POINT('', (50.000, 38.000, 0.0));
#5895 = CARTESIAN_POINT('', (50.000, 41.000, 0.0));
#5896 = CARTESIAN_POINT('', (53.000, 39.500, 0.0));
#5897 = VERTEX_POINT('', #5894);
#5898 = VERTEX_POINT('', #5895);
#5899 = VERTEX_POINT('', #5896);
#5900 = LINE('', #5894, #6);
#5901 = LINE('', #5895, #6);
#5902 = LINE('', #5896, #6);
#5903 = EDGE_CURVE('', #5897, #5898, #5900, .T.);
#5904 = EDGE_CURVE('', #5898, #5899, #5901, .T.);
#5905 = EDGE_CURVE('', #5899, #5897, #5902, .T.);
#5906 = ORIENTED_EDGE('', *, *, #5903, .T.);
#5907 = ORIENTED_EDGE('', *, *, #5904, .T.);
#5908 = ORIENTED_EDGE('', *, *, #5905, .T.);
#5909 = EDGE_LOOP('', (#5906, #5907, #5908));
#5910 = FACE_BOUND('', #5909, .T.);

/* ==== Hole 347 (row 11, col 16) CW ==== */
#5911 = CARTESIAN_POINT('', (53.000, 38.000, 0.0));
#5912 = CARTESIAN_POINT('', (53.000, 41.000, 0.0));
#5913 = CARTESIAN_POINT('', (56.000, 39.500, 0.0));
#5914 = VERTEX_POINT('', #5911);
#5915 = VERTEX_POINT('', #5912);
#5916 = VERTEX_POINT('', #5913);
#5917 = LINE('', #5911, #6);
#5918 = LINE('', #5912, #6);
#5919 = LINE('', #5913, #6);
#5920 = EDGE_CURVE('', #5914, #5915, #5917, .T.);
#5921 = EDGE_CURVE('', #5915, #5916, #5918, .T.);
#5922 = EDGE_CURVE('', #5916, #5914, #5919, .T.);
#5923 = ORIENTED_EDGE('', *, *, #5920, .T.);
#5924 = ORIENTED_EDGE('', *, *, #5921, .T.);
#5925 = ORIENTED_EDGE('', *, *, #5922, .T.);
#5926 = EDGE_LOOP('', (#5923, #5924, #5925));
#5927 = FACE_BOUND('', #5926, .T.);

/* ==== Hole 348 (row 11, col 17) CW ==== */
#5928 = CARTESIAN_POINT('', (56.000, 38.000, 0.0));
#5929 = CARTESIAN_POINT('', (56.000, 41.000, 0.0));
#5930 = CARTESIAN_POINT('', (59.000, 39.500, 0.0));
#5931 = VERTEX_POINT('', #5928);
#5932 = VERTEX_POINT('', #5929);
#5933 = VERTEX_POINT('', #5930);
#5934 = LINE('', #5928, #6);
#5935 = LINE('', #5929, #6);
#5936 = LINE('', #5930, #6);
#5937 = EDGE_CURVE('', #5931, #5932, #5934, .T.);
#5938 = EDGE_CURVE('', #5932, #5933, #5935, .T.);
#5939 = EDGE_CURVE('', #5933, #5931, #5936, .T.);
#5940 = ORIENTED_EDGE('', *, *, #5937, .T.);
#5941 = ORIENTED_EDGE('', *, *, #5938, .T.);
#5942 = ORIENTED_EDGE('', *, *, #5939, .T.);
#5943 = EDGE_LOOP('', (#5940, #5941, #5942));
#5944 = FACE_BOUND('', #5943, .T.);

/* ==== Hole 349 (row 11, col 18) CW ==== */
#5945 = CARTESIAN_POINT('', (59.000, 38.000, 0.0));
#5946 = CARTESIAN_POINT('', (59.000, 41.000, 0.0));
#5947 = CARTESIAN_POINT('', (62.000, 39.500, 0.0));
#5948 = VERTEX_POINT('', #5945);
#5949 = VERTEX_POINT('', #5946);
#5950 = VERTEX_POINT('', #5947);
#5951 = LINE('', #5945, #6);
#5952 = LINE('', #5946, #6);
#5953 = LINE('', #5947, #6);
#5954 = EDGE_CURVE('', #5948, #5949, #5951, .T.);
#5955 = EDGE_CURVE('', #5949, #5950, #5952, .T.);
#5956 = EDGE_CURVE('', #5950, #5948, #5953, .T.);
#5957 = ORIENTED_EDGE('', *, *, #5954, .T.);
#5958 = ORIENTED_EDGE('', *, *, #5955, .T.);
#5959 = ORIENTED_EDGE('', *, *, #5956, .T.);
#5960 = EDGE_LOOP('', (#5957, #5958, #5959));
#5961 = FACE_BOUND('', #5960, .T.);

/* ==== Hole 350 (row 11, col 19) CW ==== */
#5962 = CARTESIAN_POINT('', (62.000, 38.000, 0.0));
#5963 = CARTESIAN_POINT('', (62.000, 41.000, 0.0));
#5964 = CARTESIAN_POINT('', (65.000, 39.500, 0.0));
#5965 = VERTEX_POINT('', #5962);
#5966 = VERTEX_POINT('', #5963);
#5967 = VERTEX_POINT('', #5964);
#5968 = LINE('', #5962, #6);
#5969 = LINE('', #5963, #6);
#5970 = LINE('', #5964, #6);
#5971 = EDGE_CURVE('', #5965, #5966, #5968, .T.);
#5972 = EDGE_CURVE('', #5966, #5967, #5969, .T.);
#5973 = EDGE_CURVE('', #5967, #5965, #5970, .T.);
#5974 = ORIENTED_EDGE('', *, *, #5971, .T.);
#5975 = ORIENTED_EDGE('', *, *, #5972, .T.);
#5976 = ORIENTED_EDGE('', *, *, #5973, .T.);
#5977 = EDGE_LOOP('', (#5974, #5975, #5976));
#5978 = FACE_BOUND('', #5977, .T.);

/* ==== Hole 351 (row 11, col 20) CW ==== */
#5979 = CARTESIAN_POINT('', (65.000, 38.000, 0.0));
#5980 = CARTESIAN_POINT('', (65.000, 41.000, 0.0));
#5981 = CARTESIAN_POINT('', (68.000, 39.500, 0.0));
#5982 = VERTEX_POINT('', #5979);
#5983 = VERTEX_POINT('', #5980);
#5984 = VERTEX_POINT('', #5981);
#5985 = LINE('', #5979, #6);
#5986 = LINE('', #5980, #6);
#5987 = LINE('', #5981, #6);
#5988 = EDGE_CURVE('', #5982, #5983, #5985, .T.);
#5989 = EDGE_CURVE('', #5983, #5984, #5986, .T.);
#5990 = EDGE_CURVE('', #5984, #5982, #5987, .T.);
#5991 = ORIENTED_EDGE('', *, *, #5988, .T.);
#5992 = ORIENTED_EDGE('', *, *, #5989, .T.);
#5993 = ORIENTED_EDGE('', *, *, #5990, .T.);
#5994 = EDGE_LOOP('', (#5991, #5992, #5993));
#5995 = FACE_BOUND('', #5994, .T.);

/* ==== Hole 352 (row 11, col 21) CW ==== */
#5996 = CARTESIAN_POINT('', (68.000, 38.000, 0.0));
#5997 = CARTESIAN_POINT('', (68.000, 41.000, 0.0));
#5998 = CARTESIAN_POINT('', (71.000, 39.500, 0.0));
#5999 = VERTEX_POINT('', #5996);
#6000 = VERTEX_POINT('', #5997);
#6001 = VERTEX_POINT('', #5998);
#6002 = LINE('', #5996, #6);
#6003 = LINE('', #5997, #6);
#6004 = LINE('', #5998, #6);
#6005 = EDGE_CURVE('', #5999, #6000, #6002, .T.);
#6006 = EDGE_CURVE('', #6000, #6001, #6003, .T.);
#6007 = EDGE_CURVE('', #6001, #5999, #6004, .T.);
#6008 = ORIENTED_EDGE('', *, *, #6005, .T.);
#6009 = ORIENTED_EDGE('', *, *, #6006, .T.);
#6010 = ORIENTED_EDGE('', *, *, #6007, .T.);
#6011 = EDGE_LOOP('', (#6008, #6009, #6010));
#6012 = FACE_BOUND('', #6011, .T.);

/* ==== Hole 353 (row 11, col 22) CW ==== */
#6013 = CARTESIAN_POINT('', (71.000, 38.000, 0.0));
#6014 = CARTESIAN_POINT('', (71.000, 41.000, 0.0));
#6015 = CARTESIAN_POINT('', (74.000, 39.500, 0.0));
#6016 = VERTEX_POINT('', #6013);
#6017 = VERTEX_POINT('', #6014);
#6018 = VERTEX_POINT('', #6015);
#6019 = LINE('', #6013, #6);
#6020 = LINE('', #6014, #6);
#6021 = LINE('', #6015, #6);
#6022 = EDGE_CURVE('', #6016, #6017, #6019, .T.);
#6023 = EDGE_CURVE('', #6017, #6018, #6020, .T.);
#6024 = EDGE_CURVE('', #6018, #6016, #6021, .T.);
#6025 = ORIENTED_EDGE('', *, *, #6022, .T.);
#6026 = ORIENTED_EDGE('', *, *, #6023, .T.);
#6027 = ORIENTED_EDGE('', *, *, #6024, .T.);
#6028 = EDGE_LOOP('', (#6025, #6026, #6027));
#6029 = FACE_BOUND('', #6028, .T.);

/* ==== Hole 354 (row 11, col 23) CW ==== */
#6030 = CARTESIAN_POINT('', (74.000, 38.000, 0.0));
#6031 = CARTESIAN_POINT('', (74.000, 41.000, 0.0));
#6032 = CARTESIAN_POINT('', (77.000, 39.500, 0.0));
#6033 = VERTEX_POINT('', #6030);
#6034 = VERTEX_POINT('', #6031);
#6035 = VERTEX_POINT('', #6032);
#6036 = LINE('', #6030, #6);
#6037 = LINE('', #6031, #6);
#6038 = LINE('', #6032, #6);
#6039 = EDGE_CURVE('', #6033, #6034, #6036, .T.);
#6040 = EDGE_CURVE('', #6034, #6035, #6037, .T.);
#6041 = EDGE_CURVE('', #6035, #6033, #6038, .T.);
#6042 = ORIENTED_EDGE('', *, *, #6039, .T.);
#6043 = ORIENTED_EDGE('', *, *, #6040, .T.);
#6044 = ORIENTED_EDGE('', *, *, #6041, .T.);
#6045 = EDGE_LOOP('', (#6042, #6043, #6044));
#6046 = FACE_BOUND('', #6045, .T.);

/* ==== Hole 355 (row 11, col 24) CW ==== */
#6047 = CARTESIAN_POINT('', (77.000, 38.000, 0.0));
#6048 = CARTESIAN_POINT('', (77.000, 41.000, 0.0));
#6049 = CARTESIAN_POINT('', (80.000, 39.500, 0.0));
#6050 = VERTEX_POINT('', #6047);
#6051 = VERTEX_POINT('', #6048);
#6052 = VERTEX_POINT('', #6049);
#6053 = LINE('', #6047, #6);
#6054 = LINE('', #6048, #6);
#6055 = LINE('', #6049, #6);
#6056 = EDGE_CURVE('', #6050, #6051, #6053, .T.);
#6057 = EDGE_CURVE('', #6051, #6052, #6054, .T.);
#6058 = EDGE_CURVE('', #6052, #6050, #6055, .T.);
#6059 = ORIENTED_EDGE('', *, *, #6056, .T.);
#6060 = ORIENTED_EDGE('', *, *, #6057, .T.);
#6061 = ORIENTED_EDGE('', *, *, #6058, .T.);
#6062 = EDGE_LOOP('', (#6059, #6060, #6061));
#6063 = FACE_BOUND('', #6062, .T.);

/* ==== Hole 356 (row 11, col 25) CW ==== */
#6064 = CARTESIAN_POINT('', (80.000, 38.000, 0.0));
#6065 = CARTESIAN_POINT('', (80.000, 41.000, 0.0));
#6066 = CARTESIAN_POINT('', (83.000, 39.500, 0.0));
#6067 = VERTEX_POINT('', #6064);
#6068 = VERTEX_POINT('', #6065);
#6069 = VERTEX_POINT('', #6066);
#6070 = LINE('', #6064, #6);
#6071 = LINE('', #6065, #6);
#6072 = LINE('', #6066, #6);
#6073 = EDGE_CURVE('', #6067, #6068, #6070, .T.);
#6074 = EDGE_CURVE('', #6068, #6069, #6071, .T.);
#6075 = EDGE_CURVE('', #6069, #6067, #6072, .T.);
#6076 = ORIENTED_EDGE('', *, *, #6073, .T.);
#6077 = ORIENTED_EDGE('', *, *, #6074, .T.);
#6078 = ORIENTED_EDGE('', *, *, #6075, .T.);
#6079 = EDGE_LOOP('', (#6076, #6077, #6078));
#6080 = FACE_BOUND('', #6079, .T.);

/* ==== Hole 357 (row 11, col 26) CW ==== */
#6081 = CARTESIAN_POINT('', (83.000, 38.000, 0.0));
#6082 = CARTESIAN_POINT('', (83.000, 41.000, 0.0));
#6083 = CARTESIAN_POINT('', (86.000, 39.500, 0.0));
#6084 = VERTEX_POINT('', #6081);
#6085 = VERTEX_POINT('', #6082);
#6086 = VERTEX_POINT('', #6083);
#6087 = LINE('', #6081, #6);
#6088 = LINE('', #6082, #6);
#6089 = LINE('', #6083, #6);
#6090 = EDGE_CURVE('', #6084, #6085, #6087, .T.);
#6091 = EDGE_CURVE('', #6085, #6086, #6088, .T.);
#6092 = EDGE_CURVE('', #6086, #6084, #6089, .T.);
#6093 = ORIENTED_EDGE('', *, *, #6090, .T.);
#6094 = ORIENTED_EDGE('', *, *, #6091, .T.);
#6095 = ORIENTED_EDGE('', *, *, #6092, .T.);
#6096 = EDGE_LOOP('', (#6093, #6094, #6095));
#6097 = FACE_BOUND('', #6096, .T.);

/* ==== Hole 358 (row 11, col 27) CW ==== */
#6098 = CARTESIAN_POINT('', (86.000, 38.000, 0.0));
#6099 = CARTESIAN_POINT('', (86.000, 41.000, 0.0));
#6100 = CARTESIAN_POINT('', (89.000, 39.500, 0.0));
#6101 = VERTEX_POINT('', #6098);
#6102 = VERTEX_POINT('', #6099);
#6103 = VERTEX_POINT('', #6100);
#6104 = LINE('', #6098, #6);
#6105 = LINE('', #6099, #6);
#6106 = LINE('', #6100, #6);
#6107 = EDGE_CURVE('', #6101, #6102, #6104, .T.);
#6108 = EDGE_CURVE('', #6102, #6103, #6105, .T.);
#6109 = EDGE_CURVE('', #6103, #6101, #6106, .T.);
#6110 = ORIENTED_EDGE('', *, *, #6107, .T.);
#6111 = ORIENTED_EDGE('', *, *, #6108, .T.);
#6112 = ORIENTED_EDGE('', *, *, #6109, .T.);
#6113 = EDGE_LOOP('', (#6110, #6111, #6112));
#6114 = FACE_BOUND('', #6113, .T.);

/* ==== Hole 359 (row 11, col 28) CW ==== */
#6115 = CARTESIAN_POINT('', (89.000, 38.000, 0.0));
#6116 = CARTESIAN_POINT('', (89.000, 41.000, 0.0));
#6117 = CARTESIAN_POINT('', (92.000, 39.500, 0.0));
#6118 = VERTEX_POINT('', #6115);
#6119 = VERTEX_POINT('', #6116);
#6120 = VERTEX_POINT('', #6117);
#6121 = LINE('', #6115, #6);
#6122 = LINE('', #6116, #6);
#6123 = LINE('', #6117, #6);
#6124 = EDGE_CURVE('', #6118, #6119, #6121, .T.);
#6125 = EDGE_CURVE('', #6119, #6120, #6122, .T.);
#6126 = EDGE_CURVE('', #6120, #6118, #6123, .T.);
#6127 = ORIENTED_EDGE('', *, *, #6124, .T.);
#6128 = ORIENTED_EDGE('', *, *, #6125, .T.);
#6129 = ORIENTED_EDGE('', *, *, #6126, .T.);
#6130 = EDGE_LOOP('', (#6127, #6128, #6129));
#6131 = FACE_BOUND('', #6130, .T.);

/* ==== Hole 360 (row 11, col 29) CW ==== */
#6132 = CARTESIAN_POINT('', (92.000, 38.000, 0.0));
#6133 = CARTESIAN_POINT('', (92.000, 41.000, 0.0));
#6134 = CARTESIAN_POINT('', (95.000, 39.500, 0.0));
#6135 = VERTEX_POINT('', #6132);
#6136 = VERTEX_POINT('', #6133);
#6137 = VERTEX_POINT('', #6134);
#6138 = LINE('', #6132, #6);
#6139 = LINE('', #6133, #6);
#6140 = LINE('', #6134, #6);
#6141 = EDGE_CURVE('', #6135, #6136, #6138, .T.);
#6142 = EDGE_CURVE('', #6136, #6137, #6139, .T.);
#6143 = EDGE_CURVE('', #6137, #6135, #6140, .T.);
#6144 = ORIENTED_EDGE('', *, *, #6141, .T.);
#6145 = ORIENTED_EDGE('', *, *, #6142, .T.);
#6146 = ORIENTED_EDGE('', *, *, #6143, .T.);
#6147 = EDGE_LOOP('', (#6144, #6145, #6146));
#6148 = FACE_BOUND('', #6147, .T.);

/* ==== Hole 361 (row 12, col 0) CW ==== */
#6149 = CARTESIAN_POINT('', (5.000, 41.000, 0.0));
#6150 = CARTESIAN_POINT('', (5.000, 44.000, 0.0));
#6151 = CARTESIAN_POINT('', (8.000, 42.500, 0.0));
#6152 = VERTEX_POINT('', #6149);
#6153 = VERTEX_POINT('', #6150);
#6154 = VERTEX_POINT('', #6151);
#6155 = LINE('', #6149, #6);
#6156 = LINE('', #6150, #6);
#6157 = LINE('', #6151, #6);
#6158 = EDGE_CURVE('', #6152, #6153, #6155, .T.);
#6159 = EDGE_CURVE('', #6153, #6154, #6156, .T.);
#6160 = EDGE_CURVE('', #6154, #6152, #6157, .T.);
#6161 = ORIENTED_EDGE('', *, *, #6158, .T.);
#6162 = ORIENTED_EDGE('', *, *, #6159, .T.);
#6163 = ORIENTED_EDGE('', *, *, #6160, .T.);
#6164 = EDGE_LOOP('', (#6161, #6162, #6163));
#6165 = FACE_BOUND('', #6164, .T.);

/* ==== Hole 362 (row 12, col 1) CW ==== */
#6166 = CARTESIAN_POINT('', (8.000, 41.000, 0.0));
#6167 = CARTESIAN_POINT('', (8.000, 44.000, 0.0));
#6168 = CARTESIAN_POINT('', (11.000, 42.500, 0.0));
#6169 = VERTEX_POINT('', #6166);
#6170 = VERTEX_POINT('', #6167);
#6171 = VERTEX_POINT('', #6168);
#6172 = LINE('', #6166, #6);
#6173 = LINE('', #6167, #6);
#6174 = LINE('', #6168, #6);
#6175 = EDGE_CURVE('', #6169, #6170, #6172, .T.);
#6176 = EDGE_CURVE('', #6170, #6171, #6173, .T.);
#6177 = EDGE_CURVE('', #6171, #6169, #6174, .T.);
#6178 = ORIENTED_EDGE('', *, *, #6175, .T.);
#6179 = ORIENTED_EDGE('', *, *, #6176, .T.);
#6180 = ORIENTED_EDGE('', *, *, #6177, .T.);
#6181 = EDGE_LOOP('', (#6178, #6179, #6180));
#6182 = FACE_BOUND('', #6181, .T.);

/* ==== Hole 363 (row 12, col 2) CW ==== */
#6183 = CARTESIAN_POINT('', (11.000, 41.000, 0.0));
#6184 = CARTESIAN_POINT('', (11.000, 44.000, 0.0));
#6185 = CARTESIAN_POINT('', (14.000, 42.500, 0.0));
#6186 = VERTEX_POINT('', #6183);
#6187 = VERTEX_POINT('', #6184);
#6188 = VERTEX_POINT('', #6185);
#6189 = LINE('', #6183, #6);
#6190 = LINE('', #6184, #6);
#6191 = LINE('', #6185, #6);
#6192 = EDGE_CURVE('', #6186, #6187, #6189, .T.);
#6193 = EDGE_CURVE('', #6187, #6188, #6190, .T.);
#6194 = EDGE_CURVE('', #6188, #6186, #6191, .T.);
#6195 = ORIENTED_EDGE('', *, *, #6192, .T.);
#6196 = ORIENTED_EDGE('', *, *, #6193, .T.);
#6197 = ORIENTED_EDGE('', *, *, #6194, .T.);
#6198 = EDGE_LOOP('', (#6195, #6196, #6197));
#6199 = FACE_BOUND('', #6198, .T.);

/* ==== Hole 364 (row 12, col 3) CW ==== */
#6200 = CARTESIAN_POINT('', (14.000, 41.000, 0.0));
#6201 = CARTESIAN_POINT('', (14.000, 44.000, 0.0));
#6202 = CARTESIAN_POINT('', (17.000, 42.500, 0.0));
#6203 = VERTEX_POINT('', #6200);
#6204 = VERTEX_POINT('', #6201);
#6205 = VERTEX_POINT('', #6202);
#6206 = LINE('', #6200, #6);
#6207 = LINE('', #6201, #6);
#6208 = LINE('', #6202, #6);
#6209 = EDGE_CURVE('', #6203, #6204, #6206, .T.);
#6210 = EDGE_CURVE('', #6204, #6205, #6207, .T.);
#6211 = EDGE_CURVE('', #6205, #6203, #6208, .T.);
#6212 = ORIENTED_EDGE('', *, *, #6209, .T.);
#6213 = ORIENTED_EDGE('', *, *, #6210, .T.);
#6214 = ORIENTED_EDGE('', *, *, #6211, .T.);
#6215 = EDGE_LOOP('', (#6212, #6213, #6214));
#6216 = FACE_BOUND('', #6215, .T.);

/* ==== Hole 365 (row 12, col 4) CW ==== */
#6217 = CARTESIAN_POINT('', (17.000, 41.000, 0.0));
#6218 = CARTESIAN_POINT('', (17.000, 44.000, 0.0));
#6219 = CARTESIAN_POINT('', (20.000, 42.500, 0.0));
#6220 = VERTEX_POINT('', #6217);
#6221 = VERTEX_POINT('', #6218);
#6222 = VERTEX_POINT('', #6219);
#6223 = LINE('', #6217, #6);
#6224 = LINE('', #6218, #6);
#6225 = LINE('', #6219, #6);
#6226 = EDGE_CURVE('', #6220, #6221, #6223, .T.);
#6227 = EDGE_CURVE('', #6221, #6222, #6224, .T.);
#6228 = EDGE_CURVE('', #6222, #6220, #6225, .T.);
#6229 = ORIENTED_EDGE('', *, *, #6226, .T.);
#6230 = ORIENTED_EDGE('', *, *, #6227, .T.);
#6231 = ORIENTED_EDGE('', *, *, #6228, .T.);
#6232 = EDGE_LOOP('', (#6229, #6230, #6231));
#6233 = FACE_BOUND('', #6232, .T.);

/* ==== Hole 366 (row 12, col 5) CW ==== */
#6234 = CARTESIAN_POINT('', (20.000, 41.000, 0.0));
#6235 = CARTESIAN_POINT('', (20.000, 44.000, 0.0));
#6236 = CARTESIAN_POINT('', (23.000, 42.500, 0.0));
#6237 = VERTEX_POINT('', #6234);
#6238 = VERTEX_POINT('', #6235);
#6239 = VERTEX_POINT('', #6236);
#6240 = LINE('', #6234, #6);
#6241 = LINE('', #6235, #6);
#6242 = LINE('', #6236, #6);
#6243 = EDGE_CURVE('', #6237, #6238, #6240, .T.);
#6244 = EDGE_CURVE('', #6238, #6239, #6241, .T.);
#6245 = EDGE_CURVE('', #6239, #6237, #6242, .T.);
#6246 = ORIENTED_EDGE('', *, *, #6243, .T.);
#6247 = ORIENTED_EDGE('', *, *, #6244, .T.);
#6248 = ORIENTED_EDGE('', *, *, #6245, .T.);
#6249 = EDGE_LOOP('', (#6246, #6247, #6248));
#6250 = FACE_BOUND('', #6249, .T.);

/* ==== Hole 367 (row 12, col 6) CW ==== */
#6251 = CARTESIAN_POINT('', (23.000, 41.000, 0.0));
#6252 = CARTESIAN_POINT('', (23.000, 44.000, 0.0));
#6253 = CARTESIAN_POINT('', (26.000, 42.500, 0.0));
#6254 = VERTEX_POINT('', #6251);
#6255 = VERTEX_POINT('', #6252);
#6256 = VERTEX_POINT('', #6253);
#6257 = LINE('', #6251, #6);
#6258 = LINE('', #6252, #6);
#6259 = LINE('', #6253, #6);
#6260 = EDGE_CURVE('', #6254, #6255, #6257, .T.);
#6261 = EDGE_CURVE('', #6255, #6256, #6258, .T.);
#6262 = EDGE_CURVE('', #6256, #6254, #6259, .T.);
#6263 = ORIENTED_EDGE('', *, *, #6260, .T.);
#6264 = ORIENTED_EDGE('', *, *, #6261, .T.);
#6265 = ORIENTED_EDGE('', *, *, #6262, .T.);
#6266 = EDGE_LOOP('', (#6263, #6264, #6265));
#6267 = FACE_BOUND('', #6266, .T.);

/* ==== Hole 368 (row 12, col 7) CW ==== */
#6268 = CARTESIAN_POINT('', (26.000, 41.000, 0.0));
#6269 = CARTESIAN_POINT('', (26.000, 44.000, 0.0));
#6270 = CARTESIAN_POINT('', (29.000, 42.500, 0.0));
#6271 = VERTEX_POINT('', #6268);
#6272 = VERTEX_POINT('', #6269);
#6273 = VERTEX_POINT('', #6270);
#6274 = LINE('', #6268, #6);
#6275 = LINE('', #6269, #6);
#6276 = LINE('', #6270, #6);
#6277 = EDGE_CURVE('', #6271, #6272, #6274, .T.);
#6278 = EDGE_CURVE('', #6272, #6273, #6275, .T.);
#6279 = EDGE_CURVE('', #6273, #6271, #6276, .T.);
#6280 = ORIENTED_EDGE('', *, *, #6277, .T.);
#6281 = ORIENTED_EDGE('', *, *, #6278, .T.);
#6282 = ORIENTED_EDGE('', *, *, #6279, .T.);
#6283 = EDGE_LOOP('', (#6280, #6281, #6282));
#6284 = FACE_BOUND('', #6283, .T.);

/* ==== Hole 369 (row 12, col 8) CW ==== */
#6285 = CARTESIAN_POINT('', (29.000, 41.000, 0.0));
#6286 = CARTESIAN_POINT('', (29.000, 44.000, 0.0));
#6287 = CARTESIAN_POINT('', (32.000, 42.500, 0.0));
#6288 = VERTEX_POINT('', #6285);
#6289 = VERTEX_POINT('', #6286);
#6290 = VERTEX_POINT('', #6287);
#6291 = LINE('', #6285, #6);
#6292 = LINE('', #6286, #6);
#6293 = LINE('', #6287, #6);
#6294 = EDGE_CURVE('', #6288, #6289, #6291, .T.);
#6295 = EDGE_CURVE('', #6289, #6290, #6292, .T.);
#6296 = EDGE_CURVE('', #6290, #6288, #6293, .T.);
#6297 = ORIENTED_EDGE('', *, *, #6294, .T.);
#6298 = ORIENTED_EDGE('', *, *, #6295, .T.);
#6299 = ORIENTED_EDGE('', *, *, #6296, .T.);
#6300 = EDGE_LOOP('', (#6297, #6298, #6299));
#6301 = FACE_BOUND('', #6300, .T.);

/* ==== Hole 370 (row 12, col 9) CW ==== */
#6302 = CARTESIAN_POINT('', (32.000, 41.000, 0.0));
#6303 = CARTESIAN_POINT('', (32.000, 44.000, 0.0));
#6304 = CARTESIAN_POINT('', (35.000, 42.500, 0.0));
#6305 = VERTEX_POINT('', #6302);
#6306 = VERTEX_POINT('', #6303);
#6307 = VERTEX_POINT('', #6304);
#6308 = LINE('', #6302, #6);
#6309 = LINE('', #6303, #6);
#6310 = LINE('', #6304, #6);
#6311 = EDGE_CURVE('', #6305, #6306, #6308, .T.);
#6312 = EDGE_CURVE('', #6306, #6307, #6309, .T.);
#6313 = EDGE_CURVE('', #6307, #6305, #6310, .T.);
#6314 = ORIENTED_EDGE('', *, *, #6311, .T.);
#6315 = ORIENTED_EDGE('', *, *, #6312, .T.);
#6316 = ORIENTED_EDGE('', *, *, #6313, .T.);
#6317 = EDGE_LOOP('', (#6314, #6315, #6316));
#6318 = FACE_BOUND('', #6317, .T.);

/* ==== Hole 371 (row 12, col 10) CW ==== */
#6319 = CARTESIAN_POINT('', (35.000, 41.000, 0.0));
#6320 = CARTESIAN_POINT('', (35.000, 44.000, 0.0));
#6321 = CARTESIAN_POINT('', (38.000, 42.500, 0.0));
#6322 = VERTEX_POINT('', #6319);
#6323 = VERTEX_POINT('', #6320);
#6324 = VERTEX_POINT('', #6321);
#6325 = LINE('', #6319, #6);
#6326 = LINE('', #6320, #6);
#6327 = LINE('', #6321, #6);
#6328 = EDGE_CURVE('', #6322, #6323, #6325, .T.);
#6329 = EDGE_CURVE('', #6323, #6324, #6326, .T.);
#6330 = EDGE_CURVE('', #6324, #6322, #6327, .T.);
#6331 = ORIENTED_EDGE('', *, *, #6328, .T.);
#6332 = ORIENTED_EDGE('', *, *, #6329, .T.);
#6333 = ORIENTED_EDGE('', *, *, #6330, .T.);
#6334 = EDGE_LOOP('', (#6331, #6332, #6333));
#6335 = FACE_BOUND('', #6334, .T.);

/* ==== Hole 372 (row 12, col 11) CW ==== */
#6336 = CARTESIAN_POINT('', (38.000, 41.000, 0.0));
#6337 = CARTESIAN_POINT('', (38.000, 44.000, 0.0));
#6338 = CARTESIAN_POINT('', (41.000, 42.500, 0.0));
#6339 = VERTEX_POINT('', #6336);
#6340 = VERTEX_POINT('', #6337);
#6341 = VERTEX_POINT('', #6338);
#6342 = LINE('', #6336, #6);
#6343 = LINE('', #6337, #6);
#6344 = LINE('', #6338, #6);
#6345 = EDGE_CURVE('', #6339, #6340, #6342, .T.);
#6346 = EDGE_CURVE('', #6340, #6341, #6343, .T.);
#6347 = EDGE_CURVE('', #6341, #6339, #6344, .T.);
#6348 = ORIENTED_EDGE('', *, *, #6345, .T.);
#6349 = ORIENTED_EDGE('', *, *, #6346, .T.);
#6350 = ORIENTED_EDGE('', *, *, #6347, .T.);
#6351 = EDGE_LOOP('', (#6348, #6349, #6350));
#6352 = FACE_BOUND('', #6351, .T.);

/* ==== Hole 373 (row 12, col 12) CW ==== */
#6353 = CARTESIAN_POINT('', (41.000, 41.000, 0.0));
#6354 = CARTESIAN_POINT('', (41.000, 44.000, 0.0));
#6355 = CARTESIAN_POINT('', (44.000, 42.500, 0.0));
#6356 = VERTEX_POINT('', #6353);
#6357 = VERTEX_POINT('', #6354);
#6358 = VERTEX_POINT('', #6355);
#6359 = LINE('', #6353, #6);
#6360 = LINE('', #6354, #6);
#6361 = LINE('', #6355, #6);
#6362 = EDGE_CURVE('', #6356, #6357, #6359, .T.);
#6363 = EDGE_CURVE('', #6357, #6358, #6360, .T.);
#6364 = EDGE_CURVE('', #6358, #6356, #6361, .T.);
#6365 = ORIENTED_EDGE('', *, *, #6362, .T.);
#6366 = ORIENTED_EDGE('', *, *, #6363, .T.);
#6367 = ORIENTED_EDGE('', *, *, #6364, .T.);
#6368 = EDGE_LOOP('', (#6365, #6366, #6367));
#6369 = FACE_BOUND('', #6368, .T.);

/* ==== Hole 374 (row 12, col 13) CW ==== */
#6370 = CARTESIAN_POINT('', (44.000, 41.000, 0.0));
#6371 = CARTESIAN_POINT('', (44.000, 44.000, 0.0));
#6372 = CARTESIAN_POINT('', (47.000, 42.500, 0.0));
#6373 = VERTEX_POINT('', #6370);
#6374 = VERTEX_POINT('', #6371);
#6375 = VERTEX_POINT('', #6372);
#6376 = LINE('', #6370, #6);
#6377 = LINE('', #6371, #6);
#6378 = LINE('', #6372, #6);
#6379 = EDGE_CURVE('', #6373, #6374, #6376, .T.);
#6380 = EDGE_CURVE('', #6374, #6375, #6377, .T.);
#6381 = EDGE_CURVE('', #6375, #6373, #6378, .T.);
#6382 = ORIENTED_EDGE('', *, *, #6379, .T.);
#6383 = ORIENTED_EDGE('', *, *, #6380, .T.);
#6384 = ORIENTED_EDGE('', *, *, #6381, .T.);
#6385 = EDGE_LOOP('', (#6382, #6383, #6384));
#6386 = FACE_BOUND('', #6385, .T.);

/* ==== Hole 375 (row 12, col 14) CW ==== */
#6387 = CARTESIAN_POINT('', (47.000, 41.000, 0.0));
#6388 = CARTESIAN_POINT('', (47.000, 44.000, 0.0));
#6389 = CARTESIAN_POINT('', (50.000, 42.500, 0.0));
#6390 = VERTEX_POINT('', #6387);
#6391 = VERTEX_POINT('', #6388);
#6392 = VERTEX_POINT('', #6389);
#6393 = LINE('', #6387, #6);
#6394 = LINE('', #6388, #6);
#6395 = LINE('', #6389, #6);
#6396 = EDGE_CURVE('', #6390, #6391, #6393, .T.);
#6397 = EDGE_CURVE('', #6391, #6392, #6394, .T.);
#6398 = EDGE_CURVE('', #6392, #6390, #6395, .T.);
#6399 = ORIENTED_EDGE('', *, *, #6396, .T.);
#6400 = ORIENTED_EDGE('', *, *, #6397, .T.);
#6401 = ORIENTED_EDGE('', *, *, #6398, .T.);
#6402 = EDGE_LOOP('', (#6399, #6400, #6401));
#6403 = FACE_BOUND('', #6402, .T.);

/* ==== Hole 376 (row 12, col 15) CW ==== */
#6404 = CARTESIAN_POINT('', (50.000, 41.000, 0.0));
#6405 = CARTESIAN_POINT('', (50.000, 44.000, 0.0));
#6406 = CARTESIAN_POINT('', (53.000, 42.500, 0.0));
#6407 = VERTEX_POINT('', #6404);
#6408 = VERTEX_POINT('', #6405);
#6409 = VERTEX_POINT('', #6406);
#6410 = LINE('', #6404, #6);
#6411 = LINE('', #6405, #6);
#6412 = LINE('', #6406, #6);
#6413 = EDGE_CURVE('', #6407, #6408, #6410, .T.);
#6414 = EDGE_CURVE('', #6408, #6409, #6411, .T.);
#6415 = EDGE_CURVE('', #6409, #6407, #6412, .T.);
#6416 = ORIENTED_EDGE('', *, *, #6413, .T.);
#6417 = ORIENTED_EDGE('', *, *, #6414, .T.);
#6418 = ORIENTED_EDGE('', *, *, #6415, .T.);
#6419 = EDGE_LOOP('', (#6416, #6417, #6418));
#6420 = FACE_BOUND('', #6419, .T.);

/* ==== Hole 377 (row 12, col 16) CW ==== */
#6421 = CARTESIAN_POINT('', (53.000, 41.000, 0.0));
#6422 = CARTESIAN_POINT('', (53.000, 44.000, 0.0));
#6423 = CARTESIAN_POINT('', (56.000, 42.500, 0.0));
#6424 = VERTEX_POINT('', #6421);
#6425 = VERTEX_POINT('', #6422);
#6426 = VERTEX_POINT('', #6423);
#6427 = LINE('', #6421, #6);
#6428 = LINE('', #6422, #6);
#6429 = LINE('', #6423, #6);
#6430 = EDGE_CURVE('', #6424, #6425, #6427, .T.);
#6431 = EDGE_CURVE('', #6425, #6426, #6428, .T.);
#6432 = EDGE_CURVE('', #6426, #6424, #6429, .T.);
#6433 = ORIENTED_EDGE('', *, *, #6430, .T.);
#6434 = ORIENTED_EDGE('', *, *, #6431, .T.);
#6435 = ORIENTED_EDGE('', *, *, #6432, .T.);
#6436 = EDGE_LOOP('', (#6433, #6434, #6435));
#6437 = FACE_BOUND('', #6436, .T.);

/* ==== Hole 378 (row 12, col 17) CW ==== */
#6438 = CARTESIAN_POINT('', (56.000, 41.000, 0.0));
#6439 = CARTESIAN_POINT('', (56.000, 44.000, 0.0));
#6440 = CARTESIAN_POINT('', (59.000, 42.500, 0.0));
#6441 = VERTEX_POINT('', #6438);
#6442 = VERTEX_POINT('', #6439);
#6443 = VERTEX_POINT('', #6440);
#6444 = LINE('', #6438, #6);
#6445 = LINE('', #6439, #6);
#6446 = LINE('', #6440, #6);
#6447 = EDGE_CURVE('', #6441, #6442, #6444, .T.);
#6448 = EDGE_CURVE('', #6442, #6443, #6445, .T.);
#6449 = EDGE_CURVE('', #6443, #6441, #6446, .T.);
#6450 = ORIENTED_EDGE('', *, *, #6447, .T.);
#6451 = ORIENTED_EDGE('', *, *, #6448, .T.);
#6452 = ORIENTED_EDGE('', *, *, #6449, .T.);
#6453 = EDGE_LOOP('', (#6450, #6451, #6452));
#6454 = FACE_BOUND('', #6453, .T.);

/* ==== Hole 379 (row 12, col 18) CW ==== */
#6455 = CARTESIAN_POINT('', (59.000, 41.000, 0.0));
#6456 = CARTESIAN_POINT('', (59.000, 44.000, 0.0));
#6457 = CARTESIAN_POINT('', (62.000, 42.500, 0.0));
#6458 = VERTEX_POINT('', #6455);
#6459 = VERTEX_POINT('', #6456);
#6460 = VERTEX_POINT('', #6457);
#6461 = LINE('', #6455, #6);
#6462 = LINE('', #6456, #6);
#6463 = LINE('', #6457, #6);
#6464 = EDGE_CURVE('', #6458, #6459, #6461, .T.);
#6465 = EDGE_CURVE('', #6459, #6460, #6462, .T.);
#6466 = EDGE_CURVE('', #6460, #6458, #6463, .T.);
#6467 = ORIENTED_EDGE('', *, *, #6464, .T.);
#6468 = ORIENTED_EDGE('', *, *, #6465, .T.);
#6469 = ORIENTED_EDGE('', *, *, #6466, .T.);
#6470 = EDGE_LOOP('', (#6467, #6468, #6469));
#6471 = FACE_BOUND('', #6470, .T.);

/* ==== Hole 380 (row 12, col 19) CW ==== */
#6472 = CARTESIAN_POINT('', (62.000, 41.000, 0.0));
#6473 = CARTESIAN_POINT('', (62.000, 44.000, 0.0));
#6474 = CARTESIAN_POINT('', (65.000, 42.500, 0.0));
#6475 = VERTEX_POINT('', #6472);
#6476 = VERTEX_POINT('', #6473);
#6477 = VERTEX_POINT('', #6474);
#6478 = LINE('', #6472, #6);
#6479 = LINE('', #6473, #6);
#6480 = LINE('', #6474, #6);
#6481 = EDGE_CURVE('', #6475, #6476, #6478, .T.);
#6482 = EDGE_CURVE('', #6476, #6477, #6479, .T.);
#6483 = EDGE_CURVE('', #6477, #6475, #6480, .T.);
#6484 = ORIENTED_EDGE('', *, *, #6481, .T.);
#6485 = ORIENTED_EDGE('', *, *, #6482, .T.);
#6486 = ORIENTED_EDGE('', *, *, #6483, .T.);
#6487 = EDGE_LOOP('', (#6484, #6485, #6486));
#6488 = FACE_BOUND('', #6487, .T.);

/* ==== Hole 381 (row 12, col 20) CW ==== */
#6489 = CARTESIAN_POINT('', (65.000, 41.000, 0.0));
#6490 = CARTESIAN_POINT('', (65.000, 44.000, 0.0));
#6491 = CARTESIAN_POINT('', (68.000, 42.500, 0.0));
#6492 = VERTEX_POINT('', #6489);
#6493 = VERTEX_POINT('', #6490);
#6494 = VERTEX_POINT('', #6491);
#6495 = LINE('', #6489, #6);
#6496 = LINE('', #6490, #6);
#6497 = LINE('', #6491, #6);
#6498 = EDGE_CURVE('', #6492, #6493, #6495, .T.);
#6499 = EDGE_CURVE('', #6493, #6494, #6496, .T.);
#6500 = EDGE_CURVE('', #6494, #6492, #6497, .T.);
#6501 = ORIENTED_EDGE('', *, *, #6498, .T.);
#6502 = ORIENTED_EDGE('', *, *, #6499, .T.);
#6503 = ORIENTED_EDGE('', *, *, #6500, .T.);
#6504 = EDGE_LOOP('', (#6501, #6502, #6503));
#6505 = FACE_BOUND('', #6504, .T.);

/* ==== Hole 382 (row 12, col 21) CW ==== */
#6506 = CARTESIAN_POINT('', (68.000, 41.000, 0.0));
#6507 = CARTESIAN_POINT('', (68.000, 44.000, 0.0));
#6508 = CARTESIAN_POINT('', (71.000, 42.500, 0.0));
#6509 = VERTEX_POINT('', #6506);
#6510 = VERTEX_POINT('', #6507);
#6511 = VERTEX_POINT('', #6508);
#6512 = LINE('', #6506, #6);
#6513 = LINE('', #6507, #6);
#6514 = LINE('', #6508, #6);
#6515 = EDGE_CURVE('', #6509, #6510, #6512, .T.);
#6516 = EDGE_CURVE('', #6510, #6511, #6513, .T.);
#6517 = EDGE_CURVE('', #6511, #6509, #6514, .T.);
#6518 = ORIENTED_EDGE('', *, *, #6515, .T.);
#6519 = ORIENTED_EDGE('', *, *, #6516, .T.);
#6520 = ORIENTED_EDGE('', *, *, #6517, .T.);
#6521 = EDGE_LOOP('', (#6518, #6519, #6520));
#6522 = FACE_BOUND('', #6521, .T.);

/* ==== Hole 383 (row 12, col 22) CW ==== */
#6523 = CARTESIAN_POINT('', (71.000, 41.000, 0.0));
#6524 = CARTESIAN_POINT('', (71.000, 44.000, 0.0));
#6525 = CARTESIAN_POINT('', (74.000, 42.500, 0.0));
#6526 = VERTEX_POINT('', #6523);
#6527 = VERTEX_POINT('', #6524);
#6528 = VERTEX_POINT('', #6525);
#6529 = LINE('', #6523, #6);
#6530 = LINE('', #6524, #6);
#6531 = LINE('', #6525, #6);
#6532 = EDGE_CURVE('', #6526, #6527, #6529, .T.);
#6533 = EDGE_CURVE('', #6527, #6528, #6530, .T.);
#6534 = EDGE_CURVE('', #6528, #6526, #6531, .T.);
#6535 = ORIENTED_EDGE('', *, *, #6532, .T.);
#6536 = ORIENTED_EDGE('', *, *, #6533, .T.);
#6537 = ORIENTED_EDGE('', *, *, #6534, .T.);
#6538 = EDGE_LOOP('', (#6535, #6536, #6537));
#6539 = FACE_BOUND('', #6538, .T.);

/* ==== Hole 384 (row 12, col 23) CW ==== */
#6540 = CARTESIAN_POINT('', (74.000, 41.000, 0.0));
#6541 = CARTESIAN_POINT('', (74.000, 44.000, 0.0));
#6542 = CARTESIAN_POINT('', (77.000, 42.500, 0.0));
#6543 = VERTEX_POINT('', #6540);
#6544 = VERTEX_POINT('', #6541);
#6545 = VERTEX_POINT('', #6542);
#6546 = LINE('', #6540, #6);
#6547 = LINE('', #6541, #6);
#6548 = LINE('', #6542, #6);
#6549 = EDGE_CURVE('', #6543, #6544, #6546, .T.);
#6550 = EDGE_CURVE('', #6544, #6545, #6547, .T.);
#6551 = EDGE_CURVE('', #6545, #6543, #6548, .T.);
#6552 = ORIENTED_EDGE('', *, *, #6549, .T.);
#6553 = ORIENTED_EDGE('', *, *, #6550, .T.);
#6554 = ORIENTED_EDGE('', *, *, #6551, .T.);
#6555 = EDGE_LOOP('', (#6552, #6553, #6554));
#6556 = FACE_BOUND('', #6555, .T.);

/* ==== Hole 385 (row 12, col 24) CW ==== */
#6557 = CARTESIAN_POINT('', (77.000, 41.000, 0.0));
#6558 = CARTESIAN_POINT('', (77.000, 44.000, 0.0));
#6559 = CARTESIAN_POINT('', (80.000, 42.500, 0.0));
#6560 = VERTEX_POINT('', #6557);
#6561 = VERTEX_POINT('', #6558);
#6562 = VERTEX_POINT('', #6559);
#6563 = LINE('', #6557, #6);
#6564 = LINE('', #6558, #6);
#6565 = LINE('', #6559, #6);
#6566 = EDGE_CURVE('', #6560, #6561, #6563, .T.);
#6567 = EDGE_CURVE('', #6561, #6562, #6564, .T.);
#6568 = EDGE_CURVE('', #6562, #6560, #6565, .T.);
#6569 = ORIENTED_EDGE('', *, *, #6566, .T.);
#6570 = ORIENTED_EDGE('', *, *, #6567, .T.);
#6571 = ORIENTED_EDGE('', *, *, #6568, .T.);
#6572 = EDGE_LOOP('', (#6569, #6570, #6571));
#6573 = FACE_BOUND('', #6572, .T.);

/* ==== Hole 386 (row 12, col 25) CW ==== */
#6574 = CARTESIAN_POINT('', (80.000, 41.000, 0.0));
#6575 = CARTESIAN_POINT('', (80.000, 44.000, 0.0));
#6576 = CARTESIAN_POINT('', (83.000, 42.500, 0.0));
#6577 = VERTEX_POINT('', #6574);
#6578 = VERTEX_POINT('', #6575);
#6579 = VERTEX_POINT('', #6576);
#6580 = LINE('', #6574, #6);
#6581 = LINE('', #6575, #6);
#6582 = LINE('', #6576, #6);
#6583 = EDGE_CURVE('', #6577, #6578, #6580, .T.);
#6584 = EDGE_CURVE('', #6578, #6579, #6581, .T.);
#6585 = EDGE_CURVE('', #6579, #6577, #6582, .T.);
#6586 = ORIENTED_EDGE('', *, *, #6583, .T.);
#6587 = ORIENTED_EDGE('', *, *, #6584, .T.);
#6588 = ORIENTED_EDGE('', *, *, #6585, .T.);
#6589 = EDGE_LOOP('', (#6586, #6587, #6588));
#6590 = FACE_BOUND('', #6589, .T.);

/* ==== Hole 387 (row 12, col 26) CW ==== */
#6591 = CARTESIAN_POINT('', (83.000, 41.000, 0.0));
#6592 = CARTESIAN_POINT('', (83.000, 44.000, 0.0));
#6593 = CARTESIAN_POINT('', (86.000, 42.500, 0.0));
#6594 = VERTEX_POINT('', #6591);
#6595 = VERTEX_POINT('', #6592);
#6596 = VERTEX_POINT('', #6593);
#6597 = LINE('', #6591, #6);
#6598 = LINE('', #6592, #6);
#6599 = LINE('', #6593, #6);
#6600 = EDGE_CURVE('', #6594, #6595, #6597, .T.);
#6601 = EDGE_CURVE('', #6595, #6596, #6598, .T.);
#6602 = EDGE_CURVE('', #6596, #6594, #6599, .T.);
#6603 = ORIENTED_EDGE('', *, *, #6600, .T.);
#6604 = ORIENTED_EDGE('', *, *, #6601, .T.);
#6605 = ORIENTED_EDGE('', *, *, #6602, .T.);
#6606 = EDGE_LOOP('', (#6603, #6604, #6605));
#6607 = FACE_BOUND('', #6606, .T.);

/* ==== Hole 388 (row 12, col 27) CW ==== */
#6608 = CARTESIAN_POINT('', (86.000, 41.000, 0.0));
#6609 = CARTESIAN_POINT('', (86.000, 44.000, 0.0));
#6610 = CARTESIAN_POINT('', (89.000, 42.500, 0.0));
#6611 = VERTEX_POINT('', #6608);
#6612 = VERTEX_POINT('', #6609);
#6613 = VERTEX_POINT('', #6610);
#6614 = LINE('', #6608, #6);
#6615 = LINE('', #6609, #6);
#6616 = LINE('', #6610, #6);
#6617 = EDGE_CURVE('', #6611, #6612, #6614, .T.);
#6618 = EDGE_CURVE('', #6612, #6613, #6615, .T.);
#6619 = EDGE_CURVE('', #6613, #6611, #6616, .T.);
#6620 = ORIENTED_EDGE('', *, *, #6617, .T.);
#6621 = ORIENTED_EDGE('', *, *, #6618, .T.);
#6622 = ORIENTED_EDGE('', *, *, #6619, .T.);
#6623 = EDGE_LOOP('', (#6620, #6621, #6622));
#6624 = FACE_BOUND('', #6623, .T.);

/* ==== Hole 389 (row 12, col 28) CW ==== */
#6625 = CARTESIAN_POINT('', (89.000, 41.000, 0.0));
#6626 = CARTESIAN_POINT('', (89.000, 44.000, 0.0));
#6627 = CARTESIAN_POINT('', (92.000, 42.500, 0.0));
#6628 = VERTEX_POINT('', #6625);
#6629 = VERTEX_POINT('', #6626);
#6630 = VERTEX_POINT('', #6627);
#6631 = LINE('', #6625, #6);
#6632 = LINE('', #6626, #6);
#6633 = LINE('', #6627, #6);
#6634 = EDGE_CURVE('', #6628, #6629, #6631, .T.);
#6635 = EDGE_CURVE('', #6629, #6630, #6632, .T.);
#6636 = EDGE_CURVE('', #6630, #6628, #6633, .T.);
#6637 = ORIENTED_EDGE('', *, *, #6634, .T.);
#6638 = ORIENTED_EDGE('', *, *, #6635, .T.);
#6639 = ORIENTED_EDGE('', *, *, #6636, .T.);
#6640 = EDGE_LOOP('', (#6637, #6638, #6639));
#6641 = FACE_BOUND('', #6640, .T.);

/* ==== Hole 390 (row 12, col 29) CW ==== */
#6642 = CARTESIAN_POINT('', (92.000, 41.000, 0.0));
#6643 = CARTESIAN_POINT('', (92.000, 44.000, 0.0));
#6644 = CARTESIAN_POINT('', (95.000, 42.500, 0.0));
#6645 = VERTEX_POINT('', #6642);
#6646 = VERTEX_POINT('', #6643);
#6647 = VERTEX_POINT('', #6644);
#6648 = LINE('', #6642, #6);
#6649 = LINE('', #6643, #6);
#6650 = LINE('', #6644, #6);
#6651 = EDGE_CURVE('', #6645, #6646, #6648, .T.);
#6652 = EDGE_CURVE('', #6646, #6647, #6649, .T.);
#6653 = EDGE_CURVE('', #6647, #6645, #6650, .T.);
#6654 = ORIENTED_EDGE('', *, *, #6651, .T.);
#6655 = ORIENTED_EDGE('', *, *, #6652, .T.);
#6656 = ORIENTED_EDGE('', *, *, #6653, .T.);
#6657 = EDGE_LOOP('', (#6654, #6655, #6656));
#6658 = FACE_BOUND('', #6657, .T.);

/* ==== Hole 391 (row 13, col 0) CW ==== */
#6659 = CARTESIAN_POINT('', (5.000, 44.000, 0.0));
#6660 = CARTESIAN_POINT('', (5.000, 47.000, 0.0));
#6661 = CARTESIAN_POINT('', (8.000, 45.500, 0.0));
#6662 = VERTEX_POINT('', #6659);
#6663 = VERTEX_POINT('', #6660);
#6664 = VERTEX_POINT('', #6661);
#6665 = LINE('', #6659, #6);
#6666 = LINE('', #6660, #6);
#6667 = LINE('', #6661, #6);
#6668 = EDGE_CURVE('', #6662, #6663, #6665, .T.);
#6669 = EDGE_CURVE('', #6663, #6664, #6666, .T.);
#6670 = EDGE_CURVE('', #6664, #6662, #6667, .T.);
#6671 = ORIENTED_EDGE('', *, *, #6668, .T.);
#6672 = ORIENTED_EDGE('', *, *, #6669, .T.);
#6673 = ORIENTED_EDGE('', *, *, #6670, .T.);
#6674 = EDGE_LOOP('', (#6671, #6672, #6673));
#6675 = FACE_BOUND('', #6674, .T.);

/* ==== Hole 392 (row 13, col 1) CW ==== */
#6676 = CARTESIAN_POINT('', (8.000, 44.000, 0.0));
#6677 = CARTESIAN_POINT('', (8.000, 47.000, 0.0));
#6678 = CARTESIAN_POINT('', (11.000, 45.500, 0.0));
#6679 = VERTEX_POINT('', #6676);
#6680 = VERTEX_POINT('', #6677);
#6681 = VERTEX_POINT('', #6678);
#6682 = LINE('', #6676, #6);
#6683 = LINE('', #6677, #6);
#6684 = LINE('', #6678, #6);
#6685 = EDGE_CURVE('', #6679, #6680, #6682, .T.);
#6686 = EDGE_CURVE('', #6680, #6681, #6683, .T.);
#6687 = EDGE_CURVE('', #6681, #6679, #6684, .T.);
#6688 = ORIENTED_EDGE('', *, *, #6685, .T.);
#6689 = ORIENTED_EDGE('', *, *, #6686, .T.);
#6690 = ORIENTED_EDGE('', *, *, #6687, .T.);
#6691 = EDGE_LOOP('', (#6688, #6689, #6690));
#6692 = FACE_BOUND('', #6691, .T.);

/* ==== Hole 393 (row 13, col 2) CW ==== */
#6693 = CARTESIAN_POINT('', (11.000, 44.000, 0.0));
#6694 = CARTESIAN_POINT('', (11.000, 47.000, 0.0));
#6695 = CARTESIAN_POINT('', (14.000, 45.500, 0.0));
#6696 = VERTEX_POINT('', #6693);
#6697 = VERTEX_POINT('', #6694);
#6698 = VERTEX_POINT('', #6695);
#6699 = LINE('', #6693, #6);
#6700 = LINE('', #6694, #6);
#6701 = LINE('', #6695, #6);
#6702 = EDGE_CURVE('', #6696, #6697, #6699, .T.);
#6703 = EDGE_CURVE('', #6697, #6698, #6700, .T.);
#6704 = EDGE_CURVE('', #6698, #6696, #6701, .T.);
#6705 = ORIENTED_EDGE('', *, *, #6702, .T.);
#6706 = ORIENTED_EDGE('', *, *, #6703, .T.);
#6707 = ORIENTED_EDGE('', *, *, #6704, .T.);
#6708 = EDGE_LOOP('', (#6705, #6706, #6707));
#6709 = FACE_BOUND('', #6708, .T.);

/* ==== Hole 394 (row 13, col 3) CW ==== */
#6710 = CARTESIAN_POINT('', (14.000, 44.000, 0.0));
#6711 = CARTESIAN_POINT('', (14.000, 47.000, 0.0));
#6712 = CARTESIAN_POINT('', (17.000, 45.500, 0.0));
#6713 = VERTEX_POINT('', #6710);
#6714 = VERTEX_POINT('', #6711);
#6715 = VERTEX_POINT('', #6712);
#6716 = LINE('', #6710, #6);
#6717 = LINE('', #6711, #6);
#6718 = LINE('', #6712, #6);
#6719 = EDGE_CURVE('', #6713, #6714, #6716, .T.);
#6720 = EDGE_CURVE('', #6714, #6715, #6717, .T.);
#6721 = EDGE_CURVE('', #6715, #6713, #6718, .T.);
#6722 = ORIENTED_EDGE('', *, *, #6719, .T.);
#6723 = ORIENTED_EDGE('', *, *, #6720, .T.);
#6724 = ORIENTED_EDGE('', *, *, #6721, .T.);
#6725 = EDGE_LOOP('', (#6722, #6723, #6724));
#6726 = FACE_BOUND('', #6725, .T.);

/* ==== Hole 395 (row 13, col 4) CW ==== */
#6727 = CARTESIAN_POINT('', (17.000, 44.000, 0.0));
#6728 = CARTESIAN_POINT('', (17.000, 47.000, 0.0));
#6729 = CARTESIAN_POINT('', (20.000, 45.500, 0.0));
#6730 = VERTEX_POINT('', #6727);
#6731 = VERTEX_POINT('', #6728);
#6732 = VERTEX_POINT('', #6729);
#6733 = LINE('', #6727, #6);
#6734 = LINE('', #6728, #6);
#6735 = LINE('', #6729, #6);
#6736 = EDGE_CURVE('', #6730, #6731, #6733, .T.);
#6737 = EDGE_CURVE('', #6731, #6732, #6734, .T.);
#6738 = EDGE_CURVE('', #6732, #6730, #6735, .T.);
#6739 = ORIENTED_EDGE('', *, *, #6736, .T.);
#6740 = ORIENTED_EDGE('', *, *, #6737, .T.);
#6741 = ORIENTED_EDGE('', *, *, #6738, .T.);
#6742 = EDGE_LOOP('', (#6739, #6740, #6741));
#6743 = FACE_BOUND('', #6742, .T.);

/* ==== Hole 396 (row 13, col 5) CW ==== */
#6744 = CARTESIAN_POINT('', (20.000, 44.000, 0.0));
#6745 = CARTESIAN_POINT('', (20.000, 47.000, 0.0));
#6746 = CARTESIAN_POINT('', (23.000, 45.500, 0.0));
#6747 = VERTEX_POINT('', #6744);
#6748 = VERTEX_POINT('', #6745);
#6749 = VERTEX_POINT('', #6746);
#6750 = LINE('', #6744, #6);
#6751 = LINE('', #6745, #6);
#6752 = LINE('', #6746, #6);
#6753 = EDGE_CURVE('', #6747, #6748, #6750, .T.);
#6754 = EDGE_CURVE('', #6748, #6749, #6751, .T.);
#6755 = EDGE_CURVE('', #6749, #6747, #6752, .T.);
#6756 = ORIENTED_EDGE('', *, *, #6753, .T.);
#6757 = ORIENTED_EDGE('', *, *, #6754, .T.);
#6758 = ORIENTED_EDGE('', *, *, #6755, .T.);
#6759 = EDGE_LOOP('', (#6756, #6757, #6758));
#6760 = FACE_BOUND('', #6759, .T.);

/* ==== Hole 397 (row 13, col 6) CW ==== */
#6761 = CARTESIAN_POINT('', (23.000, 44.000, 0.0));
#6762 = CARTESIAN_POINT('', (23.000, 47.000, 0.0));
#6763 = CARTESIAN_POINT('', (26.000, 45.500, 0.0));
#6764 = VERTEX_POINT('', #6761);
#6765 = VERTEX_POINT('', #6762);
#6766 = VERTEX_POINT('', #6763);
#6767 = LINE('', #6761, #6);
#6768 = LINE('', #6762, #6);
#6769 = LINE('', #6763, #6);
#6770 = EDGE_CURVE('', #6764, #6765, #6767, .T.);
#6771 = EDGE_CURVE('', #6765, #6766, #6768, .T.);
#6772 = EDGE_CURVE('', #6766, #6764, #6769, .T.);
#6773 = ORIENTED_EDGE('', *, *, #6770, .T.);
#6774 = ORIENTED_EDGE('', *, *, #6771, .T.);
#6775 = ORIENTED_EDGE('', *, *, #6772, .T.);
#6776 = EDGE_LOOP('', (#6773, #6774, #6775));
#6777 = FACE_BOUND('', #6776, .T.);

/* ==== Hole 398 (row 13, col 7) CW ==== */
#6778 = CARTESIAN_POINT('', (26.000, 44.000, 0.0));
#6779 = CARTESIAN_POINT('', (26.000, 47.000, 0.0));
#6780 = CARTESIAN_POINT('', (29.000, 45.500, 0.0));
#6781 = VERTEX_POINT('', #6778);
#6782 = VERTEX_POINT('', #6779);
#6783 = VERTEX_POINT('', #6780);
#6784 = LINE('', #6778, #6);
#6785 = LINE('', #6779, #6);
#6786 = LINE('', #6780, #6);
#6787 = EDGE_CURVE('', #6781, #6782, #6784, .T.);
#6788 = EDGE_CURVE('', #6782, #6783, #6785, .T.);
#6789 = EDGE_CURVE('', #6783, #6781, #6786, .T.);
#6790 = ORIENTED_EDGE('', *, *, #6787, .T.);
#6791 = ORIENTED_EDGE('', *, *, #6788, .T.);
#6792 = ORIENTED_EDGE('', *, *, #6789, .T.);
#6793 = EDGE_LOOP('', (#6790, #6791, #6792));
#6794 = FACE_BOUND('', #6793, .T.);

/* ==== Hole 399 (row 13, col 8) CW ==== */
#6795 = CARTESIAN_POINT('', (29.000, 44.000, 0.0));
#6796 = CARTESIAN_POINT('', (29.000, 47.000, 0.0));
#6797 = CARTESIAN_POINT('', (32.000, 45.500, 0.0));
#6798 = VERTEX_POINT('', #6795);
#6799 = VERTEX_POINT('', #6796);
#6800 = VERTEX_POINT('', #6797);
#6801 = LINE('', #6795, #6);
#6802 = LINE('', #6796, #6);
#6803 = LINE('', #6797, #6);
#6804 = EDGE_CURVE('', #6798, #6799, #6801, .T.);
#6805 = EDGE_CURVE('', #6799, #6800, #6802, .T.);
#6806 = EDGE_CURVE('', #6800, #6798, #6803, .T.);
#6807 = ORIENTED_EDGE('', *, *, #6804, .T.);
#6808 = ORIENTED_EDGE('', *, *, #6805, .T.);
#6809 = ORIENTED_EDGE('', *, *, #6806, .T.);
#6810 = EDGE_LOOP('', (#6807, #6808, #6809));
#6811 = FACE_BOUND('', #6810, .T.);

/* ==== Hole 400 (row 13, col 9) CW ==== */
#6812 = CARTESIAN_POINT('', (32.000, 44.000, 0.0));
#6813 = CARTESIAN_POINT('', (32.000, 47.000, 0.0));
#6814 = CARTESIAN_POINT('', (35.000, 45.500, 0.0));
#6815 = VERTEX_POINT('', #6812);
#6816 = VERTEX_POINT('', #6813);
#6817 = VERTEX_POINT('', #6814);
#6818 = LINE('', #6812, #6);
#6819 = LINE('', #6813, #6);
#6820 = LINE('', #6814, #6);
#6821 = EDGE_CURVE('', #6815, #6816, #6818, .T.);
#6822 = EDGE_CURVE('', #6816, #6817, #6819, .T.);
#6823 = EDGE_CURVE('', #6817, #6815, #6820, .T.);
#6824 = ORIENTED_EDGE('', *, *, #6821, .T.);
#6825 = ORIENTED_EDGE('', *, *, #6822, .T.);
#6826 = ORIENTED_EDGE('', *, *, #6823, .T.);
#6827 = EDGE_LOOP('', (#6824, #6825, #6826));
#6828 = FACE_BOUND('', #6827, .T.);

/* ==== Hole 401 (row 13, col 10) CW ==== */
#6829 = CARTESIAN_POINT('', (35.000, 44.000, 0.0));
#6830 = CARTESIAN_POINT('', (35.000, 47.000, 0.0));
#6831 = CARTESIAN_POINT('', (38.000, 45.500, 0.0));
#6832 = VERTEX_POINT('', #6829);
#6833 = VERTEX_POINT('', #6830);
#6834 = VERTEX_POINT('', #6831);
#6835 = LINE('', #6829, #6);
#6836 = LINE('', #6830, #6);
#6837 = LINE('', #6831, #6);
#6838 = EDGE_CURVE('', #6832, #6833, #6835, .T.);
#6839 = EDGE_CURVE('', #6833, #6834, #6836, .T.);
#6840 = EDGE_CURVE('', #6834, #6832, #6837, .T.);
#6841 = ORIENTED_EDGE('', *, *, #6838, .T.);
#6842 = ORIENTED_EDGE('', *, *, #6839, .T.);
#6843 = ORIENTED_EDGE('', *, *, #6840, .T.);
#6844 = EDGE_LOOP('', (#6841, #6842, #6843));
#6845 = FACE_BOUND('', #6844, .T.);

/* ==== Hole 402 (row 13, col 11) CW ==== */
#6846 = CARTESIAN_POINT('', (38.000, 44.000, 0.0));
#6847 = CARTESIAN_POINT('', (38.000, 47.000, 0.0));
#6848 = CARTESIAN_POINT('', (41.000, 45.500, 0.0));
#6849 = VERTEX_POINT('', #6846);
#6850 = VERTEX_POINT('', #6847);
#6851 = VERTEX_POINT('', #6848);
#6852 = LINE('', #6846, #6);
#6853 = LINE('', #6847, #6);
#6854 = LINE('', #6848, #6);
#6855 = EDGE_CURVE('', #6849, #6850, #6852, .T.);
#6856 = EDGE_CURVE('', #6850, #6851, #6853, .T.);
#6857 = EDGE_CURVE('', #6851, #6849, #6854, .T.);
#6858 = ORIENTED_EDGE('', *, *, #6855, .T.);
#6859 = ORIENTED_EDGE('', *, *, #6856, .T.);
#6860 = ORIENTED_EDGE('', *, *, #6857, .T.);
#6861 = EDGE_LOOP('', (#6858, #6859, #6860));
#6862 = FACE_BOUND('', #6861, .T.);

/* ==== Hole 403 (row 13, col 12) CW ==== */
#6863 = CARTESIAN_POINT('', (41.000, 44.000, 0.0));
#6864 = CARTESIAN_POINT('', (41.000, 47.000, 0.0));
#6865 = CARTESIAN_POINT('', (44.000, 45.500, 0.0));
#6866 = VERTEX_POINT('', #6863);
#6867 = VERTEX_POINT('', #6864);
#6868 = VERTEX_POINT('', #6865);
#6869 = LINE('', #6863, #6);
#6870 = LINE('', #6864, #6);
#6871 = LINE('', #6865, #6);
#6872 = EDGE_CURVE('', #6866, #6867, #6869, .T.);
#6873 = EDGE_CURVE('', #6867, #6868, #6870, .T.);
#6874 = EDGE_CURVE('', #6868, #6866, #6871, .T.);
#6875 = ORIENTED_EDGE('', *, *, #6872, .T.);
#6876 = ORIENTED_EDGE('', *, *, #6873, .T.);
#6877 = ORIENTED_EDGE('', *, *, #6874, .T.);
#6878 = EDGE_LOOP('', (#6875, #6876, #6877));
#6879 = FACE_BOUND('', #6878, .T.);

/* ==== Hole 404 (row 13, col 13) CW ==== */
#6880 = CARTESIAN_POINT('', (44.000, 44.000, 0.0));
#6881 = CARTESIAN_POINT('', (44.000, 47.000, 0.0));
#6882 = CARTESIAN_POINT('', (47.000, 45.500, 0.0));
#6883 = VERTEX_POINT('', #6880);
#6884 = VERTEX_POINT('', #6881);
#6885 = VERTEX_POINT('', #6882);
#6886 = LINE('', #6880, #6);
#6887 = LINE('', #6881, #6);
#6888 = LINE('', #6882, #6);
#6889 = EDGE_CURVE('', #6883, #6884, #6886, .T.);
#6890 = EDGE_CURVE('', #6884, #6885, #6887, .T.);
#6891 = EDGE_CURVE('', #6885, #6883, #6888, .T.);
#6892 = ORIENTED_EDGE('', *, *, #6889, .T.);
#6893 = ORIENTED_EDGE('', *, *, #6890, .T.);
#6894 = ORIENTED_EDGE('', *, *, #6891, .T.);
#6895 = EDGE_LOOP('', (#6892, #6893, #6894));
#6896 = FACE_BOUND('', #6895, .T.);

/* ==== Hole 405 (row 13, col 14) CW ==== */
#6897 = CARTESIAN_POINT('', (47.000, 44.000, 0.0));
#6898 = CARTESIAN_POINT('', (47.000, 47.000, 0.0));
#6899 = CARTESIAN_POINT('', (50.000, 45.500, 0.0));
#6900 = VERTEX_POINT('', #6897);
#6901 = VERTEX_POINT('', #6898);
#6902 = VERTEX_POINT('', #6899);
#6903 = LINE('', #6897, #6);
#6904 = LINE('', #6898, #6);
#6905 = LINE('', #6899, #6);
#6906 = EDGE_CURVE('', #6900, #6901, #6903, .T.);
#6907 = EDGE_CURVE('', #6901, #6902, #6904, .T.);
#6908 = EDGE_CURVE('', #6902, #6900, #6905, .T.);
#6909 = ORIENTED_EDGE('', *, *, #6906, .T.);
#6910 = ORIENTED_EDGE('', *, *, #6907, .T.);
#6911 = ORIENTED_EDGE('', *, *, #6908, .T.);
#6912 = EDGE_LOOP('', (#6909, #6910, #6911));
#6913 = FACE_BOUND('', #6912, .T.);

/* ==== Hole 406 (row 13, col 15) CW ==== */
#6914 = CARTESIAN_POINT('', (50.000, 44.000, 0.0));
#6915 = CARTESIAN_POINT('', (50.000, 47.000, 0.0));
#6916 = CARTESIAN_POINT('', (53.000, 45.500, 0.0));
#6917 = VERTEX_POINT('', #6914);
#6918 = VERTEX_POINT('', #6915);
#6919 = VERTEX_POINT('', #6916);
#6920 = LINE('', #6914, #6);
#6921 = LINE('', #6915, #6);
#6922 = LINE('', #6916, #6);
#6923 = EDGE_CURVE('', #6917, #6918, #6920, .T.);
#6924 = EDGE_CURVE('', #6918, #6919, #6921, .T.);
#6925 = EDGE_CURVE('', #6919, #6917, #6922, .T.);
#6926 = ORIENTED_EDGE('', *, *, #6923, .T.);
#6927 = ORIENTED_EDGE('', *, *, #6924, .T.);
#6928 = ORIENTED_EDGE('', *, *, #6925, .T.);
#6929 = EDGE_LOOP('', (#6926, #6927, #6928));
#6930 = FACE_BOUND('', #6929, .T.);

/* ==== Hole 407 (row 13, col 16) CW ==== */
#6931 = CARTESIAN_POINT('', (53.000, 44.000, 0.0));
#6932 = CARTESIAN_POINT('', (53.000, 47.000, 0.0));
#6933 = CARTESIAN_POINT('', (56.000, 45.500, 0.0));
#6934 = VERTEX_POINT('', #6931);
#6935 = VERTEX_POINT('', #6932);
#6936 = VERTEX_POINT('', #6933);
#6937 = LINE('', #6931, #6);
#6938 = LINE('', #6932, #6);
#6939 = LINE('', #6933, #6);
#6940 = EDGE_CURVE('', #6934, #6935, #6937, .T.);
#6941 = EDGE_CURVE('', #6935, #6936, #6938, .T.);
#6942 = EDGE_CURVE('', #6936, #6934, #6939, .T.);
#6943 = ORIENTED_EDGE('', *, *, #6940, .T.);
#6944 = ORIENTED_EDGE('', *, *, #6941, .T.);
#6945 = ORIENTED_EDGE('', *, *, #6942, .T.);
#6946 = EDGE_LOOP('', (#6943, #6944, #6945));
#6947 = FACE_BOUND('', #6946, .T.);

/* ==== Hole 408 (row 13, col 17) CW ==== */
#6948 = CARTESIAN_POINT('', (56.000, 44.000, 0.0));
#6949 = CARTESIAN_POINT('', (56.000, 47.000, 0.0));
#6950 = CARTESIAN_POINT('', (59.000, 45.500, 0.0));
#6951 = VERTEX_POINT('', #6948);
#6952 = VERTEX_POINT('', #6949);
#6953 = VERTEX_POINT('', #6950);
#6954 = LINE('', #6948, #6);
#6955 = LINE('', #6949, #6);
#6956 = LINE('', #6950, #6);
#6957 = EDGE_CURVE('', #6951, #6952, #6954, .T.);
#6958 = EDGE_CURVE('', #6952, #6953, #6955, .T.);
#6959 = EDGE_CURVE('', #6953, #6951, #6956, .T.);
#6960 = ORIENTED_EDGE('', *, *, #6957, .T.);
#6961 = ORIENTED_EDGE('', *, *, #6958, .T.);
#6962 = ORIENTED_EDGE('', *, *, #6959, .T.);
#6963 = EDGE_LOOP('', (#6960, #6961, #6962));
#6964 = FACE_BOUND('', #6963, .T.);

/* ==== Hole 409 (row 13, col 18) CW ==== */
#6965 = CARTESIAN_POINT('', (59.000, 44.000, 0.0));
#6966 = CARTESIAN_POINT('', (59.000, 47.000, 0.0));
#6967 = CARTESIAN_POINT('', (62.000, 45.500, 0.0));
#6968 = VERTEX_POINT('', #6965);
#6969 = VERTEX_POINT('', #6966);
#6970 = VERTEX_POINT('', #6967);
#6971 = LINE('', #6965, #6);
#6972 = LINE('', #6966, #6);
#6973 = LINE('', #6967, #6);
#6974 = EDGE_CURVE('', #6968, #6969, #6971, .T.);
#6975 = EDGE_CURVE('', #6969, #6970, #6972, .T.);
#6976 = EDGE_CURVE('', #6970, #6968, #6973, .T.);
#6977 = ORIENTED_EDGE('', *, *, #6974, .T.);
#6978 = ORIENTED_EDGE('', *, *, #6975, .T.);
#6979 = ORIENTED_EDGE('', *, *, #6976, .T.);
#6980 = EDGE_LOOP('', (#6977, #6978, #6979));
#6981 = FACE_BOUND('', #6980, .T.);

/* ==== Hole 410 (row 13, col 19) CW ==== */
#6982 = CARTESIAN_POINT('', (62.000, 44.000, 0.0));
#6983 = CARTESIAN_POINT('', (62.000, 47.000, 0.0));
#6984 = CARTESIAN_POINT('', (65.000, 45.500, 0.0));
#6985 = VERTEX_POINT('', #6982);
#6986 = VERTEX_POINT('', #6983);
#6987 = VERTEX_POINT('', #6984);
#6988 = LINE('', #6982, #6);
#6989 = LINE('', #6983, #6);
#6990 = LINE('', #6984, #6);
#6991 = EDGE_CURVE('', #6985, #6986, #6988, .T.);
#6992 = EDGE_CURVE('', #6986, #6987, #6989, .T.);
#6993 = EDGE_CURVE('', #6987, #6985, #6990, .T.);
#6994 = ORIENTED_EDGE('', *, *, #6991, .T.);
#6995 = ORIENTED_EDGE('', *, *, #6992, .T.);
#6996 = ORIENTED_EDGE('', *, *, #6993, .T.);
#6997 = EDGE_LOOP('', (#6994, #6995, #6996));
#6998 = FACE_BOUND('', #6997, .T.);

/* ==== Hole 411 (row 13, col 20) CW ==== */
#6999 = CARTESIAN_POINT('', (65.000, 44.000, 0.0));
#7000 = CARTESIAN_POINT('', (65.000, 47.000, 0.0));
#7001 = CARTESIAN_POINT('', (68.000, 45.500, 0.0));
#7002 = VERTEX_POINT('', #6999);
#7003 = VERTEX_POINT('', #7000);
#7004 = VERTEX_POINT('', #7001);
#7005 = LINE('', #6999, #6);
#7006 = LINE('', #7000, #6);
#7007 = LINE('', #7001, #6);
#7008 = EDGE_CURVE('', #7002, #7003, #7005, .T.);
#7009 = EDGE_CURVE('', #7003, #7004, #7006, .T.);
#7010 = EDGE_CURVE('', #7004, #7002, #7007, .T.);
#7011 = ORIENTED_EDGE('', *, *, #7008, .T.);
#7012 = ORIENTED_EDGE('', *, *, #7009, .T.);
#7013 = ORIENTED_EDGE('', *, *, #7010, .T.);
#7014 = EDGE_LOOP('', (#7011, #7012, #7013));
#7015 = FACE_BOUND('', #7014, .T.);

/* ==== Hole 412 (row 13, col 21) CW ==== */
#7016 = CARTESIAN_POINT('', (68.000, 44.000, 0.0));
#7017 = CARTESIAN_POINT('', (68.000, 47.000, 0.0));
#7018 = CARTESIAN_POINT('', (71.000, 45.500, 0.0));
#7019 = VERTEX_POINT('', #7016);
#7020 = VERTEX_POINT('', #7017);
#7021 = VERTEX_POINT('', #7018);
#7022 = LINE('', #7016, #6);
#7023 = LINE('', #7017, #6);
#7024 = LINE('', #7018, #6);
#7025 = EDGE_CURVE('', #7019, #7020, #7022, .T.);
#7026 = EDGE_CURVE('', #7020, #7021, #7023, .T.);
#7027 = EDGE_CURVE('', #7021, #7019, #7024, .T.);
#7028 = ORIENTED_EDGE('', *, *, #7025, .T.);
#7029 = ORIENTED_EDGE('', *, *, #7026, .T.);
#7030 = ORIENTED_EDGE('', *, *, #7027, .T.);
#7031 = EDGE_LOOP('', (#7028, #7029, #7030));
#7032 = FACE_BOUND('', #7031, .T.);

/* ==== Hole 413 (row 13, col 22) CW ==== */
#7033 = CARTESIAN_POINT('', (71.000, 44.000, 0.0));
#7034 = CARTESIAN_POINT('', (71.000, 47.000, 0.0));
#7035 = CARTESIAN_POINT('', (74.000, 45.500, 0.0));
#7036 = VERTEX_POINT('', #7033);
#7037 = VERTEX_POINT('', #7034);
#7038 = VERTEX_POINT('', #7035);
#7039 = LINE('', #7033, #6);
#7040 = LINE('', #7034, #6);
#7041 = LINE('', #7035, #6);
#7042 = EDGE_CURVE('', #7036, #7037, #7039, .T.);
#7043 = EDGE_CURVE('', #7037, #7038, #7040, .T.);
#7044 = EDGE_CURVE('', #7038, #7036, #7041, .T.);
#7045 = ORIENTED_EDGE('', *, *, #7042, .T.);
#7046 = ORIENTED_EDGE('', *, *, #7043, .T.);
#7047 = ORIENTED_EDGE('', *, *, #7044, .T.);
#7048 = EDGE_LOOP('', (#7045, #7046, #7047));
#7049 = FACE_BOUND('', #7048, .T.);

/* ==== Hole 414 (row 13, col 23) CW ==== */
#7050 = CARTESIAN_POINT('', (74.000, 44.000, 0.0));
#7051 = CARTESIAN_POINT('', (74.000, 47.000, 0.0));
#7052 = CARTESIAN_POINT('', (77.000, 45.500, 0.0));
#7053 = VERTEX_POINT('', #7050);
#7054 = VERTEX_POINT('', #7051);
#7055 = VERTEX_POINT('', #7052);
#7056 = LINE('', #7050, #6);
#7057 = LINE('', #7051, #6);
#7058 = LINE('', #7052, #6);
#7059 = EDGE_CURVE('', #7053, #7054, #7056, .T.);
#7060 = EDGE_CURVE('', #7054, #7055, #7057, .T.);
#7061 = EDGE_CURVE('', #7055, #7053, #7058, .T.);
#7062 = ORIENTED_EDGE('', *, *, #7059, .T.);
#7063 = ORIENTED_EDGE('', *, *, #7060, .T.);
#7064 = ORIENTED_EDGE('', *, *, #7061, .T.);
#7065 = EDGE_LOOP('', (#7062, #7063, #7064));
#7066 = FACE_BOUND('', #7065, .T.);

/* ==== Hole 415 (row 13, col 24) CW ==== */
#7067 = CARTESIAN_POINT('', (77.000, 44.000, 0.0));
#7068 = CARTESIAN_POINT('', (77.000, 47.000, 0.0));
#7069 = CARTESIAN_POINT('', (80.000, 45.500, 0.0));
#7070 = VERTEX_POINT('', #7067);
#7071 = VERTEX_POINT('', #7068);
#7072 = VERTEX_POINT('', #7069);
#7073 = LINE('', #7067, #6);
#7074 = LINE('', #7068, #6);
#7075 = LINE('', #7069, #6);
#7076 = EDGE_CURVE('', #7070, #7071, #7073, .T.);
#7077 = EDGE_CURVE('', #7071, #7072, #7074, .T.);
#7078 = EDGE_CURVE('', #7072, #7070, #7075, .T.);
#7079 = ORIENTED_EDGE('', *, *, #7076, .T.);
#7080 = ORIENTED_EDGE('', *, *, #7077, .T.);
#7081 = ORIENTED_EDGE('', *, *, #7078, .T.);
#7082 = EDGE_LOOP('', (#7079, #7080, #7081));
#7083 = FACE_BOUND('', #7082, .T.);

/* ==== Hole 416 (row 13, col 25) CW ==== */
#7084 = CARTESIAN_POINT('', (80.000, 44.000, 0.0));
#7085 = CARTESIAN_POINT('', (80.000, 47.000, 0.0));
#7086 = CARTESIAN_POINT('', (83.000, 45.500, 0.0));
#7087 = VERTEX_POINT('', #7084);
#7088 = VERTEX_POINT('', #7085);
#7089 = VERTEX_POINT('', #7086);
#7090 = LINE('', #7084, #6);
#7091 = LINE('', #7085, #6);
#7092 = LINE('', #7086, #6);
#7093 = EDGE_CURVE('', #7087, #7088, #7090, .T.);
#7094 = EDGE_CURVE('', #7088, #7089, #7091, .T.);
#7095 = EDGE_CURVE('', #7089, #7087, #7092, .T.);
#7096 = ORIENTED_EDGE('', *, *, #7093, .T.);
#7097 = ORIENTED_EDGE('', *, *, #7094, .T.);
#7098 = ORIENTED_EDGE('', *, *, #7095, .T.);
#7099 = EDGE_LOOP('', (#7096, #7097, #7098));
#7100 = FACE_BOUND('', #7099, .T.);

/* ==== Hole 417 (row 13, col 26) CW ==== */
#7101 = CARTESIAN_POINT('', (83.000, 44.000, 0.0));
#7102 = CARTESIAN_POINT('', (83.000, 47.000, 0.0));
#7103 = CARTESIAN_POINT('', (86.000, 45.500, 0.0));
#7104 = VERTEX_POINT('', #7101);
#7105 = VERTEX_POINT('', #7102);
#7106 = VERTEX_POINT('', #7103);
#7107 = LINE('', #7101, #6);
#7108 = LINE('', #7102, #6);
#7109 = LINE('', #7103, #6);
#7110 = EDGE_CURVE('', #7104, #7105, #7107, .T.);
#7111 = EDGE_CURVE('', #7105, #7106, #7108, .T.);
#7112 = EDGE_CURVE('', #7106, #7104, #7109, .T.);
#7113 = ORIENTED_EDGE('', *, *, #7110, .T.);
#7114 = ORIENTED_EDGE('', *, *, #7111, .T.);
#7115 = ORIENTED_EDGE('', *, *, #7112, .T.);
#7116 = EDGE_LOOP('', (#7113, #7114, #7115));
#7117 = FACE_BOUND('', #7116, .T.);

/* ==== Hole 418 (row 13, col 27) CW ==== */
#7118 = CARTESIAN_POINT('', (86.000, 44.000, 0.0));
#7119 = CARTESIAN_POINT('', (86.000, 47.000, 0.0));
#7120 = CARTESIAN_POINT('', (89.000, 45.500, 0.0));
#7121 = VERTEX_POINT('', #7118);
#7122 = VERTEX_POINT('', #7119);
#7123 = VERTEX_POINT('', #7120);
#7124 = LINE('', #7118, #6);
#7125 = LINE('', #7119, #6);
#7126 = LINE('', #7120, #6);
#7127 = EDGE_CURVE('', #7121, #7122, #7124, .T.);
#7128 = EDGE_CURVE('', #7122, #7123, #7125, .T.);
#7129 = EDGE_CURVE('', #7123, #7121, #7126, .T.);
#7130 = ORIENTED_EDGE('', *, *, #7127, .T.);
#7131 = ORIENTED_EDGE('', *, *, #7128, .T.);
#7132 = ORIENTED_EDGE('', *, *, #7129, .T.);
#7133 = EDGE_LOOP('', (#7130, #7131, #7132));
#7134 = FACE_BOUND('', #7133, .T.);

/* ==== Hole 419 (row 13, col 28) CW ==== */
#7135 = CARTESIAN_POINT('', (89.000, 44.000, 0.0));
#7136 = CARTESIAN_POINT('', (89.000, 47.000, 0.0));
#7137 = CARTESIAN_POINT('', (92.000, 45.500, 0.0));
#7138 = VERTEX_POINT('', #7135);
#7139 = VERTEX_POINT('', #7136);
#7140 = VERTEX_POINT('', #7137);
#7141 = LINE('', #7135, #6);
#7142 = LINE('', #7136, #6);
#7143 = LINE('', #7137, #6);
#7144 = EDGE_CURVE('', #7138, #7139, #7141, .T.);
#7145 = EDGE_CURVE('', #7139, #7140, #7142, .T.);
#7146 = EDGE_CURVE('', #7140, #7138, #7143, .T.);
#7147 = ORIENTED_EDGE('', *, *, #7144, .T.);
#7148 = ORIENTED_EDGE('', *, *, #7145, .T.);
#7149 = ORIENTED_EDGE('', *, *, #7146, .T.);
#7150 = EDGE_LOOP('', (#7147, #7148, #7149));
#7151 = FACE_BOUND('', #7150, .T.);

/* ==== Hole 420 (row 13, col 29) CW ==== */
#7152 = CARTESIAN_POINT('', (92.000, 44.000, 0.0));
#7153 = CARTESIAN_POINT('', (92.000, 47.000, 0.0));
#7154 = CARTESIAN_POINT('', (95.000, 45.500, 0.0));
#7155 = VERTEX_POINT('', #7152);
#7156 = VERTEX_POINT('', #7153);
#7157 = VERTEX_POINT('', #7154);
#7158 = LINE('', #7152, #6);
#7159 = LINE('', #7153, #6);
#7160 = LINE('', #7154, #6);
#7161 = EDGE_CURVE('', #7155, #7156, #7158, .T.);
#7162 = EDGE_CURVE('', #7156, #7157, #7159, .T.);
#7163 = EDGE_CURVE('', #7157, #7155, #7160, .T.);
#7164 = ORIENTED_EDGE('', *, *, #7161, .T.);
#7165 = ORIENTED_EDGE('', *, *, #7162, .T.);
#7166 = ORIENTED_EDGE('', *, *, #7163, .T.);
#7167 = EDGE_LOOP('', (#7164, #7165, #7166));
#7168 = FACE_BOUND('', #7167, .T.);

/* ==== Hole 421 (row 14, col 0) CW ==== */
#7169 = CARTESIAN_POINT('', (5.000, 47.000, 0.0));
#7170 = CARTESIAN_POINT('', (5.000, 50.000, 0.0));
#7171 = CARTESIAN_POINT('', (8.000, 48.500, 0.0));
#7172 = VERTEX_POINT('', #7169);
#7173 = VERTEX_POINT('', #7170);
#7174 = VERTEX_POINT('', #7171);
#7175 = LINE('', #7169, #6);
#7176 = LINE('', #7170, #6);
#7177 = LINE('', #7171, #6);
#7178 = EDGE_CURVE('', #7172, #7173, #7175, .T.);
#7179 = EDGE_CURVE('', #7173, #7174, #7176, .T.);
#7180 = EDGE_CURVE('', #7174, #7172, #7177, .T.);
#7181 = ORIENTED_EDGE('', *, *, #7178, .T.);
#7182 = ORIENTED_EDGE('', *, *, #7179, .T.);
#7183 = ORIENTED_EDGE('', *, *, #7180, .T.);
#7184 = EDGE_LOOP('', (#7181, #7182, #7183));
#7185 = FACE_BOUND('', #7184, .T.);

/* ==== Hole 422 (row 14, col 1) CW ==== */
#7186 = CARTESIAN_POINT('', (8.000, 47.000, 0.0));
#7187 = CARTESIAN_POINT('', (8.000, 50.000, 0.0));
#7188 = CARTESIAN_POINT('', (11.000, 48.500, 0.0));
#7189 = VERTEX_POINT('', #7186);
#7190 = VERTEX_POINT('', #7187);
#7191 = VERTEX_POINT('', #7188);
#7192 = LINE('', #7186, #6);
#7193 = LINE('', #7187, #6);
#7194 = LINE('', #7188, #6);
#7195 = EDGE_CURVE('', #7189, #7190, #7192, .T.);
#7196 = EDGE_CURVE('', #7190, #7191, #7193, .T.);
#7197 = EDGE_CURVE('', #7191, #7189, #7194, .T.);
#7198 = ORIENTED_EDGE('', *, *, #7195, .T.);
#7199 = ORIENTED_EDGE('', *, *, #7196, .T.);
#7200 = ORIENTED_EDGE('', *, *, #7197, .T.);
#7201 = EDGE_LOOP('', (#7198, #7199, #7200));
#7202 = FACE_BOUND('', #7201, .T.);

/* ==== Hole 423 (row 14, col 2) CW ==== */
#7203 = CARTESIAN_POINT('', (11.000, 47.000, 0.0));
#7204 = CARTESIAN_POINT('', (11.000, 50.000, 0.0));
#7205 = CARTESIAN_POINT('', (14.000, 48.500, 0.0));
#7206 = VERTEX_POINT('', #7203);
#7207 = VERTEX_POINT('', #7204);
#7208 = VERTEX_POINT('', #7205);
#7209 = LINE('', #7203, #6);
#7210 = LINE('', #7204, #6);
#7211 = LINE('', #7205, #6);
#7212 = EDGE_CURVE('', #7206, #7207, #7209, .T.);
#7213 = EDGE_CURVE('', #7207, #7208, #7210, .T.);
#7214 = EDGE_CURVE('', #7208, #7206, #7211, .T.);
#7215 = ORIENTED_EDGE('', *, *, #7212, .T.);
#7216 = ORIENTED_EDGE('', *, *, #7213, .T.);
#7217 = ORIENTED_EDGE('', *, *, #7214, .T.);
#7218 = EDGE_LOOP('', (#7215, #7216, #7217));
#7219 = FACE_BOUND('', #7218, .T.);

/* ==== Hole 424 (row 14, col 3) CW ==== */
#7220 = CARTESIAN_POINT('', (14.000, 47.000, 0.0));
#7221 = CARTESIAN_POINT('', (14.000, 50.000, 0.0));
#7222 = CARTESIAN_POINT('', (17.000, 48.500, 0.0));
#7223 = VERTEX_POINT('', #7220);
#7224 = VERTEX_POINT('', #7221);
#7225 = VERTEX_POINT('', #7222);
#7226 = LINE('', #7220, #6);
#7227 = LINE('', #7221, #6);
#7228 = LINE('', #7222, #6);
#7229 = EDGE_CURVE('', #7223, #7224, #7226, .T.);
#7230 = EDGE_CURVE('', #7224, #7225, #7227, .T.);
#7231 = EDGE_CURVE('', #7225, #7223, #7228, .T.);
#7232 = ORIENTED_EDGE('', *, *, #7229, .T.);
#7233 = ORIENTED_EDGE('', *, *, #7230, .T.);
#7234 = ORIENTED_EDGE('', *, *, #7231, .T.);
#7235 = EDGE_LOOP('', (#7232, #7233, #7234));
#7236 = FACE_BOUND('', #7235, .T.);

/* ==== Hole 425 (row 14, col 4) CW ==== */
#7237 = CARTESIAN_POINT('', (17.000, 47.000, 0.0));
#7238 = CARTESIAN_POINT('', (17.000, 50.000, 0.0));
#7239 = CARTESIAN_POINT('', (20.000, 48.500, 0.0));
#7240 = VERTEX_POINT('', #7237);
#7241 = VERTEX_POINT('', #7238);
#7242 = VERTEX_POINT('', #7239);
#7243 = LINE('', #7237, #6);
#7244 = LINE('', #7238, #6);
#7245 = LINE('', #7239, #6);
#7246 = EDGE_CURVE('', #7240, #7241, #7243, .T.);
#7247 = EDGE_CURVE('', #7241, #7242, #7244, .T.);
#7248 = EDGE_CURVE('', #7242, #7240, #7245, .T.);
#7249 = ORIENTED_EDGE('', *, *, #7246, .T.);
#7250 = ORIENTED_EDGE('', *, *, #7247, .T.);
#7251 = ORIENTED_EDGE('', *, *, #7248, .T.);
#7252 = EDGE_LOOP('', (#7249, #7250, #7251));
#7253 = FACE_BOUND('', #7252, .T.);

/* ==== Hole 426 (row 14, col 5) CW ==== */
#7254 = CARTESIAN_POINT('', (20.000, 47.000, 0.0));
#7255 = CARTESIAN_POINT('', (20.000, 50.000, 0.0));
#7256 = CARTESIAN_POINT('', (23.000, 48.500, 0.0));
#7257 = VERTEX_POINT('', #7254);
#7258 = VERTEX_POINT('', #7255);
#7259 = VERTEX_POINT('', #7256);
#7260 = LINE('', #7254, #6);
#7261 = LINE('', #7255, #6);
#7262 = LINE('', #7256, #6);
#7263 = EDGE_CURVE('', #7257, #7258, #7260, .T.);
#7264 = EDGE_CURVE('', #7258, #7259, #7261, .T.);
#7265 = EDGE_CURVE('', #7259, #7257, #7262, .T.);
#7266 = ORIENTED_EDGE('', *, *, #7263, .T.);
#7267 = ORIENTED_EDGE('', *, *, #7264, .T.);
#7268 = ORIENTED_EDGE('', *, *, #7265, .T.);
#7269 = EDGE_LOOP('', (#7266, #7267, #7268));
#7270 = FACE_BOUND('', #7269, .T.);

/* ==== Hole 427 (row 14, col 6) CW ==== */
#7271 = CARTESIAN_POINT('', (23.000, 47.000, 0.0));
#7272 = CARTESIAN_POINT('', (23.000, 50.000, 0.0));
#7273 = CARTESIAN_POINT('', (26.000, 48.500, 0.0));
#7274 = VERTEX_POINT('', #7271);
#7275 = VERTEX_POINT('', #7272);
#7276 = VERTEX_POINT('', #7273);
#7277 = LINE('', #7271, #6);
#7278 = LINE('', #7272, #6);
#7279 = LINE('', #7273, #6);
#7280 = EDGE_CURVE('', #7274, #7275, #7277, .T.);
#7281 = EDGE_CURVE('', #7275, #7276, #7278, .T.);
#7282 = EDGE_CURVE('', #7276, #7274, #7279, .T.);
#7283 = ORIENTED_EDGE('', *, *, #7280, .T.);
#7284 = ORIENTED_EDGE('', *, *, #7281, .T.);
#7285 = ORIENTED_EDGE('', *, *, #7282, .T.);
#7286 = EDGE_LOOP('', (#7283, #7284, #7285));
#7287 = FACE_BOUND('', #7286, .T.);

/* ==== Hole 428 (row 14, col 7) CW ==== */
#7288 = CARTESIAN_POINT('', (26.000, 47.000, 0.0));
#7289 = CARTESIAN_POINT('', (26.000, 50.000, 0.0));
#7290 = CARTESIAN_POINT('', (29.000, 48.500, 0.0));
#7291 = VERTEX_POINT('', #7288);
#7292 = VERTEX_POINT('', #7289);
#7293 = VERTEX_POINT('', #7290);
#7294 = LINE('', #7288, #6);
#7295 = LINE('', #7289, #6);
#7296 = LINE('', #7290, #6);
#7297 = EDGE_CURVE('', #7291, #7292, #7294, .T.);
#7298 = EDGE_CURVE('', #7292, #7293, #7295, .T.);
#7299 = EDGE_CURVE('', #7293, #7291, #7296, .T.);
#7300 = ORIENTED_EDGE('', *, *, #7297, .T.);
#7301 = ORIENTED_EDGE('', *, *, #7298, .T.);
#7302 = ORIENTED_EDGE('', *, *, #7299, .T.);
#7303 = EDGE_LOOP('', (#7300, #7301, #7302));
#7304 = FACE_BOUND('', #7303, .T.);

/* ==== Hole 429 (row 14, col 8) CW ==== */
#7305 = CARTESIAN_POINT('', (29.000, 47.000, 0.0));
#7306 = CARTESIAN_POINT('', (29.000, 50.000, 0.0));
#7307 = CARTESIAN_POINT('', (32.000, 48.500, 0.0));
#7308 = VERTEX_POINT('', #7305);
#7309 = VERTEX_POINT('', #7306);
#7310 = VERTEX_POINT('', #7307);
#7311 = LINE('', #7305, #6);
#7312 = LINE('', #7306, #6);
#7313 = LINE('', #7307, #6);
#7314 = EDGE_CURVE('', #7308, #7309, #7311, .T.);
#7315 = EDGE_CURVE('', #7309, #7310, #7312, .T.);
#7316 = EDGE_CURVE('', #7310, #7308, #7313, .T.);
#7317 = ORIENTED_EDGE('', *, *, #7314, .T.);
#7318 = ORIENTED_EDGE('', *, *, #7315, .T.);
#7319 = ORIENTED_EDGE('', *, *, #7316, .T.);
#7320 = EDGE_LOOP('', (#7317, #7318, #7319));
#7321 = FACE_BOUND('', #7320, .T.);

/* ==== Hole 430 (row 14, col 9) CW ==== */
#7322 = CARTESIAN_POINT('', (32.000, 47.000, 0.0));
#7323 = CARTESIAN_POINT('', (32.000, 50.000, 0.0));
#7324 = CARTESIAN_POINT('', (35.000, 48.500, 0.0));
#7325 = VERTEX_POINT('', #7322);
#7326 = VERTEX_POINT('', #7323);
#7327 = VERTEX_POINT('', #7324);
#7328 = LINE('', #7322, #6);
#7329 = LINE('', #7323, #6);
#7330 = LINE('', #7324, #6);
#7331 = EDGE_CURVE('', #7325, #7326, #7328, .T.);
#7332 = EDGE_CURVE('', #7326, #7327, #7329, .T.);
#7333 = EDGE_CURVE('', #7327, #7325, #7330, .T.);
#7334 = ORIENTED_EDGE('', *, *, #7331, .T.);
#7335 = ORIENTED_EDGE('', *, *, #7332, .T.);
#7336 = ORIENTED_EDGE('', *, *, #7333, .T.);
#7337 = EDGE_LOOP('', (#7334, #7335, #7336));
#7338 = FACE_BOUND('', #7337, .T.);

/* ==== Hole 431 (row 14, col 10) CW ==== */
#7339 = CARTESIAN_POINT('', (35.000, 47.000, 0.0));
#7340 = CARTESIAN_POINT('', (35.000, 50.000, 0.0));
#7341 = CARTESIAN_POINT('', (38.000, 48.500, 0.0));
#7342 = VERTEX_POINT('', #7339);
#7343 = VERTEX_POINT('', #7340);
#7344 = VERTEX_POINT('', #7341);
#7345 = LINE('', #7339, #6);
#7346 = LINE('', #7340, #6);
#7347 = LINE('', #7341, #6);
#7348 = EDGE_CURVE('', #7342, #7343, #7345, .T.);
#7349 = EDGE_CURVE('', #7343, #7344, #7346, .T.);
#7350 = EDGE_CURVE('', #7344, #7342, #7347, .T.);
#7351 = ORIENTED_EDGE('', *, *, #7348, .T.);
#7352 = ORIENTED_EDGE('', *, *, #7349, .T.);
#7353 = ORIENTED_EDGE('', *, *, #7350, .T.);
#7354 = EDGE_LOOP('', (#7351, #7352, #7353));
#7355 = FACE_BOUND('', #7354, .T.);

/* ==== Hole 432 (row 14, col 11) CW ==== */
#7356 = CARTESIAN_POINT('', (38.000, 47.000, 0.0));
#7357 = CARTESIAN_POINT('', (38.000, 50.000, 0.0));
#7358 = CARTESIAN_POINT('', (41.000, 48.500, 0.0));
#7359 = VERTEX_POINT('', #7356);
#7360 = VERTEX_POINT('', #7357);
#7361 = VERTEX_POINT('', #7358);
#7362 = LINE('', #7356, #6);
#7363 = LINE('', #7357, #6);
#7364 = LINE('', #7358, #6);
#7365 = EDGE_CURVE('', #7359, #7360, #7362, .T.);
#7366 = EDGE_CURVE('', #7360, #7361, #7363, .T.);
#7367 = EDGE_CURVE('', #7361, #7359, #7364, .T.);
#7368 = ORIENTED_EDGE('', *, *, #7365, .T.);
#7369 = ORIENTED_EDGE('', *, *, #7366, .T.);
#7370 = ORIENTED_EDGE('', *, *, #7367, .T.);
#7371 = EDGE_LOOP('', (#7368, #7369, #7370));
#7372 = FACE_BOUND('', #7371, .T.);

/* ==== Hole 433 (row 14, col 12) CW ==== */
#7373 = CARTESIAN_POINT('', (41.000, 47.000, 0.0));
#7374 = CARTESIAN_POINT('', (41.000, 50.000, 0.0));
#7375 = CARTESIAN_POINT('', (44.000, 48.500, 0.0));
#7376 = VERTEX_POINT('', #7373);
#7377 = VERTEX_POINT('', #7374);
#7378 = VERTEX_POINT('', #7375);
#7379 = LINE('', #7373, #6);
#7380 = LINE('', #7374, #6);
#7381 = LINE('', #7375, #6);
#7382 = EDGE_CURVE('', #7376, #7377, #7379, .T.);
#7383 = EDGE_CURVE('', #7377, #7378, #7380, .T.);
#7384 = EDGE_CURVE('', #7378, #7376, #7381, .T.);
#7385 = ORIENTED_EDGE('', *, *, #7382, .T.);
#7386 = ORIENTED_EDGE('', *, *, #7383, .T.);
#7387 = ORIENTED_EDGE('', *, *, #7384, .T.);
#7388 = EDGE_LOOP('', (#7385, #7386, #7387));
#7389 = FACE_BOUND('', #7388, .T.);

/* ==== Hole 434 (row 14, col 13) CW ==== */
#7390 = CARTESIAN_POINT('', (44.000, 47.000, 0.0));
#7391 = CARTESIAN_POINT('', (44.000, 50.000, 0.0));
#7392 = CARTESIAN_POINT('', (47.000, 48.500, 0.0));
#7393 = VERTEX_POINT('', #7390);
#7394 = VERTEX_POINT('', #7391);
#7395 = VERTEX_POINT('', #7392);
#7396 = LINE('', #7390, #6);
#7397 = LINE('', #7391, #6);
#7398 = LINE('', #7392, #6);
#7399 = EDGE_CURVE('', #7393, #7394, #7396, .T.);
#7400 = EDGE_CURVE('', #7394, #7395, #7397, .T.);
#7401 = EDGE_CURVE('', #7395, #7393, #7398, .T.);
#7402 = ORIENTED_EDGE('', *, *, #7399, .T.);
#7403 = ORIENTED_EDGE('', *, *, #7400, .T.);
#7404 = ORIENTED_EDGE('', *, *, #7401, .T.);
#7405 = EDGE_LOOP('', (#7402, #7403, #7404));
#7406 = FACE_BOUND('', #7405, .T.);

/* ==== Hole 435 (row 14, col 14) CW ==== */
#7407 = CARTESIAN_POINT('', (47.000, 47.000, 0.0));
#7408 = CARTESIAN_POINT('', (47.000, 50.000, 0.0));
#7409 = CARTESIAN_POINT('', (50.000, 48.500, 0.0));
#7410 = VERTEX_POINT('', #7407);
#7411 = VERTEX_POINT('', #7408);
#7412 = VERTEX_POINT('', #7409);
#7413 = LINE('', #7407, #6);
#7414 = LINE('', #7408, #6);
#7415 = LINE('', #7409, #6);
#7416 = EDGE_CURVE('', #7410, #7411, #7413, .T.);
#7417 = EDGE_CURVE('', #7411, #7412, #7414, .T.);
#7418 = EDGE_CURVE('', #7412, #7410, #7415, .T.);
#7419 = ORIENTED_EDGE('', *, *, #7416, .T.);
#7420 = ORIENTED_EDGE('', *, *, #7417, .T.);
#7421 = ORIENTED_EDGE('', *, *, #7418, .T.);
#7422 = EDGE_LOOP('', (#7419, #7420, #7421));
#7423 = FACE_BOUND('', #7422, .T.);

/* ==== Hole 436 (row 14, col 15) CW ==== */
#7424 = CARTESIAN_POINT('', (50.000, 47.000, 0.0));
#7425 = CARTESIAN_POINT('', (50.000, 50.000, 0.0));
#7426 = CARTESIAN_POINT('', (53.000, 48.500, 0.0));
#7427 = VERTEX_POINT('', #7424);
#7428 = VERTEX_POINT('', #7425);
#7429 = VERTEX_POINT('', #7426);
#7430 = LINE('', #7424, #6);
#7431 = LINE('', #7425, #6);
#7432 = LINE('', #7426, #6);
#7433 = EDGE_CURVE('', #7427, #7428, #7430, .T.);
#7434 = EDGE_CURVE('', #7428, #7429, #7431, .T.);
#7435 = EDGE_CURVE('', #7429, #7427, #7432, .T.);
#7436 = ORIENTED_EDGE('', *, *, #7433, .T.);
#7437 = ORIENTED_EDGE('', *, *, #7434, .T.);
#7438 = ORIENTED_EDGE('', *, *, #7435, .T.);
#7439 = EDGE_LOOP('', (#7436, #7437, #7438));
#7440 = FACE_BOUND('', #7439, .T.);

/* ==== Hole 437 (row 14, col 16) CW ==== */
#7441 = CARTESIAN_POINT('', (53.000, 47.000, 0.0));
#7442 = CARTESIAN_POINT('', (53.000, 50.000, 0.0));
#7443 = CARTESIAN_POINT('', (56.000, 48.500, 0.0));
#7444 = VERTEX_POINT('', #7441);
#7445 = VERTEX_POINT('', #7442);
#7446 = VERTEX_POINT('', #7443);
#7447 = LINE('', #7441, #6);
#7448 = LINE('', #7442, #6);
#7449 = LINE('', #7443, #6);
#7450 = EDGE_CURVE('', #7444, #7445, #7447, .T.);
#7451 = EDGE_CURVE('', #7445, #7446, #7448, .T.);
#7452 = EDGE_CURVE('', #7446, #7444, #7449, .T.);
#7453 = ORIENTED_EDGE('', *, *, #7450, .T.);
#7454 = ORIENTED_EDGE('', *, *, #7451, .T.);
#7455 = ORIENTED_EDGE('', *, *, #7452, .T.);
#7456 = EDGE_LOOP('', (#7453, #7454, #7455));
#7457 = FACE_BOUND('', #7456, .T.);

/* ==== Hole 438 (row 14, col 17) CW ==== */
#7458 = CARTESIAN_POINT('', (56.000, 47.000, 0.0));
#7459 = CARTESIAN_POINT('', (56.000, 50.000, 0.0));
#7460 = CARTESIAN_POINT('', (59.000, 48.500, 0.0));
#7461 = VERTEX_POINT('', #7458);
#7462 = VERTEX_POINT('', #7459);
#7463 = VERTEX_POINT('', #7460);
#7464 = LINE('', #7458, #6);
#7465 = LINE('', #7459, #6);
#7466 = LINE('', #7460, #6);
#7467 = EDGE_CURVE('', #7461, #7462, #7464, .T.);
#7468 = EDGE_CURVE('', #7462, #7463, #7465, .T.);
#7469 = EDGE_CURVE('', #7463, #7461, #7466, .T.);
#7470 = ORIENTED_EDGE('', *, *, #7467, .T.);
#7471 = ORIENTED_EDGE('', *, *, #7468, .T.);
#7472 = ORIENTED_EDGE('', *, *, #7469, .T.);
#7473 = EDGE_LOOP('', (#7470, #7471, #7472));
#7474 = FACE_BOUND('', #7473, .T.);

/* ==== Hole 439 (row 14, col 18) CW ==== */
#7475 = CARTESIAN_POINT('', (59.000, 47.000, 0.0));
#7476 = CARTESIAN_POINT('', (59.000, 50.000, 0.0));
#7477 = CARTESIAN_POINT('', (62.000, 48.500, 0.0));
#7478 = VERTEX_POINT('', #7475);
#7479 = VERTEX_POINT('', #7476);
#7480 = VERTEX_POINT('', #7477);
#7481 = LINE('', #7475, #6);
#7482 = LINE('', #7476, #6);
#7483 = LINE('', #7477, #6);
#7484 = EDGE_CURVE('', #7478, #7479, #7481, .T.);
#7485 = EDGE_CURVE('', #7479, #7480, #7482, .T.);
#7486 = EDGE_CURVE('', #7480, #7478, #7483, .T.);
#7487 = ORIENTED_EDGE('', *, *, #7484, .T.);
#7488 = ORIENTED_EDGE('', *, *, #7485, .T.);
#7489 = ORIENTED_EDGE('', *, *, #7486, .T.);
#7490 = EDGE_LOOP('', (#7487, #7488, #7489));
#7491 = FACE_BOUND('', #7490, .T.);

/* ==== Hole 440 (row 14, col 19) CW ==== */
#7492 = CARTESIAN_POINT('', (62.000, 47.000, 0.0));
#7493 = CARTESIAN_POINT('', (62.000, 50.000, 0.0));
#7494 = CARTESIAN_POINT('', (65.000, 48.500, 0.0));
#7495 = VERTEX_POINT('', #7492);
#7496 = VERTEX_POINT('', #7493);
#7497 = VERTEX_POINT('', #7494);
#7498 = LINE('', #7492, #6);
#7499 = LINE('', #7493, #6);
#7500 = LINE('', #7494, #6);
#7501 = EDGE_CURVE('', #7495, #7496, #7498, .T.);
#7502 = EDGE_CURVE('', #7496, #7497, #7499, .T.);
#7503 = EDGE_CURVE('', #7497, #7495, #7500, .T.);
#7504 = ORIENTED_EDGE('', *, *, #7501, .T.);
#7505 = ORIENTED_EDGE('', *, *, #7502, .T.);
#7506 = ORIENTED_EDGE('', *, *, #7503, .T.);
#7507 = EDGE_LOOP('', (#7504, #7505, #7506));
#7508 = FACE_BOUND('', #7507, .T.);

/* ==== Hole 441 (row 14, col 20) CW ==== */
#7509 = CARTESIAN_POINT('', (65.000, 47.000, 0.0));
#7510 = CARTESIAN_POINT('', (65.000, 50.000, 0.0));
#7511 = CARTESIAN_POINT('', (68.000, 48.500, 0.0));
#7512 = VERTEX_POINT('', #7509);
#7513 = VERTEX_POINT('', #7510);
#7514 = VERTEX_POINT('', #7511);
#7515 = LINE('', #7509, #6);
#7516 = LINE('', #7510, #6);
#7517 = LINE('', #7511, #6);
#7518 = EDGE_CURVE('', #7512, #7513, #7515, .T.);
#7519 = EDGE_CURVE('', #7513, #7514, #7516, .T.);
#7520 = EDGE_CURVE('', #7514, #7512, #7517, .T.);
#7521 = ORIENTED_EDGE('', *, *, #7518, .T.);
#7522 = ORIENTED_EDGE('', *, *, #7519, .T.);
#7523 = ORIENTED_EDGE('', *, *, #7520, .T.);
#7524 = EDGE_LOOP('', (#7521, #7522, #7523));
#7525 = FACE_BOUND('', #7524, .T.);

/* ==== Hole 442 (row 14, col 21) CW ==== */
#7526 = CARTESIAN_POINT('', (68.000, 47.000, 0.0));
#7527 = CARTESIAN_POINT('', (68.000, 50.000, 0.0));
#7528 = CARTESIAN_POINT('', (71.000, 48.500, 0.0));
#7529 = VERTEX_POINT('', #7526);
#7530 = VERTEX_POINT('', #7527);
#7531 = VERTEX_POINT('', #7528);
#7532 = LINE('', #7526, #6);
#7533 = LINE('', #7527, #6);
#7534 = LINE('', #7528, #6);
#7535 = EDGE_CURVE('', #7529, #7530, #7532, .T.);
#7536 = EDGE_CURVE('', #7530, #7531, #7533, .T.);
#7537 = EDGE_CURVE('', #7531, #7529, #7534, .T.);
#7538 = ORIENTED_EDGE('', *, *, #7535, .T.);
#7539 = ORIENTED_EDGE('', *, *, #7536, .T.);
#7540 = ORIENTED_EDGE('', *, *, #7537, .T.);
#7541 = EDGE_LOOP('', (#7538, #7539, #7540));
#7542 = FACE_BOUND('', #7541, .T.);

/* ==== Hole 443 (row 14, col 22) CW ==== */
#7543 = CARTESIAN_POINT('', (71.000, 47.000, 0.0));
#7544 = CARTESIAN_POINT('', (71.000, 50.000, 0.0));
#7545 = CARTESIAN_POINT('', (74.000, 48.500, 0.0));
#7546 = VERTEX_POINT('', #7543);
#7547 = VERTEX_POINT('', #7544);
#7548 = VERTEX_POINT('', #7545);
#7549 = LINE('', #7543, #6);
#7550 = LINE('', #7544, #6);
#7551 = LINE('', #7545, #6);
#7552 = EDGE_CURVE('', #7546, #7547, #7549, .T.);
#7553 = EDGE_CURVE('', #7547, #7548, #7550, .T.);
#7554 = EDGE_CURVE('', #7548, #7546, #7551, .T.);
#7555 = ORIENTED_EDGE('', *, *, #7552, .T.);
#7556 = ORIENTED_EDGE('', *, *, #7553, .T.);
#7557 = ORIENTED_EDGE('', *, *, #7554, .T.);
#7558 = EDGE_LOOP('', (#7555, #7556, #7557));
#7559 = FACE_BOUND('', #7558, .T.);

/* ==== Hole 444 (row 14, col 23) CW ==== */
#7560 = CARTESIAN_POINT('', (74.000, 47.000, 0.0));
#7561 = CARTESIAN_POINT('', (74.000, 50.000, 0.0));
#7562 = CARTESIAN_POINT('', (77.000, 48.500, 0.0));
#7563 = VERTEX_POINT('', #7560);
#7564 = VERTEX_POINT('', #7561);
#7565 = VERTEX_POINT('', #7562);
#7566 = LINE('', #7560, #6);
#7567 = LINE('', #7561, #6);
#7568 = LINE('', #7562, #6);
#7569 = EDGE_CURVE('', #7563, #7564, #7566, .T.);
#7570 = EDGE_CURVE('', #7564, #7565, #7567, .T.);
#7571 = EDGE_CURVE('', #7565, #7563, #7568, .T.);
#7572 = ORIENTED_EDGE('', *, *, #7569, .T.);
#7573 = ORIENTED_EDGE('', *, *, #7570, .T.);
#7574 = ORIENTED_EDGE('', *, *, #7571, .T.);
#7575 = EDGE_LOOP('', (#7572, #7573, #7574));
#7576 = FACE_BOUND('', #7575, .T.);

/* ==== Hole 445 (row 14, col 24) CW ==== */
#7577 = CARTESIAN_POINT('', (77.000, 47.000, 0.0));
#7578 = CARTESIAN_POINT('', (77.000, 50.000, 0.0));
#7579 = CARTESIAN_POINT('', (80.000, 48.500, 0.0));
#7580 = VERTEX_POINT('', #7577);
#7581 = VERTEX_POINT('', #7578);
#7582 = VERTEX_POINT('', #7579);
#7583 = LINE('', #7577, #6);
#7584 = LINE('', #7578, #6);
#7585 = LINE('', #7579, #6);
#7586 = EDGE_CURVE('', #7580, #7581, #7583, .T.);
#7587 = EDGE_CURVE('', #7581, #7582, #7584, .T.);
#7588 = EDGE_CURVE('', #7582, #7580, #7585, .T.);
#7589 = ORIENTED_EDGE('', *, *, #7586, .T.);
#7590 = ORIENTED_EDGE('', *, *, #7587, .T.);
#7591 = ORIENTED_EDGE('', *, *, #7588, .T.);
#7592 = EDGE_LOOP('', (#7589, #7590, #7591));
#7593 = FACE_BOUND('', #7592, .T.);

/* ==== Hole 446 (row 14, col 25) CW ==== */
#7594 = CARTESIAN_POINT('', (80.000, 47.000, 0.0));
#7595 = CARTESIAN_POINT('', (80.000, 50.000, 0.0));
#7596 = CARTESIAN_POINT('', (83.000, 48.500, 0.0));
#7597 = VERTEX_POINT('', #7594);
#7598 = VERTEX_POINT('', #7595);
#7599 = VERTEX_POINT('', #7596);
#7600 = LINE('', #7594, #6);
#7601 = LINE('', #7595, #6);
#7602 = LINE('', #7596, #6);
#7603 = EDGE_CURVE('', #7597, #7598, #7600, .T.);
#7604 = EDGE_CURVE('', #7598, #7599, #7601, .T.);
#7605 = EDGE_CURVE('', #7599, #7597, #7602, .T.);
#7606 = ORIENTED_EDGE('', *, *, #7603, .T.);
#7607 = ORIENTED_EDGE('', *, *, #7604, .T.);
#7608 = ORIENTED_EDGE('', *, *, #7605, .T.);
#7609 = EDGE_LOOP('', (#7606, #7607, #7608));
#7610 = FACE_BOUND('', #7609, .T.);

/* ==== Hole 447 (row 14, col 26) CW ==== */
#7611 = CARTESIAN_POINT('', (83.000, 47.000, 0.0));
#7612 = CARTESIAN_POINT('', (83.000, 50.000, 0.0));
#7613 = CARTESIAN_POINT('', (86.000, 48.500, 0.0));
#7614 = VERTEX_POINT('', #7611);
#7615 = VERTEX_POINT('', #7612);
#7616 = VERTEX_POINT('', #7613);
#7617 = LINE('', #7611, #6);
#7618 = LINE('', #7612, #6);
#7619 = LINE('', #7613, #6);
#7620 = EDGE_CURVE('', #7614, #7615, #7617, .T.);
#7621 = EDGE_CURVE('', #7615, #7616, #7618, .T.);
#7622 = EDGE_CURVE('', #7616, #7614, #7619, .T.);
#7623 = ORIENTED_EDGE('', *, *, #7620, .T.);
#7624 = ORIENTED_EDGE('', *, *, #7621, .T.);
#7625 = ORIENTED_EDGE('', *, *, #7622, .T.);
#7626 = EDGE_LOOP('', (#7623, #7624, #7625));
#7627 = FACE_BOUND('', #7626, .T.);

/* ==== Hole 448 (row 14, col 27) CW ==== */
#7628 = CARTESIAN_POINT('', (86.000, 47.000, 0.0));
#7629 = CARTESIAN_POINT('', (86.000, 50.000, 0.0));
#7630 = CARTESIAN_POINT('', (89.000, 48.500, 0.0));
#7631 = VERTEX_POINT('', #7628);
#7632 = VERTEX_POINT('', #7629);
#7633 = VERTEX_POINT('', #7630);
#7634 = LINE('', #7628, #6);
#7635 = LINE('', #7629, #6);
#7636 = LINE('', #7630, #6);
#7637 = EDGE_CURVE('', #7631, #7632, #7634, .T.);
#7638 = EDGE_CURVE('', #7632, #7633, #7635, .T.);
#7639 = EDGE_CURVE('', #7633, #7631, #7636, .T.);
#7640 = ORIENTED_EDGE('', *, *, #7637, .T.);
#7641 = ORIENTED_EDGE('', *, *, #7638, .T.);
#7642 = ORIENTED_EDGE('', *, *, #7639, .T.);
#7643 = EDGE_LOOP('', (#7640, #7641, #7642));
#7644 = FACE_BOUND('', #7643, .T.);

/* ==== Hole 449 (row 14, col 28) CW ==== */
#7645 = CARTESIAN_POINT('', (89.000, 47.000, 0.0));
#7646 = CARTESIAN_POINT('', (89.000, 50.000, 0.0));
#7647 = CARTESIAN_POINT('', (92.000, 48.500, 0.0));
#7648 = VERTEX_POINT('', #7645);
#7649 = VERTEX_POINT('', #7646);
#7650 = VERTEX_POINT('', #7647);
#7651 = LINE('', #7645, #6);
#7652 = LINE('', #7646, #6);
#7653 = LINE('', #7647, #6);
#7654 = EDGE_CURVE('', #7648, #7649, #7651, .T.);
#7655 = EDGE_CURVE('', #7649, #7650, #7652, .T.);
#7656 = EDGE_CURVE('', #7650, #7648, #7653, .T.);
#7657 = ORIENTED_EDGE('', *, *, #7654, .T.);
#7658 = ORIENTED_EDGE('', *, *, #7655, .T.);
#7659 = ORIENTED_EDGE('', *, *, #7656, .T.);
#7660 = EDGE_LOOP('', (#7657, #7658, #7659));
#7661 = FACE_BOUND('', #7660, .T.);

/* ==== Hole 450 (row 14, col 29) CW ==== */
#7662 = CARTESIAN_POINT('', (92.000, 47.000, 0.0));
#7663 = CARTESIAN_POINT('', (92.000, 50.000, 0.0));
#7664 = CARTESIAN_POINT('', (95.000, 48.500, 0.0));
#7665 = VERTEX_POINT('', #7662);
#7666 = VERTEX_POINT('', #7663);
#7667 = VERTEX_POINT('', #7664);
#7668 = LINE('', #7662, #6);
#7669 = LINE('', #7663, #6);
#7670 = LINE('', #7664, #6);
#7671 = EDGE_CURVE('', #7665, #7666, #7668, .T.);
#7672 = EDGE_CURVE('', #7666, #7667, #7669, .T.);
#7673 = EDGE_CURVE('', #7667, #7665, #7670, .T.);
#7674 = ORIENTED_EDGE('', *, *, #7671, .T.);
#7675 = ORIENTED_EDGE('', *, *, #7672, .T.);
#7676 = ORIENTED_EDGE('', *, *, #7673, .T.);
#7677 = EDGE_LOOP('', (#7674, #7675, #7676));
#7678 = FACE_BOUND('', #7677, .T.);

/* ==== Hole 451 (row 15, col 0) CW ==== */
#7679 = CARTESIAN_POINT('', (5.000, 50.000, 0.0));
#7680 = CARTESIAN_POINT('', (5.000, 53.000, 0.0));
#7681 = CARTESIAN_POINT('', (8.000, 51.500, 0.0));
#7682 = VERTEX_POINT('', #7679);
#7683 = VERTEX_POINT('', #7680);
#7684 = VERTEX_POINT('', #7681);
#7685 = LINE('', #7679, #6);
#7686 = LINE('', #7680, #6);
#7687 = LINE('', #7681, #6);
#7688 = EDGE_CURVE('', #7682, #7683, #7685, .T.);
#7689 = EDGE_CURVE('', #7683, #7684, #7686, .T.);
#7690 = EDGE_CURVE('', #7684, #7682, #7687, .T.);
#7691 = ORIENTED_EDGE('', *, *, #7688, .T.);
#7692 = ORIENTED_EDGE('', *, *, #7689, .T.);
#7693 = ORIENTED_EDGE('', *, *, #7690, .T.);
#7694 = EDGE_LOOP('', (#7691, #7692, #7693));
#7695 = FACE_BOUND('', #7694, .T.);

/* ==== Hole 452 (row 15, col 1) CW ==== */
#7696 = CARTESIAN_POINT('', (8.000, 50.000, 0.0));
#7697 = CARTESIAN_POINT('', (8.000, 53.000, 0.0));
#7698 = CARTESIAN_POINT('', (11.000, 51.500, 0.0));
#7699 = VERTEX_POINT('', #7696);
#7700 = VERTEX_POINT('', #7697);
#7701 = VERTEX_POINT('', #7698);
#7702 = LINE('', #7696, #6);
#7703 = LINE('', #7697, #6);
#7704 = LINE('', #7698, #6);
#7705 = EDGE_CURVE('', #7699, #7700, #7702, .T.);
#7706 = EDGE_CURVE('', #7700, #7701, #7703, .T.);
#7707 = EDGE_CURVE('', #7701, #7699, #7704, .T.);
#7708 = ORIENTED_EDGE('', *, *, #7705, .T.);
#7709 = ORIENTED_EDGE('', *, *, #7706, .T.);
#7710 = ORIENTED_EDGE('', *, *, #7707, .T.);
#7711 = EDGE_LOOP('', (#7708, #7709, #7710));
#7712 = FACE_BOUND('', #7711, .T.);

/* ==== Hole 453 (row 15, col 2) CW ==== */
#7713 = CARTESIAN_POINT('', (11.000, 50.000, 0.0));
#7714 = CARTESIAN_POINT('', (11.000, 53.000, 0.0));
#7715 = CARTESIAN_POINT('', (14.000, 51.500, 0.0));
#7716 = VERTEX_POINT('', #7713);
#7717 = VERTEX_POINT('', #7714);
#7718 = VERTEX_POINT('', #7715);
#7719 = LINE('', #7713, #6);
#7720 = LINE('', #7714, #6);
#7721 = LINE('', #7715, #6);
#7722 = EDGE_CURVE('', #7716, #7717, #7719, .T.);
#7723 = EDGE_CURVE('', #7717, #7718, #7720, .T.);
#7724 = EDGE_CURVE('', #7718, #7716, #7721, .T.);
#7725 = ORIENTED_EDGE('', *, *, #7722, .T.);
#7726 = ORIENTED_EDGE('', *, *, #7723, .T.);
#7727 = ORIENTED_EDGE('', *, *, #7724, .T.);
#7728 = EDGE_LOOP('', (#7725, #7726, #7727));
#7729 = FACE_BOUND('', #7728, .T.);

/* ==== Hole 454 (row 15, col 3) CW ==== */
#7730 = CARTESIAN_POINT('', (14.000, 50.000, 0.0));
#7731 = CARTESIAN_POINT('', (14.000, 53.000, 0.0));
#7732 = CARTESIAN_POINT('', (17.000, 51.500, 0.0));
#7733 = VERTEX_POINT('', #7730);
#7734 = VERTEX_POINT('', #7731);
#7735 = VERTEX_POINT('', #7732);
#7736 = LINE('', #7730, #6);
#7737 = LINE('', #7731, #6);
#7738 = LINE('', #7732, #6);
#7739 = EDGE_CURVE('', #7733, #7734, #7736, .T.);
#7740 = EDGE_CURVE('', #7734, #7735, #7737, .T.);
#7741 = EDGE_CURVE('', #7735, #7733, #7738, .T.);
#7742 = ORIENTED_EDGE('', *, *, #7739, .T.);
#7743 = ORIENTED_EDGE('', *, *, #7740, .T.);
#7744 = ORIENTED_EDGE('', *, *, #7741, .T.);
#7745 = EDGE_LOOP('', (#7742, #7743, #7744));
#7746 = FACE_BOUND('', #7745, .T.);

/* ==== Hole 455 (row 15, col 4) CW ==== */
#7747 = CARTESIAN_POINT('', (17.000, 50.000, 0.0));
#7748 = CARTESIAN_POINT('', (17.000, 53.000, 0.0));
#7749 = CARTESIAN_POINT('', (20.000, 51.500, 0.0));
#7750 = VERTEX_POINT('', #7747);
#7751 = VERTEX_POINT('', #7748);
#7752 = VERTEX_POINT('', #7749);
#7753 = LINE('', #7747, #6);
#7754 = LINE('', #7748, #6);
#7755 = LINE('', #7749, #6);
#7756 = EDGE_CURVE('', #7750, #7751, #7753, .T.);
#7757 = EDGE_CURVE('', #7751, #7752, #7754, .T.);
#7758 = EDGE_CURVE('', #7752, #7750, #7755, .T.);
#7759 = ORIENTED_EDGE('', *, *, #7756, .T.);
#7760 = ORIENTED_EDGE('', *, *, #7757, .T.);
#7761 = ORIENTED_EDGE('', *, *, #7758, .T.);
#7762 = EDGE_LOOP('', (#7759, #7760, #7761));
#7763 = FACE_BOUND('', #7762, .T.);

/* ==== Hole 456 (row 15, col 5) CW ==== */
#7764 = CARTESIAN_POINT('', (20.000, 50.000, 0.0));
#7765 = CARTESIAN_POINT('', (20.000, 53.000, 0.0));
#7766 = CARTESIAN_POINT('', (23.000, 51.500, 0.0));
#7767 = VERTEX_POINT('', #7764);
#7768 = VERTEX_POINT('', #7765);
#7769 = VERTEX_POINT('', #7766);
#7770 = LINE('', #7764, #6);
#7771 = LINE('', #7765, #6);
#7772 = LINE('', #7766, #6);
#7773 = EDGE_CURVE('', #7767, #7768, #7770, .T.);
#7774 = EDGE_CURVE('', #7768, #7769, #7771, .T.);
#7775 = EDGE_CURVE('', #7769, #7767, #7772, .T.);
#7776 = ORIENTED_EDGE('', *, *, #7773, .T.);
#7777 = ORIENTED_EDGE('', *, *, #7774, .T.);
#7778 = ORIENTED_EDGE('', *, *, #7775, .T.);
#7779 = EDGE_LOOP('', (#7776, #7777, #7778));
#7780 = FACE_BOUND('', #7779, .T.);

/* ==== Hole 457 (row 15, col 6) CW ==== */
#7781 = CARTESIAN_POINT('', (23.000, 50.000, 0.0));
#7782 = CARTESIAN_POINT('', (23.000, 53.000, 0.0));
#7783 = CARTESIAN_POINT('', (26.000, 51.500, 0.0));
#7784 = VERTEX_POINT('', #7781);
#7785 = VERTEX_POINT('', #7782);
#7786 = VERTEX_POINT('', #7783);
#7787 = LINE('', #7781, #6);
#7788 = LINE('', #7782, #6);
#7789 = LINE('', #7783, #6);
#7790 = EDGE_CURVE('', #7784, #7785, #7787, .T.);
#7791 = EDGE_CURVE('', #7785, #7786, #7788, .T.);
#7792 = EDGE_CURVE('', #7786, #7784, #7789, .T.);
#7793 = ORIENTED_EDGE('', *, *, #7790, .T.);
#7794 = ORIENTED_EDGE('', *, *, #7791, .T.);
#7795 = ORIENTED_EDGE('', *, *, #7792, .T.);
#7796 = EDGE_LOOP('', (#7793, #7794, #7795));
#7797 = FACE_BOUND('', #7796, .T.);

/* ==== Hole 458 (row 15, col 7) CW ==== */
#7798 = CARTESIAN_POINT('', (26.000, 50.000, 0.0));
#7799 = CARTESIAN_POINT('', (26.000, 53.000, 0.0));
#7800 = CARTESIAN_POINT('', (29.000, 51.500, 0.0));
#7801 = VERTEX_POINT('', #7798);
#7802 = VERTEX_POINT('', #7799);
#7803 = VERTEX_POINT('', #7800);
#7804 = LINE('', #7798, #6);
#7805 = LINE('', #7799, #6);
#7806 = LINE('', #7800, #6);
#7807 = EDGE_CURVE('', #7801, #7802, #7804, .T.);
#7808 = EDGE_CURVE('', #7802, #7803, #7805, .T.);
#7809 = EDGE_CURVE('', #7803, #7801, #7806, .T.);
#7810 = ORIENTED_EDGE('', *, *, #7807, .T.);
#7811 = ORIENTED_EDGE('', *, *, #7808, .T.);
#7812 = ORIENTED_EDGE('', *, *, #7809, .T.);
#7813 = EDGE_LOOP('', (#7810, #7811, #7812));
#7814 = FACE_BOUND('', #7813, .T.);

/* ==== Hole 459 (row 15, col 8) CW ==== */
#7815 = CARTESIAN_POINT('', (29.000, 50.000, 0.0));
#7816 = CARTESIAN_POINT('', (29.000, 53.000, 0.0));
#7817 = CARTESIAN_POINT('', (32.000, 51.500, 0.0));
#7818 = VERTEX_POINT('', #7815);
#7819 = VERTEX_POINT('', #7816);
#7820 = VERTEX_POINT('', #7817);
#7821 = LINE('', #7815, #6);
#7822 = LINE('', #7816, #6);
#7823 = LINE('', #7817, #6);
#7824 = EDGE_CURVE('', #7818, #7819, #7821, .T.);
#7825 = EDGE_CURVE('', #7819, #7820, #7822, .T.);
#7826 = EDGE_CURVE('', #7820, #7818, #7823, .T.);
#7827 = ORIENTED_EDGE('', *, *, #7824, .T.);
#7828 = ORIENTED_EDGE('', *, *, #7825, .T.);
#7829 = ORIENTED_EDGE('', *, *, #7826, .T.);
#7830 = EDGE_LOOP('', (#7827, #7828, #7829));
#7831 = FACE_BOUND('', #7830, .T.);

/* ==== Hole 460 (row 15, col 9) CW ==== */
#7832 = CARTESIAN_POINT('', (32.000, 50.000, 0.0));
#7833 = CARTESIAN_POINT('', (32.000, 53.000, 0.0));
#7834 = CARTESIAN_POINT('', (35.000, 51.500, 0.0));
#7835 = VERTEX_POINT('', #7832);
#7836 = VERTEX_POINT('', #7833);
#7837 = VERTEX_POINT('', #7834);
#7838 = LINE('', #7832, #6);
#7839 = LINE('', #7833, #6);
#7840 = LINE('', #7834, #6);
#7841 = EDGE_CURVE('', #7835, #7836, #7838, .T.);
#7842 = EDGE_CURVE('', #7836, #7837, #7839, .T.);
#7843 = EDGE_CURVE('', #7837, #7835, #7840, .T.);
#7844 = ORIENTED_EDGE('', *, *, #7841, .T.);
#7845 = ORIENTED_EDGE('', *, *, #7842, .T.);
#7846 = ORIENTED_EDGE('', *, *, #7843, .T.);
#7847 = EDGE_LOOP('', (#7844, #7845, #7846));
#7848 = FACE_BOUND('', #7847, .T.);

/* ==== Hole 461 (row 15, col 10) CW ==== */
#7849 = CARTESIAN_POINT('', (35.000, 50.000, 0.0));
#7850 = CARTESIAN_POINT('', (35.000, 53.000, 0.0));
#7851 = CARTESIAN_POINT('', (38.000, 51.500, 0.0));
#7852 = VERTEX_POINT('', #7849);
#7853 = VERTEX_POINT('', #7850);
#7854 = VERTEX_POINT('', #7851);
#7855 = LINE('', #7849, #6);
#7856 = LINE('', #7850, #6);
#7857 = LINE('', #7851, #6);
#7858 = EDGE_CURVE('', #7852, #7853, #7855, .T.);
#7859 = EDGE_CURVE('', #7853, #7854, #7856, .T.);
#7860 = EDGE_CURVE('', #7854, #7852, #7857, .T.);
#7861 = ORIENTED_EDGE('', *, *, #7858, .T.);
#7862 = ORIENTED_EDGE('', *, *, #7859, .T.);
#7863 = ORIENTED_EDGE('', *, *, #7860, .T.);
#7864 = EDGE_LOOP('', (#7861, #7862, #7863));
#7865 = FACE_BOUND('', #7864, .T.);

/* ==== Hole 462 (row 15, col 11) CW ==== */
#7866 = CARTESIAN_POINT('', (38.000, 50.000, 0.0));
#7867 = CARTESIAN_POINT('', (38.000, 53.000, 0.0));
#7868 = CARTESIAN_POINT('', (41.000, 51.500, 0.0));
#7869 = VERTEX_POINT('', #7866);
#7870 = VERTEX_POINT('', #7867);
#7871 = VERTEX_POINT('', #7868);
#7872 = LINE('', #7866, #6);
#7873 = LINE('', #7867, #6);
#7874 = LINE('', #7868, #6);
#7875 = EDGE_CURVE('', #7869, #7870, #7872, .T.);
#7876 = EDGE_CURVE('', #7870, #7871, #7873, .T.);
#7877 = EDGE_CURVE('', #7871, #7869, #7874, .T.);
#7878 = ORIENTED_EDGE('', *, *, #7875, .T.);
#7879 = ORIENTED_EDGE('', *, *, #7876, .T.);
#7880 = ORIENTED_EDGE('', *, *, #7877, .T.);
#7881 = EDGE_LOOP('', (#7878, #7879, #7880));
#7882 = FACE_BOUND('', #7881, .T.);

/* ==== Hole 463 (row 15, col 12) CW ==== */
#7883 = CARTESIAN_POINT('', (41.000, 50.000, 0.0));
#7884 = CARTESIAN_POINT('', (41.000, 53.000, 0.0));
#7885 = CARTESIAN_POINT('', (44.000, 51.500, 0.0));
#7886 = VERTEX_POINT('', #7883);
#7887 = VERTEX_POINT('', #7884);
#7888 = VERTEX_POINT('', #7885);
#7889 = LINE('', #7883, #6);
#7890 = LINE('', #7884, #6);
#7891 = LINE('', #7885, #6);
#7892 = EDGE_CURVE('', #7886, #7887, #7889, .T.);
#7893 = EDGE_CURVE('', #7887, #7888, #7890, .T.);
#7894 = EDGE_CURVE('', #7888, #7886, #7891, .T.);
#7895 = ORIENTED_EDGE('', *, *, #7892, .T.);
#7896 = ORIENTED_EDGE('', *, *, #7893, .T.);
#7897 = ORIENTED_EDGE('', *, *, #7894, .T.);
#7898 = EDGE_LOOP('', (#7895, #7896, #7897));
#7899 = FACE_BOUND('', #7898, .T.);

/* ==== Hole 464 (row 15, col 13) CW ==== */
#7900 = CARTESIAN_POINT('', (44.000, 50.000, 0.0));
#7901 = CARTESIAN_POINT('', (44.000, 53.000, 0.0));
#7902 = CARTESIAN_POINT('', (47.000, 51.500, 0.0));
#7903 = VERTEX_POINT('', #7900);
#7904 = VERTEX_POINT('', #7901);
#7905 = VERTEX_POINT('', #7902);
#7906 = LINE('', #7900, #6);
#7907 = LINE('', #7901, #6);
#7908 = LINE('', #7902, #6);
#7909 = EDGE_CURVE('', #7903, #7904, #7906, .T.);
#7910 = EDGE_CURVE('', #7904, #7905, #7907, .T.);
#7911 = EDGE_CURVE('', #7905, #7903, #7908, .T.);
#7912 = ORIENTED_EDGE('', *, *, #7909, .T.);
#7913 = ORIENTED_EDGE('', *, *, #7910, .T.);
#7914 = ORIENTED_EDGE('', *, *, #7911, .T.);
#7915 = EDGE_LOOP('', (#7912, #7913, #7914));
#7916 = FACE_BOUND('', #7915, .T.);

/* ==== Hole 465 (row 15, col 14) CW ==== */
#7917 = CARTESIAN_POINT('', (47.000, 50.000, 0.0));
#7918 = CARTESIAN_POINT('', (47.000, 53.000, 0.0));
#7919 = CARTESIAN_POINT('', (50.000, 51.500, 0.0));
#7920 = VERTEX_POINT('', #7917);
#7921 = VERTEX_POINT('', #7918);
#7922 = VERTEX_POINT('', #7919);
#7923 = LINE('', #7917, #6);
#7924 = LINE('', #7918, #6);
#7925 = LINE('', #7919, #6);
#7926 = EDGE_CURVE('', #7920, #7921, #7923, .T.);
#7927 = EDGE_CURVE('', #7921, #7922, #7924, .T.);
#7928 = EDGE_CURVE('', #7922, #7920, #7925, .T.);
#7929 = ORIENTED_EDGE('', *, *, #7926, .T.);
#7930 = ORIENTED_EDGE('', *, *, #7927, .T.);
#7931 = ORIENTED_EDGE('', *, *, #7928, .T.);
#7932 = EDGE_LOOP('', (#7929, #7930, #7931));
#7933 = FACE_BOUND('', #7932, .T.);

/* ==== Hole 466 (row 15, col 15) CW ==== */
#7934 = CARTESIAN_POINT('', (50.000, 50.000, 0.0));
#7935 = CARTESIAN_POINT('', (50.000, 53.000, 0.0));
#7936 = CARTESIAN_POINT('', (53.000, 51.500, 0.0));
#7937 = VERTEX_POINT('', #7934);
#7938 = VERTEX_POINT('', #7935);
#7939 = VERTEX_POINT('', #7936);
#7940 = LINE('', #7934, #6);
#7941 = LINE('', #7935, #6);
#7942 = LINE('', #7936, #6);
#7943 = EDGE_CURVE('', #7937, #7938, #7940, .T.);
#7944 = EDGE_CURVE('', #7938, #7939, #7941, .T.);
#7945 = EDGE_CURVE('', #7939, #7937, #7942, .T.);
#7946 = ORIENTED_EDGE('', *, *, #7943, .T.);
#7947 = ORIENTED_EDGE('', *, *, #7944, .T.);
#7948 = ORIENTED_EDGE('', *, *, #7945, .T.);
#7949 = EDGE_LOOP('', (#7946, #7947, #7948));
#7950 = FACE_BOUND('', #7949, .T.);

/* ==== Hole 467 (row 15, col 16) CW ==== */
#7951 = CARTESIAN_POINT('', (53.000, 50.000, 0.0));
#7952 = CARTESIAN_POINT('', (53.000, 53.000, 0.0));
#7953 = CARTESIAN_POINT('', (56.000, 51.500, 0.0));
#7954 = VERTEX_POINT('', #7951);
#7955 = VERTEX_POINT('', #7952);
#7956 = VERTEX_POINT('', #7953);
#7957 = LINE('', #7951, #6);
#7958 = LINE('', #7952, #6);
#7959 = LINE('', #7953, #6);
#7960 = EDGE_CURVE('', #7954, #7955, #7957, .T.);
#7961 = EDGE_CURVE('', #7955, #7956, #7958, .T.);
#7962 = EDGE_CURVE('', #7956, #7954, #7959, .T.);
#7963 = ORIENTED_EDGE('', *, *, #7960, .T.);
#7964 = ORIENTED_EDGE('', *, *, #7961, .T.);
#7965 = ORIENTED_EDGE('', *, *, #7962, .T.);
#7966 = EDGE_LOOP('', (#7963, #7964, #7965));
#7967 = FACE_BOUND('', #7966, .T.);

/* ==== Hole 468 (row 15, col 17) CW ==== */
#7968 = CARTESIAN_POINT('', (56.000, 50.000, 0.0));
#7969 = CARTESIAN_POINT('', (56.000, 53.000, 0.0));
#7970 = CARTESIAN_POINT('', (59.000, 51.500, 0.0));
#7971 = VERTEX_POINT('', #7968);
#7972 = VERTEX_POINT('', #7969);
#7973 = VERTEX_POINT('', #7970);
#7974 = LINE('', #7968, #6);
#7975 = LINE('', #7969, #6);
#7976 = LINE('', #7970, #6);
#7977 = EDGE_CURVE('', #7971, #7972, #7974, .T.);
#7978 = EDGE_CURVE('', #7972, #7973, #7975, .T.);
#7979 = EDGE_CURVE('', #7973, #7971, #7976, .T.);
#7980 = ORIENTED_EDGE('', *, *, #7977, .T.);
#7981 = ORIENTED_EDGE('', *, *, #7978, .T.);
#7982 = ORIENTED_EDGE('', *, *, #7979, .T.);
#7983 = EDGE_LOOP('', (#7980, #7981, #7982));
#7984 = FACE_BOUND('', #7983, .T.);

/* ==== Hole 469 (row 15, col 18) CW ==== */
#7985 = CARTESIAN_POINT('', (59.000, 50.000, 0.0));
#7986 = CARTESIAN_POINT('', (59.000, 53.000, 0.0));
#7987 = CARTESIAN_POINT('', (62.000, 51.500, 0.0));
#7988 = VERTEX_POINT('', #7985);
#7989 = VERTEX_POINT('', #7986);
#7990 = VERTEX_POINT('', #7987);
#7991 = LINE('', #7985, #6);
#7992 = LINE('', #7986, #6);
#7993 = LINE('', #7987, #6);
#7994 = EDGE_CURVE('', #7988, #7989, #7991, .T.);
#7995 = EDGE_CURVE('', #7989, #7990, #7992, .T.);
#7996 = EDGE_CURVE('', #7990, #7988, #7993, .T.);
#7997 = ORIENTED_EDGE('', *, *, #7994, .T.);
#7998 = ORIENTED_EDGE('', *, *, #7995, .T.);
#7999 = ORIENTED_EDGE('', *, *, #7996, .T.);
#8000 = EDGE_LOOP('', (#7997, #7998, #7999));
#8001 = FACE_BOUND('', #8000, .T.);

/* ==== Hole 470 (row 15, col 19) CW ==== */
#8002 = CARTESIAN_POINT('', (62.000, 50.000, 0.0));
#8003 = CARTESIAN_POINT('', (62.000, 53.000, 0.0));
#8004 = CARTESIAN_POINT('', (65.000, 51.500, 0.0));
#8005 = VERTEX_POINT('', #8002);
#8006 = VERTEX_POINT('', #8003);
#8007 = VERTEX_POINT('', #8004);
#8008 = LINE('', #8002, #6);
#8009 = LINE('', #8003, #6);
#8010 = LINE('', #8004, #6);
#8011 = EDGE_CURVE('', #8005, #8006, #8008, .T.);
#8012 = EDGE_CURVE('', #8006, #8007, #8009, .T.);
#8013 = EDGE_CURVE('', #8007, #8005, #8010, .T.);
#8014 = ORIENTED_EDGE('', *, *, #8011, .T.);
#8015 = ORIENTED_EDGE('', *, *, #8012, .T.);
#8016 = ORIENTED_EDGE('', *, *, #8013, .T.);
#8017 = EDGE_LOOP('', (#8014, #8015, #8016));
#8018 = FACE_BOUND('', #8017, .T.);

/* ==== Hole 471 (row 15, col 20) CW ==== */
#8019 = CARTESIAN_POINT('', (65.000, 50.000, 0.0));
#8020 = CARTESIAN_POINT('', (65.000, 53.000, 0.0));
#8021 = CARTESIAN_POINT('', (68.000, 51.500, 0.0));
#8022 = VERTEX_POINT('', #8019);
#8023 = VERTEX_POINT('', #8020);
#8024 = VERTEX_POINT('', #8021);
#8025 = LINE('', #8019, #6);
#8026 = LINE('', #8020, #6);
#8027 = LINE('', #8021, #6);
#8028 = EDGE_CURVE('', #8022, #8023, #8025, .T.);
#8029 = EDGE_CURVE('', #8023, #8024, #8026, .T.);
#8030 = EDGE_CURVE('', #8024, #8022, #8027, .T.);
#8031 = ORIENTED_EDGE('', *, *, #8028, .T.);
#8032 = ORIENTED_EDGE('', *, *, #8029, .T.);
#8033 = ORIENTED_EDGE('', *, *, #8030, .T.);
#8034 = EDGE_LOOP('', (#8031, #8032, #8033));
#8035 = FACE_BOUND('', #8034, .T.);

/* ==== Hole 472 (row 15, col 21) CW ==== */
#8036 = CARTESIAN_POINT('', (68.000, 50.000, 0.0));
#8037 = CARTESIAN_POINT('', (68.000, 53.000, 0.0));
#8038 = CARTESIAN_POINT('', (71.000, 51.500, 0.0));
#8039 = VERTEX_POINT('', #8036);
#8040 = VERTEX_POINT('', #8037);
#8041 = VERTEX_POINT('', #8038);
#8042 = LINE('', #8036, #6);
#8043 = LINE('', #8037, #6);
#8044 = LINE('', #8038, #6);
#8045 = EDGE_CURVE('', #8039, #8040, #8042, .T.);
#8046 = EDGE_CURVE('', #8040, #8041, #8043, .T.);
#8047 = EDGE_CURVE('', #8041, #8039, #8044, .T.);
#8048 = ORIENTED_EDGE('', *, *, #8045, .T.);
#8049 = ORIENTED_EDGE('', *, *, #8046, .T.);
#8050 = ORIENTED_EDGE('', *, *, #8047, .T.);
#8051 = EDGE_LOOP('', (#8048, #8049, #8050));
#8052 = FACE_BOUND('', #8051, .T.);

/* ==== Hole 473 (row 15, col 22) CW ==== */
#8053 = CARTESIAN_POINT('', (71.000, 50.000, 0.0));
#8054 = CARTESIAN_POINT('', (71.000, 53.000, 0.0));
#8055 = CARTESIAN_POINT('', (74.000, 51.500, 0.0));
#8056 = VERTEX_POINT('', #8053);
#8057 = VERTEX_POINT('', #8054);
#8058 = VERTEX_POINT('', #8055);
#8059 = LINE('', #8053, #6);
#8060 = LINE('', #8054, #6);
#8061 = LINE('', #8055, #6);
#8062 = EDGE_CURVE('', #8056, #8057, #8059, .T.);
#8063 = EDGE_CURVE('', #8057, #8058, #8060, .T.);
#8064 = EDGE_CURVE('', #8058, #8056, #8061, .T.);
#8065 = ORIENTED_EDGE('', *, *, #8062, .T.);
#8066 = ORIENTED_EDGE('', *, *, #8063, .T.);
#8067 = ORIENTED_EDGE('', *, *, #8064, .T.);
#8068 = EDGE_LOOP('', (#8065, #8066, #8067));
#8069 = FACE_BOUND('', #8068, .T.);

/* ==== Hole 474 (row 15, col 23) CW ==== */
#8070 = CARTESIAN_POINT('', (74.000, 50.000, 0.0));
#8071 = CARTESIAN_POINT('', (74.000, 53.000, 0.0));
#8072 = CARTESIAN_POINT('', (77.000, 51.500, 0.0));
#8073 = VERTEX_POINT('', #8070);
#8074 = VERTEX_POINT('', #8071);
#8075 = VERTEX_POINT('', #8072);
#8076 = LINE('', #8070, #6);
#8077 = LINE('', #8071, #6);
#8078 = LINE('', #8072, #6);
#8079 = EDGE_CURVE('', #8073, #8074, #8076, .T.);
#8080 = EDGE_CURVE('', #8074, #8075, #8077, .T.);
#8081 = EDGE_CURVE('', #8075, #8073, #8078, .T.);
#8082 = ORIENTED_EDGE('', *, *, #8079, .T.);
#8083 = ORIENTED_EDGE('', *, *, #8080, .T.);
#8084 = ORIENTED_EDGE('', *, *, #8081, .T.);
#8085 = EDGE_LOOP('', (#8082, #8083, #8084));
#8086 = FACE_BOUND('', #8085, .T.);

/* ==== Hole 475 (row 15, col 24) CW ==== */
#8087 = CARTESIAN_POINT('', (77.000, 50.000, 0.0));
#8088 = CARTESIAN_POINT('', (77.000, 53.000, 0.0));
#8089 = CARTESIAN_POINT('', (80.000, 51.500, 0.0));
#8090 = VERTEX_POINT('', #8087);
#8091 = VERTEX_POINT('', #8088);
#8092 = VERTEX_POINT('', #8089);
#8093 = LINE('', #8087, #6);
#8094 = LINE('', #8088, #6);
#8095 = LINE('', #8089, #6);
#8096 = EDGE_CURVE('', #8090, #8091, #8093, .T.);
#8097 = EDGE_CURVE('', #8091, #8092, #8094, .T.);
#8098 = EDGE_CURVE('', #8092, #8090, #8095, .T.);
#8099 = ORIENTED_EDGE('', *, *, #8096, .T.);
#8100 = ORIENTED_EDGE('', *, *, #8097, .T.);
#8101 = ORIENTED_EDGE('', *, *, #8098, .T.);
#8102 = EDGE_LOOP('', (#8099, #8100, #8101));
#8103 = FACE_BOUND('', #8102, .T.);

/* ==== Hole 476 (row 15, col 25) CW ==== */
#8104 = CARTESIAN_POINT('', (80.000, 50.000, 0.0));
#8105 = CARTESIAN_POINT('', (80.000, 53.000, 0.0));
#8106 = CARTESIAN_POINT('', (83.000, 51.500, 0.0));
#8107 = VERTEX_POINT('', #8104);
#8108 = VERTEX_POINT('', #8105);
#8109 = VERTEX_POINT('', #8106);
#8110 = LINE('', #8104, #6);
#8111 = LINE('', #8105, #6);
#8112 = LINE('', #8106, #6);
#8113 = EDGE_CURVE('', #8107, #8108, #8110, .T.);
#8114 = EDGE_CURVE('', #8108, #8109, #8111, .T.);
#8115 = EDGE_CURVE('', #8109, #8107, #8112, .T.);
#8116 = ORIENTED_EDGE('', *, *, #8113, .T.);
#8117 = ORIENTED_EDGE('', *, *, #8114, .T.);
#8118 = ORIENTED_EDGE('', *, *, #8115, .T.);
#8119 = EDGE_LOOP('', (#8116, #8117, #8118));
#8120 = FACE_BOUND('', #8119, .T.);

/* ==== Hole 477 (row 15, col 26) CW ==== */
#8121 = CARTESIAN_POINT('', (83.000, 50.000, 0.0));
#8122 = CARTESIAN_POINT('', (83.000, 53.000, 0.0));
#8123 = CARTESIAN_POINT('', (86.000, 51.500, 0.0));
#8124 = VERTEX_POINT('', #8121);
#8125 = VERTEX_POINT('', #8122);
#8126 = VERTEX_POINT('', #8123);
#8127 = LINE('', #8121, #6);
#8128 = LINE('', #8122, #6);
#8129 = LINE('', #8123, #6);
#8130 = EDGE_CURVE('', #8124, #8125, #8127, .T.);
#8131 = EDGE_CURVE('', #8125, #8126, #8128, .T.);
#8132 = EDGE_CURVE('', #8126, #8124, #8129, .T.);
#8133 = ORIENTED_EDGE('', *, *, #8130, .T.);
#8134 = ORIENTED_EDGE('', *, *, #8131, .T.);
#8135 = ORIENTED_EDGE('', *, *, #8132, .T.);
#8136 = EDGE_LOOP('', (#8133, #8134, #8135));
#8137 = FACE_BOUND('', #8136, .T.);

/* ==== Hole 478 (row 15, col 27) CW ==== */
#8138 = CARTESIAN_POINT('', (86.000, 50.000, 0.0));
#8139 = CARTESIAN_POINT('', (86.000, 53.000, 0.0));
#8140 = CARTESIAN_POINT('', (89.000, 51.500, 0.0));
#8141 = VERTEX_POINT('', #8138);
#8142 = VERTEX_POINT('', #8139);
#8143 = VERTEX_POINT('', #8140);
#8144 = LINE('', #8138, #6);
#8145 = LINE('', #8139, #6);
#8146 = LINE('', #8140, #6);
#8147 = EDGE_CURVE('', #8141, #8142, #8144, .T.);
#8148 = EDGE_CURVE('', #8142, #8143, #8145, .T.);
#8149 = EDGE_CURVE('', #8143, #8141, #8146, .T.);
#8150 = ORIENTED_EDGE('', *, *, #8147, .T.);
#8151 = ORIENTED_EDGE('', *, *, #8148, .T.);
#8152 = ORIENTED_EDGE('', *, *, #8149, .T.);
#8153 = EDGE_LOOP('', (#8150, #8151, #8152));
#8154 = FACE_BOUND('', #8153, .T.);

/* ==== Hole 479 (row 15, col 28) CW ==== */
#8155 = CARTESIAN_POINT('', (89.000, 50.000, 0.0));
#8156 = CARTESIAN_POINT('', (89.000, 53.000, 0.0));
#8157 = CARTESIAN_POINT('', (92.000, 51.500, 0.0));
#8158 = VERTEX_POINT('', #8155);
#8159 = VERTEX_POINT('', #8156);
#8160 = VERTEX_POINT('', #8157);
#8161 = LINE('', #8155, #6);
#8162 = LINE('', #8156, #6);
#8163 = LINE('', #8157, #6);
#8164 = EDGE_CURVE('', #8158, #8159, #8161, .T.);
#8165 = EDGE_CURVE('', #8159, #8160, #8162, .T.);
#8166 = EDGE_CURVE('', #8160, #8158, #8163, .T.);
#8167 = ORIENTED_EDGE('', *, *, #8164, .T.);
#8168 = ORIENTED_EDGE('', *, *, #8165, .T.);
#8169 = ORIENTED_EDGE('', *, *, #8166, .T.);
#8170 = EDGE_LOOP('', (#8167, #8168, #8169));
#8171 = FACE_BOUND('', #8170, .T.);

/* ==== Hole 480 (row 15, col 29) CW ==== */
#8172 = CARTESIAN_POINT('', (92.000, 50.000, 0.0));
#8173 = CARTESIAN_POINT('', (92.000, 53.000, 0.0));
#8174 = CARTESIAN_POINT('', (95.000, 51.500, 0.0));
#8175 = VERTEX_POINT('', #8172);
#8176 = VERTEX_POINT('', #8173);
#8177 = VERTEX_POINT('', #8174);
#8178 = LINE('', #8172, #6);
#8179 = LINE('', #8173, #6);
#8180 = LINE('', #8174, #6);
#8181 = EDGE_CURVE('', #8175, #8176, #8178, .T.);
#8182 = EDGE_CURVE('', #8176, #8177, #8179, .T.);
#8183 = EDGE_CURVE('', #8177, #8175, #8180, .T.);
#8184 = ORIENTED_EDGE('', *, *, #8181, .T.);
#8185 = ORIENTED_EDGE('', *, *, #8182, .T.);
#8186 = ORIENTED_EDGE('', *, *, #8183, .T.);
#8187 = EDGE_LOOP('', (#8184, #8185, #8186));
#8188 = FACE_BOUND('', #8187, .T.);

/* ==== Hole 481 (row 16, col 0) CW ==== */
#8189 = CARTESIAN_POINT('', (5.000, 53.000, 0.0));
#8190 = CARTESIAN_POINT('', (5.000, 56.000, 0.0));
#8191 = CARTESIAN_POINT('', (8.000, 54.500, 0.0));
#8192 = VERTEX_POINT('', #8189);
#8193 = VERTEX_POINT('', #8190);
#8194 = VERTEX_POINT('', #8191);
#8195 = LINE('', #8189, #6);
#8196 = LINE('', #8190, #6);
#8197 = LINE('', #8191, #6);
#8198 = EDGE_CURVE('', #8192, #8193, #8195, .T.);
#8199 = EDGE_CURVE('', #8193, #8194, #8196, .T.);
#8200 = EDGE_CURVE('', #8194, #8192, #8197, .T.);
#8201 = ORIENTED_EDGE('', *, *, #8198, .T.);
#8202 = ORIENTED_EDGE('', *, *, #8199, .T.);
#8203 = ORIENTED_EDGE('', *, *, #8200, .T.);
#8204 = EDGE_LOOP('', (#8201, #8202, #8203));
#8205 = FACE_BOUND('', #8204, .T.);

/* ==== Hole 482 (row 16, col 1) CW ==== */
#8206 = CARTESIAN_POINT('', (8.000, 53.000, 0.0));
#8207 = CARTESIAN_POINT('', (8.000, 56.000, 0.0));
#8208 = CARTESIAN_POINT('', (11.000, 54.500, 0.0));
#8209 = VERTEX_POINT('', #8206);
#8210 = VERTEX_POINT('', #8207);
#8211 = VERTEX_POINT('', #8208);
#8212 = LINE('', #8206, #6);
#8213 = LINE('', #8207, #6);
#8214 = LINE('', #8208, #6);
#8215 = EDGE_CURVE('', #8209, #8210, #8212, .T.);
#8216 = EDGE_CURVE('', #8210, #8211, #8213, .T.);
#8217 = EDGE_CURVE('', #8211, #8209, #8214, .T.);
#8218 = ORIENTED_EDGE('', *, *, #8215, .T.);
#8219 = ORIENTED_EDGE('', *, *, #8216, .T.);
#8220 = ORIENTED_EDGE('', *, *, #8217, .T.);
#8221 = EDGE_LOOP('', (#8218, #8219, #8220));
#8222 = FACE_BOUND('', #8221, .T.);

/* ==== Hole 483 (row 16, col 2) CW ==== */
#8223 = CARTESIAN_POINT('', (11.000, 53.000, 0.0));
#8224 = CARTESIAN_POINT('', (11.000, 56.000, 0.0));
#8225 = CARTESIAN_POINT('', (14.000, 54.500, 0.0));
#8226 = VERTEX_POINT('', #8223);
#8227 = VERTEX_POINT('', #8224);
#8228 = VERTEX_POINT('', #8225);
#8229 = LINE('', #8223, #6);
#8230 = LINE('', #8224, #6);
#8231 = LINE('', #8225, #6);
#8232 = EDGE_CURVE('', #8226, #8227, #8229, .T.);
#8233 = EDGE_CURVE('', #8227, #8228, #8230, .T.);
#8234 = EDGE_CURVE('', #8228, #8226, #8231, .T.);
#8235 = ORIENTED_EDGE('', *, *, #8232, .T.);
#8236 = ORIENTED_EDGE('', *, *, #8233, .T.);
#8237 = ORIENTED_EDGE('', *, *, #8234, .T.);
#8238 = EDGE_LOOP('', (#8235, #8236, #8237));
#8239 = FACE_BOUND('', #8238, .T.);

/* ==== Hole 484 (row 16, col 3) CW ==== */
#8240 = CARTESIAN_POINT('', (14.000, 53.000, 0.0));
#8241 = CARTESIAN_POINT('', (14.000, 56.000, 0.0));
#8242 = CARTESIAN_POINT('', (17.000, 54.500, 0.0));
#8243 = VERTEX_POINT('', #8240);
#8244 = VERTEX_POINT('', #8241);
#8245 = VERTEX_POINT('', #8242);
#8246 = LINE('', #8240, #6);
#8247 = LINE('', #8241, #6);
#8248 = LINE('', #8242, #6);
#8249 = EDGE_CURVE('', #8243, #8244, #8246, .T.);
#8250 = EDGE_CURVE('', #8244, #8245, #8247, .T.);
#8251 = EDGE_CURVE('', #8245, #8243, #8248, .T.);
#8252 = ORIENTED_EDGE('', *, *, #8249, .T.);
#8253 = ORIENTED_EDGE('', *, *, #8250, .T.);
#8254 = ORIENTED_EDGE('', *, *, #8251, .T.);
#8255 = EDGE_LOOP('', (#8252, #8253, #8254));
#8256 = FACE_BOUND('', #8255, .T.);

/* ==== Hole 485 (row 16, col 4) CW ==== */
#8257 = CARTESIAN_POINT('', (17.000, 53.000, 0.0));
#8258 = CARTESIAN_POINT('', (17.000, 56.000, 0.0));
#8259 = CARTESIAN_POINT('', (20.000, 54.500, 0.0));
#8260 = VERTEX_POINT('', #8257);
#8261 = VERTEX_POINT('', #8258);
#8262 = VERTEX_POINT('', #8259);
#8263 = LINE('', #8257, #6);
#8264 = LINE('', #8258, #6);
#8265 = LINE('', #8259, #6);
#8266 = EDGE_CURVE('', #8260, #8261, #8263, .T.);
#8267 = EDGE_CURVE('', #8261, #8262, #8264, .T.);
#8268 = EDGE_CURVE('', #8262, #8260, #8265, .T.);
#8269 = ORIENTED_EDGE('', *, *, #8266, .T.);
#8270 = ORIENTED_EDGE('', *, *, #8267, .T.);
#8271 = ORIENTED_EDGE('', *, *, #8268, .T.);
#8272 = EDGE_LOOP('', (#8269, #8270, #8271));
#8273 = FACE_BOUND('', #8272, .T.);

/* ==== Hole 486 (row 16, col 5) CW ==== */
#8274 = CARTESIAN_POINT('', (20.000, 53.000, 0.0));
#8275 = CARTESIAN_POINT('', (20.000, 56.000, 0.0));
#8276 = CARTESIAN_POINT('', (23.000, 54.500, 0.0));
#8277 = VERTEX_POINT('', #8274);
#8278 = VERTEX_POINT('', #8275);
#8279 = VERTEX_POINT('', #8276);
#8280 = LINE('', #8274, #6);
#8281 = LINE('', #8275, #6);
#8282 = LINE('', #8276, #6);
#8283 = EDGE_CURVE('', #8277, #8278, #8280, .T.);
#8284 = EDGE_CURVE('', #8278, #8279, #8281, .T.);
#8285 = EDGE_CURVE('', #8279, #8277, #8282, .T.);
#8286 = ORIENTED_EDGE('', *, *, #8283, .T.);
#8287 = ORIENTED_EDGE('', *, *, #8284, .T.);
#8288 = ORIENTED_EDGE('', *, *, #8285, .T.);
#8289 = EDGE_LOOP('', (#8286, #8287, #8288));
#8290 = FACE_BOUND('', #8289, .T.);

/* ==== Hole 487 (row 16, col 6) CW ==== */
#8291 = CARTESIAN_POINT('', (23.000, 53.000, 0.0));
#8292 = CARTESIAN_POINT('', (23.000, 56.000, 0.0));
#8293 = CARTESIAN_POINT('', (26.000, 54.500, 0.0));
#8294 = VERTEX_POINT('', #8291);
#8295 = VERTEX_POINT('', #8292);
#8296 = VERTEX_POINT('', #8293);
#8297 = LINE('', #8291, #6);
#8298 = LINE('', #8292, #6);
#8299 = LINE('', #8293, #6);
#8300 = EDGE_CURVE('', #8294, #8295, #8297, .T.);
#8301 = EDGE_CURVE('', #8295, #8296, #8298, .T.);
#8302 = EDGE_CURVE('', #8296, #8294, #8299, .T.);
#8303 = ORIENTED_EDGE('', *, *, #8300, .T.);
#8304 = ORIENTED_EDGE('', *, *, #8301, .T.);
#8305 = ORIENTED_EDGE('', *, *, #8302, .T.);
#8306 = EDGE_LOOP('', (#8303, #8304, #8305));
#8307 = FACE_BOUND('', #8306, .T.);

/* ==== Hole 488 (row 16, col 7) CW ==== */
#8308 = CARTESIAN_POINT('', (26.000, 53.000, 0.0));
#8309 = CARTESIAN_POINT('', (26.000, 56.000, 0.0));
#8310 = CARTESIAN_POINT('', (29.000, 54.500, 0.0));
#8311 = VERTEX_POINT('', #8308);
#8312 = VERTEX_POINT('', #8309);
#8313 = VERTEX_POINT('', #8310);
#8314 = LINE('', #8308, #6);
#8315 = LINE('', #8309, #6);
#8316 = LINE('', #8310, #6);
#8317 = EDGE_CURVE('', #8311, #8312, #8314, .T.);
#8318 = EDGE_CURVE('', #8312, #8313, #8315, .T.);
#8319 = EDGE_CURVE('', #8313, #8311, #8316, .T.);
#8320 = ORIENTED_EDGE('', *, *, #8317, .T.);
#8321 = ORIENTED_EDGE('', *, *, #8318, .T.);
#8322 = ORIENTED_EDGE('', *, *, #8319, .T.);
#8323 = EDGE_LOOP('', (#8320, #8321, #8322));
#8324 = FACE_BOUND('', #8323, .T.);

/* ==== Hole 489 (row 16, col 8) CW ==== */
#8325 = CARTESIAN_POINT('', (29.000, 53.000, 0.0));
#8326 = CARTESIAN_POINT('', (29.000, 56.000, 0.0));
#8327 = CARTESIAN_POINT('', (32.000, 54.500, 0.0));
#8328 = VERTEX_POINT('', #8325);
#8329 = VERTEX_POINT('', #8326);
#8330 = VERTEX_POINT('', #8327);
#8331 = LINE('', #8325, #6);
#8332 = LINE('', #8326, #6);
#8333 = LINE('', #8327, #6);
#8334 = EDGE_CURVE('', #8328, #8329, #8331, .T.);
#8335 = EDGE_CURVE('', #8329, #8330, #8332, .T.);
#8336 = EDGE_CURVE('', #8330, #8328, #8333, .T.);
#8337 = ORIENTED_EDGE('', *, *, #8334, .T.);
#8338 = ORIENTED_EDGE('', *, *, #8335, .T.);
#8339 = ORIENTED_EDGE('', *, *, #8336, .T.);
#8340 = EDGE_LOOP('', (#8337, #8338, #8339));
#8341 = FACE_BOUND('', #8340, .T.);

/* ==== Hole 490 (row 16, col 9) CW ==== */
#8342 = CARTESIAN_POINT('', (32.000, 53.000, 0.0));
#8343 = CARTESIAN_POINT('', (32.000, 56.000, 0.0));
#8344 = CARTESIAN_POINT('', (35.000, 54.500, 0.0));
#8345 = VERTEX_POINT('', #8342);
#8346 = VERTEX_POINT('', #8343);
#8347 = VERTEX_POINT('', #8344);
#8348 = LINE('', #8342, #6);
#8349 = LINE('', #8343, #6);
#8350 = LINE('', #8344, #6);
#8351 = EDGE_CURVE('', #8345, #8346, #8348, .T.);
#8352 = EDGE_CURVE('', #8346, #8347, #8349, .T.);
#8353 = EDGE_CURVE('', #8347, #8345, #8350, .T.);
#8354 = ORIENTED_EDGE('', *, *, #8351, .T.);
#8355 = ORIENTED_EDGE('', *, *, #8352, .T.);
#8356 = ORIENTED_EDGE('', *, *, #8353, .T.);
#8357 = EDGE_LOOP('', (#8354, #8355, #8356));
#8358 = FACE_BOUND('', #8357, .T.);

/* ==== Hole 491 (row 16, col 10) CW ==== */
#8359 = CARTESIAN_POINT('', (35.000, 53.000, 0.0));
#8360 = CARTESIAN_POINT('', (35.000, 56.000, 0.0));
#8361 = CARTESIAN_POINT('', (38.000, 54.500, 0.0));
#8362 = VERTEX_POINT('', #8359);
#8363 = VERTEX_POINT('', #8360);
#8364 = VERTEX_POINT('', #8361);
#8365 = LINE('', #8359, #6);
#8366 = LINE('', #8360, #6);
#8367 = LINE('', #8361, #6);
#8368 = EDGE_CURVE('', #8362, #8363, #8365, .T.);
#8369 = EDGE_CURVE('', #8363, #8364, #8366, .T.);
#8370 = EDGE_CURVE('', #8364, #8362, #8367, .T.);
#8371 = ORIENTED_EDGE('', *, *, #8368, .T.);
#8372 = ORIENTED_EDGE('', *, *, #8369, .T.);
#8373 = ORIENTED_EDGE('', *, *, #8370, .T.);
#8374 = EDGE_LOOP('', (#8371, #8372, #8373));
#8375 = FACE_BOUND('', #8374, .T.);

/* ==== Hole 492 (row 16, col 11) CW ==== */
#8376 = CARTESIAN_POINT('', (38.000, 53.000, 0.0));
#8377 = CARTESIAN_POINT('', (38.000, 56.000, 0.0));
#8378 = CARTESIAN_POINT('', (41.000, 54.500, 0.0));
#8379 = VERTEX_POINT('', #8376);
#8380 = VERTEX_POINT('', #8377);
#8381 = VERTEX_POINT('', #8378);
#8382 = LINE('', #8376, #6);
#8383 = LINE('', #8377, #6);
#8384 = LINE('', #8378, #6);
#8385 = EDGE_CURVE('', #8379, #8380, #8382, .T.);
#8386 = EDGE_CURVE('', #8380, #8381, #8383, .T.);
#8387 = EDGE_CURVE('', #8381, #8379, #8384, .T.);
#8388 = ORIENTED_EDGE('', *, *, #8385, .T.);
#8389 = ORIENTED_EDGE('', *, *, #8386, .T.);
#8390 = ORIENTED_EDGE('', *, *, #8387, .T.);
#8391 = EDGE_LOOP('', (#8388, #8389, #8390));
#8392 = FACE_BOUND('', #8391, .T.);

/* ==== Hole 493 (row 16, col 12) CW ==== */
#8393 = CARTESIAN_POINT('', (41.000, 53.000, 0.0));
#8394 = CARTESIAN_POINT('', (41.000, 56.000, 0.0));
#8395 = CARTESIAN_POINT('', (44.000, 54.500, 0.0));
#8396 = VERTEX_POINT('', #8393);
#8397 = VERTEX_POINT('', #8394);
#8398 = VERTEX_POINT('', #8395);
#8399 = LINE('', #8393, #6);
#8400 = LINE('', #8394, #6);
#8401 = LINE('', #8395, #6);
#8402 = EDGE_CURVE('', #8396, #8397, #8399, .T.);
#8403 = EDGE_CURVE('', #8397, #8398, #8400, .T.);
#8404 = EDGE_CURVE('', #8398, #8396, #8401, .T.);
#8405 = ORIENTED_EDGE('', *, *, #8402, .T.);
#8406 = ORIENTED_EDGE('', *, *, #8403, .T.);
#8407 = ORIENTED_EDGE('', *, *, #8404, .T.);
#8408 = EDGE_LOOP('', (#8405, #8406, #8407));
#8409 = FACE_BOUND('', #8408, .T.);

/* ==== Hole 494 (row 16, col 13) CW ==== */
#8410 = CARTESIAN_POINT('', (44.000, 53.000, 0.0));
#8411 = CARTESIAN_POINT('', (44.000, 56.000, 0.0));
#8412 = CARTESIAN_POINT('', (47.000, 54.500, 0.0));
#8413 = VERTEX_POINT('', #8410);
#8414 = VERTEX_POINT('', #8411);
#8415 = VERTEX_POINT('', #8412);
#8416 = LINE('', #8410, #6);
#8417 = LINE('', #8411, #6);
#8418 = LINE('', #8412, #6);
#8419 = EDGE_CURVE('', #8413, #8414, #8416, .T.);
#8420 = EDGE_CURVE('', #8414, #8415, #8417, .T.);
#8421 = EDGE_CURVE('', #8415, #8413, #8418, .T.);
#8422 = ORIENTED_EDGE('', *, *, #8419, .T.);
#8423 = ORIENTED_EDGE('', *, *, #8420, .T.);
#8424 = ORIENTED_EDGE('', *, *, #8421, .T.);
#8425 = EDGE_LOOP('', (#8422, #8423, #8424));
#8426 = FACE_BOUND('', #8425, .T.);

/* ==== Hole 495 (row 16, col 14) CW ==== */
#8427 = CARTESIAN_POINT('', (47.000, 53.000, 0.0));
#8428 = CARTESIAN_POINT('', (47.000, 56.000, 0.0));
#8429 = CARTESIAN_POINT('', (50.000, 54.500, 0.0));
#8430 = VERTEX_POINT('', #8427);
#8431 = VERTEX_POINT('', #8428);
#8432 = VERTEX_POINT('', #8429);
#8433 = LINE('', #8427, #6);
#8434 = LINE('', #8428, #6);
#8435 = LINE('', #8429, #6);
#8436 = EDGE_CURVE('', #8430, #8431, #8433, .T.);
#8437 = EDGE_CURVE('', #8431, #8432, #8434, .T.);
#8438 = EDGE_CURVE('', #8432, #8430, #8435, .T.);
#8439 = ORIENTED_EDGE('', *, *, #8436, .T.);
#8440 = ORIENTED_EDGE('', *, *, #8437, .T.);
#8441 = ORIENTED_EDGE('', *, *, #8438, .T.);
#8442 = EDGE_LOOP('', (#8439, #8440, #8441));
#8443 = FACE_BOUND('', #8442, .T.);

/* ==== Hole 496 (row 16, col 15) CW ==== */
#8444 = CARTESIAN_POINT('', (50.000, 53.000, 0.0));
#8445 = CARTESIAN_POINT('', (50.000, 56.000, 0.0));
#8446 = CARTESIAN_POINT('', (53.000, 54.500, 0.0));
#8447 = VERTEX_POINT('', #8444);
#8448 = VERTEX_POINT('', #8445);
#8449 = VERTEX_POINT('', #8446);
#8450 = LINE('', #8444, #6);
#8451 = LINE('', #8445, #6);
#8452 = LINE('', #8446, #6);
#8453 = EDGE_CURVE('', #8447, #8448, #8450, .T.);
#8454 = EDGE_CURVE('', #8448, #8449, #8451, .T.);
#8455 = EDGE_CURVE('', #8449, #8447, #8452, .T.);
#8456 = ORIENTED_EDGE('', *, *, #8453, .T.);
#8457 = ORIENTED_EDGE('', *, *, #8454, .T.);
#8458 = ORIENTED_EDGE('', *, *, #8455, .T.);
#8459 = EDGE_LOOP('', (#8456, #8457, #8458));
#8460 = FACE_BOUND('', #8459, .T.);

/* ==== Hole 497 (row 16, col 16) CW ==== */
#8461 = CARTESIAN_POINT('', (53.000, 53.000, 0.0));
#8462 = CARTESIAN_POINT('', (53.000, 56.000, 0.0));
#8463 = CARTESIAN_POINT('', (56.000, 54.500, 0.0));
#8464 = VERTEX_POINT('', #8461);
#8465 = VERTEX_POINT('', #8462);
#8466 = VERTEX_POINT('', #8463);
#8467 = LINE('', #8461, #6);
#8468 = LINE('', #8462, #6);
#8469 = LINE('', #8463, #6);
#8470 = EDGE_CURVE('', #8464, #8465, #8467, .T.);
#8471 = EDGE_CURVE('', #8465, #8466, #8468, .T.);
#8472 = EDGE_CURVE('', #8466, #8464, #8469, .T.);
#8473 = ORIENTED_EDGE('', *, *, #8470, .T.);
#8474 = ORIENTED_EDGE('', *, *, #8471, .T.);
#8475 = ORIENTED_EDGE('', *, *, #8472, .T.);
#8476 = EDGE_LOOP('', (#8473, #8474, #8475));
#8477 = FACE_BOUND('', #8476, .T.);

/* ==== Hole 498 (row 16, col 17) CW ==== */
#8478 = CARTESIAN_POINT('', (56.000, 53.000, 0.0));
#8479 = CARTESIAN_POINT('', (56.000, 56.000, 0.0));
#8480 = CARTESIAN_POINT('', (59.000, 54.500, 0.0));
#8481 = VERTEX_POINT('', #8478);
#8482 = VERTEX_POINT('', #8479);
#8483 = VERTEX_POINT('', #8480);
#8484 = LINE('', #8478, #6);
#8485 = LINE('', #8479, #6);
#8486 = LINE('', #8480, #6);
#8487 = EDGE_CURVE('', #8481, #8482, #8484, .T.);
#8488 = EDGE_CURVE('', #8482, #8483, #8485, .T.);
#8489 = EDGE_CURVE('', #8483, #8481, #8486, .T.);
#8490 = ORIENTED_EDGE('', *, *, #8487, .T.);
#8491 = ORIENTED_EDGE('', *, *, #8488, .T.);
#8492 = ORIENTED_EDGE('', *, *, #8489, .T.);
#8493 = EDGE_LOOP('', (#8490, #8491, #8492));
#8494 = FACE_BOUND('', #8493, .T.);

/* ==== Hole 499 (row 16, col 18) CW ==== */
#8495 = CARTESIAN_POINT('', (59.000, 53.000, 0.0));
#8496 = CARTESIAN_POINT('', (59.000, 56.000, 0.0));
#8497 = CARTESIAN_POINT('', (62.000, 54.500, 0.0));
#8498 = VERTEX_POINT('', #8495);
#8499 = VERTEX_POINT('', #8496);
#8500 = VERTEX_POINT('', #8497);
#8501 = LINE('', #8495, #6);
#8502 = LINE('', #8496, #6);
#8503 = LINE('', #8497, #6);
#8504 = EDGE_CURVE('', #8498, #8499, #8501, .T.);
#8505 = EDGE_CURVE('', #8499, #8500, #8502, .T.);
#8506 = EDGE_CURVE('', #8500, #8498, #8503, .T.);
#8507 = ORIENTED_EDGE('', *, *, #8504, .T.);
#8508 = ORIENTED_EDGE('', *, *, #8505, .T.);
#8509 = ORIENTED_EDGE('', *, *, #8506, .T.);
#8510 = EDGE_LOOP('', (#8507, #8508, #8509));
#8511 = FACE_BOUND('', #8510, .T.);

/* ==== Hole 500 (row 16, col 19) CW ==== */
#8512 = CARTESIAN_POINT('', (62.000, 53.000, 0.0));
#8513 = CARTESIAN_POINT('', (62.000, 56.000, 0.0));
#8514 = CARTESIAN_POINT('', (65.000, 54.500, 0.0));
#8515 = VERTEX_POINT('', #8512);
#8516 = VERTEX_POINT('', #8513);
#8517 = VERTEX_POINT('', #8514);
#8518 = LINE('', #8512, #6);
#8519 = LINE('', #8513, #6);
#8520 = LINE('', #8514, #6);
#8521 = EDGE_CURVE('', #8515, #8516, #8518, .T.);
#8522 = EDGE_CURVE('', #8516, #8517, #8519, .T.);
#8523 = EDGE_CURVE('', #8517, #8515, #8520, .T.);
#8524 = ORIENTED_EDGE('', *, *, #8521, .T.);
#8525 = ORIENTED_EDGE('', *, *, #8522, .T.);
#8526 = ORIENTED_EDGE('', *, *, #8523, .T.);
#8527 = EDGE_LOOP('', (#8524, #8525, #8526));
#8528 = FACE_BOUND('', #8527, .T.);

/* ==== Hole 501 (row 16, col 20) CW ==== */
#8529 = CARTESIAN_POINT('', (65.000, 53.000, 0.0));
#8530 = CARTESIAN_POINT('', (65.000, 56.000, 0.0));
#8531 = CARTESIAN_POINT('', (68.000, 54.500, 0.0));
#8532 = VERTEX_POINT('', #8529);
#8533 = VERTEX_POINT('', #8530);
#8534 = VERTEX_POINT('', #8531);
#8535 = LINE('', #8529, #6);
#8536 = LINE('', #8530, #6);
#8537 = LINE('', #8531, #6);
#8538 = EDGE_CURVE('', #8532, #8533, #8535, .T.);
#8539 = EDGE_CURVE('', #8533, #8534, #8536, .T.);
#8540 = EDGE_CURVE('', #8534, #8532, #8537, .T.);
#8541 = ORIENTED_EDGE('', *, *, #8538, .T.);
#8542 = ORIENTED_EDGE('', *, *, #8539, .T.);
#8543 = ORIENTED_EDGE('', *, *, #8540, .T.);
#8544 = EDGE_LOOP('', (#8541, #8542, #8543));
#8545 = FACE_BOUND('', #8544, .T.);

/* ==== Hole 502 (row 16, col 21) CW ==== */
#8546 = CARTESIAN_POINT('', (68.000, 53.000, 0.0));
#8547 = CARTESIAN_POINT('', (68.000, 56.000, 0.0));
#8548 = CARTESIAN_POINT('', (71.000, 54.500, 0.0));
#8549 = VERTEX_POINT('', #8546);
#8550 = VERTEX_POINT('', #8547);
#8551 = VERTEX_POINT('', #8548);
#8552 = LINE('', #8546, #6);
#8553 = LINE('', #8547, #6);
#8554 = LINE('', #8548, #6);
#8555 = EDGE_CURVE('', #8549, #8550, #8552, .T.);
#8556 = EDGE_CURVE('', #8550, #8551, #8553, .T.);
#8557 = EDGE_CURVE('', #8551, #8549, #8554, .T.);
#8558 = ORIENTED_EDGE('', *, *, #8555, .T.);
#8559 = ORIENTED_EDGE('', *, *, #8556, .T.);
#8560 = ORIENTED_EDGE('', *, *, #8557, .T.);
#8561 = EDGE_LOOP('', (#8558, #8559, #8560));
#8562 = FACE_BOUND('', #8561, .T.);

/* ==== Hole 503 (row 16, col 22) CW ==== */
#8563 = CARTESIAN_POINT('', (71.000, 53.000, 0.0));
#8564 = CARTESIAN_POINT('', (71.000, 56.000, 0.0));
#8565 = CARTESIAN_POINT('', (74.000, 54.500, 0.0));
#8566 = VERTEX_POINT('', #8563);
#8567 = VERTEX_POINT('', #8564);
#8568 = VERTEX_POINT('', #8565);
#8569 = LINE('', #8563, #6);
#8570 = LINE('', #8564, #6);
#8571 = LINE('', #8565, #6);
#8572 = EDGE_CURVE('', #8566, #8567, #8569, .T.);
#8573 = EDGE_CURVE('', #8567, #8568, #8570, .T.);
#8574 = EDGE_CURVE('', #8568, #8566, #8571, .T.);
#8575 = ORIENTED_EDGE('', *, *, #8572, .T.);
#8576 = ORIENTED_EDGE('', *, *, #8573, .T.);
#8577 = ORIENTED_EDGE('', *, *, #8574, .T.);
#8578 = EDGE_LOOP('', (#8575, #8576, #8577));
#8579 = FACE_BOUND('', #8578, .T.);

/* ==== Hole 504 (row 16, col 23) CW ==== */
#8580 = CARTESIAN_POINT('', (74.000, 53.000, 0.0));
#8581 = CARTESIAN_POINT('', (74.000, 56.000, 0.0));
#8582 = CARTESIAN_POINT('', (77.000, 54.500, 0.0));
#8583 = VERTEX_POINT('', #8580);
#8584 = VERTEX_POINT('', #8581);
#8585 = VERTEX_POINT('', #8582);
#8586 = LINE('', #8580, #6);
#8587 = LINE('', #8581, #6);
#8588 = LINE('', #8582, #6);
#8589 = EDGE_CURVE('', #8583, #8584, #8586, .T.);
#8590 = EDGE_CURVE('', #8584, #8585, #8587, .T.);
#8591 = EDGE_CURVE('', #8585, #8583, #8588, .T.);
#8592 = ORIENTED_EDGE('', *, *, #8589, .T.);
#8593 = ORIENTED_EDGE('', *, *, #8590, .T.);
#8594 = ORIENTED_EDGE('', *, *, #8591, .T.);
#8595 = EDGE_LOOP('', (#8592, #8593, #8594));
#8596 = FACE_BOUND('', #8595, .T.);

/* ==== Hole 505 (row 16, col 24) CW ==== */
#8597 = CARTESIAN_POINT('', (77.000, 53.000, 0.0));
#8598 = CARTESIAN_POINT('', (77.000, 56.000, 0.0));
#8599 = CARTESIAN_POINT('', (80.000, 54.500, 0.0));
#8600 = VERTEX_POINT('', #8597);
#8601 = VERTEX_POINT('', #8598);
#8602 = VERTEX_POINT('', #8599);
#8603 = LINE('', #8597, #6);
#8604 = LINE('', #8598, #6);
#8605 = LINE('', #8599, #6);
#8606 = EDGE_CURVE('', #8600, #8601, #8603, .T.);
#8607 = EDGE_CURVE('', #8601, #8602, #8604, .T.);
#8608 = EDGE_CURVE('', #8602, #8600, #8605, .T.);
#8609 = ORIENTED_EDGE('', *, *, #8606, .T.);
#8610 = ORIENTED_EDGE('', *, *, #8607, .T.);
#8611 = ORIENTED_EDGE('', *, *, #8608, .T.);
#8612 = EDGE_LOOP('', (#8609, #8610, #8611));
#8613 = FACE_BOUND('', #8612, .T.);

/* ==== Hole 506 (row 16, col 25) CW ==== */
#8614 = CARTESIAN_POINT('', (80.000, 53.000, 0.0));
#8615 = CARTESIAN_POINT('', (80.000, 56.000, 0.0));
#8616 = CARTESIAN_POINT('', (83.000, 54.500, 0.0));
#8617 = VERTEX_POINT('', #8614);
#8618 = VERTEX_POINT('', #8615);
#8619 = VERTEX_POINT('', #8616);
#8620 = LINE('', #8614, #6);
#8621 = LINE('', #8615, #6);
#8622 = LINE('', #8616, #6);
#8623 = EDGE_CURVE('', #8617, #8618, #8620, .T.);
#8624 = EDGE_CURVE('', #8618, #8619, #8621, .T.);
#8625 = EDGE_CURVE('', #8619, #8617, #8622, .T.);
#8626 = ORIENTED_EDGE('', *, *, #8623, .T.);
#8627 = ORIENTED_EDGE('', *, *, #8624, .T.);
#8628 = ORIENTED_EDGE('', *, *, #8625, .T.);
#8629 = EDGE_LOOP('', (#8626, #8627, #8628));
#8630 = FACE_BOUND('', #8629, .T.);

/* ==== Hole 507 (row 16, col 26) CW ==== */
#8631 = CARTESIAN_POINT('', (83.000, 53.000, 0.0));
#8632 = CARTESIAN_POINT('', (83.000, 56.000, 0.0));
#8633 = CARTESIAN_POINT('', (86.000, 54.500, 0.0));
#8634 = VERTEX_POINT('', #8631);
#8635 = VERTEX_POINT('', #8632);
#8636 = VERTEX_POINT('', #8633);
#8637 = LINE('', #8631, #6);
#8638 = LINE('', #8632, #6);
#8639 = LINE('', #8633, #6);
#8640 = EDGE_CURVE('', #8634, #8635, #8637, .T.);
#8641 = EDGE_CURVE('', #8635, #8636, #8638, .T.);
#8642 = EDGE_CURVE('', #8636, #8634, #8639, .T.);
#8643 = ORIENTED_EDGE('', *, *, #8640, .T.);
#8644 = ORIENTED_EDGE('', *, *, #8641, .T.);
#8645 = ORIENTED_EDGE('', *, *, #8642, .T.);
#8646 = EDGE_LOOP('', (#8643, #8644, #8645));
#8647 = FACE_BOUND('', #8646, .T.);

/* ==== Hole 508 (row 16, col 27) CW ==== */
#8648 = CARTESIAN_POINT('', (86.000, 53.000, 0.0));
#8649 = CARTESIAN_POINT('', (86.000, 56.000, 0.0));
#8650 = CARTESIAN_POINT('', (89.000, 54.500, 0.0));
#8651 = VERTEX_POINT('', #8648);
#8652 = VERTEX_POINT('', #8649);
#8653 = VERTEX_POINT('', #8650);
#8654 = LINE('', #8648, #6);
#8655 = LINE('', #8649, #6);
#8656 = LINE('', #8650, #6);
#8657 = EDGE_CURVE('', #8651, #8652, #8654, .T.);
#8658 = EDGE_CURVE('', #8652, #8653, #8655, .T.);
#8659 = EDGE_CURVE('', #8653, #8651, #8656, .T.);
#8660 = ORIENTED_EDGE('', *, *, #8657, .T.);
#8661 = ORIENTED_EDGE('', *, *, #8658, .T.);
#8662 = ORIENTED_EDGE('', *, *, #8659, .T.);
#8663 = EDGE_LOOP('', (#8660, #8661, #8662));
#8664 = FACE_BOUND('', #8663, .T.);

/* ==== Hole 509 (row 16, col 28) CW ==== */
#8665 = CARTESIAN_POINT('', (89.000, 53.000, 0.0));
#8666 = CARTESIAN_POINT('', (89.000, 56.000, 0.0));
#8667 = CARTESIAN_POINT('', (92.000, 54.500, 0.0));
#8668 = VERTEX_POINT('', #8665);
#8669 = VERTEX_POINT('', #8666);
#8670 = VERTEX_POINT('', #8667);
#8671 = LINE('', #8665, #6);
#8672 = LINE('', #8666, #6);
#8673 = LINE('', #8667, #6);
#8674 = EDGE_CURVE('', #8668, #8669, #8671, .T.);
#8675 = EDGE_CURVE('', #8669, #8670, #8672, .T.);
#8676 = EDGE_CURVE('', #8670, #8668, #8673, .T.);
#8677 = ORIENTED_EDGE('', *, *, #8674, .T.);
#8678 = ORIENTED_EDGE('', *, *, #8675, .T.);
#8679 = ORIENTED_EDGE('', *, *, #8676, .T.);
#8680 = EDGE_LOOP('', (#8677, #8678, #8679));
#8681 = FACE_BOUND('', #8680, .T.);

/* ==== Hole 510 (row 16, col 29) CW ==== */
#8682 = CARTESIAN_POINT('', (92.000, 53.000, 0.0));
#8683 = CARTESIAN_POINT('', (92.000, 56.000, 0.0));
#8684 = CARTESIAN_POINT('', (95.000, 54.500, 0.0));
#8685 = VERTEX_POINT('', #8682);
#8686 = VERTEX_POINT('', #8683);
#8687 = VERTEX_POINT('', #8684);
#8688 = LINE('', #8682, #6);
#8689 = LINE('', #8683, #6);
#8690 = LINE('', #8684, #6);
#8691 = EDGE_CURVE('', #8685, #8686, #8688, .T.);
#8692 = EDGE_CURVE('', #8686, #8687, #8689, .T.);
#8693 = EDGE_CURVE('', #8687, #8685, #8690, .T.);
#8694 = ORIENTED_EDGE('', *, *, #8691, .T.);
#8695 = ORIENTED_EDGE('', *, *, #8692, .T.);
#8696 = ORIENTED_EDGE('', *, *, #8693, .T.);
#8697 = EDGE_LOOP('', (#8694, #8695, #8696));
#8698 = FACE_BOUND('', #8697, .T.);

/* ==== Hole 511 (row 17, col 0) CW ==== */
#8699 = CARTESIAN_POINT('', (5.000, 56.000, 0.0));
#8700 = CARTESIAN_POINT('', (5.000, 59.000, 0.0));
#8701 = CARTESIAN_POINT('', (8.000, 57.500, 0.0));
#8702 = VERTEX_POINT('', #8699);
#8703 = VERTEX_POINT('', #8700);
#8704 = VERTEX_POINT('', #8701);
#8705 = LINE('', #8699, #6);
#8706 = LINE('', #8700, #6);
#8707 = LINE('', #8701, #6);
#8708 = EDGE_CURVE('', #8702, #8703, #8705, .T.);
#8709 = EDGE_CURVE('', #8703, #8704, #8706, .T.);
#8710 = EDGE_CURVE('', #8704, #8702, #8707, .T.);
#8711 = ORIENTED_EDGE('', *, *, #8708, .T.);
#8712 = ORIENTED_EDGE('', *, *, #8709, .T.);
#8713 = ORIENTED_EDGE('', *, *, #8710, .T.);
#8714 = EDGE_LOOP('', (#8711, #8712, #8713));
#8715 = FACE_BOUND('', #8714, .T.);

/* ==== Hole 512 (row 17, col 1) CW ==== */
#8716 = CARTESIAN_POINT('', (8.000, 56.000, 0.0));
#8717 = CARTESIAN_POINT('', (8.000, 59.000, 0.0));
#8718 = CARTESIAN_POINT('', (11.000, 57.500, 0.0));
#8719 = VERTEX_POINT('', #8716);
#8720 = VERTEX_POINT('', #8717);
#8721 = VERTEX_POINT('', #8718);
#8722 = LINE('', #8716, #6);
#8723 = LINE('', #8717, #6);
#8724 = LINE('', #8718, #6);
#8725 = EDGE_CURVE('', #8719, #8720, #8722, .T.);
#8726 = EDGE_CURVE('', #8720, #8721, #8723, .T.);
#8727 = EDGE_CURVE('', #8721, #8719, #8724, .T.);
#8728 = ORIENTED_EDGE('', *, *, #8725, .T.);
#8729 = ORIENTED_EDGE('', *, *, #8726, .T.);
#8730 = ORIENTED_EDGE('', *, *, #8727, .T.);
#8731 = EDGE_LOOP('', (#8728, #8729, #8730));
#8732 = FACE_BOUND('', #8731, .T.);

/* ==== Hole 513 (row 17, col 2) CW ==== */
#8733 = CARTESIAN_POINT('', (11.000, 56.000, 0.0));
#8734 = CARTESIAN_POINT('', (11.000, 59.000, 0.0));
#8735 = CARTESIAN_POINT('', (14.000, 57.500, 0.0));
#8736 = VERTEX_POINT('', #8733);
#8737 = VERTEX_POINT('', #8734);
#8738 = VERTEX_POINT('', #8735);
#8739 = LINE('', #8733, #6);
#8740 = LINE('', #8734, #6);
#8741 = LINE('', #8735, #6);
#8742 = EDGE_CURVE('', #8736, #8737, #8739, .T.);
#8743 = EDGE_CURVE('', #8737, #8738, #8740, .T.);
#8744 = EDGE_CURVE('', #8738, #8736, #8741, .T.);
#8745 = ORIENTED_EDGE('', *, *, #8742, .T.);
#8746 = ORIENTED_EDGE('', *, *, #8743, .T.);
#8747 = ORIENTED_EDGE('', *, *, #8744, .T.);
#8748 = EDGE_LOOP('', (#8745, #8746, #8747));
#8749 = FACE_BOUND('', #8748, .T.);

/* ==== Hole 514 (row 17, col 3) CW ==== */
#8750 = CARTESIAN_POINT('', (14.000, 56.000, 0.0));
#8751 = CARTESIAN_POINT('', (14.000, 59.000, 0.0));
#8752 = CARTESIAN_POINT('', (17.000, 57.500, 0.0));
#8753 = VERTEX_POINT('', #8750);
#8754 = VERTEX_POINT('', #8751);
#8755 = VERTEX_POINT('', #8752);
#8756 = LINE('', #8750, #6);
#8757 = LINE('', #8751, #6);
#8758 = LINE('', #8752, #6);
#8759 = EDGE_CURVE('', #8753, #8754, #8756, .T.);
#8760 = EDGE_CURVE('', #8754, #8755, #8757, .T.);
#8761 = EDGE_CURVE('', #8755, #8753, #8758, .T.);
#8762 = ORIENTED_EDGE('', *, *, #8759, .T.);
#8763 = ORIENTED_EDGE('', *, *, #8760, .T.);
#8764 = ORIENTED_EDGE('', *, *, #8761, .T.);
#8765 = EDGE_LOOP('', (#8762, #8763, #8764));
#8766 = FACE_BOUND('', #8765, .T.);

/* ==== Hole 515 (row 17, col 4) CW ==== */
#8767 = CARTESIAN_POINT('', (17.000, 56.000, 0.0));
#8768 = CARTESIAN_POINT('', (17.000, 59.000, 0.0));
#8769 = CARTESIAN_POINT('', (20.000, 57.500, 0.0));
#8770 = VERTEX_POINT('', #8767);
#8771 = VERTEX_POINT('', #8768);
#8772 = VERTEX_POINT('', #8769);
#8773 = LINE('', #8767, #6);
#8774 = LINE('', #8768, #6);
#8775 = LINE('', #8769, #6);
#8776 = EDGE_CURVE('', #8770, #8771, #8773, .T.);
#8777 = EDGE_CURVE('', #8771, #8772, #8774, .T.);
#8778 = EDGE_CURVE('', #8772, #8770, #8775, .T.);
#8779 = ORIENTED_EDGE('', *, *, #8776, .T.);
#8780 = ORIENTED_EDGE('', *, *, #8777, .T.);
#8781 = ORIENTED_EDGE('', *, *, #8778, .T.);
#8782 = EDGE_LOOP('', (#8779, #8780, #8781));
#8783 = FACE_BOUND('', #8782, .T.);

/* ==== Hole 516 (row 17, col 5) CW ==== */
#8784 = CARTESIAN_POINT('', (20.000, 56.000, 0.0));
#8785 = CARTESIAN_POINT('', (20.000, 59.000, 0.0));
#8786 = CARTESIAN_POINT('', (23.000, 57.500, 0.0));
#8787 = VERTEX_POINT('', #8784);
#8788 = VERTEX_POINT('', #8785);
#8789 = VERTEX_POINT('', #8786);
#8790 = LINE('', #8784, #6);
#8791 = LINE('', #8785, #6);
#8792 = LINE('', #8786, #6);
#8793 = EDGE_CURVE('', #8787, #8788, #8790, .T.);
#8794 = EDGE_CURVE('', #8788, #8789, #8791, .T.);
#8795 = EDGE_CURVE('', #8789, #8787, #8792, .T.);
#8796 = ORIENTED_EDGE('', *, *, #8793, .T.);
#8797 = ORIENTED_EDGE('', *, *, #8794, .T.);
#8798 = ORIENTED_EDGE('', *, *, #8795, .T.);
#8799 = EDGE_LOOP('', (#8796, #8797, #8798));
#8800 = FACE_BOUND('', #8799, .T.);

/* ==== Hole 517 (row 17, col 6) CW ==== */
#8801 = CARTESIAN_POINT('', (23.000, 56.000, 0.0));
#8802 = CARTESIAN_POINT('', (23.000, 59.000, 0.0));
#8803 = CARTESIAN_POINT('', (26.000, 57.500, 0.0));
#8804 = VERTEX_POINT('', #8801);
#8805 = VERTEX_POINT('', #8802);
#8806 = VERTEX_POINT('', #8803);
#8807 = LINE('', #8801, #6);
#8808 = LINE('', #8802, #6);
#8809 = LINE('', #8803, #6);
#8810 = EDGE_CURVE('', #8804, #8805, #8807, .T.);
#8811 = EDGE_CURVE('', #8805, #8806, #8808, .T.);
#8812 = EDGE_CURVE('', #8806, #8804, #8809, .T.);
#8813 = ORIENTED_EDGE('', *, *, #8810, .T.);
#8814 = ORIENTED_EDGE('', *, *, #8811, .T.);
#8815 = ORIENTED_EDGE('', *, *, #8812, .T.);
#8816 = EDGE_LOOP('', (#8813, #8814, #8815));
#8817 = FACE_BOUND('', #8816, .T.);

/* ==== Hole 518 (row 17, col 7) CW ==== */
#8818 = CARTESIAN_POINT('', (26.000, 56.000, 0.0));
#8819 = CARTESIAN_POINT('', (26.000, 59.000, 0.0));
#8820 = CARTESIAN_POINT('', (29.000, 57.500, 0.0));
#8821 = VERTEX_POINT('', #8818);
#8822 = VERTEX_POINT('', #8819);
#8823 = VERTEX_POINT('', #8820);
#8824 = LINE('', #8818, #6);
#8825 = LINE('', #8819, #6);
#8826 = LINE('', #8820, #6);
#8827 = EDGE_CURVE('', #8821, #8822, #8824, .T.);
#8828 = EDGE_CURVE('', #8822, #8823, #8825, .T.);
#8829 = EDGE_CURVE('', #8823, #8821, #8826, .T.);
#8830 = ORIENTED_EDGE('', *, *, #8827, .T.);
#8831 = ORIENTED_EDGE('', *, *, #8828, .T.);
#8832 = ORIENTED_EDGE('', *, *, #8829, .T.);
#8833 = EDGE_LOOP('', (#8830, #8831, #8832));
#8834 = FACE_BOUND('', #8833, .T.);

/* ==== Hole 519 (row 17, col 8) CW ==== */
#8835 = CARTESIAN_POINT('', (29.000, 56.000, 0.0));
#8836 = CARTESIAN_POINT('', (29.000, 59.000, 0.0));
#8837 = CARTESIAN_POINT('', (32.000, 57.500, 0.0));
#8838 = VERTEX_POINT('', #8835);
#8839 = VERTEX_POINT('', #8836);
#8840 = VERTEX_POINT('', #8837);
#8841 = LINE('', #8835, #6);
#8842 = LINE('', #8836, #6);
#8843 = LINE('', #8837, #6);
#8844 = EDGE_CURVE('', #8838, #8839, #8841, .T.);
#8845 = EDGE_CURVE('', #8839, #8840, #8842, .T.);
#8846 = EDGE_CURVE('', #8840, #8838, #8843, .T.);
#8847 = ORIENTED_EDGE('', *, *, #8844, .T.);
#8848 = ORIENTED_EDGE('', *, *, #8845, .T.);
#8849 = ORIENTED_EDGE('', *, *, #8846, .T.);
#8850 = EDGE_LOOP('', (#8847, #8848, #8849));
#8851 = FACE_BOUND('', #8850, .T.);

/* ==== Hole 520 (row 17, col 9) CW ==== */
#8852 = CARTESIAN_POINT('', (32.000, 56.000, 0.0));
#8853 = CARTESIAN_POINT('', (32.000, 59.000, 0.0));
#8854 = CARTESIAN_POINT('', (35.000, 57.500, 0.0));
#8855 = VERTEX_POINT('', #8852);
#8856 = VERTEX_POINT('', #8853);
#8857 = VERTEX_POINT('', #8854);
#8858 = LINE('', #8852, #6);
#8859 = LINE('', #8853, #6);
#8860 = LINE('', #8854, #6);
#8861 = EDGE_CURVE('', #8855, #8856, #8858, .T.);
#8862 = EDGE_CURVE('', #8856, #8857, #8859, .T.);
#8863 = EDGE_CURVE('', #8857, #8855, #8860, .T.);
#8864 = ORIENTED_EDGE('', *, *, #8861, .T.);
#8865 = ORIENTED_EDGE('', *, *, #8862, .T.);
#8866 = ORIENTED_EDGE('', *, *, #8863, .T.);
#8867 = EDGE_LOOP('', (#8864, #8865, #8866));
#8868 = FACE_BOUND('', #8867, .T.);

/* ==== Hole 521 (row 17, col 10) CW ==== */
#8869 = CARTESIAN_POINT('', (35.000, 56.000, 0.0));
#8870 = CARTESIAN_POINT('', (35.000, 59.000, 0.0));
#8871 = CARTESIAN_POINT('', (38.000, 57.500, 0.0));
#8872 = VERTEX_POINT('', #8869);
#8873 = VERTEX_POINT('', #8870);
#8874 = VERTEX_POINT('', #8871);
#8875 = LINE('', #8869, #6);
#8876 = LINE('', #8870, #6);
#8877 = LINE('', #8871, #6);
#8878 = EDGE_CURVE('', #8872, #8873, #8875, .T.);
#8879 = EDGE_CURVE('', #8873, #8874, #8876, .T.);
#8880 = EDGE_CURVE('', #8874, #8872, #8877, .T.);
#8881 = ORIENTED_EDGE('', *, *, #8878, .T.);
#8882 = ORIENTED_EDGE('', *, *, #8879, .T.);
#8883 = ORIENTED_EDGE('', *, *, #8880, .T.);
#8884 = EDGE_LOOP('', (#8881, #8882, #8883));
#8885 = FACE_BOUND('', #8884, .T.);

/* ==== Hole 522 (row 17, col 11) CW ==== */
#8886 = CARTESIAN_POINT('', (38.000, 56.000, 0.0));
#8887 = CARTESIAN_POINT('', (38.000, 59.000, 0.0));
#8888 = CARTESIAN_POINT('', (41.000, 57.500, 0.0));
#8889 = VERTEX_POINT('', #8886);
#8890 = VERTEX_POINT('', #8887);
#8891 = VERTEX_POINT('', #8888);
#8892 = LINE('', #8886, #6);
#8893 = LINE('', #8887, #6);
#8894 = LINE('', #8888, #6);
#8895 = EDGE_CURVE('', #8889, #8890, #8892, .T.);
#8896 = EDGE_CURVE('', #8890, #8891, #8893, .T.);
#8897 = EDGE_CURVE('', #8891, #8889, #8894, .T.);
#8898 = ORIENTED_EDGE('', *, *, #8895, .T.);
#8899 = ORIENTED_EDGE('', *, *, #8896, .T.);
#8900 = ORIENTED_EDGE('', *, *, #8897, .T.);
#8901 = EDGE_LOOP('', (#8898, #8899, #8900));
#8902 = FACE_BOUND('', #8901, .T.);

/* ==== Hole 523 (row 17, col 12) CW ==== */
#8903 = CARTESIAN_POINT('', (41.000, 56.000, 0.0));
#8904 = CARTESIAN_POINT('', (41.000, 59.000, 0.0));
#8905 = CARTESIAN_POINT('', (44.000, 57.500, 0.0));
#8906 = VERTEX_POINT('', #8903);
#8907 = VERTEX_POINT('', #8904);
#8908 = VERTEX_POINT('', #8905);
#8909 = LINE('', #8903, #6);
#8910 = LINE('', #8904, #6);
#8911 = LINE('', #8905, #6);
#8912 = EDGE_CURVE('', #8906, #8907, #8909, .T.);
#8913 = EDGE_CURVE('', #8907, #8908, #8910, .T.);
#8914 = EDGE_CURVE('', #8908, #8906, #8911, .T.);
#8915 = ORIENTED_EDGE('', *, *, #8912, .T.);
#8916 = ORIENTED_EDGE('', *, *, #8913, .T.);
#8917 = ORIENTED_EDGE('', *, *, #8914, .T.);
#8918 = EDGE_LOOP('', (#8915, #8916, #8917));
#8919 = FACE_BOUND('', #8918, .T.);

/* ==== Hole 524 (row 17, col 13) CW ==== */
#8920 = CARTESIAN_POINT('', (44.000, 56.000, 0.0));
#8921 = CARTESIAN_POINT('', (44.000, 59.000, 0.0));
#8922 = CARTESIAN_POINT('', (47.000, 57.500, 0.0));
#8923 = VERTEX_POINT('', #8920);
#8924 = VERTEX_POINT('', #8921);
#8925 = VERTEX_POINT('', #8922);
#8926 = LINE('', #8920, #6);
#8927 = LINE('', #8921, #6);
#8928 = LINE('', #8922, #6);
#8929 = EDGE_CURVE('', #8923, #8924, #8926, .T.);
#8930 = EDGE_CURVE('', #8924, #8925, #8927, .T.);
#8931 = EDGE_CURVE('', #8925, #8923, #8928, .T.);
#8932 = ORIENTED_EDGE('', *, *, #8929, .T.);
#8933 = ORIENTED_EDGE('', *, *, #8930, .T.);
#8934 = ORIENTED_EDGE('', *, *, #8931, .T.);
#8935 = EDGE_LOOP('', (#8932, #8933, #8934));
#8936 = FACE_BOUND('', #8935, .T.);

/* ==== Hole 525 (row 17, col 14) CW ==== */
#8937 = CARTESIAN_POINT('', (47.000, 56.000, 0.0));
#8938 = CARTESIAN_POINT('', (47.000, 59.000, 0.0));
#8939 = CARTESIAN_POINT('', (50.000, 57.500, 0.0));
#8940 = VERTEX_POINT('', #8937);
#8941 = VERTEX_POINT('', #8938);
#8942 = VERTEX_POINT('', #8939);
#8943 = LINE('', #8937, #6);
#8944 = LINE('', #8938, #6);
#8945 = LINE('', #8939, #6);
#8946 = EDGE_CURVE('', #8940, #8941, #8943, .T.);
#8947 = EDGE_CURVE('', #8941, #8942, #8944, .T.);
#8948 = EDGE_CURVE('', #8942, #8940, #8945, .T.);
#8949 = ORIENTED_EDGE('', *, *, #8946, .T.);
#8950 = ORIENTED_EDGE('', *, *, #8947, .T.);
#8951 = ORIENTED_EDGE('', *, *, #8948, .T.);
#8952 = EDGE_LOOP('', (#8949, #8950, #8951));
#8953 = FACE_BOUND('', #8952, .T.);

/* ==== Hole 526 (row 17, col 15) CW ==== */
#8954 = CARTESIAN_POINT('', (50.000, 56.000, 0.0));
#8955 = CARTESIAN_POINT('', (50.000, 59.000, 0.0));
#8956 = CARTESIAN_POINT('', (53.000, 57.500, 0.0));
#8957 = VERTEX_POINT('', #8954);
#8958 = VERTEX_POINT('', #8955);
#8959 = VERTEX_POINT('', #8956);
#8960 = LINE('', #8954, #6);
#8961 = LINE('', #8955, #6);
#8962 = LINE('', #8956, #6);
#8963 = EDGE_CURVE('', #8957, #8958, #8960, .T.);
#8964 = EDGE_CURVE('', #8958, #8959, #8961, .T.);
#8965 = EDGE_CURVE('', #8959, #8957, #8962, .T.);
#8966 = ORIENTED_EDGE('', *, *, #8963, .T.);
#8967 = ORIENTED_EDGE('', *, *, #8964, .T.);
#8968 = ORIENTED_EDGE('', *, *, #8965, .T.);
#8969 = EDGE_LOOP('', (#8966, #8967, #8968));
#8970 = FACE_BOUND('', #8969, .T.);

/* ==== Hole 527 (row 17, col 16) CW ==== */
#8971 = CARTESIAN_POINT('', (53.000, 56.000, 0.0));
#8972 = CARTESIAN_POINT('', (53.000, 59.000, 0.0));
#8973 = CARTESIAN_POINT('', (56.000, 57.500, 0.0));
#8974 = VERTEX_POINT('', #8971);
#8975 = VERTEX_POINT('', #8972);
#8976 = VERTEX_POINT('', #8973);
#8977 = LINE('', #8971, #6);
#8978 = LINE('', #8972, #6);
#8979 = LINE('', #8973, #6);
#8980 = EDGE_CURVE('', #8974, #8975, #8977, .T.);
#8981 = EDGE_CURVE('', #8975, #8976, #8978, .T.);
#8982 = EDGE_CURVE('', #8976, #8974, #8979, .T.);
#8983 = ORIENTED_EDGE('', *, *, #8980, .T.);
#8984 = ORIENTED_EDGE('', *, *, #8981, .T.);
#8985 = ORIENTED_EDGE('', *, *, #8982, .T.);
#8986 = EDGE_LOOP('', (#8983, #8984, #8985));
#8987 = FACE_BOUND('', #8986, .T.);

/* ==== Hole 528 (row 17, col 17) CW ==== */
#8988 = CARTESIAN_POINT('', (56.000, 56.000, 0.0));
#8989 = CARTESIAN_POINT('', (56.000, 59.000, 0.0));
#8990 = CARTESIAN_POINT('', (59.000, 57.500, 0.0));
#8991 = VERTEX_POINT('', #8988);
#8992 = VERTEX_POINT('', #8989);
#8993 = VERTEX_POINT('', #8990);
#8994 = LINE('', #8988, #6);
#8995 = LINE('', #8989, #6);
#8996 = LINE('', #8990, #6);
#8997 = EDGE_CURVE('', #8991, #8992, #8994, .T.);
#8998 = EDGE_CURVE('', #8992, #8993, #8995, .T.);
#8999 = EDGE_CURVE('', #8993, #8991, #8996, .T.);
#9000 = ORIENTED_EDGE('', *, *, #8997, .T.);
#9001 = ORIENTED_EDGE('', *, *, #8998, .T.);
#9002 = ORIENTED_EDGE('', *, *, #8999, .T.);
#9003 = EDGE_LOOP('', (#9000, #9001, #9002));
#9004 = FACE_BOUND('', #9003, .T.);

/* ==== Hole 529 (row 17, col 18) CW ==== */
#9005 = CARTESIAN_POINT('', (59.000, 56.000, 0.0));
#9006 = CARTESIAN_POINT('', (59.000, 59.000, 0.0));
#9007 = CARTESIAN_POINT('', (62.000, 57.500, 0.0));
#9008 = VERTEX_POINT('', #9005);
#9009 = VERTEX_POINT('', #9006);
#9010 = VERTEX_POINT('', #9007);
#9011 = LINE('', #9005, #6);
#9012 = LINE('', #9006, #6);
#9013 = LINE('', #9007, #6);
#9014 = EDGE_CURVE('', #9008, #9009, #9011, .T.);
#9015 = EDGE_CURVE('', #9009, #9010, #9012, .T.);
#9016 = EDGE_CURVE('', #9010, #9008, #9013, .T.);
#9017 = ORIENTED_EDGE('', *, *, #9014, .T.);
#9018 = ORIENTED_EDGE('', *, *, #9015, .T.);
#9019 = ORIENTED_EDGE('', *, *, #9016, .T.);
#9020 = EDGE_LOOP('', (#9017, #9018, #9019));
#9021 = FACE_BOUND('', #9020, .T.);

/* ==== Hole 530 (row 17, col 19) CW ==== */
#9022 = CARTESIAN_POINT('', (62.000, 56.000, 0.0));
#9023 = CARTESIAN_POINT('', (62.000, 59.000, 0.0));
#9024 = CARTESIAN_POINT('', (65.000, 57.500, 0.0));
#9025 = VERTEX_POINT('', #9022);
#9026 = VERTEX_POINT('', #9023);
#9027 = VERTEX_POINT('', #9024);
#9028 = LINE('', #9022, #6);
#9029 = LINE('', #9023, #6);
#9030 = LINE('', #9024, #6);
#9031 = EDGE_CURVE('', #9025, #9026, #9028, .T.);
#9032 = EDGE_CURVE('', #9026, #9027, #9029, .T.);
#9033 = EDGE_CURVE('', #9027, #9025, #9030, .T.);
#9034 = ORIENTED_EDGE('', *, *, #9031, .T.);
#9035 = ORIENTED_EDGE('', *, *, #9032, .T.);
#9036 = ORIENTED_EDGE('', *, *, #9033, .T.);
#9037 = EDGE_LOOP('', (#9034, #9035, #9036));
#9038 = FACE_BOUND('', #9037, .T.);

/* ==== Hole 531 (row 17, col 20) CW ==== */
#9039 = CARTESIAN_POINT('', (65.000, 56.000, 0.0));
#9040 = CARTESIAN_POINT('', (65.000, 59.000, 0.0));
#9041 = CARTESIAN_POINT('', (68.000, 57.500, 0.0));
#9042 = VERTEX_POINT('', #9039);
#9043 = VERTEX_POINT('', #9040);
#9044 = VERTEX_POINT('', #9041);
#9045 = LINE('', #9039, #6);
#9046 = LINE('', #9040, #6);
#9047 = LINE('', #9041, #6);
#9048 = EDGE_CURVE('', #9042, #9043, #9045, .T.);
#9049 = EDGE_CURVE('', #9043, #9044, #9046, .T.);
#9050 = EDGE_CURVE('', #9044, #9042, #9047, .T.);
#9051 = ORIENTED_EDGE('', *, *, #9048, .T.);
#9052 = ORIENTED_EDGE('', *, *, #9049, .T.);
#9053 = ORIENTED_EDGE('', *, *, #9050, .T.);
#9054 = EDGE_LOOP('', (#9051, #9052, #9053));
#9055 = FACE_BOUND('', #9054, .T.);

/* ==== Hole 532 (row 17, col 21) CW ==== */
#9056 = CARTESIAN_POINT('', (68.000, 56.000, 0.0));
#9057 = CARTESIAN_POINT('', (68.000, 59.000, 0.0));
#9058 = CARTESIAN_POINT('', (71.000, 57.500, 0.0));
#9059 = VERTEX_POINT('', #9056);
#9060 = VERTEX_POINT('', #9057);
#9061 = VERTEX_POINT('', #9058);
#9062 = LINE('', #9056, #6);
#9063 = LINE('', #9057, #6);
#9064 = LINE('', #9058, #6);
#9065 = EDGE_CURVE('', #9059, #9060, #9062, .T.);
#9066 = EDGE_CURVE('', #9060, #9061, #9063, .T.);
#9067 = EDGE_CURVE('', #9061, #9059, #9064, .T.);
#9068 = ORIENTED_EDGE('', *, *, #9065, .T.);
#9069 = ORIENTED_EDGE('', *, *, #9066, .T.);
#9070 = ORIENTED_EDGE('', *, *, #9067, .T.);
#9071 = EDGE_LOOP('', (#9068, #9069, #9070));
#9072 = FACE_BOUND('', #9071, .T.);

/* ==== Hole 533 (row 17, col 22) CW ==== */
#9073 = CARTESIAN_POINT('', (71.000, 56.000, 0.0));
#9074 = CARTESIAN_POINT('', (71.000, 59.000, 0.0));
#9075 = CARTESIAN_POINT('', (74.000, 57.500, 0.0));
#9076 = VERTEX_POINT('', #9073);
#9077 = VERTEX_POINT('', #9074);
#9078 = VERTEX_POINT('', #9075);
#9079 = LINE('', #9073, #6);
#9080 = LINE('', #9074, #6);
#9081 = LINE('', #9075, #6);
#9082 = EDGE_CURVE('', #9076, #9077, #9079, .T.);
#9083 = EDGE_CURVE('', #9077, #9078, #9080, .T.);
#9084 = EDGE_CURVE('', #9078, #9076, #9081, .T.);
#9085 = ORIENTED_EDGE('', *, *, #9082, .T.);
#9086 = ORIENTED_EDGE('', *, *, #9083, .T.);
#9087 = ORIENTED_EDGE('', *, *, #9084, .T.);
#9088 = EDGE_LOOP('', (#9085, #9086, #9087));
#9089 = FACE_BOUND('', #9088, .T.);

/* ==== Hole 534 (row 17, col 23) CW ==== */
#9090 = CARTESIAN_POINT('', (74.000, 56.000, 0.0));
#9091 = CARTESIAN_POINT('', (74.000, 59.000, 0.0));
#9092 = CARTESIAN_POINT('', (77.000, 57.500, 0.0));
#9093 = VERTEX_POINT('', #9090);
#9094 = VERTEX_POINT('', #9091);
#9095 = VERTEX_POINT('', #9092);
#9096 = LINE('', #9090, #6);
#9097 = LINE('', #9091, #6);
#9098 = LINE('', #9092, #6);
#9099 = EDGE_CURVE('', #9093, #9094, #9096, .T.);
#9100 = EDGE_CURVE('', #9094, #9095, #9097, .T.);
#9101 = EDGE_CURVE('', #9095, #9093, #9098, .T.);
#9102 = ORIENTED_EDGE('', *, *, #9099, .T.);
#9103 = ORIENTED_EDGE('', *, *, #9100, .T.);
#9104 = ORIENTED_EDGE('', *, *, #9101, .T.);
#9105 = EDGE_LOOP('', (#9102, #9103, #9104));
#9106 = FACE_BOUND('', #9105, .T.);

/* ==== Hole 535 (row 17, col 24) CW ==== */
#9107 = CARTESIAN_POINT('', (77.000, 56.000, 0.0));
#9108 = CARTESIAN_POINT('', (77.000, 59.000, 0.0));
#9109 = CARTESIAN_POINT('', (80.000, 57.500, 0.0));
#9110 = VERTEX_POINT('', #9107);
#9111 = VERTEX_POINT('', #9108);
#9112 = VERTEX_POINT('', #9109);
#9113 = LINE('', #9107, #6);
#9114 = LINE('', #9108, #6);
#9115 = LINE('', #9109, #6);
#9116 = EDGE_CURVE('', #9110, #9111, #9113, .T.);
#9117 = EDGE_CURVE('', #9111, #9112, #9114, .T.);
#9118 = EDGE_CURVE('', #9112, #9110, #9115, .T.);
#9119 = ORIENTED_EDGE('', *, *, #9116, .T.);
#9120 = ORIENTED_EDGE('', *, *, #9117, .T.);
#9121 = ORIENTED_EDGE('', *, *, #9118, .T.);
#9122 = EDGE_LOOP('', (#9119, #9120, #9121));
#9123 = FACE_BOUND('', #9122, .T.);

/* ==== Hole 536 (row 17, col 25) CW ==== */
#9124 = CARTESIAN_POINT('', (80.000, 56.000, 0.0));
#9125 = CARTESIAN_POINT('', (80.000, 59.000, 0.0));
#9126 = CARTESIAN_POINT('', (83.000, 57.500, 0.0));
#9127 = VERTEX_POINT('', #9124);
#9128 = VERTEX_POINT('', #9125);
#9129 = VERTEX_POINT('', #9126);
#9130 = LINE('', #9124, #6);
#9131 = LINE('', #9125, #6);
#9132 = LINE('', #9126, #6);
#9133 = EDGE_CURVE('', #9127, #9128, #9130, .T.);
#9134 = EDGE_CURVE('', #9128, #9129, #9131, .T.);
#9135 = EDGE_CURVE('', #9129, #9127, #9132, .T.);
#9136 = ORIENTED_EDGE('', *, *, #9133, .T.);
#9137 = ORIENTED_EDGE('', *, *, #9134, .T.);
#9138 = ORIENTED_EDGE('', *, *, #9135, .T.);
#9139 = EDGE_LOOP('', (#9136, #9137, #9138));
#9140 = FACE_BOUND('', #9139, .T.);

/* ==== Hole 537 (row 17, col 26) CW ==== */
#9141 = CARTESIAN_POINT('', (83.000, 56.000, 0.0));
#9142 = CARTESIAN_POINT('', (83.000, 59.000, 0.0));
#9143 = CARTESIAN_POINT('', (86.000, 57.500, 0.0));
#9144 = VERTEX_POINT('', #9141);
#9145 = VERTEX_POINT('', #9142);
#9146 = VERTEX_POINT('', #9143);
#9147 = LINE('', #9141, #6);
#9148 = LINE('', #9142, #6);
#9149 = LINE('', #9143, #6);
#9150 = EDGE_CURVE('', #9144, #9145, #9147, .T.);
#9151 = EDGE_CURVE('', #9145, #9146, #9148, .T.);
#9152 = EDGE_CURVE('', #9146, #9144, #9149, .T.);
#9153 = ORIENTED_EDGE('', *, *, #9150, .T.);
#9154 = ORIENTED_EDGE('', *, *, #9151, .T.);
#9155 = ORIENTED_EDGE('', *, *, #9152, .T.);
#9156 = EDGE_LOOP('', (#9153, #9154, #9155));
#9157 = FACE_BOUND('', #9156, .T.);

/* ==== Hole 538 (row 17, col 27) CW ==== */
#9158 = CARTESIAN_POINT('', (86.000, 56.000, 0.0));
#9159 = CARTESIAN_POINT('', (86.000, 59.000, 0.0));
#9160 = CARTESIAN_POINT('', (89.000, 57.500, 0.0));
#9161 = VERTEX_POINT('', #9158);
#9162 = VERTEX_POINT('', #9159);
#9163 = VERTEX_POINT('', #9160);
#9164 = LINE('', #9158, #6);
#9165 = LINE('', #9159, #6);
#9166 = LINE('', #9160, #6);
#9167 = EDGE_CURVE('', #9161, #9162, #9164, .T.);
#9168 = EDGE_CURVE('', #9162, #9163, #9165, .T.);
#9169 = EDGE_CURVE('', #9163, #9161, #9166, .T.);
#9170 = ORIENTED_EDGE('', *, *, #9167, .T.);
#9171 = ORIENTED_EDGE('', *, *, #9168, .T.);
#9172 = ORIENTED_EDGE('', *, *, #9169, .T.);
#9173 = EDGE_LOOP('', (#9170, #9171, #9172));
#9174 = FACE_BOUND('', #9173, .T.);

/* ==== Hole 539 (row 17, col 28) CW ==== */
#9175 = CARTESIAN_POINT('', (89.000, 56.000, 0.0));
#9176 = CARTESIAN_POINT('', (89.000, 59.000, 0.0));
#9177 = CARTESIAN_POINT('', (92.000, 57.500, 0.0));
#9178 = VERTEX_POINT('', #9175);
#9179 = VERTEX_POINT('', #9176);
#9180 = VERTEX_POINT('', #9177);
#9181 = LINE('', #9175, #6);
#9182 = LINE('', #9176, #6);
#9183 = LINE('', #9177, #6);
#9184 = EDGE_CURVE('', #9178, #9179, #9181, .T.);
#9185 = EDGE_CURVE('', #9179, #9180, #9182, .T.);
#9186 = EDGE_CURVE('', #9180, #9178, #9183, .T.);
#9187 = ORIENTED_EDGE('', *, *, #9184, .T.);
#9188 = ORIENTED_EDGE('', *, *, #9185, .T.);
#9189 = ORIENTED_EDGE('', *, *, #9186, .T.);
#9190 = EDGE_LOOP('', (#9187, #9188, #9189));
#9191 = FACE_BOUND('', #9190, .T.);

/* ==== Hole 540 (row 17, col 29) CW ==== */
#9192 = CARTESIAN_POINT('', (92.000, 56.000, 0.0));
#9193 = CARTESIAN_POINT('', (92.000, 59.000, 0.0));
#9194 = CARTESIAN_POINT('', (95.000, 57.500, 0.0));
#9195 = VERTEX_POINT('', #9192);
#9196 = VERTEX_POINT('', #9193);
#9197 = VERTEX_POINT('', #9194);
#9198 = LINE('', #9192, #6);
#9199 = LINE('', #9193, #6);
#9200 = LINE('', #9194, #6);
#9201 = EDGE_CURVE('', #9195, #9196, #9198, .T.);
#9202 = EDGE_CURVE('', #9196, #9197, #9199, .T.);
#9203 = EDGE_CURVE('', #9197, #9195, #9200, .T.);
#9204 = ORIENTED_EDGE('', *, *, #9201, .T.);
#9205 = ORIENTED_EDGE('', *, *, #9202, .T.);
#9206 = ORIENTED_EDGE('', *, *, #9203, .T.);
#9207 = EDGE_LOOP('', (#9204, #9205, #9206));
#9208 = FACE_BOUND('', #9207, .T.);

/* ==== Hole 541 (row 18, col 0) CW ==== */
#9209 = CARTESIAN_POINT('', (5.000, 59.000, 0.0));
#9210 = CARTESIAN_POINT('', (5.000, 62.000, 0.0));
#9211 = CARTESIAN_POINT('', (8.000, 60.500, 0.0));
#9212 = VERTEX_POINT('', #9209);
#9213 = VERTEX_POINT('', #9210);
#9214 = VERTEX_POINT('', #9211);
#9215 = LINE('', #9209, #6);
#9216 = LINE('', #9210, #6);
#9217 = LINE('', #9211, #6);
#9218 = EDGE_CURVE('', #9212, #9213, #9215, .T.);
#9219 = EDGE_CURVE('', #9213, #9214, #9216, .T.);
#9220 = EDGE_CURVE('', #9214, #9212, #9217, .T.);
#9221 = ORIENTED_EDGE('', *, *, #9218, .T.);
#9222 = ORIENTED_EDGE('', *, *, #9219, .T.);
#9223 = ORIENTED_EDGE('', *, *, #9220, .T.);
#9224 = EDGE_LOOP('', (#9221, #9222, #9223));
#9225 = FACE_BOUND('', #9224, .T.);

/* ==== Hole 542 (row 18, col 1) CW ==== */
#9226 = CARTESIAN_POINT('', (8.000, 59.000, 0.0));
#9227 = CARTESIAN_POINT('', (8.000, 62.000, 0.0));
#9228 = CARTESIAN_POINT('', (11.000, 60.500, 0.0));
#9229 = VERTEX_POINT('', #9226);
#9230 = VERTEX_POINT('', #9227);
#9231 = VERTEX_POINT('', #9228);
#9232 = LINE('', #9226, #6);
#9233 = LINE('', #9227, #6);
#9234 = LINE('', #9228, #6);
#9235 = EDGE_CURVE('', #9229, #9230, #9232, .T.);
#9236 = EDGE_CURVE('', #9230, #9231, #9233, .T.);
#9237 = EDGE_CURVE('', #9231, #9229, #9234, .T.);
#9238 = ORIENTED_EDGE('', *, *, #9235, .T.);
#9239 = ORIENTED_EDGE('', *, *, #9236, .T.);
#9240 = ORIENTED_EDGE('', *, *, #9237, .T.);
#9241 = EDGE_LOOP('', (#9238, #9239, #9240));
#9242 = FACE_BOUND('', #9241, .T.);

/* ==== Hole 543 (row 18, col 2) CW ==== */
#9243 = CARTESIAN_POINT('', (11.000, 59.000, 0.0));
#9244 = CARTESIAN_POINT('', (11.000, 62.000, 0.0));
#9245 = CARTESIAN_POINT('', (14.000, 60.500, 0.0));
#9246 = VERTEX_POINT('', #9243);
#9247 = VERTEX_POINT('', #9244);
#9248 = VERTEX_POINT('', #9245);
#9249 = LINE('', #9243, #6);
#9250 = LINE('', #9244, #6);
#9251 = LINE('', #9245, #6);
#9252 = EDGE_CURVE('', #9246, #9247, #9249, .T.);
#9253 = EDGE_CURVE('', #9247, #9248, #9250, .T.);
#9254 = EDGE_CURVE('', #9248, #9246, #9251, .T.);
#9255 = ORIENTED_EDGE('', *, *, #9252, .T.);
#9256 = ORIENTED_EDGE('', *, *, #9253, .T.);
#9257 = ORIENTED_EDGE('', *, *, #9254, .T.);
#9258 = EDGE_LOOP('', (#9255, #9256, #9257));
#9259 = FACE_BOUND('', #9258, .T.);

/* ==== Hole 544 (row 18, col 3) CW ==== */
#9260 = CARTESIAN_POINT('', (14.000, 59.000, 0.0));
#9261 = CARTESIAN_POINT('', (14.000, 62.000, 0.0));
#9262 = CARTESIAN_POINT('', (17.000, 60.500, 0.0));
#9263 = VERTEX_POINT('', #9260);
#9264 = VERTEX_POINT('', #9261);
#9265 = VERTEX_POINT('', #9262);
#9266 = LINE('', #9260, #6);
#9267 = LINE('', #9261, #6);
#9268 = LINE('', #9262, #6);
#9269 = EDGE_CURVE('', #9263, #9264, #9266, .T.);
#9270 = EDGE_CURVE('', #9264, #9265, #9267, .T.);
#9271 = EDGE_CURVE('', #9265, #9263, #9268, .T.);
#9272 = ORIENTED_EDGE('', *, *, #9269, .T.);
#9273 = ORIENTED_EDGE('', *, *, #9270, .T.);
#9274 = ORIENTED_EDGE('', *, *, #9271, .T.);
#9275 = EDGE_LOOP('', (#9272, #9273, #9274));
#9276 = FACE_BOUND('', #9275, .T.);

/* ==== Hole 545 (row 18, col 4) CW ==== */
#9277 = CARTESIAN_POINT('', (17.000, 59.000, 0.0));
#9278 = CARTESIAN_POINT('', (17.000, 62.000, 0.0));
#9279 = CARTESIAN_POINT('', (20.000, 60.500, 0.0));
#9280 = VERTEX_POINT('', #9277);
#9281 = VERTEX_POINT('', #9278);
#9282 = VERTEX_POINT('', #9279);
#9283 = LINE('', #9277, #6);
#9284 = LINE('', #9278, #6);
#9285 = LINE('', #9279, #6);
#9286 = EDGE_CURVE('', #9280, #9281, #9283, .T.);
#9287 = EDGE_CURVE('', #9281, #9282, #9284, .T.);
#9288 = EDGE_CURVE('', #9282, #9280, #9285, .T.);
#9289 = ORIENTED_EDGE('', *, *, #9286, .T.);
#9290 = ORIENTED_EDGE('', *, *, #9287, .T.);
#9291 = ORIENTED_EDGE('', *, *, #9288, .T.);
#9292 = EDGE_LOOP('', (#9289, #9290, #9291));
#9293 = FACE_BOUND('', #9292, .T.);

/* ==== Hole 546 (row 18, col 5) CW ==== */
#9294 = CARTESIAN_POINT('', (20.000, 59.000, 0.0));
#9295 = CARTESIAN_POINT('', (20.000, 62.000, 0.0));
#9296 = CARTESIAN_POINT('', (23.000, 60.500, 0.0));
#9297 = VERTEX_POINT('', #9294);
#9298 = VERTEX_POINT('', #9295);
#9299 = VERTEX_POINT('', #9296);
#9300 = LINE('', #9294, #6);
#9301 = LINE('', #9295, #6);
#9302 = LINE('', #9296, #6);
#9303 = EDGE_CURVE('', #9297, #9298, #9300, .T.);
#9304 = EDGE_CURVE('', #9298, #9299, #9301, .T.);
#9305 = EDGE_CURVE('', #9299, #9297, #9302, .T.);
#9306 = ORIENTED_EDGE('', *, *, #9303, .T.);
#9307 = ORIENTED_EDGE('', *, *, #9304, .T.);
#9308 = ORIENTED_EDGE('', *, *, #9305, .T.);
#9309 = EDGE_LOOP('', (#9306, #9307, #9308));
#9310 = FACE_BOUND('', #9309, .T.);

/* ==== Hole 547 (row 18, col 6) CW ==== */
#9311 = CARTESIAN_POINT('', (23.000, 59.000, 0.0));
#9312 = CARTESIAN_POINT('', (23.000, 62.000, 0.0));
#9313 = CARTESIAN_POINT('', (26.000, 60.500, 0.0));
#9314 = VERTEX_POINT('', #9311);
#9315 = VERTEX_POINT('', #9312);
#9316 = VERTEX_POINT('', #9313);
#9317 = LINE('', #9311, #6);
#9318 = LINE('', #9312, #6);
#9319 = LINE('', #9313, #6);
#9320 = EDGE_CURVE('', #9314, #9315, #9317, .T.);
#9321 = EDGE_CURVE('', #9315, #9316, #9318, .T.);
#9322 = EDGE_CURVE('', #9316, #9314, #9319, .T.);
#9323 = ORIENTED_EDGE('', *, *, #9320, .T.);
#9324 = ORIENTED_EDGE('', *, *, #9321, .T.);
#9325 = ORIENTED_EDGE('', *, *, #9322, .T.);
#9326 = EDGE_LOOP('', (#9323, #9324, #9325));
#9327 = FACE_BOUND('', #9326, .T.);

/* ==== Hole 548 (row 18, col 7) CW ==== */
#9328 = CARTESIAN_POINT('', (26.000, 59.000, 0.0));
#9329 = CARTESIAN_POINT('', (26.000, 62.000, 0.0));
#9330 = CARTESIAN_POINT('', (29.000, 60.500, 0.0));
#9331 = VERTEX_POINT('', #9328);
#9332 = VERTEX_POINT('', #9329);
#9333 = VERTEX_POINT('', #9330);
#9334 = LINE('', #9328, #6);
#9335 = LINE('', #9329, #6);
#9336 = LINE('', #9330, #6);
#9337 = EDGE_CURVE('', #9331, #9332, #9334, .T.);
#9338 = EDGE_CURVE('', #9332, #9333, #9335, .T.);
#9339 = EDGE_CURVE('', #9333, #9331, #9336, .T.);
#9340 = ORIENTED_EDGE('', *, *, #9337, .T.);
#9341 = ORIENTED_EDGE('', *, *, #9338, .T.);
#9342 = ORIENTED_EDGE('', *, *, #9339, .T.);
#9343 = EDGE_LOOP('', (#9340, #9341, #9342));
#9344 = FACE_BOUND('', #9343, .T.);

/* ==== Hole 549 (row 18, col 8) CW ==== */
#9345 = CARTESIAN_POINT('', (29.000, 59.000, 0.0));
#9346 = CARTESIAN_POINT('', (29.000, 62.000, 0.0));
#9347 = CARTESIAN_POINT('', (32.000, 60.500, 0.0));
#9348 = VERTEX_POINT('', #9345);
#9349 = VERTEX_POINT('', #9346);
#9350 = VERTEX_POINT('', #9347);
#9351 = LINE('', #9345, #6);
#9352 = LINE('', #9346, #6);
#9353 = LINE('', #9347, #6);
#9354 = EDGE_CURVE('', #9348, #9349, #9351, .T.);
#9355 = EDGE_CURVE('', #9349, #9350, #9352, .T.);
#9356 = EDGE_CURVE('', #9350, #9348, #9353, .T.);
#9357 = ORIENTED_EDGE('', *, *, #9354, .T.);
#9358 = ORIENTED_EDGE('', *, *, #9355, .T.);
#9359 = ORIENTED_EDGE('', *, *, #9356, .T.);
#9360 = EDGE_LOOP('', (#9357, #9358, #9359));
#9361 = FACE_BOUND('', #9360, .T.);

/* ==== Hole 550 (row 18, col 9) CW ==== */
#9362 = CARTESIAN_POINT('', (32.000, 59.000, 0.0));
#9363 = CARTESIAN_POINT('', (32.000, 62.000, 0.0));
#9364 = CARTESIAN_POINT('', (35.000, 60.500, 0.0));
#9365 = VERTEX_POINT('', #9362);
#9366 = VERTEX_POINT('', #9363);
#9367 = VERTEX_POINT('', #9364);
#9368 = LINE('', #9362, #6);
#9369 = LINE('', #9363, #6);
#9370 = LINE('', #9364, #6);
#9371 = EDGE_CURVE('', #9365, #9366, #9368, .T.);
#9372 = EDGE_CURVE('', #9366, #9367, #9369, .T.);
#9373 = EDGE_CURVE('', #9367, #9365, #9370, .T.);
#9374 = ORIENTED_EDGE('', *, *, #9371, .T.);
#9375 = ORIENTED_EDGE('', *, *, #9372, .T.);
#9376 = ORIENTED_EDGE('', *, *, #9373, .T.);
#9377 = EDGE_LOOP('', (#9374, #9375, #9376));
#9378 = FACE_BOUND('', #9377, .T.);

/* ==== Hole 551 (row 18, col 10) CW ==== */
#9379 = CARTESIAN_POINT('', (35.000, 59.000, 0.0));
#9380 = CARTESIAN_POINT('', (35.000, 62.000, 0.0));
#9381 = CARTESIAN_POINT('', (38.000, 60.500, 0.0));
#9382 = VERTEX_POINT('', #9379);
#9383 = VERTEX_POINT('', #9380);
#9384 = VERTEX_POINT('', #9381);
#9385 = LINE('', #9379, #6);
#9386 = LINE('', #9380, #6);
#9387 = LINE('', #9381, #6);
#9388 = EDGE_CURVE('', #9382, #9383, #9385, .T.);
#9389 = EDGE_CURVE('', #9383, #9384, #9386, .T.);
#9390 = EDGE_CURVE('', #9384, #9382, #9387, .T.);
#9391 = ORIENTED_EDGE('', *, *, #9388, .T.);
#9392 = ORIENTED_EDGE('', *, *, #9389, .T.);
#9393 = ORIENTED_EDGE('', *, *, #9390, .T.);
#9394 = EDGE_LOOP('', (#9391, #9392, #9393));
#9395 = FACE_BOUND('', #9394, .T.);

/* ==== Hole 552 (row 18, col 11) CW ==== */
#9396 = CARTESIAN_POINT('', (38.000, 59.000, 0.0));
#9397 = CARTESIAN_POINT('', (38.000, 62.000, 0.0));
#9398 = CARTESIAN_POINT('', (41.000, 60.500, 0.0));
#9399 = VERTEX_POINT('', #9396);
#9400 = VERTEX_POINT('', #9397);
#9401 = VERTEX_POINT('', #9398);
#9402 = LINE('', #9396, #6);
#9403 = LINE('', #9397, #6);
#9404 = LINE('', #9398, #6);
#9405 = EDGE_CURVE('', #9399, #9400, #9402, .T.);
#9406 = EDGE_CURVE('', #9400, #9401, #9403, .T.);
#9407 = EDGE_CURVE('', #9401, #9399, #9404, .T.);
#9408 = ORIENTED_EDGE('', *, *, #9405, .T.);
#9409 = ORIENTED_EDGE('', *, *, #9406, .T.);
#9410 = ORIENTED_EDGE('', *, *, #9407, .T.);
#9411 = EDGE_LOOP('', (#9408, #9409, #9410));
#9412 = FACE_BOUND('', #9411, .T.);

/* ==== Hole 553 (row 18, col 12) CW ==== */
#9413 = CARTESIAN_POINT('', (41.000, 59.000, 0.0));
#9414 = CARTESIAN_POINT('', (41.000, 62.000, 0.0));
#9415 = CARTESIAN_POINT('', (44.000, 60.500, 0.0));
#9416 = VERTEX_POINT('', #9413);
#9417 = VERTEX_POINT('', #9414);
#9418 = VERTEX_POINT('', #9415);
#9419 = LINE('', #9413, #6);
#9420 = LINE('', #9414, #6);
#9421 = LINE('', #9415, #6);
#9422 = EDGE_CURVE('', #9416, #9417, #9419, .T.);
#9423 = EDGE_CURVE('', #9417, #9418, #9420, .T.);
#9424 = EDGE_CURVE('', #9418, #9416, #9421, .T.);
#9425 = ORIENTED_EDGE('', *, *, #9422, .T.);
#9426 = ORIENTED_EDGE('', *, *, #9423, .T.);
#9427 = ORIENTED_EDGE('', *, *, #9424, .T.);
#9428 = EDGE_LOOP('', (#9425, #9426, #9427));
#9429 = FACE_BOUND('', #9428, .T.);

/* ==== Hole 554 (row 18, col 13) CW ==== */
#9430 = CARTESIAN_POINT('', (44.000, 59.000, 0.0));
#9431 = CARTESIAN_POINT('', (44.000, 62.000, 0.0));
#9432 = CARTESIAN_POINT('', (47.000, 60.500, 0.0));
#9433 = VERTEX_POINT('', #9430);
#9434 = VERTEX_POINT('', #9431);
#9435 = VERTEX_POINT('', #9432);
#9436 = LINE('', #9430, #6);
#9437 = LINE('', #9431, #6);
#9438 = LINE('', #9432, #6);
#9439 = EDGE_CURVE('', #9433, #9434, #9436, .T.);
#9440 = EDGE_CURVE('', #9434, #9435, #9437, .T.);
#9441 = EDGE_CURVE('', #9435, #9433, #9438, .T.);
#9442 = ORIENTED_EDGE('', *, *, #9439, .T.);
#9443 = ORIENTED_EDGE('', *, *, #9440, .T.);
#9444 = ORIENTED_EDGE('', *, *, #9441, .T.);
#9445 = EDGE_LOOP('', (#9442, #9443, #9444));
#9446 = FACE_BOUND('', #9445, .T.);

/* ==== Hole 555 (row 18, col 14) CW ==== */
#9447 = CARTESIAN_POINT('', (47.000, 59.000, 0.0));
#9448 = CARTESIAN_POINT('', (47.000, 62.000, 0.0));
#9449 = CARTESIAN_POINT('', (50.000, 60.500, 0.0));
#9450 = VERTEX_POINT('', #9447);
#9451 = VERTEX_POINT('', #9448);
#9452 = VERTEX_POINT('', #9449);
#9453 = LINE('', #9447, #6);
#9454 = LINE('', #9448, #6);
#9455 = LINE('', #9449, #6);
#9456 = EDGE_CURVE('', #9450, #9451, #9453, .T.);
#9457 = EDGE_CURVE('', #9451, #9452, #9454, .T.);
#9458 = EDGE_CURVE('', #9452, #9450, #9455, .T.);
#9459 = ORIENTED_EDGE('', *, *, #9456, .T.);
#9460 = ORIENTED_EDGE('', *, *, #9457, .T.);
#9461 = ORIENTED_EDGE('', *, *, #9458, .T.);
#9462 = EDGE_LOOP('', (#9459, #9460, #9461));
#9463 = FACE_BOUND('', #9462, .T.);

/* ==== Hole 556 (row 18, col 15) CW ==== */
#9464 = CARTESIAN_POINT('', (50.000, 59.000, 0.0));
#9465 = CARTESIAN_POINT('', (50.000, 62.000, 0.0));
#9466 = CARTESIAN_POINT('', (53.000, 60.500, 0.0));
#9467 = VERTEX_POINT('', #9464);
#9468 = VERTEX_POINT('', #9465);
#9469 = VERTEX_POINT('', #9466);
#9470 = LINE('', #9464, #6);
#9471 = LINE('', #9465, #6);
#9472 = LINE('', #9466, #6);
#9473 = EDGE_CURVE('', #9467, #9468, #9470, .T.);
#9474 = EDGE_CURVE('', #9468, #9469, #9471, .T.);
#9475 = EDGE_CURVE('', #9469, #9467, #9472, .T.);
#9476 = ORIENTED_EDGE('', *, *, #9473, .T.);
#9477 = ORIENTED_EDGE('', *, *, #9474, .T.);
#9478 = ORIENTED_EDGE('', *, *, #9475, .T.);
#9479 = EDGE_LOOP('', (#9476, #9477, #9478));
#9480 = FACE_BOUND('', #9479, .T.);

/* ==== Hole 557 (row 18, col 16) CW ==== */
#9481 = CARTESIAN_POINT('', (53.000, 59.000, 0.0));
#9482 = CARTESIAN_POINT('', (53.000, 62.000, 0.0));
#9483 = CARTESIAN_POINT('', (56.000, 60.500, 0.0));
#9484 = VERTEX_POINT('', #9481);
#9485 = VERTEX_POINT('', #9482);
#9486 = VERTEX_POINT('', #9483);
#9487 = LINE('', #9481, #6);
#9488 = LINE('', #9482, #6);
#9489 = LINE('', #9483, #6);
#9490 = EDGE_CURVE('', #9484, #9485, #9487, .T.);
#9491 = EDGE_CURVE('', #9485, #9486, #9488, .T.);
#9492 = EDGE_CURVE('', #9486, #9484, #9489, .T.);
#9493 = ORIENTED_EDGE('', *, *, #9490, .T.);
#9494 = ORIENTED_EDGE('', *, *, #9491, .T.);
#9495 = ORIENTED_EDGE('', *, *, #9492, .T.);
#9496 = EDGE_LOOP('', (#9493, #9494, #9495));
#9497 = FACE_BOUND('', #9496, .T.);

/* ==== Hole 558 (row 18, col 17) CW ==== */
#9498 = CARTESIAN_POINT('', (56.000, 59.000, 0.0));
#9499 = CARTESIAN_POINT('', (56.000, 62.000, 0.0));
#9500 = CARTESIAN_POINT('', (59.000, 60.500, 0.0));
#9501 = VERTEX_POINT('', #9498);
#9502 = VERTEX_POINT('', #9499);
#9503 = VERTEX_POINT('', #9500);
#9504 = LINE('', #9498, #6);
#9505 = LINE('', #9499, #6);
#9506 = LINE('', #9500, #6);
#9507 = EDGE_CURVE('', #9501, #9502, #9504, .T.);
#9508 = EDGE_CURVE('', #9502, #9503, #9505, .T.);
#9509 = EDGE_CURVE('', #9503, #9501, #9506, .T.);
#9510 = ORIENTED_EDGE('', *, *, #9507, .T.);
#9511 = ORIENTED_EDGE('', *, *, #9508, .T.);
#9512 = ORIENTED_EDGE('', *, *, #9509, .T.);
#9513 = EDGE_LOOP('', (#9510, #9511, #9512));
#9514 = FACE_BOUND('', #9513, .T.);

/* ==== Hole 559 (row 18, col 18) CW ==== */
#9515 = CARTESIAN_POINT('', (59.000, 59.000, 0.0));
#9516 = CARTESIAN_POINT('', (59.000, 62.000, 0.0));
#9517 = CARTESIAN_POINT('', (62.000, 60.500, 0.0));
#9518 = VERTEX_POINT('', #9515);
#9519 = VERTEX_POINT('', #9516);
#9520 = VERTEX_POINT('', #9517);
#9521 = LINE('', #9515, #6);
#9522 = LINE('', #9516, #6);
#9523 = LINE('', #9517, #6);
#9524 = EDGE_CURVE('', #9518, #9519, #9521, .T.);
#9525 = EDGE_CURVE('', #9519, #9520, #9522, .T.);
#9526 = EDGE_CURVE('', #9520, #9518, #9523, .T.);
#9527 = ORIENTED_EDGE('', *, *, #9524, .T.);
#9528 = ORIENTED_EDGE('', *, *, #9525, .T.);
#9529 = ORIENTED_EDGE('', *, *, #9526, .T.);
#9530 = EDGE_LOOP('', (#9527, #9528, #9529));
#9531 = FACE_BOUND('', #9530, .T.);

/* ==== Hole 560 (row 18, col 19) CW ==== */
#9532 = CARTESIAN_POINT('', (62.000, 59.000, 0.0));
#9533 = CARTESIAN_POINT('', (62.000, 62.000, 0.0));
#9534 = CARTESIAN_POINT('', (65.000, 60.500, 0.0));
#9535 = VERTEX_POINT('', #9532);
#9536 = VERTEX_POINT('', #9533);
#9537 = VERTEX_POINT('', #9534);
#9538 = LINE('', #9532, #6);
#9539 = LINE('', #9533, #6);
#9540 = LINE('', #9534, #6);
#9541 = EDGE_CURVE('', #9535, #9536, #9538, .T.);
#9542 = EDGE_CURVE('', #9536, #9537, #9539, .T.);
#9543 = EDGE_CURVE('', #9537, #9535, #9540, .T.);
#9544 = ORIENTED_EDGE('', *, *, #9541, .T.);
#9545 = ORIENTED_EDGE('', *, *, #9542, .T.);
#9546 = ORIENTED_EDGE('', *, *, #9543, .T.);
#9547 = EDGE_LOOP('', (#9544, #9545, #9546));
#9548 = FACE_BOUND('', #9547, .T.);

/* ==== Hole 561 (row 18, col 20) CW ==== */
#9549 = CARTESIAN_POINT('', (65.000, 59.000, 0.0));
#9550 = CARTESIAN_POINT('', (65.000, 62.000, 0.0));
#9551 = CARTESIAN_POINT('', (68.000, 60.500, 0.0));
#9552 = VERTEX_POINT('', #9549);
#9553 = VERTEX_POINT('', #9550);
#9554 = VERTEX_POINT('', #9551);
#9555 = LINE('', #9549, #6);
#9556 = LINE('', #9550, #6);
#9557 = LINE('', #9551, #6);
#9558 = EDGE_CURVE('', #9552, #9553, #9555, .T.);
#9559 = EDGE_CURVE('', #9553, #9554, #9556, .T.);
#9560 = EDGE_CURVE('', #9554, #9552, #9557, .T.);
#9561 = ORIENTED_EDGE('', *, *, #9558, .T.);
#9562 = ORIENTED_EDGE('', *, *, #9559, .T.);
#9563 = ORIENTED_EDGE('', *, *, #9560, .T.);
#9564 = EDGE_LOOP('', (#9561, #9562, #9563));
#9565 = FACE_BOUND('', #9564, .T.);

/* ==== Hole 562 (row 18, col 21) CW ==== */
#9566 = CARTESIAN_POINT('', (68.000, 59.000, 0.0));
#9567 = CARTESIAN_POINT('', (68.000, 62.000, 0.0));
#9568 = CARTESIAN_POINT('', (71.000, 60.500, 0.0));
#9569 = VERTEX_POINT('', #9566);
#9570 = VERTEX_POINT('', #9567);
#9571 = VERTEX_POINT('', #9568);
#9572 = LINE('', #9566, #6);
#9573 = LINE('', #9567, #6);
#9574 = LINE('', #9568, #6);
#9575 = EDGE_CURVE('', #9569, #9570, #9572, .T.);
#9576 = EDGE_CURVE('', #9570, #9571, #9573, .T.);
#9577 = EDGE_CURVE('', #9571, #9569, #9574, .T.);
#9578 = ORIENTED_EDGE('', *, *, #9575, .T.);
#9579 = ORIENTED_EDGE('', *, *, #9576, .T.);
#9580 = ORIENTED_EDGE('', *, *, #9577, .T.);
#9581 = EDGE_LOOP('', (#9578, #9579, #9580));
#9582 = FACE_BOUND('', #9581, .T.);

/* ==== Hole 563 (row 18, col 22) CW ==== */
#9583 = CARTESIAN_POINT('', (71.000, 59.000, 0.0));
#9584 = CARTESIAN_POINT('', (71.000, 62.000, 0.0));
#9585 = CARTESIAN_POINT('', (74.000, 60.500, 0.0));
#9586 = VERTEX_POINT('', #9583);
#9587 = VERTEX_POINT('', #9584);
#9588 = VERTEX_POINT('', #9585);
#9589 = LINE('', #9583, #6);
#9590 = LINE('', #9584, #6);
#9591 = LINE('', #9585, #6);
#9592 = EDGE_CURVE('', #9586, #9587, #9589, .T.);
#9593 = EDGE_CURVE('', #9587, #9588, #9590, .T.);
#9594 = EDGE_CURVE('', #9588, #9586, #9591, .T.);
#9595 = ORIENTED_EDGE('', *, *, #9592, .T.);
#9596 = ORIENTED_EDGE('', *, *, #9593, .T.);
#9597 = ORIENTED_EDGE('', *, *, #9594, .T.);
#9598 = EDGE_LOOP('', (#9595, #9596, #9597));
#9599 = FACE_BOUND('', #9598, .T.);

/* ==== Hole 564 (row 18, col 23) CW ==== */
#9600 = CARTESIAN_POINT('', (74.000, 59.000, 0.0));
#9601 = CARTESIAN_POINT('', (74.000, 62.000, 0.0));
#9602 = CARTESIAN_POINT('', (77.000, 60.500, 0.0));
#9603 = VERTEX_POINT('', #9600);
#9604 = VERTEX_POINT('', #9601);
#9605 = VERTEX_POINT('', #9602);
#9606 = LINE('', #9600, #6);
#9607 = LINE('', #9601, #6);
#9608 = LINE('', #9602, #6);
#9609 = EDGE_CURVE('', #9603, #9604, #9606, .T.);
#9610 = EDGE_CURVE('', #9604, #9605, #9607, .T.);
#9611 = EDGE_CURVE('', #9605, #9603, #9608, .T.);
#9612 = ORIENTED_EDGE('', *, *, #9609, .T.);
#9613 = ORIENTED_EDGE('', *, *, #9610, .T.);
#9614 = ORIENTED_EDGE('', *, *, #9611, .T.);
#9615 = EDGE_LOOP('', (#9612, #9613, #9614));
#9616 = FACE_BOUND('', #9615, .T.);

/* ==== Hole 565 (row 18, col 24) CW ==== */
#9617 = CARTESIAN_POINT('', (77.000, 59.000, 0.0));
#9618 = CARTESIAN_POINT('', (77.000, 62.000, 0.0));
#9619 = CARTESIAN_POINT('', (80.000, 60.500, 0.0));
#9620 = VERTEX_POINT('', #9617);
#9621 = VERTEX_POINT('', #9618);
#9622 = VERTEX_POINT('', #9619);
#9623 = LINE('', #9617, #6);
#9624 = LINE('', #9618, #6);
#9625 = LINE('', #9619, #6);
#9626 = EDGE_CURVE('', #9620, #9621, #9623, .T.);
#9627 = EDGE_CURVE('', #9621, #9622, #9624, .T.);
#9628 = EDGE_CURVE('', #9622, #9620, #9625, .T.);
#9629 = ORIENTED_EDGE('', *, *, #9626, .T.);
#9630 = ORIENTED_EDGE('', *, *, #9627, .T.);
#9631 = ORIENTED_EDGE('', *, *, #9628, .T.);
#9632 = EDGE_LOOP('', (#9629, #9630, #9631));
#9633 = FACE_BOUND('', #9632, .T.);

/* ==== Hole 566 (row 18, col 25) CW ==== */
#9634 = CARTESIAN_POINT('', (80.000, 59.000, 0.0));
#9635 = CARTESIAN_POINT('', (80.000, 62.000, 0.0));
#9636 = CARTESIAN_POINT('', (83.000, 60.500, 0.0));
#9637 = VERTEX_POINT('', #9634);
#9638 = VERTEX_POINT('', #9635);
#9639 = VERTEX_POINT('', #9636);
#9640 = LINE('', #9634, #6);
#9641 = LINE('', #9635, #6);
#9642 = LINE('', #9636, #6);
#9643 = EDGE_CURVE('', #9637, #9638, #9640, .T.);
#9644 = EDGE_CURVE('', #9638, #9639, #9641, .T.);
#9645 = EDGE_CURVE('', #9639, #9637, #9642, .T.);
#9646 = ORIENTED_EDGE('', *, *, #9643, .T.);
#9647 = ORIENTED_EDGE('', *, *, #9644, .T.);
#9648 = ORIENTED_EDGE('', *, *, #9645, .T.);
#9649 = EDGE_LOOP('', (#9646, #9647, #9648));
#9650 = FACE_BOUND('', #9649, .T.);

/* ==== Hole 567 (row 18, col 26) CW ==== */
#9651 = CARTESIAN_POINT('', (83.000, 59.000, 0.0));
#9652 = CARTESIAN_POINT('', (83.000, 62.000, 0.0));
#9653 = CARTESIAN_POINT('', (86.000, 60.500, 0.0));
#9654 = VERTEX_POINT('', #9651);
#9655 = VERTEX_POINT('', #9652);
#9656 = VERTEX_POINT('', #9653);
#9657 = LINE('', #9651, #6);
#9658 = LINE('', #9652, #6);
#9659 = LINE('', #9653, #6);
#9660 = EDGE_CURVE('', #9654, #9655, #9657, .T.);
#9661 = EDGE_CURVE('', #9655, #9656, #9658, .T.);
#9662 = EDGE_CURVE('', #9656, #9654, #9659, .T.);
#9663 = ORIENTED_EDGE('', *, *, #9660, .T.);
#9664 = ORIENTED_EDGE('', *, *, #9661, .T.);
#9665 = ORIENTED_EDGE('', *, *, #9662, .T.);
#9666 = EDGE_LOOP('', (#9663, #9664, #9665));
#9667 = FACE_BOUND('', #9666, .T.);

/* ==== Hole 568 (row 18, col 27) CW ==== */
#9668 = CARTESIAN_POINT('', (86.000, 59.000, 0.0));
#9669 = CARTESIAN_POINT('', (86.000, 62.000, 0.0));
#9670 = CARTESIAN_POINT('', (89.000, 60.500, 0.0));
#9671 = VERTEX_POINT('', #9668);
#9672 = VERTEX_POINT('', #9669);
#9673 = VERTEX_POINT('', #9670);
#9674 = LINE('', #9668, #6);
#9675 = LINE('', #9669, #6);
#9676 = LINE('', #9670, #6);
#9677 = EDGE_CURVE('', #9671, #9672, #9674, .T.);
#9678 = EDGE_CURVE('', #9672, #9673, #9675, .T.);
#9679 = EDGE_CURVE('', #9673, #9671, #9676, .T.);
#9680 = ORIENTED_EDGE('', *, *, #9677, .T.);
#9681 = ORIENTED_EDGE('', *, *, #9678, .T.);
#9682 = ORIENTED_EDGE('', *, *, #9679, .T.);
#9683 = EDGE_LOOP('', (#9680, #9681, #9682));
#9684 = FACE_BOUND('', #9683, .T.);

/* ==== Hole 569 (row 18, col 28) CW ==== */
#9685 = CARTESIAN_POINT('', (89.000, 59.000, 0.0));
#9686 = CARTESIAN_POINT('', (89.000, 62.000, 0.0));
#9687 = CARTESIAN_POINT('', (92.000, 60.500, 0.0));
#9688 = VERTEX_POINT('', #9685);
#9689 = VERTEX_POINT('', #9686);
#9690 = VERTEX_POINT('', #9687);
#9691 = LINE('', #9685, #6);
#9692 = LINE('', #9686, #6);
#9693 = LINE('', #9687, #6);
#9694 = EDGE_CURVE('', #9688, #9689, #9691, .T.);
#9695 = EDGE_CURVE('', #9689, #9690, #9692, .T.);
#9696 = EDGE_CURVE('', #9690, #9688, #9693, .T.);
#9697 = ORIENTED_EDGE('', *, *, #9694, .T.);
#9698 = ORIENTED_EDGE('', *, *, #9695, .T.);
#9699 = ORIENTED_EDGE('', *, *, #9696, .T.);
#9700 = EDGE_LOOP('', (#9697, #9698, #9699));
#9701 = FACE_BOUND('', #9700, .T.);

/* ==== Hole 570 (row 18, col 29) CW ==== */
#9702 = CARTESIAN_POINT('', (92.000, 59.000, 0.0));
#9703 = CARTESIAN_POINT('', (92.000, 62.000, 0.0));
#9704 = CARTESIAN_POINT('', (95.000, 60.500, 0.0));
#9705 = VERTEX_POINT('', #9702);
#9706 = VERTEX_POINT('', #9703);
#9707 = VERTEX_POINT('', #9704);
#9708 = LINE('', #9702, #6);
#9709 = LINE('', #9703, #6);
#9710 = LINE('', #9704, #6);
#9711 = EDGE_CURVE('', #9705, #9706, #9708, .T.);
#9712 = EDGE_CURVE('', #9706, #9707, #9709, .T.);
#9713 = EDGE_CURVE('', #9707, #9705, #9710, .T.);
#9714 = ORIENTED_EDGE('', *, *, #9711, .T.);
#9715 = ORIENTED_EDGE('', *, *, #9712, .T.);
#9716 = ORIENTED_EDGE('', *, *, #9713, .T.);
#9717 = EDGE_LOOP('', (#9714, #9715, #9716));
#9718 = FACE_BOUND('', #9717, .T.);

/* ==== Hole 571 (row 19, col 0) CW ==== */
#9719 = CARTESIAN_POINT('', (5.000, 62.000, 0.0));
#9720 = CARTESIAN_POINT('', (5.000, 65.000, 0.0));
#9721 = CARTESIAN_POINT('', (8.000, 63.500, 0.0));
#9722 = VERTEX_POINT('', #9719);
#9723 = VERTEX_POINT('', #9720);
#9724 = VERTEX_POINT('', #9721);
#9725 = LINE('', #9719, #6);
#9726 = LINE('', #9720, #6);
#9727 = LINE('', #9721, #6);
#9728 = EDGE_CURVE('', #9722, #9723, #9725, .T.);
#9729 = EDGE_CURVE('', #9723, #9724, #9726, .T.);
#9730 = EDGE_CURVE('', #9724, #9722, #9727, .T.);
#9731 = ORIENTED_EDGE('', *, *, #9728, .T.);
#9732 = ORIENTED_EDGE('', *, *, #9729, .T.);
#9733 = ORIENTED_EDGE('', *, *, #9730, .T.);
#9734 = EDGE_LOOP('', (#9731, #9732, #9733));
#9735 = FACE_BOUND('', #9734, .T.);

/* ==== Hole 572 (row 19, col 1) CW ==== */
#9736 = CARTESIAN_POINT('', (8.000, 62.000, 0.0));
#9737 = CARTESIAN_POINT('', (8.000, 65.000, 0.0));
#9738 = CARTESIAN_POINT('', (11.000, 63.500, 0.0));
#9739 = VERTEX_POINT('', #9736);
#9740 = VERTEX_POINT('', #9737);
#9741 = VERTEX_POINT('', #9738);
#9742 = LINE('', #9736, #6);
#9743 = LINE('', #9737, #6);
#9744 = LINE('', #9738, #6);
#9745 = EDGE_CURVE('', #9739, #9740, #9742, .T.);
#9746 = EDGE_CURVE('', #9740, #9741, #9743, .T.);
#9747 = EDGE_CURVE('', #9741, #9739, #9744, .T.);
#9748 = ORIENTED_EDGE('', *, *, #9745, .T.);
#9749 = ORIENTED_EDGE('', *, *, #9746, .T.);
#9750 = ORIENTED_EDGE('', *, *, #9747, .T.);
#9751 = EDGE_LOOP('', (#9748, #9749, #9750));
#9752 = FACE_BOUND('', #9751, .T.);

/* ==== Hole 573 (row 19, col 2) CW ==== */
#9753 = CARTESIAN_POINT('', (11.000, 62.000, 0.0));
#9754 = CARTESIAN_POINT('', (11.000, 65.000, 0.0));
#9755 = CARTESIAN_POINT('', (14.000, 63.500, 0.0));
#9756 = VERTEX_POINT('', #9753);
#9757 = VERTEX_POINT('', #9754);
#9758 = VERTEX_POINT('', #9755);
#9759 = LINE('', #9753, #6);
#9760 = LINE('', #9754, #6);
#9761 = LINE('', #9755, #6);
#9762 = EDGE_CURVE('', #9756, #9757, #9759, .T.);
#9763 = EDGE_CURVE('', #9757, #9758, #9760, .T.);
#9764 = EDGE_CURVE('', #9758, #9756, #9761, .T.);
#9765 = ORIENTED_EDGE('', *, *, #9762, .T.);
#9766 = ORIENTED_EDGE('', *, *, #9763, .T.);
#9767 = ORIENTED_EDGE('', *, *, #9764, .T.);
#9768 = EDGE_LOOP('', (#9765, #9766, #9767));
#9769 = FACE_BOUND('', #9768, .T.);

/* ==== Hole 574 (row 19, col 3) CW ==== */
#9770 = CARTESIAN_POINT('', (14.000, 62.000, 0.0));
#9771 = CARTESIAN_POINT('', (14.000, 65.000, 0.0));
#9772 = CARTESIAN_POINT('', (17.000, 63.500, 0.0));
#9773 = VERTEX_POINT('', #9770);
#9774 = VERTEX_POINT('', #9771);
#9775 = VERTEX_POINT('', #9772);
#9776 = LINE('', #9770, #6);
#9777 = LINE('', #9771, #6);
#9778 = LINE('', #9772, #6);
#9779 = EDGE_CURVE('', #9773, #9774, #9776, .T.);
#9780 = EDGE_CURVE('', #9774, #9775, #9777, .T.);
#9781 = EDGE_CURVE('', #9775, #9773, #9778, .T.);
#9782 = ORIENTED_EDGE('', *, *, #9779, .T.);
#9783 = ORIENTED_EDGE('', *, *, #9780, .T.);
#9784 = ORIENTED_EDGE('', *, *, #9781, .T.);
#9785 = EDGE_LOOP('', (#9782, #9783, #9784));
#9786 = FACE_BOUND('', #9785, .T.);

/* ==== Hole 575 (row 19, col 4) CW ==== */
#9787 = CARTESIAN_POINT('', (17.000, 62.000, 0.0));
#9788 = CARTESIAN_POINT('', (17.000, 65.000, 0.0));
#9789 = CARTESIAN_POINT('', (20.000, 63.500, 0.0));
#9790 = VERTEX_POINT('', #9787);
#9791 = VERTEX_POINT('', #9788);
#9792 = VERTEX_POINT('', #9789);
#9793 = LINE('', #9787, #6);
#9794 = LINE('', #9788, #6);
#9795 = LINE('', #9789, #6);
#9796 = EDGE_CURVE('', #9790, #9791, #9793, .T.);
#9797 = EDGE_CURVE('', #9791, #9792, #9794, .T.);
#9798 = EDGE_CURVE('', #9792, #9790, #9795, .T.);
#9799 = ORIENTED_EDGE('', *, *, #9796, .T.);
#9800 = ORIENTED_EDGE('', *, *, #9797, .T.);
#9801 = ORIENTED_EDGE('', *, *, #9798, .T.);
#9802 = EDGE_LOOP('', (#9799, #9800, #9801));
#9803 = FACE_BOUND('', #9802, .T.);

/* ==== Hole 576 (row 19, col 5) CW ==== */
#9804 = CARTESIAN_POINT('', (20.000, 62.000, 0.0));
#9805 = CARTESIAN_POINT('', (20.000, 65.000, 0.0));
#9806 = CARTESIAN_POINT('', (23.000, 63.500, 0.0));
#9807 = VERTEX_POINT('', #9804);
#9808 = VERTEX_POINT('', #9805);
#9809 = VERTEX_POINT('', #9806);
#9810 = LINE('', #9804, #6);
#9811 = LINE('', #9805, #6);
#9812 = LINE('', #9806, #6);
#9813 = EDGE_CURVE('', #9807, #9808, #9810, .T.);
#9814 = EDGE_CURVE('', #9808, #9809, #9811, .T.);
#9815 = EDGE_CURVE('', #9809, #9807, #9812, .T.);
#9816 = ORIENTED_EDGE('', *, *, #9813, .T.);
#9817 = ORIENTED_EDGE('', *, *, #9814, .T.);
#9818 = ORIENTED_EDGE('', *, *, #9815, .T.);
#9819 = EDGE_LOOP('', (#9816, #9817, #9818));
#9820 = FACE_BOUND('', #9819, .T.);

/* ==== Hole 577 (row 19, col 6) CW ==== */
#9821 = CARTESIAN_POINT('', (23.000, 62.000, 0.0));
#9822 = CARTESIAN_POINT('', (23.000, 65.000, 0.0));
#9823 = CARTESIAN_POINT('', (26.000, 63.500, 0.0));
#9824 = VERTEX_POINT('', #9821);
#9825 = VERTEX_POINT('', #9822);
#9826 = VERTEX_POINT('', #9823);
#9827 = LINE('', #9821, #6);
#9828 = LINE('', #9822, #6);
#9829 = LINE('', #9823, #6);
#9830 = EDGE_CURVE('', #9824, #9825, #9827, .T.);
#9831 = EDGE_CURVE('', #9825, #9826, #9828, .T.);
#9832 = EDGE_CURVE('', #9826, #9824, #9829, .T.);
#9833 = ORIENTED_EDGE('', *, *, #9830, .T.);
#9834 = ORIENTED_EDGE('', *, *, #9831, .T.);
#9835 = ORIENTED_EDGE('', *, *, #9832, .T.);
#9836 = EDGE_LOOP('', (#9833, #9834, #9835));
#9837 = FACE_BOUND('', #9836, .T.);

/* ==== Hole 578 (row 19, col 7) CW ==== */
#9838 = CARTESIAN_POINT('', (26.000, 62.000, 0.0));
#9839 = CARTESIAN_POINT('', (26.000, 65.000, 0.0));
#9840 = CARTESIAN_POINT('', (29.000, 63.500, 0.0));
#9841 = VERTEX_POINT('', #9838);
#9842 = VERTEX_POINT('', #9839);
#9843 = VERTEX_POINT('', #9840);
#9844 = LINE('', #9838, #6);
#9845 = LINE('', #9839, #6);
#9846 = LINE('', #9840, #6);
#9847 = EDGE_CURVE('', #9841, #9842, #9844, .T.);
#9848 = EDGE_CURVE('', #9842, #9843, #9845, .T.);
#9849 = EDGE_CURVE('', #9843, #9841, #9846, .T.);
#9850 = ORIENTED_EDGE('', *, *, #9847, .T.);
#9851 = ORIENTED_EDGE('', *, *, #9848, .T.);
#9852 = ORIENTED_EDGE('', *, *, #9849, .T.);
#9853 = EDGE_LOOP('', (#9850, #9851, #9852));
#9854 = FACE_BOUND('', #9853, .T.);

/* ==== Hole 579 (row 19, col 8) CW ==== */
#9855 = CARTESIAN_POINT('', (29.000, 62.000, 0.0));
#9856 = CARTESIAN_POINT('', (29.000, 65.000, 0.0));
#9857 = CARTESIAN_POINT('', (32.000, 63.500, 0.0));
#9858 = VERTEX_POINT('', #9855);
#9859 = VERTEX_POINT('', #9856);
#9860 = VERTEX_POINT('', #9857);
#9861 = LINE('', #9855, #6);
#9862 = LINE('', #9856, #6);
#9863 = LINE('', #9857, #6);
#9864 = EDGE_CURVE('', #9858, #9859, #9861, .T.);
#9865 = EDGE_CURVE('', #9859, #9860, #9862, .T.);
#9866 = EDGE_CURVE('', #9860, #9858, #9863, .T.);
#9867 = ORIENTED_EDGE('', *, *, #9864, .T.);
#9868 = ORIENTED_EDGE('', *, *, #9865, .T.);
#9869 = ORIENTED_EDGE('', *, *, #9866, .T.);
#9870 = EDGE_LOOP('', (#9867, #9868, #9869));
#9871 = FACE_BOUND('', #9870, .T.);

/* ==== Hole 580 (row 19, col 9) CW ==== */
#9872 = CARTESIAN_POINT('', (32.000, 62.000, 0.0));
#9873 = CARTESIAN_POINT('', (32.000, 65.000, 0.0));
#9874 = CARTESIAN_POINT('', (35.000, 63.500, 0.0));
#9875 = VERTEX_POINT('', #9872);
#9876 = VERTEX_POINT('', #9873);
#9877 = VERTEX_POINT('', #9874);
#9878 = LINE('', #9872, #6);
#9879 = LINE('', #9873, #6);
#9880 = LINE('', #9874, #6);
#9881 = EDGE_CURVE('', #9875, #9876, #9878, .T.);
#9882 = EDGE_CURVE('', #9876, #9877, #9879, .T.);
#9883 = EDGE_CURVE('', #9877, #9875, #9880, .T.);
#9884 = ORIENTED_EDGE('', *, *, #9881, .T.);
#9885 = ORIENTED_EDGE('', *, *, #9882, .T.);
#9886 = ORIENTED_EDGE('', *, *, #9883, .T.);
#9887 = EDGE_LOOP('', (#9884, #9885, #9886));
#9888 = FACE_BOUND('', #9887, .T.);

/* ==== Hole 581 (row 19, col 10) CW ==== */
#9889 = CARTESIAN_POINT('', (35.000, 62.000, 0.0));
#9890 = CARTESIAN_POINT('', (35.000, 65.000, 0.0));
#9891 = CARTESIAN_POINT('', (38.000, 63.500, 0.0));
#9892 = VERTEX_POINT('', #9889);
#9893 = VERTEX_POINT('', #9890);
#9894 = VERTEX_POINT('', #9891);
#9895 = LINE('', #9889, #6);
#9896 = LINE('', #9890, #6);
#9897 = LINE('', #9891, #6);
#9898 = EDGE_CURVE('', #9892, #9893, #9895, .T.);
#9899 = EDGE_CURVE('', #9893, #9894, #9896, .T.);
#9900 = EDGE_CURVE('', #9894, #9892, #9897, .T.);
#9901 = ORIENTED_EDGE('', *, *, #9898, .T.);
#9902 = ORIENTED_EDGE('', *, *, #9899, .T.);
#9903 = ORIENTED_EDGE('', *, *, #9900, .T.);
#9904 = EDGE_LOOP('', (#9901, #9902, #9903));
#9905 = FACE_BOUND('', #9904, .T.);

/* ==== Hole 582 (row 19, col 11) CW ==== */
#9906 = CARTESIAN_POINT('', (38.000, 62.000, 0.0));
#9907 = CARTESIAN_POINT('', (38.000, 65.000, 0.0));
#9908 = CARTESIAN_POINT('', (41.000, 63.500, 0.0));
#9909 = VERTEX_POINT('', #9906);
#9910 = VERTEX_POINT('', #9907);
#9911 = VERTEX_POINT('', #9908);
#9912 = LINE('', #9906, #6);
#9913 = LINE('', #9907, #6);
#9914 = LINE('', #9908, #6);
#9915 = EDGE_CURVE('', #9909, #9910, #9912, .T.);
#9916 = EDGE_CURVE('', #9910, #9911, #9913, .T.);
#9917 = EDGE_CURVE('', #9911, #9909, #9914, .T.);
#9918 = ORIENTED_EDGE('', *, *, #9915, .T.);
#9919 = ORIENTED_EDGE('', *, *, #9916, .T.);
#9920 = ORIENTED_EDGE('', *, *, #9917, .T.);
#9921 = EDGE_LOOP('', (#9918, #9919, #9920));
#9922 = FACE_BOUND('', #9921, .T.);

/* ==== Hole 583 (row 19, col 12) CW ==== */
#9923 = CARTESIAN_POINT('', (41.000, 62.000, 0.0));
#9924 = CARTESIAN_POINT('', (41.000, 65.000, 0.0));
#9925 = CARTESIAN_POINT('', (44.000, 63.500, 0.0));
#9926 = VERTEX_POINT('', #9923);
#9927 = VERTEX_POINT('', #9924);
#9928 = VERTEX_POINT('', #9925);
#9929 = LINE('', #9923, #6);
#9930 = LINE('', #9924, #6);
#9931 = LINE('', #9925, #6);
#9932 = EDGE_CURVE('', #9926, #9927, #9929, .T.);
#9933 = EDGE_CURVE('', #9927, #9928, #9930, .T.);
#9934 = EDGE_CURVE('', #9928, #9926, #9931, .T.);
#9935 = ORIENTED_EDGE('', *, *, #9932, .T.);
#9936 = ORIENTED_EDGE('', *, *, #9933, .T.);
#9937 = ORIENTED_EDGE('', *, *, #9934, .T.);
#9938 = EDGE_LOOP('', (#9935, #9936, #9937));
#9939 = FACE_BOUND('', #9938, .T.);

/* ==== Hole 584 (row 19, col 13) CW ==== */
#9940 = CARTESIAN_POINT('', (44.000, 62.000, 0.0));
#9941 = CARTESIAN_POINT('', (44.000, 65.000, 0.0));
#9942 = CARTESIAN_POINT('', (47.000, 63.500, 0.0));
#9943 = VERTEX_POINT('', #9940);
#9944 = VERTEX_POINT('', #9941);
#9945 = VERTEX_POINT('', #9942);
#9946 = LINE('', #9940, #6);
#9947 = LINE('', #9941, #6);
#9948 = LINE('', #9942, #6);
#9949 = EDGE_CURVE('', #9943, #9944, #9946, .T.);
#9950 = EDGE_CURVE('', #9944, #9945, #9947, .T.);
#9951 = EDGE_CURVE('', #9945, #9943, #9948, .T.);
#9952 = ORIENTED_EDGE('', *, *, #9949, .T.);
#9953 = ORIENTED_EDGE('', *, *, #9950, .T.);
#9954 = ORIENTED_EDGE('', *, *, #9951, .T.);
#9955 = EDGE_LOOP('', (#9952, #9953, #9954));
#9956 = FACE_BOUND('', #9955, .T.);

/* ==== Hole 585 (row 19, col 14) CW ==== */
#9957 = CARTESIAN_POINT('', (47.000, 62.000, 0.0));
#9958 = CARTESIAN_POINT('', (47.000, 65.000, 0.0));
#9959 = CARTESIAN_POINT('', (50.000, 63.500, 0.0));
#9960 = VERTEX_POINT('', #9957);
#9961 = VERTEX_POINT('', #9958);
#9962 = VERTEX_POINT('', #9959);
#9963 = LINE('', #9957, #6);
#9964 = LINE('', #9958, #6);
#9965 = LINE('', #9959, #6);
#9966 = EDGE_CURVE('', #9960, #9961, #9963, .T.);
#9967 = EDGE_CURVE('', #9961, #9962, #9964, .T.);
#9968 = EDGE_CURVE('', #9962, #9960, #9965, .T.);
#9969 = ORIENTED_EDGE('', *, *, #9966, .T.);
#9970 = ORIENTED_EDGE('', *, *, #9967, .T.);
#9971 = ORIENTED_EDGE('', *, *, #9968, .T.);
#9972 = EDGE_LOOP('', (#9969, #9970, #9971));
#9973 = FACE_BOUND('', #9972, .T.);

/* ==== Hole 586 (row 19, col 15) CW ==== */
#9974 = CARTESIAN_POINT('', (50.000, 62.000, 0.0));
#9975 = CARTESIAN_POINT('', (50.000, 65.000, 0.0));
#9976 = CARTESIAN_POINT('', (53.000, 63.500, 0.0));
#9977 = VERTEX_POINT('', #9974);
#9978 = VERTEX_POINT('', #9975);
#9979 = VERTEX_POINT('', #9976);
#9980 = LINE('', #9974, #6);
#9981 = LINE('', #9975, #6);
#9982 = LINE('', #9976, #6);
#9983 = EDGE_CURVE('', #9977, #9978, #9980, .T.);
#9984 = EDGE_CURVE('', #9978, #9979, #9981, .T.);
#9985 = EDGE_CURVE('', #9979, #9977, #9982, .T.);
#9986 = ORIENTED_EDGE('', *, *, #9983, .T.);
#9987 = ORIENTED_EDGE('', *, *, #9984, .T.);
#9988 = ORIENTED_EDGE('', *, *, #9985, .T.);
#9989 = EDGE_LOOP('', (#9986, #9987, #9988));
#9990 = FACE_BOUND('', #9989, .T.);

/* ==== Hole 587 (row 19, col 16) CW ==== */
#9991 = CARTESIAN_POINT('', (53.000, 62.000, 0.0));
#9992 = CARTESIAN_POINT('', (53.000, 65.000, 0.0));
#9993 = CARTESIAN_POINT('', (56.000, 63.500, 0.0));
#9994 = VERTEX_POINT('', #9991);
#9995 = VERTEX_POINT('', #9992);
#9996 = VERTEX_POINT('', #9993);
#9997 = LINE('', #9991, #6);
#9998 = LINE('', #9992, #6);
#9999 = LINE('', #9993, #6);
#10000 = EDGE_CURVE('', #9994, #9995, #9997, .T.);
#10001 = EDGE_CURVE('', #9995, #9996, #9998, .T.);
#10002 = EDGE_CURVE('', #9996, #9994, #9999, .T.);
#10003 = ORIENTED_EDGE('', *, *, #10000, .T.);
#10004 = ORIENTED_EDGE('', *, *, #10001, .T.);
#10005 = ORIENTED_EDGE('', *, *, #10002, .T.);
#10006 = EDGE_LOOP('', (#10003, #10004, #10005));
#10007 = FACE_BOUND('', #10006, .T.);

/* ==== Hole 588 (row 19, col 17) CW ==== */
#10008 = CARTESIAN_POINT('', (56.000, 62.000, 0.0));
#10009 = CARTESIAN_POINT('', (56.000, 65.000, 0.0));
#10010 = CARTESIAN_POINT('', (59.000, 63.500, 0.0));
#10011 = VERTEX_POINT('', #10008);
#10012 = VERTEX_POINT('', #10009);
#10013 = VERTEX_POINT('', #10010);
#10014 = LINE('', #10008, #6);
#10015 = LINE('', #10009, #6);
#10016 = LINE('', #10010, #6);
#10017 = EDGE_CURVE('', #10011, #10012, #10014, .T.);
#10018 = EDGE_CURVE('', #10012, #10013, #10015, .T.);
#10019 = EDGE_CURVE('', #10013, #10011, #10016, .T.);
#10020 = ORIENTED_EDGE('', *, *, #10017, .T.);
#10021 = ORIENTED_EDGE('', *, *, #10018, .T.);
#10022 = ORIENTED_EDGE('', *, *, #10019, .T.);
#10023 = EDGE_LOOP('', (#10020, #10021, #10022));
#10024 = FACE_BOUND('', #10023, .T.);

/* ==== Hole 589 (row 19, col 18) CW ==== */
#10025 = CARTESIAN_POINT('', (59.000, 62.000, 0.0));
#10026 = CARTESIAN_POINT('', (59.000, 65.000, 0.0));
#10027 = CARTESIAN_POINT('', (62.000, 63.500, 0.0));
#10028 = VERTEX_POINT('', #10025);
#10029 = VERTEX_POINT('', #10026);
#10030 = VERTEX_POINT('', #10027);
#10031 = LINE('', #10025, #6);
#10032 = LINE('', #10026, #6);
#10033 = LINE('', #10027, #6);
#10034 = EDGE_CURVE('', #10028, #10029, #10031, .T.);
#10035 = EDGE_CURVE('', #10029, #10030, #10032, .T.);
#10036 = EDGE_CURVE('', #10030, #10028, #10033, .T.);
#10037 = ORIENTED_EDGE('', *, *, #10034, .T.);
#10038 = ORIENTED_EDGE('', *, *, #10035, .T.);
#10039 = ORIENTED_EDGE('', *, *, #10036, .T.);
#10040 = EDGE_LOOP('', (#10037, #10038, #10039));
#10041 = FACE_BOUND('', #10040, .T.);

/* ==== Hole 590 (row 19, col 19) CW ==== */
#10042 = CARTESIAN_POINT('', (62.000, 62.000, 0.0));
#10043 = CARTESIAN_POINT('', (62.000, 65.000, 0.0));
#10044 = CARTESIAN_POINT('', (65.000, 63.500, 0.0));
#10045 = VERTEX_POINT('', #10042);
#10046 = VERTEX_POINT('', #10043);
#10047 = VERTEX_POINT('', #10044);
#10048 = LINE('', #10042, #6);
#10049 = LINE('', #10043, #6);
#10050 = LINE('', #10044, #6);
#10051 = EDGE_CURVE('', #10045, #10046, #10048, .T.);
#10052 = EDGE_CURVE('', #10046, #10047, #10049, .T.);
#10053 = EDGE_CURVE('', #10047, #10045, #10050, .T.);
#10054 = ORIENTED_EDGE('', *, *, #10051, .T.);
#10055 = ORIENTED_EDGE('', *, *, #10052, .T.);
#10056 = ORIENTED_EDGE('', *, *, #10053, .T.);
#10057 = EDGE_LOOP('', (#10054, #10055, #10056));
#10058 = FACE_BOUND('', #10057, .T.);

/* ==== Hole 591 (row 19, col 20) CW ==== */
#10059 = CARTESIAN_POINT('', (65.000, 62.000, 0.0));
#10060 = CARTESIAN_POINT('', (65.000, 65.000, 0.0));
#10061 = CARTESIAN_POINT('', (68.000, 63.500, 0.0));
#10062 = VERTEX_POINT('', #10059);
#10063 = VERTEX_POINT('', #10060);
#10064 = VERTEX_POINT('', #10061);
#10065 = LINE('', #10059, #6);
#10066 = LINE('', #10060, #6);
#10067 = LINE('', #10061, #6);
#10068 = EDGE_CURVE('', #10062, #10063, #10065, .T.);
#10069 = EDGE_CURVE('', #10063, #10064, #10066, .T.);
#10070 = EDGE_CURVE('', #10064, #10062, #10067, .T.);
#10071 = ORIENTED_EDGE('', *, *, #10068, .T.);
#10072 = ORIENTED_EDGE('', *, *, #10069, .T.);
#10073 = ORIENTED_EDGE('', *, *, #10070, .T.);
#10074 = EDGE_LOOP('', (#10071, #10072, #10073));
#10075 = FACE_BOUND('', #10074, .T.);

/* ==== Hole 592 (row 19, col 21) CW ==== */
#10076 = CARTESIAN_POINT('', (68.000, 62.000, 0.0));
#10077 = CARTESIAN_POINT('', (68.000, 65.000, 0.0));
#10078 = CARTESIAN_POINT('', (71.000, 63.500, 0.0));
#10079 = VERTEX_POINT('', #10076);
#10080 = VERTEX_POINT('', #10077);
#10081 = VERTEX_POINT('', #10078);
#10082 = LINE('', #10076, #6);
#10083 = LINE('', #10077, #6);
#10084 = LINE('', #10078, #6);
#10085 = EDGE_CURVE('', #10079, #10080, #10082, .T.);
#10086 = EDGE_CURVE('', #10080, #10081, #10083, .T.);
#10087 = EDGE_CURVE('', #10081, #10079, #10084, .T.);
#10088 = ORIENTED_EDGE('', *, *, #10085, .T.);
#10089 = ORIENTED_EDGE('', *, *, #10086, .T.);
#10090 = ORIENTED_EDGE('', *, *, #10087, .T.);
#10091 = EDGE_LOOP('', (#10088, #10089, #10090));
#10092 = FACE_BOUND('', #10091, .T.);

/* ==== Hole 593 (row 19, col 22) CW ==== */
#10093 = CARTESIAN_POINT('', (71.000, 62.000, 0.0));
#10094 = CARTESIAN_POINT('', (71.000, 65.000, 0.0));
#10095 = CARTESIAN_POINT('', (74.000, 63.500, 0.0));
#10096 = VERTEX_POINT('', #10093);
#10097 = VERTEX_POINT('', #10094);
#10098 = VERTEX_POINT('', #10095);
#10099 = LINE('', #10093, #6);
#10100 = LINE('', #10094, #6);
#10101 = LINE('', #10095, #6);
#10102 = EDGE_CURVE('', #10096, #10097, #10099, .T.);
#10103 = EDGE_CURVE('', #10097, #10098, #10100, .T.);
#10104 = EDGE_CURVE('', #10098, #10096, #10101, .T.);
#10105 = ORIENTED_EDGE('', *, *, #10102, .T.);
#10106 = ORIENTED_EDGE('', *, *, #10103, .T.);
#10107 = ORIENTED_EDGE('', *, *, #10104, .T.);
#10108 = EDGE_LOOP('', (#10105, #10106, #10107));
#10109 = FACE_BOUND('', #10108, .T.);

/* ==== Hole 594 (row 19, col 23) CW ==== */
#10110 = CARTESIAN_POINT('', (74.000, 62.000, 0.0));
#10111 = CARTESIAN_POINT('', (74.000, 65.000, 0.0));
#10112 = CARTESIAN_POINT('', (77.000, 63.500, 0.0));
#10113 = VERTEX_POINT('', #10110);
#10114 = VERTEX_POINT('', #10111);
#10115 = VERTEX_POINT('', #10112);
#10116 = LINE('', #10110, #6);
#10117 = LINE('', #10111, #6);
#10118 = LINE('', #10112, #6);
#10119 = EDGE_CURVE('', #10113, #10114, #10116, .T.);
#10120 = EDGE_CURVE('', #10114, #10115, #10117, .T.);
#10121 = EDGE_CURVE('', #10115, #10113, #10118, .T.);
#10122 = ORIENTED_EDGE('', *, *, #10119, .T.);
#10123 = ORIENTED_EDGE('', *, *, #10120, .T.);
#10124 = ORIENTED_EDGE('', *, *, #10121, .T.);
#10125 = EDGE_LOOP('', (#10122, #10123, #10124));
#10126 = FACE_BOUND('', #10125, .T.);

/* ==== Hole 595 (row 19, col 24) CW ==== */
#10127 = CARTESIAN_POINT('', (77.000, 62.000, 0.0));
#10128 = CARTESIAN_POINT('', (77.000, 65.000, 0.0));
#10129 = CARTESIAN_POINT('', (80.000, 63.500, 0.0));
#10130 = VERTEX_POINT('', #10127);
#10131 = VERTEX_POINT('', #10128);
#10132 = VERTEX_POINT('', #10129);
#10133 = LINE('', #10127, #6);
#10134 = LINE('', #10128, #6);
#10135 = LINE('', #10129, #6);
#10136 = EDGE_CURVE('', #10130, #10131, #10133, .T.);
#10137 = EDGE_CURVE('', #10131, #10132, #10134, .T.);
#10138 = EDGE_CURVE('', #10132, #10130, #10135, .T.);
#10139 = ORIENTED_EDGE('', *, *, #10136, .T.);
#10140 = ORIENTED_EDGE('', *, *, #10137, .T.);
#10141 = ORIENTED_EDGE('', *, *, #10138, .T.);
#10142 = EDGE_LOOP('', (#10139, #10140, #10141));
#10143 = FACE_BOUND('', #10142, .T.);

/* ==== Hole 596 (row 19, col 25) CW ==== */
#10144 = CARTESIAN_POINT('', (80.000, 62.000, 0.0));
#10145 = CARTESIAN_POINT('', (80.000, 65.000, 0.0));
#10146 = CARTESIAN_POINT('', (83.000, 63.500, 0.0));
#10147 = VERTEX_POINT('', #10144);
#10148 = VERTEX_POINT('', #10145);
#10149 = VERTEX_POINT('', #10146);
#10150 = LINE('', #10144, #6);
#10151 = LINE('', #10145, #6);
#10152 = LINE('', #10146, #6);
#10153 = EDGE_CURVE('', #10147, #10148, #10150, .T.);
#10154 = EDGE_CURVE('', #10148, #10149, #10151, .T.);
#10155 = EDGE_CURVE('', #10149, #10147, #10152, .T.);
#10156 = ORIENTED_EDGE('', *, *, #10153, .T.);
#10157 = ORIENTED_EDGE('', *, *, #10154, .T.);
#10158 = ORIENTED_EDGE('', *, *, #10155, .T.);
#10159 = EDGE_LOOP('', (#10156, #10157, #10158));
#10160 = FACE_BOUND('', #10159, .T.);

/* ==== Hole 597 (row 19, col 26) CW ==== */
#10161 = CARTESIAN_POINT('', (83.000, 62.000, 0.0));
#10162 = CARTESIAN_POINT('', (83.000, 65.000, 0.0));
#10163 = CARTESIAN_POINT('', (86.000, 63.500, 0.0));
#10164 = VERTEX_POINT('', #10161);
#10165 = VERTEX_POINT('', #10162);
#10166 = VERTEX_POINT('', #10163);
#10167 = LINE('', #10161, #6);
#10168 = LINE('', #10162, #6);
#10169 = LINE('', #10163, #6);
#10170 = EDGE_CURVE('', #10164, #10165, #10167, .T.);
#10171 = EDGE_CURVE('', #10165, #10166, #10168, .T.);
#10172 = EDGE_CURVE('', #10166, #10164, #10169, .T.);
#10173 = ORIENTED_EDGE('', *, *, #10170, .T.);
#10174 = ORIENTED_EDGE('', *, *, #10171, .T.);
#10175 = ORIENTED_EDGE('', *, *, #10172, .T.);
#10176 = EDGE_LOOP('', (#10173, #10174, #10175));
#10177 = FACE_BOUND('', #10176, .T.);

/* ==== Hole 598 (row 19, col 27) CW ==== */
#10178 = CARTESIAN_POINT('', (86.000, 62.000, 0.0));
#10179 = CARTESIAN_POINT('', (86.000, 65.000, 0.0));
#10180 = CARTESIAN_POINT('', (89.000, 63.500, 0.0));
#10181 = VERTEX_POINT('', #10178);
#10182 = VERTEX_POINT('', #10179);
#10183 = VERTEX_POINT('', #10180);
#10184 = LINE('', #10178, #6);
#10185 = LINE('', #10179, #6);
#10186 = LINE('', #10180, #6);
#10187 = EDGE_CURVE('', #10181, #10182, #10184, .T.);
#10188 = EDGE_CURVE('', #10182, #10183, #10185, .T.);
#10189 = EDGE_CURVE('', #10183, #10181, #10186, .T.);
#10190 = ORIENTED_EDGE('', *, *, #10187, .T.);
#10191 = ORIENTED_EDGE('', *, *, #10188, .T.);
#10192 = ORIENTED_EDGE('', *, *, #10189, .T.);
#10193 = EDGE_LOOP('', (#10190, #10191, #10192));
#10194 = FACE_BOUND('', #10193, .T.);

/* ==== Hole 599 (row 19, col 28) CW ==== */
#10195 = CARTESIAN_POINT('', (89.000, 62.000, 0.0));
#10196 = CARTESIAN_POINT('', (89.000, 65.000, 0.0));
#10197 = CARTESIAN_POINT('', (92.000, 63.500, 0.0));
#10198 = VERTEX_POINT('', #10195);
#10199 = VERTEX_POINT('', #10196);
#10200 = VERTEX_POINT('', #10197);
#10201 = LINE('', #10195, #6);
#10202 = LINE('', #10196, #6);
#10203 = LINE('', #10197, #6);
#10204 = EDGE_CURVE('', #10198, #10199, #10201, .T.);
#10205 = EDGE_CURVE('', #10199, #10200, #10202, .T.);
#10206 = EDGE_CURVE('', #10200, #10198, #10203, .T.);
#10207 = ORIENTED_EDGE('', *, *, #10204, .T.);
#10208 = ORIENTED_EDGE('', *, *, #10205, .T.);
#10209 = ORIENTED_EDGE('', *, *, #10206, .T.);
#10210 = EDGE_LOOP('', (#10207, #10208, #10209));
#10211 = FACE_BOUND('', #10210, .T.);

/* ==== Hole 600 (row 19, col 29) CW ==== */
#10212 = CARTESIAN_POINT('', (92.000, 62.000, 0.0));
#10213 = CARTESIAN_POINT('', (92.000, 65.000, 0.0));
#10214 = CARTESIAN_POINT('', (95.000, 63.500, 0.0));
#10215 = VERTEX_POINT('', #10212);
#10216 = VERTEX_POINT('', #10213);
#10217 = VERTEX_POINT('', #10214);
#10218 = LINE('', #10212, #6);
#10219 = LINE('', #10213, #6);
#10220 = LINE('', #10214, #6);
#10221 = EDGE_CURVE('', #10215, #10216, #10218, .T.);
#10222 = EDGE_CURVE('', #10216, #10217, #10219, .T.);
#10223 = EDGE_CURVE('', #10217, #10215, #10220, .T.);
#10224 = ORIENTED_EDGE('', *, *, #10221, .T.);
#10225 = ORIENTED_EDGE('', *, *, #10222, .T.);
#10226 = ORIENTED_EDGE('', *, *, #10223, .T.);
#10227 = EDGE_LOOP('', (#10224, #10225, #10226));
#10228 = FACE_BOUND('', #10227, .T.);

/* ==== Hole 601 (row 20, col 0) CW ==== */
#10229 = CARTESIAN_POINT('', (5.000, 65.000, 0.0));
#10230 = CARTESIAN_POINT('', (5.000, 68.000, 0.0));
#10231 = CARTESIAN_POINT('', (8.000, 66.500, 0.0));
#10232 = VERTEX_POINT('', #10229);
#10233 = VERTEX_POINT('', #10230);
#10234 = VERTEX_POINT('', #10231);
#10235 = LINE('', #10229, #6);
#10236 = LINE('', #10230, #6);
#10237 = LINE('', #10231, #6);
#10238 = EDGE_CURVE('', #10232, #10233, #10235, .T.);
#10239 = EDGE_CURVE('', #10233, #10234, #10236, .T.);
#10240 = EDGE_CURVE('', #10234, #10232, #10237, .T.);
#10241 = ORIENTED_EDGE('', *, *, #10238, .T.);
#10242 = ORIENTED_EDGE('', *, *, #10239, .T.);
#10243 = ORIENTED_EDGE('', *, *, #10240, .T.);
#10244 = EDGE_LOOP('', (#10241, #10242, #10243));
#10245 = FACE_BOUND('', #10244, .T.);

/* ==== Hole 602 (row 20, col 1) CW ==== */
#10246 = CARTESIAN_POINT('', (8.000, 65.000, 0.0));
#10247 = CARTESIAN_POINT('', (8.000, 68.000, 0.0));
#10248 = CARTESIAN_POINT('', (11.000, 66.500, 0.0));
#10249 = VERTEX_POINT('', #10246);
#10250 = VERTEX_POINT('', #10247);
#10251 = VERTEX_POINT('', #10248);
#10252 = LINE('', #10246, #6);
#10253 = LINE('', #10247, #6);
#10254 = LINE('', #10248, #6);
#10255 = EDGE_CURVE('', #10249, #10250, #10252, .T.);
#10256 = EDGE_CURVE('', #10250, #10251, #10253, .T.);
#10257 = EDGE_CURVE('', #10251, #10249, #10254, .T.);
#10258 = ORIENTED_EDGE('', *, *, #10255, .T.);
#10259 = ORIENTED_EDGE('', *, *, #10256, .T.);
#10260 = ORIENTED_EDGE('', *, *, #10257, .T.);
#10261 = EDGE_LOOP('', (#10258, #10259, #10260));
#10262 = FACE_BOUND('', #10261, .T.);

/* ==== Hole 603 (row 20, col 2) CW ==== */
#10263 = CARTESIAN_POINT('', (11.000, 65.000, 0.0));
#10264 = CARTESIAN_POINT('', (11.000, 68.000, 0.0));
#10265 = CARTESIAN_POINT('', (14.000, 66.500, 0.0));
#10266 = VERTEX_POINT('', #10263);
#10267 = VERTEX_POINT('', #10264);
#10268 = VERTEX_POINT('', #10265);
#10269 = LINE('', #10263, #6);
#10270 = LINE('', #10264, #6);
#10271 = LINE('', #10265, #6);
#10272 = EDGE_CURVE('', #10266, #10267, #10269, .T.);
#10273 = EDGE_CURVE('', #10267, #10268, #10270, .T.);
#10274 = EDGE_CURVE('', #10268, #10266, #10271, .T.);
#10275 = ORIENTED_EDGE('', *, *, #10272, .T.);
#10276 = ORIENTED_EDGE('', *, *, #10273, .T.);
#10277 = ORIENTED_EDGE('', *, *, #10274, .T.);
#10278 = EDGE_LOOP('', (#10275, #10276, #10277));
#10279 = FACE_BOUND('', #10278, .T.);

/* ==== Hole 604 (row 20, col 3) CW ==== */
#10280 = CARTESIAN_POINT('', (14.000, 65.000, 0.0));
#10281 = CARTESIAN_POINT('', (14.000, 68.000, 0.0));
#10282 = CARTESIAN_POINT('', (17.000, 66.500, 0.0));
#10283 = VERTEX_POINT('', #10280);
#10284 = VERTEX_POINT('', #10281);
#10285 = VERTEX_POINT('', #10282);
#10286 = LINE('', #10280, #6);
#10287 = LINE('', #10281, #6);
#10288 = LINE('', #10282, #6);
#10289 = EDGE_CURVE('', #10283, #10284, #10286, .T.);
#10290 = EDGE_CURVE('', #10284, #10285, #10287, .T.);
#10291 = EDGE_CURVE('', #10285, #10283, #10288, .T.);
#10292 = ORIENTED_EDGE('', *, *, #10289, .T.);
#10293 = ORIENTED_EDGE('', *, *, #10290, .T.);
#10294 = ORIENTED_EDGE('', *, *, #10291, .T.);
#10295 = EDGE_LOOP('', (#10292, #10293, #10294));
#10296 = FACE_BOUND('', #10295, .T.);

/* ==== Hole 605 (row 20, col 4) CW ==== */
#10297 = CARTESIAN_POINT('', (17.000, 65.000, 0.0));
#10298 = CARTESIAN_POINT('', (17.000, 68.000, 0.0));
#10299 = CARTESIAN_POINT('', (20.000, 66.500, 0.0));
#10300 = VERTEX_POINT('', #10297);
#10301 = VERTEX_POINT('', #10298);
#10302 = VERTEX_POINT('', #10299);
#10303 = LINE('', #10297, #6);
#10304 = LINE('', #10298, #6);
#10305 = LINE('', #10299, #6);
#10306 = EDGE_CURVE('', #10300, #10301, #10303, .T.);
#10307 = EDGE_CURVE('', #10301, #10302, #10304, .T.);
#10308 = EDGE_CURVE('', #10302, #10300, #10305, .T.);
#10309 = ORIENTED_EDGE('', *, *, #10306, .T.);
#10310 = ORIENTED_EDGE('', *, *, #10307, .T.);
#10311 = ORIENTED_EDGE('', *, *, #10308, .T.);
#10312 = EDGE_LOOP('', (#10309, #10310, #10311));
#10313 = FACE_BOUND('', #10312, .T.);

/* ==== Hole 606 (row 20, col 5) CW ==== */
#10314 = CARTESIAN_POINT('', (20.000, 65.000, 0.0));
#10315 = CARTESIAN_POINT('', (20.000, 68.000, 0.0));
#10316 = CARTESIAN_POINT('', (23.000, 66.500, 0.0));
#10317 = VERTEX_POINT('', #10314);
#10318 = VERTEX_POINT('', #10315);
#10319 = VERTEX_POINT('', #10316);
#10320 = LINE('', #10314, #6);
#10321 = LINE('', #10315, #6);
#10322 = LINE('', #10316, #6);
#10323 = EDGE_CURVE('', #10317, #10318, #10320, .T.);
#10324 = EDGE_CURVE('', #10318, #10319, #10321, .T.);
#10325 = EDGE_CURVE('', #10319, #10317, #10322, .T.);
#10326 = ORIENTED_EDGE('', *, *, #10323, .T.);
#10327 = ORIENTED_EDGE('', *, *, #10324, .T.);
#10328 = ORIENTED_EDGE('', *, *, #10325, .T.);
#10329 = EDGE_LOOP('', (#10326, #10327, #10328));
#10330 = FACE_BOUND('', #10329, .T.);

/* ==== Hole 607 (row 20, col 6) CW ==== */
#10331 = CARTESIAN_POINT('', (23.000, 65.000, 0.0));
#10332 = CARTESIAN_POINT('', (23.000, 68.000, 0.0));
#10333 = CARTESIAN_POINT('', (26.000, 66.500, 0.0));
#10334 = VERTEX_POINT('', #10331);
#10335 = VERTEX_POINT('', #10332);
#10336 = VERTEX_POINT('', #10333);
#10337 = LINE('', #10331, #6);
#10338 = LINE('', #10332, #6);
#10339 = LINE('', #10333, #6);
#10340 = EDGE_CURVE('', #10334, #10335, #10337, .T.);
#10341 = EDGE_CURVE('', #10335, #10336, #10338, .T.);
#10342 = EDGE_CURVE('', #10336, #10334, #10339, .T.);
#10343 = ORIENTED_EDGE('', *, *, #10340, .T.);
#10344 = ORIENTED_EDGE('', *, *, #10341, .T.);
#10345 = ORIENTED_EDGE('', *, *, #10342, .T.);
#10346 = EDGE_LOOP('', (#10343, #10344, #10345));
#10347 = FACE_BOUND('', #10346, .T.);

/* ==== Hole 608 (row 20, col 7) CW ==== */
#10348 = CARTESIAN_POINT('', (26.000, 65.000, 0.0));
#10349 = CARTESIAN_POINT('', (26.000, 68.000, 0.0));
#10350 = CARTESIAN_POINT('', (29.000, 66.500, 0.0));
#10351 = VERTEX_POINT('', #10348);
#10352 = VERTEX_POINT('', #10349);
#10353 = VERTEX_POINT('', #10350);
#10354 = LINE('', #10348, #6);
#10355 = LINE('', #10349, #6);
#10356 = LINE('', #10350, #6);
#10357 = EDGE_CURVE('', #10351, #10352, #10354, .T.);
#10358 = EDGE_CURVE('', #10352, #10353, #10355, .T.);
#10359 = EDGE_CURVE('', #10353, #10351, #10356, .T.);
#10360 = ORIENTED_EDGE('', *, *, #10357, .T.);
#10361 = ORIENTED_EDGE('', *, *, #10358, .T.);
#10362 = ORIENTED_EDGE('', *, *, #10359, .T.);
#10363 = EDGE_LOOP('', (#10360, #10361, #10362));
#10364 = FACE_BOUND('', #10363, .T.);

/* ==== Hole 609 (row 20, col 8) CW ==== */
#10365 = CARTESIAN_POINT('', (29.000, 65.000, 0.0));
#10366 = CARTESIAN_POINT('', (29.000, 68.000, 0.0));
#10367 = CARTESIAN_POINT('', (32.000, 66.500, 0.0));
#10368 = VERTEX_POINT('', #10365);
#10369 = VERTEX_POINT('', #10366);
#10370 = VERTEX_POINT('', #10367);
#10371 = LINE('', #10365, #6);
#10372 = LINE('', #10366, #6);
#10373 = LINE('', #10367, #6);
#10374 = EDGE_CURVE('', #10368, #10369, #10371, .T.);
#10375 = EDGE_CURVE('', #10369, #10370, #10372, .T.);
#10376 = EDGE_CURVE('', #10370, #10368, #10373, .T.);
#10377 = ORIENTED_EDGE('', *, *, #10374, .T.);
#10378 = ORIENTED_EDGE('', *, *, #10375, .T.);
#10379 = ORIENTED_EDGE('', *, *, #10376, .T.);
#10380 = EDGE_LOOP('', (#10377, #10378, #10379));
#10381 = FACE_BOUND('', #10380, .T.);

/* ==== Hole 610 (row 20, col 9) CW ==== */
#10382 = CARTESIAN_POINT('', (32.000, 65.000, 0.0));
#10383 = CARTESIAN_POINT('', (32.000, 68.000, 0.0));
#10384 = CARTESIAN_POINT('', (35.000, 66.500, 0.0));
#10385 = VERTEX_POINT('', #10382);
#10386 = VERTEX_POINT('', #10383);
#10387 = VERTEX_POINT('', #10384);
#10388 = LINE('', #10382, #6);
#10389 = LINE('', #10383, #6);
#10390 = LINE('', #10384, #6);
#10391 = EDGE_CURVE('', #10385, #10386, #10388, .T.);
#10392 = EDGE_CURVE('', #10386, #10387, #10389, .T.);
#10393 = EDGE_CURVE('', #10387, #10385, #10390, .T.);
#10394 = ORIENTED_EDGE('', *, *, #10391, .T.);
#10395 = ORIENTED_EDGE('', *, *, #10392, .T.);
#10396 = ORIENTED_EDGE('', *, *, #10393, .T.);
#10397 = EDGE_LOOP('', (#10394, #10395, #10396));
#10398 = FACE_BOUND('', #10397, .T.);

/* ==== Hole 611 (row 20, col 10) CW ==== */
#10399 = CARTESIAN_POINT('', (35.000, 65.000, 0.0));
#10400 = CARTESIAN_POINT('', (35.000, 68.000, 0.0));
#10401 = CARTESIAN_POINT('', (38.000, 66.500, 0.0));
#10402 = VERTEX_POINT('', #10399);
#10403 = VERTEX_POINT('', #10400);
#10404 = VERTEX_POINT('', #10401);
#10405 = LINE('', #10399, #6);
#10406 = LINE('', #10400, #6);
#10407 = LINE('', #10401, #6);
#10408 = EDGE_CURVE('', #10402, #10403, #10405, .T.);
#10409 = EDGE_CURVE('', #10403, #10404, #10406, .T.);
#10410 = EDGE_CURVE('', #10404, #10402, #10407, .T.);
#10411 = ORIENTED_EDGE('', *, *, #10408, .T.);
#10412 = ORIENTED_EDGE('', *, *, #10409, .T.);
#10413 = ORIENTED_EDGE('', *, *, #10410, .T.);
#10414 = EDGE_LOOP('', (#10411, #10412, #10413));
#10415 = FACE_BOUND('', #10414, .T.);

/* ==== Hole 612 (row 20, col 11) CW ==== */
#10416 = CARTESIAN_POINT('', (38.000, 65.000, 0.0));
#10417 = CARTESIAN_POINT('', (38.000, 68.000, 0.0));
#10418 = CARTESIAN_POINT('', (41.000, 66.500, 0.0));
#10419 = VERTEX_POINT('', #10416);
#10420 = VERTEX_POINT('', #10417);
#10421 = VERTEX_POINT('', #10418);
#10422 = LINE('', #10416, #6);
#10423 = LINE('', #10417, #6);
#10424 = LINE('', #10418, #6);
#10425 = EDGE_CURVE('', #10419, #10420, #10422, .T.);
#10426 = EDGE_CURVE('', #10420, #10421, #10423, .T.);
#10427 = EDGE_CURVE('', #10421, #10419, #10424, .T.);
#10428 = ORIENTED_EDGE('', *, *, #10425, .T.);
#10429 = ORIENTED_EDGE('', *, *, #10426, .T.);
#10430 = ORIENTED_EDGE('', *, *, #10427, .T.);
#10431 = EDGE_LOOP('', (#10428, #10429, #10430));
#10432 = FACE_BOUND('', #10431, .T.);

/* ==== Hole 613 (row 20, col 12) CW ==== */
#10433 = CARTESIAN_POINT('', (41.000, 65.000, 0.0));
#10434 = CARTESIAN_POINT('', (41.000, 68.000, 0.0));
#10435 = CARTESIAN_POINT('', (44.000, 66.500, 0.0));
#10436 = VERTEX_POINT('', #10433);
#10437 = VERTEX_POINT('', #10434);
#10438 = VERTEX_POINT('', #10435);
#10439 = LINE('', #10433, #6);
#10440 = LINE('', #10434, #6);
#10441 = LINE('', #10435, #6);
#10442 = EDGE_CURVE('', #10436, #10437, #10439, .T.);
#10443 = EDGE_CURVE('', #10437, #10438, #10440, .T.);
#10444 = EDGE_CURVE('', #10438, #10436, #10441, .T.);
#10445 = ORIENTED_EDGE('', *, *, #10442, .T.);
#10446 = ORIENTED_EDGE('', *, *, #10443, .T.);
#10447 = ORIENTED_EDGE('', *, *, #10444, .T.);
#10448 = EDGE_LOOP('', (#10445, #10446, #10447));
#10449 = FACE_BOUND('', #10448, .T.);

/* ==== Hole 614 (row 20, col 13) CW ==== */
#10450 = CARTESIAN_POINT('', (44.000, 65.000, 0.0));
#10451 = CARTESIAN_POINT('', (44.000, 68.000, 0.0));
#10452 = CARTESIAN_POINT('', (47.000, 66.500, 0.0));
#10453 = VERTEX_POINT('', #10450);
#10454 = VERTEX_POINT('', #10451);
#10455 = VERTEX_POINT('', #10452);
#10456 = LINE('', #10450, #6);
#10457 = LINE('', #10451, #6);
#10458 = LINE('', #10452, #6);
#10459 = EDGE_CURVE('', #10453, #10454, #10456, .T.);
#10460 = EDGE_CURVE('', #10454, #10455, #10457, .T.);
#10461 = EDGE_CURVE('', #10455, #10453, #10458, .T.);
#10462 = ORIENTED_EDGE('', *, *, #10459, .T.);
#10463 = ORIENTED_EDGE('', *, *, #10460, .T.);
#10464 = ORIENTED_EDGE('', *, *, #10461, .T.);
#10465 = EDGE_LOOP('', (#10462, #10463, #10464));
#10466 = FACE_BOUND('', #10465, .T.);

/* ==== Hole 615 (row 20, col 14) CW ==== */
#10467 = CARTESIAN_POINT('', (47.000, 65.000, 0.0));
#10468 = CARTESIAN_POINT('', (47.000, 68.000, 0.0));
#10469 = CARTESIAN_POINT('', (50.000, 66.500, 0.0));
#10470 = VERTEX_POINT('', #10467);
#10471 = VERTEX_POINT('', #10468);
#10472 = VERTEX_POINT('', #10469);
#10473 = LINE('', #10467, #6);
#10474 = LINE('', #10468, #6);
#10475 = LINE('', #10469, #6);
#10476 = EDGE_CURVE('', #10470, #10471, #10473, .T.);
#10477 = EDGE_CURVE('', #10471, #10472, #10474, .T.);
#10478 = EDGE_CURVE('', #10472, #10470, #10475, .T.);
#10479 = ORIENTED_EDGE('', *, *, #10476, .T.);
#10480 = ORIENTED_EDGE('', *, *, #10477, .T.);
#10481 = ORIENTED_EDGE('', *, *, #10478, .T.);
#10482 = EDGE_LOOP('', (#10479, #10480, #10481));
#10483 = FACE_BOUND('', #10482, .T.);

/* ==== Hole 616 (row 20, col 15) CW ==== */
#10484 = CARTESIAN_POINT('', (50.000, 65.000, 0.0));
#10485 = CARTESIAN_POINT('', (50.000, 68.000, 0.0));
#10486 = CARTESIAN_POINT('', (53.000, 66.500, 0.0));
#10487 = VERTEX_POINT('', #10484);
#10488 = VERTEX_POINT('', #10485);
#10489 = VERTEX_POINT('', #10486);
#10490 = LINE('', #10484, #6);
#10491 = LINE('', #10485, #6);
#10492 = LINE('', #10486, #6);
#10493 = EDGE_CURVE('', #10487, #10488, #10490, .T.);
#10494 = EDGE_CURVE('', #10488, #10489, #10491, .T.);
#10495 = EDGE_CURVE('', #10489, #10487, #10492, .T.);
#10496 = ORIENTED_EDGE('', *, *, #10493, .T.);
#10497 = ORIENTED_EDGE('', *, *, #10494, .T.);
#10498 = ORIENTED_EDGE('', *, *, #10495, .T.);
#10499 = EDGE_LOOP('', (#10496, #10497, #10498));
#10500 = FACE_BOUND('', #10499, .T.);

/* ==== Hole 617 (row 20, col 16) CW ==== */
#10501 = CARTESIAN_POINT('', (53.000, 65.000, 0.0));
#10502 = CARTESIAN_POINT('', (53.000, 68.000, 0.0));
#10503 = CARTESIAN_POINT('', (56.000, 66.500, 0.0));
#10504 = VERTEX_POINT('', #10501);
#10505 = VERTEX_POINT('', #10502);
#10506 = VERTEX_POINT('', #10503);
#10507 = LINE('', #10501, #6);
#10508 = LINE('', #10502, #6);
#10509 = LINE('', #10503, #6);
#10510 = EDGE_CURVE('', #10504, #10505, #10507, .T.);
#10511 = EDGE_CURVE('', #10505, #10506, #10508, .T.);
#10512 = EDGE_CURVE('', #10506, #10504, #10509, .T.);
#10513 = ORIENTED_EDGE('', *, *, #10510, .T.);
#10514 = ORIENTED_EDGE('', *, *, #10511, .T.);
#10515 = ORIENTED_EDGE('', *, *, #10512, .T.);
#10516 = EDGE_LOOP('', (#10513, #10514, #10515));
#10517 = FACE_BOUND('', #10516, .T.);

/* ==== Hole 618 (row 20, col 17) CW ==== */
#10518 = CARTESIAN_POINT('', (56.000, 65.000, 0.0));
#10519 = CARTESIAN_POINT('', (56.000, 68.000, 0.0));
#10520 = CARTESIAN_POINT('', (59.000, 66.500, 0.0));
#10521 = VERTEX_POINT('', #10518);
#10522 = VERTEX_POINT('', #10519);
#10523 = VERTEX_POINT('', #10520);
#10524 = LINE('', #10518, #6);
#10525 = LINE('', #10519, #6);
#10526 = LINE('', #10520, #6);
#10527 = EDGE_CURVE('', #10521, #10522, #10524, .T.);
#10528 = EDGE_CURVE('', #10522, #10523, #10525, .T.);
#10529 = EDGE_CURVE('', #10523, #10521, #10526, .T.);
#10530 = ORIENTED_EDGE('', *, *, #10527, .T.);
#10531 = ORIENTED_EDGE('', *, *, #10528, .T.);
#10532 = ORIENTED_EDGE('', *, *, #10529, .T.);
#10533 = EDGE_LOOP('', (#10530, #10531, #10532));
#10534 = FACE_BOUND('', #10533, .T.);

/* ==== Hole 619 (row 20, col 18) CW ==== */
#10535 = CARTESIAN_POINT('', (59.000, 65.000, 0.0));
#10536 = CARTESIAN_POINT('', (59.000, 68.000, 0.0));
#10537 = CARTESIAN_POINT('', (62.000, 66.500, 0.0));
#10538 = VERTEX_POINT('', #10535);
#10539 = VERTEX_POINT('', #10536);
#10540 = VERTEX_POINT('', #10537);
#10541 = LINE('', #10535, #6);
#10542 = LINE('', #10536, #6);
#10543 = LINE('', #10537, #6);
#10544 = EDGE_CURVE('', #10538, #10539, #10541, .T.);
#10545 = EDGE_CURVE('', #10539, #10540, #10542, .T.);
#10546 = EDGE_CURVE('', #10540, #10538, #10543, .T.);
#10547 = ORIENTED_EDGE('', *, *, #10544, .T.);
#10548 = ORIENTED_EDGE('', *, *, #10545, .T.);
#10549 = ORIENTED_EDGE('', *, *, #10546, .T.);
#10550 = EDGE_LOOP('', (#10547, #10548, #10549));
#10551 = FACE_BOUND('', #10550, .T.);

/* ==== Hole 620 (row 20, col 19) CW ==== */
#10552 = CARTESIAN_POINT('', (62.000, 65.000, 0.0));
#10553 = CARTESIAN_POINT('', (62.000, 68.000, 0.0));
#10554 = CARTESIAN_POINT('', (65.000, 66.500, 0.0));
#10555 = VERTEX_POINT('', #10552);
#10556 = VERTEX_POINT('', #10553);
#10557 = VERTEX_POINT('', #10554);
#10558 = LINE('', #10552, #6);
#10559 = LINE('', #10553, #6);
#10560 = LINE('', #10554, #6);
#10561 = EDGE_CURVE('', #10555, #10556, #10558, .T.);
#10562 = EDGE_CURVE('', #10556, #10557, #10559, .T.);
#10563 = EDGE_CURVE('', #10557, #10555, #10560, .T.);
#10564 = ORIENTED_EDGE('', *, *, #10561, .T.);
#10565 = ORIENTED_EDGE('', *, *, #10562, .T.);
#10566 = ORIENTED_EDGE('', *, *, #10563, .T.);
#10567 = EDGE_LOOP('', (#10564, #10565, #10566));
#10568 = FACE_BOUND('', #10567, .T.);

/* ==== Hole 621 (row 20, col 20) CW ==== */
#10569 = CARTESIAN_POINT('', (65.000, 65.000, 0.0));
#10570 = CARTESIAN_POINT('', (65.000, 68.000, 0.0));
#10571 = CARTESIAN_POINT('', (68.000, 66.500, 0.0));
#10572 = VERTEX_POINT('', #10569);
#10573 = VERTEX_POINT('', #10570);
#10574 = VERTEX_POINT('', #10571);
#10575 = LINE('', #10569, #6);
#10576 = LINE('', #10570, #6);
#10577 = LINE('', #10571, #6);
#10578 = EDGE_CURVE('', #10572, #10573, #10575, .T.);
#10579 = EDGE_CURVE('', #10573, #10574, #10576, .T.);
#10580 = EDGE_CURVE('', #10574, #10572, #10577, .T.);
#10581 = ORIENTED_EDGE('', *, *, #10578, .T.);
#10582 = ORIENTED_EDGE('', *, *, #10579, .T.);
#10583 = ORIENTED_EDGE('', *, *, #10580, .T.);
#10584 = EDGE_LOOP('', (#10581, #10582, #10583));
#10585 = FACE_BOUND('', #10584, .T.);

/* ==== Hole 622 (row 20, col 21) CW ==== */
#10586 = CARTESIAN_POINT('', (68.000, 65.000, 0.0));
#10587 = CARTESIAN_POINT('', (68.000, 68.000, 0.0));
#10588 = CARTESIAN_POINT('', (71.000, 66.500, 0.0));
#10589 = VERTEX_POINT('', #10586);
#10590 = VERTEX_POINT('', #10587);
#10591 = VERTEX_POINT('', #10588);
#10592 = LINE('', #10586, #6);
#10593 = LINE('', #10587, #6);
#10594 = LINE('', #10588, #6);
#10595 = EDGE_CURVE('', #10589, #10590, #10592, .T.);
#10596 = EDGE_CURVE('', #10590, #10591, #10593, .T.);
#10597 = EDGE_CURVE('', #10591, #10589, #10594, .T.);
#10598 = ORIENTED_EDGE('', *, *, #10595, .T.);
#10599 = ORIENTED_EDGE('', *, *, #10596, .T.);
#10600 = ORIENTED_EDGE('', *, *, #10597, .T.);
#10601 = EDGE_LOOP('', (#10598, #10599, #10600));
#10602 = FACE_BOUND('', #10601, .T.);

/* ==== Hole 623 (row 20, col 22) CW ==== */
#10603 = CARTESIAN_POINT('', (71.000, 65.000, 0.0));
#10604 = CARTESIAN_POINT('', (71.000, 68.000, 0.0));
#10605 = CARTESIAN_POINT('', (74.000, 66.500, 0.0));
#10606 = VERTEX_POINT('', #10603);
#10607 = VERTEX_POINT('', #10604);
#10608 = VERTEX_POINT('', #10605);
#10609 = LINE('', #10603, #6);
#10610 = LINE('', #10604, #6);
#10611 = LINE('', #10605, #6);
#10612 = EDGE_CURVE('', #10606, #10607, #10609, .T.);
#10613 = EDGE_CURVE('', #10607, #10608, #10610, .T.);
#10614 = EDGE_CURVE('', #10608, #10606, #10611, .T.);
#10615 = ORIENTED_EDGE('', *, *, #10612, .T.);
#10616 = ORIENTED_EDGE('', *, *, #10613, .T.);
#10617 = ORIENTED_EDGE('', *, *, #10614, .T.);
#10618 = EDGE_LOOP('', (#10615, #10616, #10617));
#10619 = FACE_BOUND('', #10618, .T.);

/* ==== Hole 624 (row 20, col 23) CW ==== */
#10620 = CARTESIAN_POINT('', (74.000, 65.000, 0.0));
#10621 = CARTESIAN_POINT('', (74.000, 68.000, 0.0));
#10622 = CARTESIAN_POINT('', (77.000, 66.500, 0.0));
#10623 = VERTEX_POINT('', #10620);
#10624 = VERTEX_POINT('', #10621);
#10625 = VERTEX_POINT('', #10622);
#10626 = LINE('', #10620, #6);
#10627 = LINE('', #10621, #6);
#10628 = LINE('', #10622, #6);
#10629 = EDGE_CURVE('', #10623, #10624, #10626, .T.);
#10630 = EDGE_CURVE('', #10624, #10625, #10627, .T.);
#10631 = EDGE_CURVE('', #10625, #10623, #10628, .T.);
#10632 = ORIENTED_EDGE('', *, *, #10629, .T.);
#10633 = ORIENTED_EDGE('', *, *, #10630, .T.);
#10634 = ORIENTED_EDGE('', *, *, #10631, .T.);
#10635 = EDGE_LOOP('', (#10632, #10633, #10634));
#10636 = FACE_BOUND('', #10635, .T.);

/* ==== Hole 625 (row 20, col 24) CW ==== */
#10637 = CARTESIAN_POINT('', (77.000, 65.000, 0.0));
#10638 = CARTESIAN_POINT('', (77.000, 68.000, 0.0));
#10639 = CARTESIAN_POINT('', (80.000, 66.500, 0.0));
#10640 = VERTEX_POINT('', #10637);
#10641 = VERTEX_POINT('', #10638);
#10642 = VERTEX_POINT('', #10639);
#10643 = LINE('', #10637, #6);
#10644 = LINE('', #10638, #6);
#10645 = LINE('', #10639, #6);
#10646 = EDGE_CURVE('', #10640, #10641, #10643, .T.);
#10647 = EDGE_CURVE('', #10641, #10642, #10644, .T.);
#10648 = EDGE_CURVE('', #10642, #10640, #10645, .T.);
#10649 = ORIENTED_EDGE('', *, *, #10646, .T.);
#10650 = ORIENTED_EDGE('', *, *, #10647, .T.);
#10651 = ORIENTED_EDGE('', *, *, #10648, .T.);
#10652 = EDGE_LOOP('', (#10649, #10650, #10651));
#10653 = FACE_BOUND('', #10652, .T.);

/* ==== Hole 626 (row 20, col 25) CW ==== */
#10654 = CARTESIAN_POINT('', (80.000, 65.000, 0.0));
#10655 = CARTESIAN_POINT('', (80.000, 68.000, 0.0));
#10656 = CARTESIAN_POINT('', (83.000, 66.500, 0.0));
#10657 = VERTEX_POINT('', #10654);
#10658 = VERTEX_POINT('', #10655);
#10659 = VERTEX_POINT('', #10656);
#10660 = LINE('', #10654, #6);
#10661 = LINE('', #10655, #6);
#10662 = LINE('', #10656, #6);
#10663 = EDGE_CURVE('', #10657, #10658, #10660, .T.);
#10664 = EDGE_CURVE('', #10658, #10659, #10661, .T.);
#10665 = EDGE_CURVE('', #10659, #10657, #10662, .T.);
#10666 = ORIENTED_EDGE('', *, *, #10663, .T.);
#10667 = ORIENTED_EDGE('', *, *, #10664, .T.);
#10668 = ORIENTED_EDGE('', *, *, #10665, .T.);
#10669 = EDGE_LOOP('', (#10666, #10667, #10668));
#10670 = FACE_BOUND('', #10669, .T.);

/* ==== Hole 627 (row 20, col 26) CW ==== */
#10671 = CARTESIAN_POINT('', (83.000, 65.000, 0.0));
#10672 = CARTESIAN_POINT('', (83.000, 68.000, 0.0));
#10673 = CARTESIAN_POINT('', (86.000, 66.500, 0.0));
#10674 = VERTEX_POINT('', #10671);
#10675 = VERTEX_POINT('', #10672);
#10676 = VERTEX_POINT('', #10673);
#10677 = LINE('', #10671, #6);
#10678 = LINE('', #10672, #6);
#10679 = LINE('', #10673, #6);
#10680 = EDGE_CURVE('', #10674, #10675, #10677, .T.);
#10681 = EDGE_CURVE('', #10675, #10676, #10678, .T.);
#10682 = EDGE_CURVE('', #10676, #10674, #10679, .T.);
#10683 = ORIENTED_EDGE('', *, *, #10680, .T.);
#10684 = ORIENTED_EDGE('', *, *, #10681, .T.);
#10685 = ORIENTED_EDGE('', *, *, #10682, .T.);
#10686 = EDGE_LOOP('', (#10683, #10684, #10685));
#10687 = FACE_BOUND('', #10686, .T.);

/* ==== Hole 628 (row 20, col 27) CW ==== */
#10688 = CARTESIAN_POINT('', (86.000, 65.000, 0.0));
#10689 = CARTESIAN_POINT('', (86.000, 68.000, 0.0));
#10690 = CARTESIAN_POINT('', (89.000, 66.500, 0.0));
#10691 = VERTEX_POINT('', #10688);
#10692 = VERTEX_POINT('', #10689);
#10693 = VERTEX_POINT('', #10690);
#10694 = LINE('', #10688, #6);
#10695 = LINE('', #10689, #6);
#10696 = LINE('', #10690, #6);
#10697 = EDGE_CURVE('', #10691, #10692, #10694, .T.);
#10698 = EDGE_CURVE('', #10692, #10693, #10695, .T.);
#10699 = EDGE_CURVE('', #10693, #10691, #10696, .T.);
#10700 = ORIENTED_EDGE('', *, *, #10697, .T.);
#10701 = ORIENTED_EDGE('', *, *, #10698, .T.);
#10702 = ORIENTED_EDGE('', *, *, #10699, .T.);
#10703 = EDGE_LOOP('', (#10700, #10701, #10702));
#10704 = FACE_BOUND('', #10703, .T.);

/* ==== Hole 629 (row 20, col 28) CW ==== */
#10705 = CARTESIAN_POINT('', (89.000, 65.000, 0.0));
#10706 = CARTESIAN_POINT('', (89.000, 68.000, 0.0));
#10707 = CARTESIAN_POINT('', (92.000, 66.500, 0.0));
#10708 = VERTEX_POINT('', #10705);
#10709 = VERTEX_POINT('', #10706);
#10710 = VERTEX_POINT('', #10707);
#10711 = LINE('', #10705, #6);
#10712 = LINE('', #10706, #6);
#10713 = LINE('', #10707, #6);
#10714 = EDGE_CURVE('', #10708, #10709, #10711, .T.);
#10715 = EDGE_CURVE('', #10709, #10710, #10712, .T.);
#10716 = EDGE_CURVE('', #10710, #10708, #10713, .T.);
#10717 = ORIENTED_EDGE('', *, *, #10714, .T.);
#10718 = ORIENTED_EDGE('', *, *, #10715, .T.);
#10719 = ORIENTED_EDGE('', *, *, #10716, .T.);
#10720 = EDGE_LOOP('', (#10717, #10718, #10719));
#10721 = FACE_BOUND('', #10720, .T.);

/* ==== Hole 630 (row 20, col 29) CW ==== */
#10722 = CARTESIAN_POINT('', (92.000, 65.000, 0.0));
#10723 = CARTESIAN_POINT('', (92.000, 68.000, 0.0));
#10724 = CARTESIAN_POINT('', (95.000, 66.500, 0.0));
#10725 = VERTEX_POINT('', #10722);
#10726 = VERTEX_POINT('', #10723);
#10727 = VERTEX_POINT('', #10724);
#10728 = LINE('', #10722, #6);
#10729 = LINE('', #10723, #6);
#10730 = LINE('', #10724, #6);
#10731 = EDGE_CURVE('', #10725, #10726, #10728, .T.);
#10732 = EDGE_CURVE('', #10726, #10727, #10729, .T.);
#10733 = EDGE_CURVE('', #10727, #10725, #10730, .T.);
#10734 = ORIENTED_EDGE('', *, *, #10731, .T.);
#10735 = ORIENTED_EDGE('', *, *, #10732, .T.);
#10736 = ORIENTED_EDGE('', *, *, #10733, .T.);
#10737 = EDGE_LOOP('', (#10734, #10735, #10736));
#10738 = FACE_BOUND('', #10737, .T.);

/* ==== Hole 631 (row 21, col 0) CW ==== */
#10739 = CARTESIAN_POINT('', (5.000, 68.000, 0.0));
#10740 = CARTESIAN_POINT('', (5.000, 71.000, 0.0));
#10741 = CARTESIAN_POINT('', (8.000, 69.500, 0.0));
#10742 = VERTEX_POINT('', #10739);
#10743 = VERTEX_POINT('', #10740);
#10744 = VERTEX_POINT('', #10741);
#10745 = LINE('', #10739, #6);
#10746 = LINE('', #10740, #6);
#10747 = LINE('', #10741, #6);
#10748 = EDGE_CURVE('', #10742, #10743, #10745, .T.);
#10749 = EDGE_CURVE('', #10743, #10744, #10746, .T.);
#10750 = EDGE_CURVE('', #10744, #10742, #10747, .T.);
#10751 = ORIENTED_EDGE('', *, *, #10748, .T.);
#10752 = ORIENTED_EDGE('', *, *, #10749, .T.);
#10753 = ORIENTED_EDGE('', *, *, #10750, .T.);
#10754 = EDGE_LOOP('', (#10751, #10752, #10753));
#10755 = FACE_BOUND('', #10754, .T.);

/* ==== Hole 632 (row 21, col 1) CW ==== */
#10756 = CARTESIAN_POINT('', (8.000, 68.000, 0.0));
#10757 = CARTESIAN_POINT('', (8.000, 71.000, 0.0));
#10758 = CARTESIAN_POINT('', (11.000, 69.500, 0.0));
#10759 = VERTEX_POINT('', #10756);
#10760 = VERTEX_POINT('', #10757);
#10761 = VERTEX_POINT('', #10758);
#10762 = LINE('', #10756, #6);
#10763 = LINE('', #10757, #6);
#10764 = LINE('', #10758, #6);
#10765 = EDGE_CURVE('', #10759, #10760, #10762, .T.);
#10766 = EDGE_CURVE('', #10760, #10761, #10763, .T.);
#10767 = EDGE_CURVE('', #10761, #10759, #10764, .T.);
#10768 = ORIENTED_EDGE('', *, *, #10765, .T.);
#10769 = ORIENTED_EDGE('', *, *, #10766, .T.);
#10770 = ORIENTED_EDGE('', *, *, #10767, .T.);
#10771 = EDGE_LOOP('', (#10768, #10769, #10770));
#10772 = FACE_BOUND('', #10771, .T.);

/* ==== Hole 633 (row 21, col 2) CW ==== */
#10773 = CARTESIAN_POINT('', (11.000, 68.000, 0.0));
#10774 = CARTESIAN_POINT('', (11.000, 71.000, 0.0));
#10775 = CARTESIAN_POINT('', (14.000, 69.500, 0.0));
#10776 = VERTEX_POINT('', #10773);
#10777 = VERTEX_POINT('', #10774);
#10778 = VERTEX_POINT('', #10775);
#10779 = LINE('', #10773, #6);
#10780 = LINE('', #10774, #6);
#10781 = LINE('', #10775, #6);
#10782 = EDGE_CURVE('', #10776, #10777, #10779, .T.);
#10783 = EDGE_CURVE('', #10777, #10778, #10780, .T.);
#10784 = EDGE_CURVE('', #10778, #10776, #10781, .T.);
#10785 = ORIENTED_EDGE('', *, *, #10782, .T.);
#10786 = ORIENTED_EDGE('', *, *, #10783, .T.);
#10787 = ORIENTED_EDGE('', *, *, #10784, .T.);
#10788 = EDGE_LOOP('', (#10785, #10786, #10787));
#10789 = FACE_BOUND('', #10788, .T.);

/* ==== Hole 634 (row 21, col 3) CW ==== */
#10790 = CARTESIAN_POINT('', (14.000, 68.000, 0.0));
#10791 = CARTESIAN_POINT('', (14.000, 71.000, 0.0));
#10792 = CARTESIAN_POINT('', (17.000, 69.500, 0.0));
#10793 = VERTEX_POINT('', #10790);
#10794 = VERTEX_POINT('', #10791);
#10795 = VERTEX_POINT('', #10792);
#10796 = LINE('', #10790, #6);
#10797 = LINE('', #10791, #6);
#10798 = LINE('', #10792, #6);
#10799 = EDGE_CURVE('', #10793, #10794, #10796, .T.);
#10800 = EDGE_CURVE('', #10794, #10795, #10797, .T.);
#10801 = EDGE_CURVE('', #10795, #10793, #10798, .T.);
#10802 = ORIENTED_EDGE('', *, *, #10799, .T.);
#10803 = ORIENTED_EDGE('', *, *, #10800, .T.);
#10804 = ORIENTED_EDGE('', *, *, #10801, .T.);
#10805 = EDGE_LOOP('', (#10802, #10803, #10804));
#10806 = FACE_BOUND('', #10805, .T.);

/* ==== Hole 635 (row 21, col 4) CW ==== */
#10807 = CARTESIAN_POINT('', (17.000, 68.000, 0.0));
#10808 = CARTESIAN_POINT('', (17.000, 71.000, 0.0));
#10809 = CARTESIAN_POINT('', (20.000, 69.500, 0.0));
#10810 = VERTEX_POINT('', #10807);
#10811 = VERTEX_POINT('', #10808);
#10812 = VERTEX_POINT('', #10809);
#10813 = LINE('', #10807, #6);
#10814 = LINE('', #10808, #6);
#10815 = LINE('', #10809, #6);
#10816 = EDGE_CURVE('', #10810, #10811, #10813, .T.);
#10817 = EDGE_CURVE('', #10811, #10812, #10814, .T.);
#10818 = EDGE_CURVE('', #10812, #10810, #10815, .T.);
#10819 = ORIENTED_EDGE('', *, *, #10816, .T.);
#10820 = ORIENTED_EDGE('', *, *, #10817, .T.);
#10821 = ORIENTED_EDGE('', *, *, #10818, .T.);
#10822 = EDGE_LOOP('', (#10819, #10820, #10821));
#10823 = FACE_BOUND('', #10822, .T.);

/* ==== Hole 636 (row 21, col 5) CW ==== */
#10824 = CARTESIAN_POINT('', (20.000, 68.000, 0.0));
#10825 = CARTESIAN_POINT('', (20.000, 71.000, 0.0));
#10826 = CARTESIAN_POINT('', (23.000, 69.500, 0.0));
#10827 = VERTEX_POINT('', #10824);
#10828 = VERTEX_POINT('', #10825);
#10829 = VERTEX_POINT('', #10826);
#10830 = LINE('', #10824, #6);
#10831 = LINE('', #10825, #6);
#10832 = LINE('', #10826, #6);
#10833 = EDGE_CURVE('', #10827, #10828, #10830, .T.);
#10834 = EDGE_CURVE('', #10828, #10829, #10831, .T.);
#10835 = EDGE_CURVE('', #10829, #10827, #10832, .T.);
#10836 = ORIENTED_EDGE('', *, *, #10833, .T.);
#10837 = ORIENTED_EDGE('', *, *, #10834, .T.);
#10838 = ORIENTED_EDGE('', *, *, #10835, .T.);
#10839 = EDGE_LOOP('', (#10836, #10837, #10838));
#10840 = FACE_BOUND('', #10839, .T.);

/* ==== Hole 637 (row 21, col 6) CW ==== */
#10841 = CARTESIAN_POINT('', (23.000, 68.000, 0.0));
#10842 = CARTESIAN_POINT('', (23.000, 71.000, 0.0));
#10843 = CARTESIAN_POINT('', (26.000, 69.500, 0.0));
#10844 = VERTEX_POINT('', #10841);
#10845 = VERTEX_POINT('', #10842);
#10846 = VERTEX_POINT('', #10843);
#10847 = LINE('', #10841, #6);
#10848 = LINE('', #10842, #6);
#10849 = LINE('', #10843, #6);
#10850 = EDGE_CURVE('', #10844, #10845, #10847, .T.);
#10851 = EDGE_CURVE('', #10845, #10846, #10848, .T.);
#10852 = EDGE_CURVE('', #10846, #10844, #10849, .T.);
#10853 = ORIENTED_EDGE('', *, *, #10850, .T.);
#10854 = ORIENTED_EDGE('', *, *, #10851, .T.);
#10855 = ORIENTED_EDGE('', *, *, #10852, .T.);
#10856 = EDGE_LOOP('', (#10853, #10854, #10855));
#10857 = FACE_BOUND('', #10856, .T.);

/* ==== Hole 638 (row 21, col 7) CW ==== */
#10858 = CARTESIAN_POINT('', (26.000, 68.000, 0.0));
#10859 = CARTESIAN_POINT('', (26.000, 71.000, 0.0));
#10860 = CARTESIAN_POINT('', (29.000, 69.500, 0.0));
#10861 = VERTEX_POINT('', #10858);
#10862 = VERTEX_POINT('', #10859);
#10863 = VERTEX_POINT('', #10860);
#10864 = LINE('', #10858, #6);
#10865 = LINE('', #10859, #6);
#10866 = LINE('', #10860, #6);
#10867 = EDGE_CURVE('', #10861, #10862, #10864, .T.);
#10868 = EDGE_CURVE('', #10862, #10863, #10865, .T.);
#10869 = EDGE_CURVE('', #10863, #10861, #10866, .T.);
#10870 = ORIENTED_EDGE('', *, *, #10867, .T.);
#10871 = ORIENTED_EDGE('', *, *, #10868, .T.);
#10872 = ORIENTED_EDGE('', *, *, #10869, .T.);
#10873 = EDGE_LOOP('', (#10870, #10871, #10872));
#10874 = FACE_BOUND('', #10873, .T.);

/* ==== Hole 639 (row 21, col 8) CW ==== */
#10875 = CARTESIAN_POINT('', (29.000, 68.000, 0.0));
#10876 = CARTESIAN_POINT('', (29.000, 71.000, 0.0));
#10877 = CARTESIAN_POINT('', (32.000, 69.500, 0.0));
#10878 = VERTEX_POINT('', #10875);
#10879 = VERTEX_POINT('', #10876);
#10880 = VERTEX_POINT('', #10877);
#10881 = LINE('', #10875, #6);
#10882 = LINE('', #10876, #6);
#10883 = LINE('', #10877, #6);
#10884 = EDGE_CURVE('', #10878, #10879, #10881, .T.);
#10885 = EDGE_CURVE('', #10879, #10880, #10882, .T.);
#10886 = EDGE_CURVE('', #10880, #10878, #10883, .T.);
#10887 = ORIENTED_EDGE('', *, *, #10884, .T.);
#10888 = ORIENTED_EDGE('', *, *, #10885, .T.);
#10889 = ORIENTED_EDGE('', *, *, #10886, .T.);
#10890 = EDGE_LOOP('', (#10887, #10888, #10889));
#10891 = FACE_BOUND('', #10890, .T.);

/* ==== Hole 640 (row 21, col 9) CW ==== */
#10892 = CARTESIAN_POINT('', (32.000, 68.000, 0.0));
#10893 = CARTESIAN_POINT('', (32.000, 71.000, 0.0));
#10894 = CARTESIAN_POINT('', (35.000, 69.500, 0.0));
#10895 = VERTEX_POINT('', #10892);
#10896 = VERTEX_POINT('', #10893);
#10897 = VERTEX_POINT('', #10894);
#10898 = LINE('', #10892, #6);
#10899 = LINE('', #10893, #6);
#10900 = LINE('', #10894, #6);
#10901 = EDGE_CURVE('', #10895, #10896, #10898, .T.);
#10902 = EDGE_CURVE('', #10896, #10897, #10899, .T.);
#10903 = EDGE_CURVE('', #10897, #10895, #10900, .T.);
#10904 = ORIENTED_EDGE('', *, *, #10901, .T.);
#10905 = ORIENTED_EDGE('', *, *, #10902, .T.);
#10906 = ORIENTED_EDGE('', *, *, #10903, .T.);
#10907 = EDGE_LOOP('', (#10904, #10905, #10906));
#10908 = FACE_BOUND('', #10907, .T.);

/* ==== Hole 641 (row 21, col 10) CW ==== */
#10909 = CARTESIAN_POINT('', (35.000, 68.000, 0.0));
#10910 = CARTESIAN_POINT('', (35.000, 71.000, 0.0));
#10911 = CARTESIAN_POINT('', (38.000, 69.500, 0.0));
#10912 = VERTEX_POINT('', #10909);
#10913 = VERTEX_POINT('', #10910);
#10914 = VERTEX_POINT('', #10911);
#10915 = LINE('', #10909, #6);
#10916 = LINE('', #10910, #6);
#10917 = LINE('', #10911, #6);
#10918 = EDGE_CURVE('', #10912, #10913, #10915, .T.);
#10919 = EDGE_CURVE('', #10913, #10914, #10916, .T.);
#10920 = EDGE_CURVE('', #10914, #10912, #10917, .T.);
#10921 = ORIENTED_EDGE('', *, *, #10918, .T.);
#10922 = ORIENTED_EDGE('', *, *, #10919, .T.);
#10923 = ORIENTED_EDGE('', *, *, #10920, .T.);
#10924 = EDGE_LOOP('', (#10921, #10922, #10923));
#10925 = FACE_BOUND('', #10924, .T.);

/* ==== Hole 642 (row 21, col 11) CW ==== */
#10926 = CARTESIAN_POINT('', (38.000, 68.000, 0.0));
#10927 = CARTESIAN_POINT('', (38.000, 71.000, 0.0));
#10928 = CARTESIAN_POINT('', (41.000, 69.500, 0.0));
#10929 = VERTEX_POINT('', #10926);
#10930 = VERTEX_POINT('', #10927);
#10931 = VERTEX_POINT('', #10928);
#10932 = LINE('', #10926, #6);
#10933 = LINE('', #10927, #6);
#10934 = LINE('', #10928, #6);
#10935 = EDGE_CURVE('', #10929, #10930, #10932, .T.);
#10936 = EDGE_CURVE('', #10930, #10931, #10933, .T.);
#10937 = EDGE_CURVE('', #10931, #10929, #10934, .T.);
#10938 = ORIENTED_EDGE('', *, *, #10935, .T.);
#10939 = ORIENTED_EDGE('', *, *, #10936, .T.);
#10940 = ORIENTED_EDGE('', *, *, #10937, .T.);
#10941 = EDGE_LOOP('', (#10938, #10939, #10940));
#10942 = FACE_BOUND('', #10941, .T.);

/* ==== Hole 643 (row 21, col 12) CW ==== */
#10943 = CARTESIAN_POINT('', (41.000, 68.000, 0.0));
#10944 = CARTESIAN_POINT('', (41.000, 71.000, 0.0));
#10945 = CARTESIAN_POINT('', (44.000, 69.500, 0.0));
#10946 = VERTEX_POINT('', #10943);
#10947 = VERTEX_POINT('', #10944);
#10948 = VERTEX_POINT('', #10945);
#10949 = LINE('', #10943, #6);
#10950 = LINE('', #10944, #6);
#10951 = LINE('', #10945, #6);
#10952 = EDGE_CURVE('', #10946, #10947, #10949, .T.);
#10953 = EDGE_CURVE('', #10947, #10948, #10950, .T.);
#10954 = EDGE_CURVE('', #10948, #10946, #10951, .T.);
#10955 = ORIENTED_EDGE('', *, *, #10952, .T.);
#10956 = ORIENTED_EDGE('', *, *, #10953, .T.);
#10957 = ORIENTED_EDGE('', *, *, #10954, .T.);
#10958 = EDGE_LOOP('', (#10955, #10956, #10957));
#10959 = FACE_BOUND('', #10958, .T.);

/* ==== Hole 644 (row 21, col 13) CW ==== */
#10960 = CARTESIAN_POINT('', (44.000, 68.000, 0.0));
#10961 = CARTESIAN_POINT('', (44.000, 71.000, 0.0));
#10962 = CARTESIAN_POINT('', (47.000, 69.500, 0.0));
#10963 = VERTEX_POINT('', #10960);
#10964 = VERTEX_POINT('', #10961);
#10965 = VERTEX_POINT('', #10962);
#10966 = LINE('', #10960, #6);
#10967 = LINE('', #10961, #6);
#10968 = LINE('', #10962, #6);
#10969 = EDGE_CURVE('', #10963, #10964, #10966, .T.);
#10970 = EDGE_CURVE('', #10964, #10965, #10967, .T.);
#10971 = EDGE_CURVE('', #10965, #10963, #10968, .T.);
#10972 = ORIENTED_EDGE('', *, *, #10969, .T.);
#10973 = ORIENTED_EDGE('', *, *, #10970, .T.);
#10974 = ORIENTED_EDGE('', *, *, #10971, .T.);
#10975 = EDGE_LOOP('', (#10972, #10973, #10974));
#10976 = FACE_BOUND('', #10975, .T.);

/* ==== Hole 645 (row 21, col 14) CW ==== */
#10977 = CARTESIAN_POINT('', (47.000, 68.000, 0.0));
#10978 = CARTESIAN_POINT('', (47.000, 71.000, 0.0));
#10979 = CARTESIAN_POINT('', (50.000, 69.500, 0.0));
#10980 = VERTEX_POINT('', #10977);
#10981 = VERTEX_POINT('', #10978);
#10982 = VERTEX_POINT('', #10979);
#10983 = LINE('', #10977, #6);
#10984 = LINE('', #10978, #6);
#10985 = LINE('', #10979, #6);
#10986 = EDGE_CURVE('', #10980, #10981, #10983, .T.);
#10987 = EDGE_CURVE('', #10981, #10982, #10984, .T.);
#10988 = EDGE_CURVE('', #10982, #10980, #10985, .T.);
#10989 = ORIENTED_EDGE('', *, *, #10986, .T.);
#10990 = ORIENTED_EDGE('', *, *, #10987, .T.);
#10991 = ORIENTED_EDGE('', *, *, #10988, .T.);
#10992 = EDGE_LOOP('', (#10989, #10990, #10991));
#10993 = FACE_BOUND('', #10992, .T.);

/* ==== Hole 646 (row 21, col 15) CW ==== */
#10994 = CARTESIAN_POINT('', (50.000, 68.000, 0.0));
#10995 = CARTESIAN_POINT('', (50.000, 71.000, 0.0));
#10996 = CARTESIAN_POINT('', (53.000, 69.500, 0.0));
#10997 = VERTEX_POINT('', #10994);
#10998 = VERTEX_POINT('', #10995);
#10999 = VERTEX_POINT('', #10996);
#11000 = LINE('', #10994, #6);
#11001 = LINE('', #10995, #6);
#11002 = LINE('', #10996, #6);
#11003 = EDGE_CURVE('', #10997, #10998, #11000, .T.);
#11004 = EDGE_CURVE('', #10998, #10999, #11001, .T.);
#11005 = EDGE_CURVE('', #10999, #10997, #11002, .T.);
#11006 = ORIENTED_EDGE('', *, *, #11003, .T.);
#11007 = ORIENTED_EDGE('', *, *, #11004, .T.);
#11008 = ORIENTED_EDGE('', *, *, #11005, .T.);
#11009 = EDGE_LOOP('', (#11006, #11007, #11008));
#11010 = FACE_BOUND('', #11009, .T.);

/* ==== Hole 647 (row 21, col 16) CW ==== */
#11011 = CARTESIAN_POINT('', (53.000, 68.000, 0.0));
#11012 = CARTESIAN_POINT('', (53.000, 71.000, 0.0));
#11013 = CARTESIAN_POINT('', (56.000, 69.500, 0.0));
#11014 = VERTEX_POINT('', #11011);
#11015 = VERTEX_POINT('', #11012);
#11016 = VERTEX_POINT('', #11013);
#11017 = LINE('', #11011, #6);
#11018 = LINE('', #11012, #6);
#11019 = LINE('', #11013, #6);
#11020 = EDGE_CURVE('', #11014, #11015, #11017, .T.);
#11021 = EDGE_CURVE('', #11015, #11016, #11018, .T.);
#11022 = EDGE_CURVE('', #11016, #11014, #11019, .T.);
#11023 = ORIENTED_EDGE('', *, *, #11020, .T.);
#11024 = ORIENTED_EDGE('', *, *, #11021, .T.);
#11025 = ORIENTED_EDGE('', *, *, #11022, .T.);
#11026 = EDGE_LOOP('', (#11023, #11024, #11025));
#11027 = FACE_BOUND('', #11026, .T.);

/* ==== Hole 648 (row 21, col 17) CW ==== */
#11028 = CARTESIAN_POINT('', (56.000, 68.000, 0.0));
#11029 = CARTESIAN_POINT('', (56.000, 71.000, 0.0));
#11030 = CARTESIAN_POINT('', (59.000, 69.500, 0.0));
#11031 = VERTEX_POINT('', #11028);
#11032 = VERTEX_POINT('', #11029);
#11033 = VERTEX_POINT('', #11030);
#11034 = LINE('', #11028, #6);
#11035 = LINE('', #11029, #6);
#11036 = LINE('', #11030, #6);
#11037 = EDGE_CURVE('', #11031, #11032, #11034, .T.);
#11038 = EDGE_CURVE('', #11032, #11033, #11035, .T.);
#11039 = EDGE_CURVE('', #11033, #11031, #11036, .T.);
#11040 = ORIENTED_EDGE('', *, *, #11037, .T.);
#11041 = ORIENTED_EDGE('', *, *, #11038, .T.);
#11042 = ORIENTED_EDGE('', *, *, #11039, .T.);
#11043 = EDGE_LOOP('', (#11040, #11041, #11042));
#11044 = FACE_BOUND('', #11043, .T.);

/* ==== Hole 649 (row 21, col 18) CW ==== */
#11045 = CARTESIAN_POINT('', (59.000, 68.000, 0.0));
#11046 = CARTESIAN_POINT('', (59.000, 71.000, 0.0));
#11047 = CARTESIAN_POINT('', (62.000, 69.500, 0.0));
#11048 = VERTEX_POINT('', #11045);
#11049 = VERTEX_POINT('', #11046);
#11050 = VERTEX_POINT('', #11047);
#11051 = LINE('', #11045, #6);
#11052 = LINE('', #11046, #6);
#11053 = LINE('', #11047, #6);
#11054 = EDGE_CURVE('', #11048, #11049, #11051, .T.);
#11055 = EDGE_CURVE('', #11049, #11050, #11052, .T.);
#11056 = EDGE_CURVE('', #11050, #11048, #11053, .T.);
#11057 = ORIENTED_EDGE('', *, *, #11054, .T.);
#11058 = ORIENTED_EDGE('', *, *, #11055, .T.);
#11059 = ORIENTED_EDGE('', *, *, #11056, .T.);
#11060 = EDGE_LOOP('', (#11057, #11058, #11059));
#11061 = FACE_BOUND('', #11060, .T.);

/* ==== Hole 650 (row 21, col 19) CW ==== */
#11062 = CARTESIAN_POINT('', (62.000, 68.000, 0.0));
#11063 = CARTESIAN_POINT('', (62.000, 71.000, 0.0));
#11064 = CARTESIAN_POINT('', (65.000, 69.500, 0.0));
#11065 = VERTEX_POINT('', #11062);
#11066 = VERTEX_POINT('', #11063);
#11067 = VERTEX_POINT('', #11064);
#11068 = LINE('', #11062, #6);
#11069 = LINE('', #11063, #6);
#11070 = LINE('', #11064, #6);
#11071 = EDGE_CURVE('', #11065, #11066, #11068, .T.);
#11072 = EDGE_CURVE('', #11066, #11067, #11069, .T.);
#11073 = EDGE_CURVE('', #11067, #11065, #11070, .T.);
#11074 = ORIENTED_EDGE('', *, *, #11071, .T.);
#11075 = ORIENTED_EDGE('', *, *, #11072, .T.);
#11076 = ORIENTED_EDGE('', *, *, #11073, .T.);
#11077 = EDGE_LOOP('', (#11074, #11075, #11076));
#11078 = FACE_BOUND('', #11077, .T.);

/* ==== Hole 651 (row 21, col 20) CW ==== */
#11079 = CARTESIAN_POINT('', (65.000, 68.000, 0.0));
#11080 = CARTESIAN_POINT('', (65.000, 71.000, 0.0));
#11081 = CARTESIAN_POINT('', (68.000, 69.500, 0.0));
#11082 = VERTEX_POINT('', #11079);
#11083 = VERTEX_POINT('', #11080);
#11084 = VERTEX_POINT('', #11081);
#11085 = LINE('', #11079, #6);
#11086 = LINE('', #11080, #6);
#11087 = LINE('', #11081, #6);
#11088 = EDGE_CURVE('', #11082, #11083, #11085, .T.);
#11089 = EDGE_CURVE('', #11083, #11084, #11086, .T.);
#11090 = EDGE_CURVE('', #11084, #11082, #11087, .T.);
#11091 = ORIENTED_EDGE('', *, *, #11088, .T.);
#11092 = ORIENTED_EDGE('', *, *, #11089, .T.);
#11093 = ORIENTED_EDGE('', *, *, #11090, .T.);
#11094 = EDGE_LOOP('', (#11091, #11092, #11093));
#11095 = FACE_BOUND('', #11094, .T.);

/* ==== Hole 652 (row 21, col 21) CW ==== */
#11096 = CARTESIAN_POINT('', (68.000, 68.000, 0.0));
#11097 = CARTESIAN_POINT('', (68.000, 71.000, 0.0));
#11098 = CARTESIAN_POINT('', (71.000, 69.500, 0.0));
#11099 = VERTEX_POINT('', #11096);
#11100 = VERTEX_POINT('', #11097);
#11101 = VERTEX_POINT('', #11098);
#11102 = LINE('', #11096, #6);
#11103 = LINE('', #11097, #6);
#11104 = LINE('', #11098, #6);
#11105 = EDGE_CURVE('', #11099, #11100, #11102, .T.);
#11106 = EDGE_CURVE('', #11100, #11101, #11103, .T.);
#11107 = EDGE_CURVE('', #11101, #11099, #11104, .T.);
#11108 = ORIENTED_EDGE('', *, *, #11105, .T.);
#11109 = ORIENTED_EDGE('', *, *, #11106, .T.);
#11110 = ORIENTED_EDGE('', *, *, #11107, .T.);
#11111 = EDGE_LOOP('', (#11108, #11109, #11110));
#11112 = FACE_BOUND('', #11111, .T.);

/* ==== Hole 653 (row 21, col 22) CW ==== */
#11113 = CARTESIAN_POINT('', (71.000, 68.000, 0.0));
#11114 = CARTESIAN_POINT('', (71.000, 71.000, 0.0));
#11115 = CARTESIAN_POINT('', (74.000, 69.500, 0.0));
#11116 = VERTEX_POINT('', #11113);
#11117 = VERTEX_POINT('', #11114);
#11118 = VERTEX_POINT('', #11115);
#11119 = LINE('', #11113, #6);
#11120 = LINE('', #11114, #6);
#11121 = LINE('', #11115, #6);
#11122 = EDGE_CURVE('', #11116, #11117, #11119, .T.);
#11123 = EDGE_CURVE('', #11117, #11118, #11120, .T.);
#11124 = EDGE_CURVE('', #11118, #11116, #11121, .T.);
#11125 = ORIENTED_EDGE('', *, *, #11122, .T.);
#11126 = ORIENTED_EDGE('', *, *, #11123, .T.);
#11127 = ORIENTED_EDGE('', *, *, #11124, .T.);
#11128 = EDGE_LOOP('', (#11125, #11126, #11127));
#11129 = FACE_BOUND('', #11128, .T.);

/* ==== Hole 654 (row 21, col 23) CW ==== */
#11130 = CARTESIAN_POINT('', (74.000, 68.000, 0.0));
#11131 = CARTESIAN_POINT('', (74.000, 71.000, 0.0));
#11132 = CARTESIAN_POINT('', (77.000, 69.500, 0.0));
#11133 = VERTEX_POINT('', #11130);
#11134 = VERTEX_POINT('', #11131);
#11135 = VERTEX_POINT('', #11132);
#11136 = LINE('', #11130, #6);
#11137 = LINE('', #11131, #6);
#11138 = LINE('', #11132, #6);
#11139 = EDGE_CURVE('', #11133, #11134, #11136, .T.);
#11140 = EDGE_CURVE('', #11134, #11135, #11137, .T.);
#11141 = EDGE_CURVE('', #11135, #11133, #11138, .T.);
#11142 = ORIENTED_EDGE('', *, *, #11139, .T.);
#11143 = ORIENTED_EDGE('', *, *, #11140, .T.);
#11144 = ORIENTED_EDGE('', *, *, #11141, .T.);
#11145 = EDGE_LOOP('', (#11142, #11143, #11144));
#11146 = FACE_BOUND('', #11145, .T.);

/* ==== Hole 655 (row 21, col 24) CW ==== */
#11147 = CARTESIAN_POINT('', (77.000, 68.000, 0.0));
#11148 = CARTESIAN_POINT('', (77.000, 71.000, 0.0));
#11149 = CARTESIAN_POINT('', (80.000, 69.500, 0.0));
#11150 = VERTEX_POINT('', #11147);
#11151 = VERTEX_POINT('', #11148);
#11152 = VERTEX_POINT('', #11149);
#11153 = LINE('', #11147, #6);
#11154 = LINE('', #11148, #6);
#11155 = LINE('', #11149, #6);
#11156 = EDGE_CURVE('', #11150, #11151, #11153, .T.);
#11157 = EDGE_CURVE('', #11151, #11152, #11154, .T.);
#11158 = EDGE_CURVE('', #11152, #11150, #11155, .T.);
#11159 = ORIENTED_EDGE('', *, *, #11156, .T.);
#11160 = ORIENTED_EDGE('', *, *, #11157, .T.);
#11161 = ORIENTED_EDGE('', *, *, #11158, .T.);
#11162 = EDGE_LOOP('', (#11159, #11160, #11161));
#11163 = FACE_BOUND('', #11162, .T.);

/* ==== Hole 656 (row 21, col 25) CW ==== */
#11164 = CARTESIAN_POINT('', (80.000, 68.000, 0.0));
#11165 = CARTESIAN_POINT('', (80.000, 71.000, 0.0));
#11166 = CARTESIAN_POINT('', (83.000, 69.500, 0.0));
#11167 = VERTEX_POINT('', #11164);
#11168 = VERTEX_POINT('', #11165);
#11169 = VERTEX_POINT('', #11166);
#11170 = LINE('', #11164, #6);
#11171 = LINE('', #11165, #6);
#11172 = LINE('', #11166, #6);
#11173 = EDGE_CURVE('', #11167, #11168, #11170, .T.);
#11174 = EDGE_CURVE('', #11168, #11169, #11171, .T.);
#11175 = EDGE_CURVE('', #11169, #11167, #11172, .T.);
#11176 = ORIENTED_EDGE('', *, *, #11173, .T.);
#11177 = ORIENTED_EDGE('', *, *, #11174, .T.);
#11178 = ORIENTED_EDGE('', *, *, #11175, .T.);
#11179 = EDGE_LOOP('', (#11176, #11177, #11178));
#11180 = FACE_BOUND('', #11179, .T.);

/* ==== Hole 657 (row 21, col 26) CW ==== */
#11181 = CARTESIAN_POINT('', (83.000, 68.000, 0.0));
#11182 = CARTESIAN_POINT('', (83.000, 71.000, 0.0));
#11183 = CARTESIAN_POINT('', (86.000, 69.500, 0.0));
#11184 = VERTEX_POINT('', #11181);
#11185 = VERTEX_POINT('', #11182);
#11186 = VERTEX_POINT('', #11183);
#11187 = LINE('', #11181, #6);
#11188 = LINE('', #11182, #6);
#11189 = LINE('', #11183, #6);
#11190 = EDGE_CURVE('', #11184, #11185, #11187, .T.);
#11191 = EDGE_CURVE('', #11185, #11186, #11188, .T.);
#11192 = EDGE_CURVE('', #11186, #11184, #11189, .T.);
#11193 = ORIENTED_EDGE('', *, *, #11190, .T.);
#11194 = ORIENTED_EDGE('', *, *, #11191, .T.);
#11195 = ORIENTED_EDGE('', *, *, #11192, .T.);
#11196 = EDGE_LOOP('', (#11193, #11194, #11195));
#11197 = FACE_BOUND('', #11196, .T.);

/* ==== Hole 658 (row 21, col 27) CW ==== */
#11198 = CARTESIAN_POINT('', (86.000, 68.000, 0.0));
#11199 = CARTESIAN_POINT('', (86.000, 71.000, 0.0));
#11200 = CARTESIAN_POINT('', (89.000, 69.500, 0.0));
#11201 = VERTEX_POINT('', #11198);
#11202 = VERTEX_POINT('', #11199);
#11203 = VERTEX_POINT('', #11200);
#11204 = LINE('', #11198, #6);
#11205 = LINE('', #11199, #6);
#11206 = LINE('', #11200, #6);
#11207 = EDGE_CURVE('', #11201, #11202, #11204, .T.);
#11208 = EDGE_CURVE('', #11202, #11203, #11205, .T.);
#11209 = EDGE_CURVE('', #11203, #11201, #11206, .T.);
#11210 = ORIENTED_EDGE('', *, *, #11207, .T.);
#11211 = ORIENTED_EDGE('', *, *, #11208, .T.);
#11212 = ORIENTED_EDGE('', *, *, #11209, .T.);
#11213 = EDGE_LOOP('', (#11210, #11211, #11212));
#11214 = FACE_BOUND('', #11213, .T.);

/* ==== Hole 659 (row 21, col 28) CW ==== */
#11215 = CARTESIAN_POINT('', (89.000, 68.000, 0.0));
#11216 = CARTESIAN_POINT('', (89.000, 71.000, 0.0));
#11217 = CARTESIAN_POINT('', (92.000, 69.500, 0.0));
#11218 = VERTEX_POINT('', #11215);
#11219 = VERTEX_POINT('', #11216);
#11220 = VERTEX_POINT('', #11217);
#11221 = LINE('', #11215, #6);
#11222 = LINE('', #11216, #6);
#11223 = LINE('', #11217, #6);
#11224 = EDGE_CURVE('', #11218, #11219, #11221, .T.);
#11225 = EDGE_CURVE('', #11219, #11220, #11222, .T.);
#11226 = EDGE_CURVE('', #11220, #11218, #11223, .T.);
#11227 = ORIENTED_EDGE('', *, *, #11224, .T.);
#11228 = ORIENTED_EDGE('', *, *, #11225, .T.);
#11229 = ORIENTED_EDGE('', *, *, #11226, .T.);
#11230 = EDGE_LOOP('', (#11227, #11228, #11229));
#11231 = FACE_BOUND('', #11230, .T.);

/* ==== Hole 660 (row 21, col 29) CW ==== */
#11232 = CARTESIAN_POINT('', (92.000, 68.000, 0.0));
#11233 = CARTESIAN_POINT('', (92.000, 71.000, 0.0));
#11234 = CARTESIAN_POINT('', (95.000, 69.500, 0.0));
#11235 = VERTEX_POINT('', #11232);
#11236 = VERTEX_POINT('', #11233);
#11237 = VERTEX_POINT('', #11234);
#11238 = LINE('', #11232, #6);
#11239 = LINE('', #11233, #6);
#11240 = LINE('', #11234, #6);
#11241 = EDGE_CURVE('', #11235, #11236, #11238, .T.);
#11242 = EDGE_CURVE('', #11236, #11237, #11239, .T.);
#11243 = EDGE_CURVE('', #11237, #11235, #11240, .T.);
#11244 = ORIENTED_EDGE('', *, *, #11241, .T.);
#11245 = ORIENTED_EDGE('', *, *, #11242, .T.);
#11246 = ORIENTED_EDGE('', *, *, #11243, .T.);
#11247 = EDGE_LOOP('', (#11244, #11245, #11246));
#11248 = FACE_BOUND('', #11247, .T.);

/* ==== Hole 661 (row 22, col 0) CW ==== */
#11249 = CARTESIAN_POINT('', (5.000, 71.000, 0.0));
#11250 = CARTESIAN_POINT('', (5.000, 74.000, 0.0));
#11251 = CARTESIAN_POINT('', (8.000, 72.500, 0.0));
#11252 = VERTEX_POINT('', #11249);
#11253 = VERTEX_POINT('', #11250);
#11254 = VERTEX_POINT('', #11251);
#11255 = LINE('', #11249, #6);
#11256 = LINE('', #11250, #6);
#11257 = LINE('', #11251, #6);
#11258 = EDGE_CURVE('', #11252, #11253, #11255, .T.);
#11259 = EDGE_CURVE('', #11253, #11254, #11256, .T.);
#11260 = EDGE_CURVE('', #11254, #11252, #11257, .T.);
#11261 = ORIENTED_EDGE('', *, *, #11258, .T.);
#11262 = ORIENTED_EDGE('', *, *, #11259, .T.);
#11263 = ORIENTED_EDGE('', *, *, #11260, .T.);
#11264 = EDGE_LOOP('', (#11261, #11262, #11263));
#11265 = FACE_BOUND('', #11264, .T.);

/* ==== Hole 662 (row 22, col 1) CW ==== */
#11266 = CARTESIAN_POINT('', (8.000, 71.000, 0.0));
#11267 = CARTESIAN_POINT('', (8.000, 74.000, 0.0));
#11268 = CARTESIAN_POINT('', (11.000, 72.500, 0.0));
#11269 = VERTEX_POINT('', #11266);
#11270 = VERTEX_POINT('', #11267);
#11271 = VERTEX_POINT('', #11268);
#11272 = LINE('', #11266, #6);
#11273 = LINE('', #11267, #6);
#11274 = LINE('', #11268, #6);
#11275 = EDGE_CURVE('', #11269, #11270, #11272, .T.);
#11276 = EDGE_CURVE('', #11270, #11271, #11273, .T.);
#11277 = EDGE_CURVE('', #11271, #11269, #11274, .T.);
#11278 = ORIENTED_EDGE('', *, *, #11275, .T.);
#11279 = ORIENTED_EDGE('', *, *, #11276, .T.);
#11280 = ORIENTED_EDGE('', *, *, #11277, .T.);
#11281 = EDGE_LOOP('', (#11278, #11279, #11280));
#11282 = FACE_BOUND('', #11281, .T.);

/* ==== Hole 663 (row 22, col 2) CW ==== */
#11283 = CARTESIAN_POINT('', (11.000, 71.000, 0.0));
#11284 = CARTESIAN_POINT('', (11.000, 74.000, 0.0));
#11285 = CARTESIAN_POINT('', (14.000, 72.500, 0.0));
#11286 = VERTEX_POINT('', #11283);
#11287 = VERTEX_POINT('', #11284);
#11288 = VERTEX_POINT('', #11285);
#11289 = LINE('', #11283, #6);
#11290 = LINE('', #11284, #6);
#11291 = LINE('', #11285, #6);
#11292 = EDGE_CURVE('', #11286, #11287, #11289, .T.);
#11293 = EDGE_CURVE('', #11287, #11288, #11290, .T.);
#11294 = EDGE_CURVE('', #11288, #11286, #11291, .T.);
#11295 = ORIENTED_EDGE('', *, *, #11292, .T.);
#11296 = ORIENTED_EDGE('', *, *, #11293, .T.);
#11297 = ORIENTED_EDGE('', *, *, #11294, .T.);
#11298 = EDGE_LOOP('', (#11295, #11296, #11297));
#11299 = FACE_BOUND('', #11298, .T.);

/* ==== Hole 664 (row 22, col 3) CW ==== */
#11300 = CARTESIAN_POINT('', (14.000, 71.000, 0.0));
#11301 = CARTESIAN_POINT('', (14.000, 74.000, 0.0));
#11302 = CARTESIAN_POINT('', (17.000, 72.500, 0.0));
#11303 = VERTEX_POINT('', #11300);
#11304 = VERTEX_POINT('', #11301);
#11305 = VERTEX_POINT('', #11302);
#11306 = LINE('', #11300, #6);
#11307 = LINE('', #11301, #6);
#11308 = LINE('', #11302, #6);
#11309 = EDGE_CURVE('', #11303, #11304, #11306, .T.);
#11310 = EDGE_CURVE('', #11304, #11305, #11307, .T.);
#11311 = EDGE_CURVE('', #11305, #11303, #11308, .T.);
#11312 = ORIENTED_EDGE('', *, *, #11309, .T.);
#11313 = ORIENTED_EDGE('', *, *, #11310, .T.);
#11314 = ORIENTED_EDGE('', *, *, #11311, .T.);
#11315 = EDGE_LOOP('', (#11312, #11313, #11314));
#11316 = FACE_BOUND('', #11315, .T.);

/* ==== Hole 665 (row 22, col 4) CW ==== */
#11317 = CARTESIAN_POINT('', (17.000, 71.000, 0.0));
#11318 = CARTESIAN_POINT('', (17.000, 74.000, 0.0));
#11319 = CARTESIAN_POINT('', (20.000, 72.500, 0.0));
#11320 = VERTEX_POINT('', #11317);
#11321 = VERTEX_POINT('', #11318);
#11322 = VERTEX_POINT('', #11319);
#11323 = LINE('', #11317, #6);
#11324 = LINE('', #11318, #6);
#11325 = LINE('', #11319, #6);
#11326 = EDGE_CURVE('', #11320, #11321, #11323, .T.);
#11327 = EDGE_CURVE('', #11321, #11322, #11324, .T.);
#11328 = EDGE_CURVE('', #11322, #11320, #11325, .T.);
#11329 = ORIENTED_EDGE('', *, *, #11326, .T.);
#11330 = ORIENTED_EDGE('', *, *, #11327, .T.);
#11331 = ORIENTED_EDGE('', *, *, #11328, .T.);
#11332 = EDGE_LOOP('', (#11329, #11330, #11331));
#11333 = FACE_BOUND('', #11332, .T.);

/* ==== Hole 666 (row 22, col 5) CW ==== */
#11334 = CARTESIAN_POINT('', (20.000, 71.000, 0.0));
#11335 = CARTESIAN_POINT('', (20.000, 74.000, 0.0));
#11336 = CARTESIAN_POINT('', (23.000, 72.500, 0.0));
#11337 = VERTEX_POINT('', #11334);
#11338 = VERTEX_POINT('', #11335);
#11339 = VERTEX_POINT('', #11336);
#11340 = LINE('', #11334, #6);
#11341 = LINE('', #11335, #6);
#11342 = LINE('', #11336, #6);
#11343 = EDGE_CURVE('', #11337, #11338, #11340, .T.);
#11344 = EDGE_CURVE('', #11338, #11339, #11341, .T.);
#11345 = EDGE_CURVE('', #11339, #11337, #11342, .T.);
#11346 = ORIENTED_EDGE('', *, *, #11343, .T.);
#11347 = ORIENTED_EDGE('', *, *, #11344, .T.);
#11348 = ORIENTED_EDGE('', *, *, #11345, .T.);
#11349 = EDGE_LOOP('', (#11346, #11347, #11348));
#11350 = FACE_BOUND('', #11349, .T.);

/* ==== Hole 667 (row 22, col 6) CW ==== */
#11351 = CARTESIAN_POINT('', (23.000, 71.000, 0.0));
#11352 = CARTESIAN_POINT('', (23.000, 74.000, 0.0));
#11353 = CARTESIAN_POINT('', (26.000, 72.500, 0.0));
#11354 = VERTEX_POINT('', #11351);
#11355 = VERTEX_POINT('', #11352);
#11356 = VERTEX_POINT('', #11353);
#11357 = LINE('', #11351, #6);
#11358 = LINE('', #11352, #6);
#11359 = LINE('', #11353, #6);
#11360 = EDGE_CURVE('', #11354, #11355, #11357, .T.);
#11361 = EDGE_CURVE('', #11355, #11356, #11358, .T.);
#11362 = EDGE_CURVE('', #11356, #11354, #11359, .T.);
#11363 = ORIENTED_EDGE('', *, *, #11360, .T.);
#11364 = ORIENTED_EDGE('', *, *, #11361, .T.);
#11365 = ORIENTED_EDGE('', *, *, #11362, .T.);
#11366 = EDGE_LOOP('', (#11363, #11364, #11365));
#11367 = FACE_BOUND('', #11366, .T.);

/* ==== Hole 668 (row 22, col 7) CW ==== */
#11368 = CARTESIAN_POINT('', (26.000, 71.000, 0.0));
#11369 = CARTESIAN_POINT('', (26.000, 74.000, 0.0));
#11370 = CARTESIAN_POINT('', (29.000, 72.500, 0.0));
#11371 = VERTEX_POINT('', #11368);
#11372 = VERTEX_POINT('', #11369);
#11373 = VERTEX_POINT('', #11370);
#11374 = LINE('', #11368, #6);
#11375 = LINE('', #11369, #6);
#11376 = LINE('', #11370, #6);
#11377 = EDGE_CURVE('', #11371, #11372, #11374, .T.);
#11378 = EDGE_CURVE('', #11372, #11373, #11375, .T.);
#11379 = EDGE_CURVE('', #11373, #11371, #11376, .T.);
#11380 = ORIENTED_EDGE('', *, *, #11377, .T.);
#11381 = ORIENTED_EDGE('', *, *, #11378, .T.);
#11382 = ORIENTED_EDGE('', *, *, #11379, .T.);
#11383 = EDGE_LOOP('', (#11380, #11381, #11382));
#11384 = FACE_BOUND('', #11383, .T.);

/* ==== Hole 669 (row 22, col 8) CW ==== */
#11385 = CARTESIAN_POINT('', (29.000, 71.000, 0.0));
#11386 = CARTESIAN_POINT('', (29.000, 74.000, 0.0));
#11387 = CARTESIAN_POINT('', (32.000, 72.500, 0.0));
#11388 = VERTEX_POINT('', #11385);
#11389 = VERTEX_POINT('', #11386);
#11390 = VERTEX_POINT('', #11387);
#11391 = LINE('', #11385, #6);
#11392 = LINE('', #11386, #6);
#11393 = LINE('', #11387, #6);
#11394 = EDGE_CURVE('', #11388, #11389, #11391, .T.);
#11395 = EDGE_CURVE('', #11389, #11390, #11392, .T.);
#11396 = EDGE_CURVE('', #11390, #11388, #11393, .T.);
#11397 = ORIENTED_EDGE('', *, *, #11394, .T.);
#11398 = ORIENTED_EDGE('', *, *, #11395, .T.);
#11399 = ORIENTED_EDGE('', *, *, #11396, .T.);
#11400 = EDGE_LOOP('', (#11397, #11398, #11399));
#11401 = FACE_BOUND('', #11400, .T.);

/* ==== Hole 670 (row 22, col 9) CW ==== */
#11402 = CARTESIAN_POINT('', (32.000, 71.000, 0.0));
#11403 = CARTESIAN_POINT('', (32.000, 74.000, 0.0));
#11404 = CARTESIAN_POINT('', (35.000, 72.500, 0.0));
#11405 = VERTEX_POINT('', #11402);
#11406 = VERTEX_POINT('', #11403);
#11407 = VERTEX_POINT('', #11404);
#11408 = LINE('', #11402, #6);
#11409 = LINE('', #11403, #6);
#11410 = LINE('', #11404, #6);
#11411 = EDGE_CURVE('', #11405, #11406, #11408, .T.);
#11412 = EDGE_CURVE('', #11406, #11407, #11409, .T.);
#11413 = EDGE_CURVE('', #11407, #11405, #11410, .T.);
#11414 = ORIENTED_EDGE('', *, *, #11411, .T.);
#11415 = ORIENTED_EDGE('', *, *, #11412, .T.);
#11416 = ORIENTED_EDGE('', *, *, #11413, .T.);
#11417 = EDGE_LOOP('', (#11414, #11415, #11416));
#11418 = FACE_BOUND('', #11417, .T.);

/* ==== Hole 671 (row 22, col 10) CW ==== */
#11419 = CARTESIAN_POINT('', (35.000, 71.000, 0.0));
#11420 = CARTESIAN_POINT('', (35.000, 74.000, 0.0));
#11421 = CARTESIAN_POINT('', (38.000, 72.500, 0.0));
#11422 = VERTEX_POINT('', #11419);
#11423 = VERTEX_POINT('', #11420);
#11424 = VERTEX_POINT('', #11421);
#11425 = LINE('', #11419, #6);
#11426 = LINE('', #11420, #6);
#11427 = LINE('', #11421, #6);
#11428 = EDGE_CURVE('', #11422, #11423, #11425, .T.);
#11429 = EDGE_CURVE('', #11423, #11424, #11426, .T.);
#11430 = EDGE_CURVE('', #11424, #11422, #11427, .T.);
#11431 = ORIENTED_EDGE('', *, *, #11428, .T.);
#11432 = ORIENTED_EDGE('', *, *, #11429, .T.);
#11433 = ORIENTED_EDGE('', *, *, #11430, .T.);
#11434 = EDGE_LOOP('', (#11431, #11432, #11433));
#11435 = FACE_BOUND('', #11434, .T.);

/* ==== Hole 672 (row 22, col 11) CW ==== */
#11436 = CARTESIAN_POINT('', (38.000, 71.000, 0.0));
#11437 = CARTESIAN_POINT('', (38.000, 74.000, 0.0));
#11438 = CARTESIAN_POINT('', (41.000, 72.500, 0.0));
#11439 = VERTEX_POINT('', #11436);
#11440 = VERTEX_POINT('', #11437);
#11441 = VERTEX_POINT('', #11438);
#11442 = LINE('', #11436, #6);
#11443 = LINE('', #11437, #6);
#11444 = LINE('', #11438, #6);
#11445 = EDGE_CURVE('', #11439, #11440, #11442, .T.);
#11446 = EDGE_CURVE('', #11440, #11441, #11443, .T.);
#11447 = EDGE_CURVE('', #11441, #11439, #11444, .T.);
#11448 = ORIENTED_EDGE('', *, *, #11445, .T.);
#11449 = ORIENTED_EDGE('', *, *, #11446, .T.);
#11450 = ORIENTED_EDGE('', *, *, #11447, .T.);
#11451 = EDGE_LOOP('', (#11448, #11449, #11450));
#11452 = FACE_BOUND('', #11451, .T.);

/* ==== Hole 673 (row 22, col 12) CW ==== */
#11453 = CARTESIAN_POINT('', (41.000, 71.000, 0.0));
#11454 = CARTESIAN_POINT('', (41.000, 74.000, 0.0));
#11455 = CARTESIAN_POINT('', (44.000, 72.500, 0.0));
#11456 = VERTEX_POINT('', #11453);
#11457 = VERTEX_POINT('', #11454);
#11458 = VERTEX_POINT('', #11455);
#11459 = LINE('', #11453, #6);
#11460 = LINE('', #11454, #6);
#11461 = LINE('', #11455, #6);
#11462 = EDGE_CURVE('', #11456, #11457, #11459, .T.);
#11463 = EDGE_CURVE('', #11457, #11458, #11460, .T.);
#11464 = EDGE_CURVE('', #11458, #11456, #11461, .T.);
#11465 = ORIENTED_EDGE('', *, *, #11462, .T.);
#11466 = ORIENTED_EDGE('', *, *, #11463, .T.);
#11467 = ORIENTED_EDGE('', *, *, #11464, .T.);
#11468 = EDGE_LOOP('', (#11465, #11466, #11467));
#11469 = FACE_BOUND('', #11468, .T.);

/* ==== Hole 674 (row 22, col 13) CW ==== */
#11470 = CARTESIAN_POINT('', (44.000, 71.000, 0.0));
#11471 = CARTESIAN_POINT('', (44.000, 74.000, 0.0));
#11472 = CARTESIAN_POINT('', (47.000, 72.500, 0.0));
#11473 = VERTEX_POINT('', #11470);
#11474 = VERTEX_POINT('', #11471);
#11475 = VERTEX_POINT('', #11472);
#11476 = LINE('', #11470, #6);
#11477 = LINE('', #11471, #6);
#11478 = LINE('', #11472, #6);
#11479 = EDGE_CURVE('', #11473, #11474, #11476, .T.);
#11480 = EDGE_CURVE('', #11474, #11475, #11477, .T.);
#11481 = EDGE_CURVE('', #11475, #11473, #11478, .T.);
#11482 = ORIENTED_EDGE('', *, *, #11479, .T.);
#11483 = ORIENTED_EDGE('', *, *, #11480, .T.);
#11484 = ORIENTED_EDGE('', *, *, #11481, .T.);
#11485 = EDGE_LOOP('', (#11482, #11483, #11484));
#11486 = FACE_BOUND('', #11485, .T.);

/* ==== Hole 675 (row 22, col 14) CW ==== */
#11487 = CARTESIAN_POINT('', (47.000, 71.000, 0.0));
#11488 = CARTESIAN_POINT('', (47.000, 74.000, 0.0));
#11489 = CARTESIAN_POINT('', (50.000, 72.500, 0.0));
#11490 = VERTEX_POINT('', #11487);
#11491 = VERTEX_POINT('', #11488);
#11492 = VERTEX_POINT('', #11489);
#11493 = LINE('', #11487, #6);
#11494 = LINE('', #11488, #6);
#11495 = LINE('', #11489, #6);
#11496 = EDGE_CURVE('', #11490, #11491, #11493, .T.);
#11497 = EDGE_CURVE('', #11491, #11492, #11494, .T.);
#11498 = EDGE_CURVE('', #11492, #11490, #11495, .T.);
#11499 = ORIENTED_EDGE('', *, *, #11496, .T.);
#11500 = ORIENTED_EDGE('', *, *, #11497, .T.);
#11501 = ORIENTED_EDGE('', *, *, #11498, .T.);
#11502 = EDGE_LOOP('', (#11499, #11500, #11501));
#11503 = FACE_BOUND('', #11502, .T.);

/* ==== Hole 676 (row 22, col 15) CW ==== */
#11504 = CARTESIAN_POINT('', (50.000, 71.000, 0.0));
#11505 = CARTESIAN_POINT('', (50.000, 74.000, 0.0));
#11506 = CARTESIAN_POINT('', (53.000, 72.500, 0.0));
#11507 = VERTEX_POINT('', #11504);
#11508 = VERTEX_POINT('', #11505);
#11509 = VERTEX_POINT('', #11506);
#11510 = LINE('', #11504, #6);
#11511 = LINE('', #11505, #6);
#11512 = LINE('', #11506, #6);
#11513 = EDGE_CURVE('', #11507, #11508, #11510, .T.);
#11514 = EDGE_CURVE('', #11508, #11509, #11511, .T.);
#11515 = EDGE_CURVE('', #11509, #11507, #11512, .T.);
#11516 = ORIENTED_EDGE('', *, *, #11513, .T.);
#11517 = ORIENTED_EDGE('', *, *, #11514, .T.);
#11518 = ORIENTED_EDGE('', *, *, #11515, .T.);
#11519 = EDGE_LOOP('', (#11516, #11517, #11518));
#11520 = FACE_BOUND('', #11519, .T.);

/* ==== Hole 677 (row 22, col 16) CW ==== */
#11521 = CARTESIAN_POINT('', (53.000, 71.000, 0.0));
#11522 = CARTESIAN_POINT('', (53.000, 74.000, 0.0));
#11523 = CARTESIAN_POINT('', (56.000, 72.500, 0.0));
#11524 = VERTEX_POINT('', #11521);
#11525 = VERTEX_POINT('', #11522);
#11526 = VERTEX_POINT('', #11523);
#11527 = LINE('', #11521, #6);
#11528 = LINE('', #11522, #6);
#11529 = LINE('', #11523, #6);
#11530 = EDGE_CURVE('', #11524, #11525, #11527, .T.);
#11531 = EDGE_CURVE('', #11525, #11526, #11528, .T.);
#11532 = EDGE_CURVE('', #11526, #11524, #11529, .T.);
#11533 = ORIENTED_EDGE('', *, *, #11530, .T.);
#11534 = ORIENTED_EDGE('', *, *, #11531, .T.);
#11535 = ORIENTED_EDGE('', *, *, #11532, .T.);
#11536 = EDGE_LOOP('', (#11533, #11534, #11535));
#11537 = FACE_BOUND('', #11536, .T.);

/* ==== Hole 678 (row 22, col 17) CW ==== */
#11538 = CARTESIAN_POINT('', (56.000, 71.000, 0.0));
#11539 = CARTESIAN_POINT('', (56.000, 74.000, 0.0));
#11540 = CARTESIAN_POINT('', (59.000, 72.500, 0.0));
#11541 = VERTEX_POINT('', #11538);
#11542 = VERTEX_POINT('', #11539);
#11543 = VERTEX_POINT('', #11540);
#11544 = LINE('', #11538, #6);
#11545 = LINE('', #11539, #6);
#11546 = LINE('', #11540, #6);
#11547 = EDGE_CURVE('', #11541, #11542, #11544, .T.);
#11548 = EDGE_CURVE('', #11542, #11543, #11545, .T.);
#11549 = EDGE_CURVE('', #11543, #11541, #11546, .T.);
#11550 = ORIENTED_EDGE('', *, *, #11547, .T.);
#11551 = ORIENTED_EDGE('', *, *, #11548, .T.);
#11552 = ORIENTED_EDGE('', *, *, #11549, .T.);
#11553 = EDGE_LOOP('', (#11550, #11551, #11552));
#11554 = FACE_BOUND('', #11553, .T.);

/* ==== Hole 679 (row 22, col 18) CW ==== */
#11555 = CARTESIAN_POINT('', (59.000, 71.000, 0.0));
#11556 = CARTESIAN_POINT('', (59.000, 74.000, 0.0));
#11557 = CARTESIAN_POINT('', (62.000, 72.500, 0.0));
#11558 = VERTEX_POINT('', #11555);
#11559 = VERTEX_POINT('', #11556);
#11560 = VERTEX_POINT('', #11557);
#11561 = LINE('', #11555, #6);
#11562 = LINE('', #11556, #6);
#11563 = LINE('', #11557, #6);
#11564 = EDGE_CURVE('', #11558, #11559, #11561, .T.);
#11565 = EDGE_CURVE('', #11559, #11560, #11562, .T.);
#11566 = EDGE_CURVE('', #11560, #11558, #11563, .T.);
#11567 = ORIENTED_EDGE('', *, *, #11564, .T.);
#11568 = ORIENTED_EDGE('', *, *, #11565, .T.);
#11569 = ORIENTED_EDGE('', *, *, #11566, .T.);
#11570 = EDGE_LOOP('', (#11567, #11568, #11569));
#11571 = FACE_BOUND('', #11570, .T.);

/* ==== Hole 680 (row 22, col 19) CW ==== */
#11572 = CARTESIAN_POINT('', (62.000, 71.000, 0.0));
#11573 = CARTESIAN_POINT('', (62.000, 74.000, 0.0));
#11574 = CARTESIAN_POINT('', (65.000, 72.500, 0.0));
#11575 = VERTEX_POINT('', #11572);
#11576 = VERTEX_POINT('', #11573);
#11577 = VERTEX_POINT('', #11574);
#11578 = LINE('', #11572, #6);
#11579 = LINE('', #11573, #6);
#11580 = LINE('', #11574, #6);
#11581 = EDGE_CURVE('', #11575, #11576, #11578, .T.);
#11582 = EDGE_CURVE('', #11576, #11577, #11579, .T.);
#11583 = EDGE_CURVE('', #11577, #11575, #11580, .T.);
#11584 = ORIENTED_EDGE('', *, *, #11581, .T.);
#11585 = ORIENTED_EDGE('', *, *, #11582, .T.);
#11586 = ORIENTED_EDGE('', *, *, #11583, .T.);
#11587 = EDGE_LOOP('', (#11584, #11585, #11586));
#11588 = FACE_BOUND('', #11587, .T.);

/* ==== Hole 681 (row 22, col 20) CW ==== */
#11589 = CARTESIAN_POINT('', (65.000, 71.000, 0.0));
#11590 = CARTESIAN_POINT('', (65.000, 74.000, 0.0));
#11591 = CARTESIAN_POINT('', (68.000, 72.500, 0.0));
#11592 = VERTEX_POINT('', #11589);
#11593 = VERTEX_POINT('', #11590);
#11594 = VERTEX_POINT('', #11591);
#11595 = LINE('', #11589, #6);
#11596 = LINE('', #11590, #6);
#11597 = LINE('', #11591, #6);
#11598 = EDGE_CURVE('', #11592, #11593, #11595, .T.);
#11599 = EDGE_CURVE('', #11593, #11594, #11596, .T.);
#11600 = EDGE_CURVE('', #11594, #11592, #11597, .T.);
#11601 = ORIENTED_EDGE('', *, *, #11598, .T.);
#11602 = ORIENTED_EDGE('', *, *, #11599, .T.);
#11603 = ORIENTED_EDGE('', *, *, #11600, .T.);
#11604 = EDGE_LOOP('', (#11601, #11602, #11603));
#11605 = FACE_BOUND('', #11604, .T.);

/* ==== Hole 682 (row 22, col 21) CW ==== */
#11606 = CARTESIAN_POINT('', (68.000, 71.000, 0.0));
#11607 = CARTESIAN_POINT('', (68.000, 74.000, 0.0));
#11608 = CARTESIAN_POINT('', (71.000, 72.500, 0.0));
#11609 = VERTEX_POINT('', #11606);
#11610 = VERTEX_POINT('', #11607);
#11611 = VERTEX_POINT('', #11608);
#11612 = LINE('', #11606, #6);
#11613 = LINE('', #11607, #6);
#11614 = LINE('', #11608, #6);
#11615 = EDGE_CURVE('', #11609, #11610, #11612, .T.);
#11616 = EDGE_CURVE('', #11610, #11611, #11613, .T.);
#11617 = EDGE_CURVE('', #11611, #11609, #11614, .T.);
#11618 = ORIENTED_EDGE('', *, *, #11615, .T.);
#11619 = ORIENTED_EDGE('', *, *, #11616, .T.);
#11620 = ORIENTED_EDGE('', *, *, #11617, .T.);
#11621 = EDGE_LOOP('', (#11618, #11619, #11620));
#11622 = FACE_BOUND('', #11621, .T.);

/* ==== Hole 683 (row 22, col 22) CW ==== */
#11623 = CARTESIAN_POINT('', (71.000, 71.000, 0.0));
#11624 = CARTESIAN_POINT('', (71.000, 74.000, 0.0));
#11625 = CARTESIAN_POINT('', (74.000, 72.500, 0.0));
#11626 = VERTEX_POINT('', #11623);
#11627 = VERTEX_POINT('', #11624);
#11628 = VERTEX_POINT('', #11625);
#11629 = LINE('', #11623, #6);
#11630 = LINE('', #11624, #6);
#11631 = LINE('', #11625, #6);
#11632 = EDGE_CURVE('', #11626, #11627, #11629, .T.);
#11633 = EDGE_CURVE('', #11627, #11628, #11630, .T.);
#11634 = EDGE_CURVE('', #11628, #11626, #11631, .T.);
#11635 = ORIENTED_EDGE('', *, *, #11632, .T.);
#11636 = ORIENTED_EDGE('', *, *, #11633, .T.);
#11637 = ORIENTED_EDGE('', *, *, #11634, .T.);
#11638 = EDGE_LOOP('', (#11635, #11636, #11637));
#11639 = FACE_BOUND('', #11638, .T.);

/* ==== Hole 684 (row 22, col 23) CW ==== */
#11640 = CARTESIAN_POINT('', (74.000, 71.000, 0.0));
#11641 = CARTESIAN_POINT('', (74.000, 74.000, 0.0));
#11642 = CARTESIAN_POINT('', (77.000, 72.500, 0.0));
#11643 = VERTEX_POINT('', #11640);
#11644 = VERTEX_POINT('', #11641);
#11645 = VERTEX_POINT('', #11642);
#11646 = LINE('', #11640, #6);
#11647 = LINE('', #11641, #6);
#11648 = LINE('', #11642, #6);
#11649 = EDGE_CURVE('', #11643, #11644, #11646, .T.);
#11650 = EDGE_CURVE('', #11644, #11645, #11647, .T.);
#11651 = EDGE_CURVE('', #11645, #11643, #11648, .T.);
#11652 = ORIENTED_EDGE('', *, *, #11649, .T.);
#11653 = ORIENTED_EDGE('', *, *, #11650, .T.);
#11654 = ORIENTED_EDGE('', *, *, #11651, .T.);
#11655 = EDGE_LOOP('', (#11652, #11653, #11654));
#11656 = FACE_BOUND('', #11655, .T.);

/* ==== Hole 685 (row 22, col 24) CW ==== */
#11657 = CARTESIAN_POINT('', (77.000, 71.000, 0.0));
#11658 = CARTESIAN_POINT('', (77.000, 74.000, 0.0));
#11659 = CARTESIAN_POINT('', (80.000, 72.500, 0.0));
#11660 = VERTEX_POINT('', #11657);
#11661 = VERTEX_POINT('', #11658);
#11662 = VERTEX_POINT('', #11659);
#11663 = LINE('', #11657, #6);
#11664 = LINE('', #11658, #6);
#11665 = LINE('', #11659, #6);
#11666 = EDGE_CURVE('', #11660, #11661, #11663, .T.);
#11667 = EDGE_CURVE('', #11661, #11662, #11664, .T.);
#11668 = EDGE_CURVE('', #11662, #11660, #11665, .T.);
#11669 = ORIENTED_EDGE('', *, *, #11666, .T.);
#11670 = ORIENTED_EDGE('', *, *, #11667, .T.);
#11671 = ORIENTED_EDGE('', *, *, #11668, .T.);
#11672 = EDGE_LOOP('', (#11669, #11670, #11671));
#11673 = FACE_BOUND('', #11672, .T.);

/* ==== Hole 686 (row 22, col 25) CW ==== */
#11674 = CARTESIAN_POINT('', (80.000, 71.000, 0.0));
#11675 = CARTESIAN_POINT('', (80.000, 74.000, 0.0));
#11676 = CARTESIAN_POINT('', (83.000, 72.500, 0.0));
#11677 = VERTEX_POINT('', #11674);
#11678 = VERTEX_POINT('', #11675);
#11679 = VERTEX_POINT('', #11676);
#11680 = LINE('', #11674, #6);
#11681 = LINE('', #11675, #6);
#11682 = LINE('', #11676, #6);
#11683 = EDGE_CURVE('', #11677, #11678, #11680, .T.);
#11684 = EDGE_CURVE('', #11678, #11679, #11681, .T.);
#11685 = EDGE_CURVE('', #11679, #11677, #11682, .T.);
#11686 = ORIENTED_EDGE('', *, *, #11683, .T.);
#11687 = ORIENTED_EDGE('', *, *, #11684, .T.);
#11688 = ORIENTED_EDGE('', *, *, #11685, .T.);
#11689 = EDGE_LOOP('', (#11686, #11687, #11688));
#11690 = FACE_BOUND('', #11689, .T.);

/* ==== Hole 687 (row 22, col 26) CW ==== */
#11691 = CARTESIAN_POINT('', (83.000, 71.000, 0.0));
#11692 = CARTESIAN_POINT('', (83.000, 74.000, 0.0));
#11693 = CARTESIAN_POINT('', (86.000, 72.500, 0.0));
#11694 = VERTEX_POINT('', #11691);
#11695 = VERTEX_POINT('', #11692);
#11696 = VERTEX_POINT('', #11693);
#11697 = LINE('', #11691, #6);
#11698 = LINE('', #11692, #6);
#11699 = LINE('', #11693, #6);
#11700 = EDGE_CURVE('', #11694, #11695, #11697, .T.);
#11701 = EDGE_CURVE('', #11695, #11696, #11698, .T.);
#11702 = EDGE_CURVE('', #11696, #11694, #11699, .T.);
#11703 = ORIENTED_EDGE('', *, *, #11700, .T.);
#11704 = ORIENTED_EDGE('', *, *, #11701, .T.);
#11705 = ORIENTED_EDGE('', *, *, #11702, .T.);
#11706 = EDGE_LOOP('', (#11703, #11704, #11705));
#11707 = FACE_BOUND('', #11706, .T.);

/* ==== Hole 688 (row 22, col 27) CW ==== */
#11708 = CARTESIAN_POINT('', (86.000, 71.000, 0.0));
#11709 = CARTESIAN_POINT('', (86.000, 74.000, 0.0));
#11710 = CARTESIAN_POINT('', (89.000, 72.500, 0.0));
#11711 = VERTEX_POINT('', #11708);
#11712 = VERTEX_POINT('', #11709);
#11713 = VERTEX_POINT('', #11710);
#11714 = LINE('', #11708, #6);
#11715 = LINE('', #11709, #6);
#11716 = LINE('', #11710, #6);
#11717 = EDGE_CURVE('', #11711, #11712, #11714, .T.);
#11718 = EDGE_CURVE('', #11712, #11713, #11715, .T.);
#11719 = EDGE_CURVE('', #11713, #11711, #11716, .T.);
#11720 = ORIENTED_EDGE('', *, *, #11717, .T.);
#11721 = ORIENTED_EDGE('', *, *, #11718, .T.);
#11722 = ORIENTED_EDGE('', *, *, #11719, .T.);
#11723 = EDGE_LOOP('', (#11720, #11721, #11722));
#11724 = FACE_BOUND('', #11723, .T.);

/* ==== Hole 689 (row 22, col 28) CW ==== */
#11725 = CARTESIAN_POINT('', (89.000, 71.000, 0.0));
#11726 = CARTESIAN_POINT('', (89.000, 74.000, 0.0));
#11727 = CARTESIAN_POINT('', (92.000, 72.500, 0.0));
#11728 = VERTEX_POINT('', #11725);
#11729 = VERTEX_POINT('', #11726);
#11730 = VERTEX_POINT('', #11727);
#11731 = LINE('', #11725, #6);
#11732 = LINE('', #11726, #6);
#11733 = LINE('', #11727, #6);
#11734 = EDGE_CURVE('', #11728, #11729, #11731, .T.);
#11735 = EDGE_CURVE('', #11729, #11730, #11732, .T.);
#11736 = EDGE_CURVE('', #11730, #11728, #11733, .T.);
#11737 = ORIENTED_EDGE('', *, *, #11734, .T.);
#11738 = ORIENTED_EDGE('', *, *, #11735, .T.);
#11739 = ORIENTED_EDGE('', *, *, #11736, .T.);
#11740 = EDGE_LOOP('', (#11737, #11738, #11739));
#11741 = FACE_BOUND('', #11740, .T.);

/* ==== Hole 690 (row 22, col 29) CW ==== */
#11742 = CARTESIAN_POINT('', (92.000, 71.000, 0.0));
#11743 = CARTESIAN_POINT('', (92.000, 74.000, 0.0));
#11744 = CARTESIAN_POINT('', (95.000, 72.500, 0.0));
#11745 = VERTEX_POINT('', #11742);
#11746 = VERTEX_POINT('', #11743);
#11747 = VERTEX_POINT('', #11744);
#11748 = LINE('', #11742, #6);
#11749 = LINE('', #11743, #6);
#11750 = LINE('', #11744, #6);
#11751 = EDGE_CURVE('', #11745, #11746, #11748, .T.);
#11752 = EDGE_CURVE('', #11746, #11747, #11749, .T.);
#11753 = EDGE_CURVE('', #11747, #11745, #11750, .T.);
#11754 = ORIENTED_EDGE('', *, *, #11751, .T.);
#11755 = ORIENTED_EDGE('', *, *, #11752, .T.);
#11756 = ORIENTED_EDGE('', *, *, #11753, .T.);
#11757 = EDGE_LOOP('', (#11754, #11755, #11756));
#11758 = FACE_BOUND('', #11757, .T.);

/* ==== Hole 691 (row 23, col 0) CW ==== */
#11759 = CARTESIAN_POINT('', (5.000, 74.000, 0.0));
#11760 = CARTESIAN_POINT('', (5.000, 77.000, 0.0));
#11761 = CARTESIAN_POINT('', (8.000, 75.500, 0.0));
#11762 = VERTEX_POINT('', #11759);
#11763 = VERTEX_POINT('', #11760);
#11764 = VERTEX_POINT('', #11761);
#11765 = LINE('', #11759, #6);
#11766 = LINE('', #11760, #6);
#11767 = LINE('', #11761, #6);
#11768 = EDGE_CURVE('', #11762, #11763, #11765, .T.);
#11769 = EDGE_CURVE('', #11763, #11764, #11766, .T.);
#11770 = EDGE_CURVE('', #11764, #11762, #11767, .T.);
#11771 = ORIENTED_EDGE('', *, *, #11768, .T.);
#11772 = ORIENTED_EDGE('', *, *, #11769, .T.);
#11773 = ORIENTED_EDGE('', *, *, #11770, .T.);
#11774 = EDGE_LOOP('', (#11771, #11772, #11773));
#11775 = FACE_BOUND('', #11774, .T.);

/* ==== Hole 692 (row 23, col 1) CW ==== */
#11776 = CARTESIAN_POINT('', (8.000, 74.000, 0.0));
#11777 = CARTESIAN_POINT('', (8.000, 77.000, 0.0));
#11778 = CARTESIAN_POINT('', (11.000, 75.500, 0.0));
#11779 = VERTEX_POINT('', #11776);
#11780 = VERTEX_POINT('', #11777);
#11781 = VERTEX_POINT('', #11778);
#11782 = LINE('', #11776, #6);
#11783 = LINE('', #11777, #6);
#11784 = LINE('', #11778, #6);
#11785 = EDGE_CURVE('', #11779, #11780, #11782, .T.);
#11786 = EDGE_CURVE('', #11780, #11781, #11783, .T.);
#11787 = EDGE_CURVE('', #11781, #11779, #11784, .T.);
#11788 = ORIENTED_EDGE('', *, *, #11785, .T.);
#11789 = ORIENTED_EDGE('', *, *, #11786, .T.);
#11790 = ORIENTED_EDGE('', *, *, #11787, .T.);
#11791 = EDGE_LOOP('', (#11788, #11789, #11790));
#11792 = FACE_BOUND('', #11791, .T.);

/* ==== Hole 693 (row 23, col 2) CW ==== */
#11793 = CARTESIAN_POINT('', (11.000, 74.000, 0.0));
#11794 = CARTESIAN_POINT('', (11.000, 77.000, 0.0));
#11795 = CARTESIAN_POINT('', (14.000, 75.500, 0.0));
#11796 = VERTEX_POINT('', #11793);
#11797 = VERTEX_POINT('', #11794);
#11798 = VERTEX_POINT('', #11795);
#11799 = LINE('', #11793, #6);
#11800 = LINE('', #11794, #6);
#11801 = LINE('', #11795, #6);
#11802 = EDGE_CURVE('', #11796, #11797, #11799, .T.);
#11803 = EDGE_CURVE('', #11797, #11798, #11800, .T.);
#11804 = EDGE_CURVE('', #11798, #11796, #11801, .T.);
#11805 = ORIENTED_EDGE('', *, *, #11802, .T.);
#11806 = ORIENTED_EDGE('', *, *, #11803, .T.);
#11807 = ORIENTED_EDGE('', *, *, #11804, .T.);
#11808 = EDGE_LOOP('', (#11805, #11806, #11807));
#11809 = FACE_BOUND('', #11808, .T.);

/* ==== Hole 694 (row 23, col 3) CW ==== */
#11810 = CARTESIAN_POINT('', (14.000, 74.000, 0.0));
#11811 = CARTESIAN_POINT('', (14.000, 77.000, 0.0));
#11812 = CARTESIAN_POINT('', (17.000, 75.500, 0.0));
#11813 = VERTEX_POINT('', #11810);
#11814 = VERTEX_POINT('', #11811);
#11815 = VERTEX_POINT('', #11812);
#11816 = LINE('', #11810, #6);
#11817 = LINE('', #11811, #6);
#11818 = LINE('', #11812, #6);
#11819 = EDGE_CURVE('', #11813, #11814, #11816, .T.);
#11820 = EDGE_CURVE('', #11814, #11815, #11817, .T.);
#11821 = EDGE_CURVE('', #11815, #11813, #11818, .T.);
#11822 = ORIENTED_EDGE('', *, *, #11819, .T.);
#11823 = ORIENTED_EDGE('', *, *, #11820, .T.);
#11824 = ORIENTED_EDGE('', *, *, #11821, .T.);
#11825 = EDGE_LOOP('', (#11822, #11823, #11824));
#11826 = FACE_BOUND('', #11825, .T.);

/* ==== Hole 695 (row 23, col 4) CW ==== */
#11827 = CARTESIAN_POINT('', (17.000, 74.000, 0.0));
#11828 = CARTESIAN_POINT('', (17.000, 77.000, 0.0));
#11829 = CARTESIAN_POINT('', (20.000, 75.500, 0.0));
#11830 = VERTEX_POINT('', #11827);
#11831 = VERTEX_POINT('', #11828);
#11832 = VERTEX_POINT('', #11829);
#11833 = LINE('', #11827, #6);
#11834 = LINE('', #11828, #6);
#11835 = LINE('', #11829, #6);
#11836 = EDGE_CURVE('', #11830, #11831, #11833, .T.);
#11837 = EDGE_CURVE('', #11831, #11832, #11834, .T.);
#11838 = EDGE_CURVE('', #11832, #11830, #11835, .T.);
#11839 = ORIENTED_EDGE('', *, *, #11836, .T.);
#11840 = ORIENTED_EDGE('', *, *, #11837, .T.);
#11841 = ORIENTED_EDGE('', *, *, #11838, .T.);
#11842 = EDGE_LOOP('', (#11839, #11840, #11841));
#11843 = FACE_BOUND('', #11842, .T.);

/* ==== Hole 696 (row 23, col 5) CW ==== */
#11844 = CARTESIAN_POINT('', (20.000, 74.000, 0.0));
#11845 = CARTESIAN_POINT('', (20.000, 77.000, 0.0));
#11846 = CARTESIAN_POINT('', (23.000, 75.500, 0.0));
#11847 = VERTEX_POINT('', #11844);
#11848 = VERTEX_POINT('', #11845);
#11849 = VERTEX_POINT('', #11846);
#11850 = LINE('', #11844, #6);
#11851 = LINE('', #11845, #6);
#11852 = LINE('', #11846, #6);
#11853 = EDGE_CURVE('', #11847, #11848, #11850, .T.);
#11854 = EDGE_CURVE('', #11848, #11849, #11851, .T.);
#11855 = EDGE_CURVE('', #11849, #11847, #11852, .T.);
#11856 = ORIENTED_EDGE('', *, *, #11853, .T.);
#11857 = ORIENTED_EDGE('', *, *, #11854, .T.);
#11858 = ORIENTED_EDGE('', *, *, #11855, .T.);
#11859 = EDGE_LOOP('', (#11856, #11857, #11858));
#11860 = FACE_BOUND('', #11859, .T.);

/* ==== Hole 697 (row 23, col 6) CW ==== */
#11861 = CARTESIAN_POINT('', (23.000, 74.000, 0.0));
#11862 = CARTESIAN_POINT('', (23.000, 77.000, 0.0));
#11863 = CARTESIAN_POINT('', (26.000, 75.500, 0.0));
#11864 = VERTEX_POINT('', #11861);
#11865 = VERTEX_POINT('', #11862);
#11866 = VERTEX_POINT('', #11863);
#11867 = LINE('', #11861, #6);
#11868 = LINE('', #11862, #6);
#11869 = LINE('', #11863, #6);
#11870 = EDGE_CURVE('', #11864, #11865, #11867, .T.);
#11871 = EDGE_CURVE('', #11865, #11866, #11868, .T.);
#11872 = EDGE_CURVE('', #11866, #11864, #11869, .T.);
#11873 = ORIENTED_EDGE('', *, *, #11870, .T.);
#11874 = ORIENTED_EDGE('', *, *, #11871, .T.);
#11875 = ORIENTED_EDGE('', *, *, #11872, .T.);
#11876 = EDGE_LOOP('', (#11873, #11874, #11875));
#11877 = FACE_BOUND('', #11876, .T.);

/* ==== Hole 698 (row 23, col 7) CW ==== */
#11878 = CARTESIAN_POINT('', (26.000, 74.000, 0.0));
#11879 = CARTESIAN_POINT('', (26.000, 77.000, 0.0));
#11880 = CARTESIAN_POINT('', (29.000, 75.500, 0.0));
#11881 = VERTEX_POINT('', #11878);
#11882 = VERTEX_POINT('', #11879);
#11883 = VERTEX_POINT('', #11880);
#11884 = LINE('', #11878, #6);
#11885 = LINE('', #11879, #6);
#11886 = LINE('', #11880, #6);
#11887 = EDGE_CURVE('', #11881, #11882, #11884, .T.);
#11888 = EDGE_CURVE('', #11882, #11883, #11885, .T.);
#11889 = EDGE_CURVE('', #11883, #11881, #11886, .T.);
#11890 = ORIENTED_EDGE('', *, *, #11887, .T.);
#11891 = ORIENTED_EDGE('', *, *, #11888, .T.);
#11892 = ORIENTED_EDGE('', *, *, #11889, .T.);
#11893 = EDGE_LOOP('', (#11890, #11891, #11892));
#11894 = FACE_BOUND('', #11893, .T.);

/* ==== Hole 699 (row 23, col 8) CW ==== */
#11895 = CARTESIAN_POINT('', (29.000, 74.000, 0.0));
#11896 = CARTESIAN_POINT('', (29.000, 77.000, 0.0));
#11897 = CARTESIAN_POINT('', (32.000, 75.500, 0.0));
#11898 = VERTEX_POINT('', #11895);
#11899 = VERTEX_POINT('', #11896);
#11900 = VERTEX_POINT('', #11897);
#11901 = LINE('', #11895, #6);
#11902 = LINE('', #11896, #6);
#11903 = LINE('', #11897, #6);
#11904 = EDGE_CURVE('', #11898, #11899, #11901, .T.);
#11905 = EDGE_CURVE('', #11899, #11900, #11902, .T.);
#11906 = EDGE_CURVE('', #11900, #11898, #11903, .T.);
#11907 = ORIENTED_EDGE('', *, *, #11904, .T.);
#11908 = ORIENTED_EDGE('', *, *, #11905, .T.);
#11909 = ORIENTED_EDGE('', *, *, #11906, .T.);
#11910 = EDGE_LOOP('', (#11907, #11908, #11909));
#11911 = FACE_BOUND('', #11910, .T.);

/* ==== Hole 700 (row 23, col 9) CW ==== */
#11912 = CARTESIAN_POINT('', (32.000, 74.000, 0.0));
#11913 = CARTESIAN_POINT('', (32.000, 77.000, 0.0));
#11914 = CARTESIAN_POINT('', (35.000, 75.500, 0.0));
#11915 = VERTEX_POINT('', #11912);
#11916 = VERTEX_POINT('', #11913);
#11917 = VERTEX_POINT('', #11914);
#11918 = LINE('', #11912, #6);
#11919 = LINE('', #11913, #6);
#11920 = LINE('', #11914, #6);
#11921 = EDGE_CURVE('', #11915, #11916, #11918, .T.);
#11922 = EDGE_CURVE('', #11916, #11917, #11919, .T.);
#11923 = EDGE_CURVE('', #11917, #11915, #11920, .T.);
#11924 = ORIENTED_EDGE('', *, *, #11921, .T.);
#11925 = ORIENTED_EDGE('', *, *, #11922, .T.);
#11926 = ORIENTED_EDGE('', *, *, #11923, .T.);
#11927 = EDGE_LOOP('', (#11924, #11925, #11926));
#11928 = FACE_BOUND('', #11927, .T.);

/* ==== Hole 701 (row 23, col 10) CW ==== */
#11929 = CARTESIAN_POINT('', (35.000, 74.000, 0.0));
#11930 = CARTESIAN_POINT('', (35.000, 77.000, 0.0));
#11931 = CARTESIAN_POINT('', (38.000, 75.500, 0.0));
#11932 = VERTEX_POINT('', #11929);
#11933 = VERTEX_POINT('', #11930);
#11934 = VERTEX_POINT('', #11931);
#11935 = LINE('', #11929, #6);
#11936 = LINE('', #11930, #6);
#11937 = LINE('', #11931, #6);
#11938 = EDGE_CURVE('', #11932, #11933, #11935, .T.);
#11939 = EDGE_CURVE('', #11933, #11934, #11936, .T.);
#11940 = EDGE_CURVE('', #11934, #11932, #11937, .T.);
#11941 = ORIENTED_EDGE('', *, *, #11938, .T.);
#11942 = ORIENTED_EDGE('', *, *, #11939, .T.);
#11943 = ORIENTED_EDGE('', *, *, #11940, .T.);
#11944 = EDGE_LOOP('', (#11941, #11942, #11943));
#11945 = FACE_BOUND('', #11944, .T.);

/* ==== Hole 702 (row 23, col 11) CW ==== */
#11946 = CARTESIAN_POINT('', (38.000, 74.000, 0.0));
#11947 = CARTESIAN_POINT('', (38.000, 77.000, 0.0));
#11948 = CARTESIAN_POINT('', (41.000, 75.500, 0.0));
#11949 = VERTEX_POINT('', #11946);
#11950 = VERTEX_POINT('', #11947);
#11951 = VERTEX_POINT('', #11948);
#11952 = LINE('', #11946, #6);
#11953 = LINE('', #11947, #6);
#11954 = LINE('', #11948, #6);
#11955 = EDGE_CURVE('', #11949, #11950, #11952, .T.);
#11956 = EDGE_CURVE('', #11950, #11951, #11953, .T.);
#11957 = EDGE_CURVE('', #11951, #11949, #11954, .T.);
#11958 = ORIENTED_EDGE('', *, *, #11955, .T.);
#11959 = ORIENTED_EDGE('', *, *, #11956, .T.);
#11960 = ORIENTED_EDGE('', *, *, #11957, .T.);
#11961 = EDGE_LOOP('', (#11958, #11959, #11960));
#11962 = FACE_BOUND('', #11961, .T.);

/* ==== Hole 703 (row 23, col 12) CW ==== */
#11963 = CARTESIAN_POINT('', (41.000, 74.000, 0.0));
#11964 = CARTESIAN_POINT('', (41.000, 77.000, 0.0));
#11965 = CARTESIAN_POINT('', (44.000, 75.500, 0.0));
#11966 = VERTEX_POINT('', #11963);
#11967 = VERTEX_POINT('', #11964);
#11968 = VERTEX_POINT('', #11965);
#11969 = LINE('', #11963, #6);
#11970 = LINE('', #11964, #6);
#11971 = LINE('', #11965, #6);
#11972 = EDGE_CURVE('', #11966, #11967, #11969, .T.);
#11973 = EDGE_CURVE('', #11967, #11968, #11970, .T.);
#11974 = EDGE_CURVE('', #11968, #11966, #11971, .T.);
#11975 = ORIENTED_EDGE('', *, *, #11972, .T.);
#11976 = ORIENTED_EDGE('', *, *, #11973, .T.);
#11977 = ORIENTED_EDGE('', *, *, #11974, .T.);
#11978 = EDGE_LOOP('', (#11975, #11976, #11977));
#11979 = FACE_BOUND('', #11978, .T.);

/* ==== Hole 704 (row 23, col 13) CW ==== */
#11980 = CARTESIAN_POINT('', (44.000, 74.000, 0.0));
#11981 = CARTESIAN_POINT('', (44.000, 77.000, 0.0));
#11982 = CARTESIAN_POINT('', (47.000, 75.500, 0.0));
#11983 = VERTEX_POINT('', #11980);
#11984 = VERTEX_POINT('', #11981);
#11985 = VERTEX_POINT('', #11982);
#11986 = LINE('', #11980, #6);
#11987 = LINE('', #11981, #6);
#11988 = LINE('', #11982, #6);
#11989 = EDGE_CURVE('', #11983, #11984, #11986, .T.);
#11990 = EDGE_CURVE('', #11984, #11985, #11987, .T.);
#11991 = EDGE_CURVE('', #11985, #11983, #11988, .T.);
#11992 = ORIENTED_EDGE('', *, *, #11989, .T.);
#11993 = ORIENTED_EDGE('', *, *, #11990, .T.);
#11994 = ORIENTED_EDGE('', *, *, #11991, .T.);
#11995 = EDGE_LOOP('', (#11992, #11993, #11994));
#11996 = FACE_BOUND('', #11995, .T.);

/* ==== Hole 705 (row 23, col 14) CW ==== */
#11997 = CARTESIAN_POINT('', (47.000, 74.000, 0.0));
#11998 = CARTESIAN_POINT('', (47.000, 77.000, 0.0));
#11999 = CARTESIAN_POINT('', (50.000, 75.500, 0.0));
#12000 = VERTEX_POINT('', #11997);
#12001 = VERTEX_POINT('', #11998);
#12002 = VERTEX_POINT('', #11999);
#12003 = LINE('', #11997, #6);
#12004 = LINE('', #11998, #6);
#12005 = LINE('', #11999, #6);
#12006 = EDGE_CURVE('', #12000, #12001, #12003, .T.);
#12007 = EDGE_CURVE('', #12001, #12002, #12004, .T.);
#12008 = EDGE_CURVE('', #12002, #12000, #12005, .T.);
#12009 = ORIENTED_EDGE('', *, *, #12006, .T.);
#12010 = ORIENTED_EDGE('', *, *, #12007, .T.);
#12011 = ORIENTED_EDGE('', *, *, #12008, .T.);
#12012 = EDGE_LOOP('', (#12009, #12010, #12011));
#12013 = FACE_BOUND('', #12012, .T.);

/* ==== Hole 706 (row 23, col 15) CW ==== */
#12014 = CARTESIAN_POINT('', (50.000, 74.000, 0.0));
#12015 = CARTESIAN_POINT('', (50.000, 77.000, 0.0));
#12016 = CARTESIAN_POINT('', (53.000, 75.500, 0.0));
#12017 = VERTEX_POINT('', #12014);
#12018 = VERTEX_POINT('', #12015);
#12019 = VERTEX_POINT('', #12016);
#12020 = LINE('', #12014, #6);
#12021 = LINE('', #12015, #6);
#12022 = LINE('', #12016, #6);
#12023 = EDGE_CURVE('', #12017, #12018, #12020, .T.);
#12024 = EDGE_CURVE('', #12018, #12019, #12021, .T.);
#12025 = EDGE_CURVE('', #12019, #12017, #12022, .T.);
#12026 = ORIENTED_EDGE('', *, *, #12023, .T.);
#12027 = ORIENTED_EDGE('', *, *, #12024, .T.);
#12028 = ORIENTED_EDGE('', *, *, #12025, .T.);
#12029 = EDGE_LOOP('', (#12026, #12027, #12028));
#12030 = FACE_BOUND('', #12029, .T.);

/* ==== Hole 707 (row 23, col 16) CW ==== */
#12031 = CARTESIAN_POINT('', (53.000, 74.000, 0.0));
#12032 = CARTESIAN_POINT('', (53.000, 77.000, 0.0));
#12033 = CARTESIAN_POINT('', (56.000, 75.500, 0.0));
#12034 = VERTEX_POINT('', #12031);
#12035 = VERTEX_POINT('', #12032);
#12036 = VERTEX_POINT('', #12033);
#12037 = LINE('', #12031, #6);
#12038 = LINE('', #12032, #6);
#12039 = LINE('', #12033, #6);
#12040 = EDGE_CURVE('', #12034, #12035, #12037, .T.);
#12041 = EDGE_CURVE('', #12035, #12036, #12038, .T.);
#12042 = EDGE_CURVE('', #12036, #12034, #12039, .T.);
#12043 = ORIENTED_EDGE('', *, *, #12040, .T.);
#12044 = ORIENTED_EDGE('', *, *, #12041, .T.);
#12045 = ORIENTED_EDGE('', *, *, #12042, .T.);
#12046 = EDGE_LOOP('', (#12043, #12044, #12045));
#12047 = FACE_BOUND('', #12046, .T.);

/* ==== Hole 708 (row 23, col 17) CW ==== */
#12048 = CARTESIAN_POINT('', (56.000, 74.000, 0.0));
#12049 = CARTESIAN_POINT('', (56.000, 77.000, 0.0));
#12050 = CARTESIAN_POINT('', (59.000, 75.500, 0.0));
#12051 = VERTEX_POINT('', #12048);
#12052 = VERTEX_POINT('', #12049);
#12053 = VERTEX_POINT('', #12050);
#12054 = LINE('', #12048, #6);
#12055 = LINE('', #12049, #6);
#12056 = LINE('', #12050, #6);
#12057 = EDGE_CURVE('', #12051, #12052, #12054, .T.);
#12058 = EDGE_CURVE('', #12052, #12053, #12055, .T.);
#12059 = EDGE_CURVE('', #12053, #12051, #12056, .T.);
#12060 = ORIENTED_EDGE('', *, *, #12057, .T.);
#12061 = ORIENTED_EDGE('', *, *, #12058, .T.);
#12062 = ORIENTED_EDGE('', *, *, #12059, .T.);
#12063 = EDGE_LOOP('', (#12060, #12061, #12062));
#12064 = FACE_BOUND('', #12063, .T.);

/* ==== Hole 709 (row 23, col 18) CW ==== */
#12065 = CARTESIAN_POINT('', (59.000, 74.000, 0.0));
#12066 = CARTESIAN_POINT('', (59.000, 77.000, 0.0));
#12067 = CARTESIAN_POINT('', (62.000, 75.500, 0.0));
#12068 = VERTEX_POINT('', #12065);
#12069 = VERTEX_POINT('', #12066);
#12070 = VERTEX_POINT('', #12067);
#12071 = LINE('', #12065, #6);
#12072 = LINE('', #12066, #6);
#12073 = LINE('', #12067, #6);
#12074 = EDGE_CURVE('', #12068, #12069, #12071, .T.);
#12075 = EDGE_CURVE('', #12069, #12070, #12072, .T.);
#12076 = EDGE_CURVE('', #12070, #12068, #12073, .T.);
#12077 = ORIENTED_EDGE('', *, *, #12074, .T.);
#12078 = ORIENTED_EDGE('', *, *, #12075, .T.);
#12079 = ORIENTED_EDGE('', *, *, #12076, .T.);
#12080 = EDGE_LOOP('', (#12077, #12078, #12079));
#12081 = FACE_BOUND('', #12080, .T.);

/* ==== Hole 710 (row 23, col 19) CW ==== */
#12082 = CARTESIAN_POINT('', (62.000, 74.000, 0.0));
#12083 = CARTESIAN_POINT('', (62.000, 77.000, 0.0));
#12084 = CARTESIAN_POINT('', (65.000, 75.500, 0.0));
#12085 = VERTEX_POINT('', #12082);
#12086 = VERTEX_POINT('', #12083);
#12087 = VERTEX_POINT('', #12084);
#12088 = LINE('', #12082, #6);
#12089 = LINE('', #12083, #6);
#12090 = LINE('', #12084, #6);
#12091 = EDGE_CURVE('', #12085, #12086, #12088, .T.);
#12092 = EDGE_CURVE('', #12086, #12087, #12089, .T.);
#12093 = EDGE_CURVE('', #12087, #12085, #12090, .T.);
#12094 = ORIENTED_EDGE('', *, *, #12091, .T.);
#12095 = ORIENTED_EDGE('', *, *, #12092, .T.);
#12096 = ORIENTED_EDGE('', *, *, #12093, .T.);
#12097 = EDGE_LOOP('', (#12094, #12095, #12096));
#12098 = FACE_BOUND('', #12097, .T.);

/* ==== Hole 711 (row 23, col 20) CW ==== */
#12099 = CARTESIAN_POINT('', (65.000, 74.000, 0.0));
#12100 = CARTESIAN_POINT('', (65.000, 77.000, 0.0));
#12101 = CARTESIAN_POINT('', (68.000, 75.500, 0.0));
#12102 = VERTEX_POINT('', #12099);
#12103 = VERTEX_POINT('', #12100);
#12104 = VERTEX_POINT('', #12101);
#12105 = LINE('', #12099, #6);
#12106 = LINE('', #12100, #6);
#12107 = LINE('', #12101, #6);
#12108 = EDGE_CURVE('', #12102, #12103, #12105, .T.);
#12109 = EDGE_CURVE('', #12103, #12104, #12106, .T.);
#12110 = EDGE_CURVE('', #12104, #12102, #12107, .T.);
#12111 = ORIENTED_EDGE('', *, *, #12108, .T.);
#12112 = ORIENTED_EDGE('', *, *, #12109, .T.);
#12113 = ORIENTED_EDGE('', *, *, #12110, .T.);
#12114 = EDGE_LOOP('', (#12111, #12112, #12113));
#12115 = FACE_BOUND('', #12114, .T.);

/* ==== Hole 712 (row 23, col 21) CW ==== */
#12116 = CARTESIAN_POINT('', (68.000, 74.000, 0.0));
#12117 = CARTESIAN_POINT('', (68.000, 77.000, 0.0));
#12118 = CARTESIAN_POINT('', (71.000, 75.500, 0.0));
#12119 = VERTEX_POINT('', #12116);
#12120 = VERTEX_POINT('', #12117);
#12121 = VERTEX_POINT('', #12118);
#12122 = LINE('', #12116, #6);
#12123 = LINE('', #12117, #6);
#12124 = LINE('', #12118, #6);
#12125 = EDGE_CURVE('', #12119, #12120, #12122, .T.);
#12126 = EDGE_CURVE('', #12120, #12121, #12123, .T.);
#12127 = EDGE_CURVE('', #12121, #12119, #12124, .T.);
#12128 = ORIENTED_EDGE('', *, *, #12125, .T.);
#12129 = ORIENTED_EDGE('', *, *, #12126, .T.);
#12130 = ORIENTED_EDGE('', *, *, #12127, .T.);
#12131 = EDGE_LOOP('', (#12128, #12129, #12130));
#12132 = FACE_BOUND('', #12131, .T.);

/* ==== Hole 713 (row 23, col 22) CW ==== */
#12133 = CARTESIAN_POINT('', (71.000, 74.000, 0.0));
#12134 = CARTESIAN_POINT('', (71.000, 77.000, 0.0));
#12135 = CARTESIAN_POINT('', (74.000, 75.500, 0.0));
#12136 = VERTEX_POINT('', #12133);
#12137 = VERTEX_POINT('', #12134);
#12138 = VERTEX_POINT('', #12135);
#12139 = LINE('', #12133, #6);
#12140 = LINE('', #12134, #6);
#12141 = LINE('', #12135, #6);
#12142 = EDGE_CURVE('', #12136, #12137, #12139, .T.);
#12143 = EDGE_CURVE('', #12137, #12138, #12140, .T.);
#12144 = EDGE_CURVE('', #12138, #12136, #12141, .T.);
#12145 = ORIENTED_EDGE('', *, *, #12142, .T.);
#12146 = ORIENTED_EDGE('', *, *, #12143, .T.);
#12147 = ORIENTED_EDGE('', *, *, #12144, .T.);
#12148 = EDGE_LOOP('', (#12145, #12146, #12147));
#12149 = FACE_BOUND('', #12148, .T.);

/* ==== Hole 714 (row 23, col 23) CW ==== */
#12150 = CARTESIAN_POINT('', (74.000, 74.000, 0.0));
#12151 = CARTESIAN_POINT('', (74.000, 77.000, 0.0));
#12152 = CARTESIAN_POINT('', (77.000, 75.500, 0.0));
#12153 = VERTEX_POINT('', #12150);
#12154 = VERTEX_POINT('', #12151);
#12155 = VERTEX_POINT('', #12152);
#12156 = LINE('', #12150, #6);
#12157 = LINE('', #12151, #6);
#12158 = LINE('', #12152, #6);
#12159 = EDGE_CURVE('', #12153, #12154, #12156, .T.);
#12160 = EDGE_CURVE('', #12154, #12155, #12157, .T.);
#12161 = EDGE_CURVE('', #12155, #12153, #12158, .T.);
#12162 = ORIENTED_EDGE('', *, *, #12159, .T.);
#12163 = ORIENTED_EDGE('', *, *, #12160, .T.);
#12164 = ORIENTED_EDGE('', *, *, #12161, .T.);
#12165 = EDGE_LOOP('', (#12162, #12163, #12164));
#12166 = FACE_BOUND('', #12165, .T.);

/* ==== Hole 715 (row 23, col 24) CW ==== */
#12167 = CARTESIAN_POINT('', (77.000, 74.000, 0.0));
#12168 = CARTESIAN_POINT('', (77.000, 77.000, 0.0));
#12169 = CARTESIAN_POINT('', (80.000, 75.500, 0.0));
#12170 = VERTEX_POINT('', #12167);
#12171 = VERTEX_POINT('', #12168);
#12172 = VERTEX_POINT('', #12169);
#12173 = LINE('', #12167, #6);
#12174 = LINE('', #12168, #6);
#12175 = LINE('', #12169, #6);
#12176 = EDGE_CURVE('', #12170, #12171, #12173, .T.);
#12177 = EDGE_CURVE('', #12171, #12172, #12174, .T.);
#12178 = EDGE_CURVE('', #12172, #12170, #12175, .T.);
#12179 = ORIENTED_EDGE('', *, *, #12176, .T.);
#12180 = ORIENTED_EDGE('', *, *, #12177, .T.);
#12181 = ORIENTED_EDGE('', *, *, #12178, .T.);
#12182 = EDGE_LOOP('', (#12179, #12180, #12181));
#12183 = FACE_BOUND('', #12182, .T.);

/* ==== Hole 716 (row 23, col 25) CW ==== */
#12184 = CARTESIAN_POINT('', (80.000, 74.000, 0.0));
#12185 = CARTESIAN_POINT('', (80.000, 77.000, 0.0));
#12186 = CARTESIAN_POINT('', (83.000, 75.500, 0.0));
#12187 = VERTEX_POINT('', #12184);
#12188 = VERTEX_POINT('', #12185);
#12189 = VERTEX_POINT('', #12186);
#12190 = LINE('', #12184, #6);
#12191 = LINE('', #12185, #6);
#12192 = LINE('', #12186, #6);
#12193 = EDGE_CURVE('', #12187, #12188, #12190, .T.);
#12194 = EDGE_CURVE('', #12188, #12189, #12191, .T.);
#12195 = EDGE_CURVE('', #12189, #12187, #12192, .T.);
#12196 = ORIENTED_EDGE('', *, *, #12193, .T.);
#12197 = ORIENTED_EDGE('', *, *, #12194, .T.);
#12198 = ORIENTED_EDGE('', *, *, #12195, .T.);
#12199 = EDGE_LOOP('', (#12196, #12197, #12198));
#12200 = FACE_BOUND('', #12199, .T.);

/* ==== Hole 717 (row 23, col 26) CW ==== */
#12201 = CARTESIAN_POINT('', (83.000, 74.000, 0.0));
#12202 = CARTESIAN_POINT('', (83.000, 77.000, 0.0));
#12203 = CARTESIAN_POINT('', (86.000, 75.500, 0.0));
#12204 = VERTEX_POINT('', #12201);
#12205 = VERTEX_POINT('', #12202);
#12206 = VERTEX_POINT('', #12203);
#12207 = LINE('', #12201, #6);
#12208 = LINE('', #12202, #6);
#12209 = LINE('', #12203, #6);
#12210 = EDGE_CURVE('', #12204, #12205, #12207, .T.);
#12211 = EDGE_CURVE('', #12205, #12206, #12208, .T.);
#12212 = EDGE_CURVE('', #12206, #12204, #12209, .T.);
#12213 = ORIENTED_EDGE('', *, *, #12210, .T.);
#12214 = ORIENTED_EDGE('', *, *, #12211, .T.);
#12215 = ORIENTED_EDGE('', *, *, #12212, .T.);
#12216 = EDGE_LOOP('', (#12213, #12214, #12215));
#12217 = FACE_BOUND('', #12216, .T.);

/* ==== Hole 718 (row 23, col 27) CW ==== */
#12218 = CARTESIAN_POINT('', (86.000, 74.000, 0.0));
#12219 = CARTESIAN_POINT('', (86.000, 77.000, 0.0));
#12220 = CARTESIAN_POINT('', (89.000, 75.500, 0.0));
#12221 = VERTEX_POINT('', #12218);
#12222 = VERTEX_POINT('', #12219);
#12223 = VERTEX_POINT('', #12220);
#12224 = LINE('', #12218, #6);
#12225 = LINE('', #12219, #6);
#12226 = LINE('', #12220, #6);
#12227 = EDGE_CURVE('', #12221, #12222, #12224, .T.);
#12228 = EDGE_CURVE('', #12222, #12223, #12225, .T.);
#12229 = EDGE_CURVE('', #12223, #12221, #12226, .T.);
#12230 = ORIENTED_EDGE('', *, *, #12227, .T.);
#12231 = ORIENTED_EDGE('', *, *, #12228, .T.);
#12232 = ORIENTED_EDGE('', *, *, #12229, .T.);
#12233 = EDGE_LOOP('', (#12230, #12231, #12232));
#12234 = FACE_BOUND('', #12233, .T.);

/* ==== Hole 719 (row 23, col 28) CW ==== */
#12235 = CARTESIAN_POINT('', (89.000, 74.000, 0.0));
#12236 = CARTESIAN_POINT('', (89.000, 77.000, 0.0));
#12237 = CARTESIAN_POINT('', (92.000, 75.500, 0.0));
#12238 = VERTEX_POINT('', #12235);
#12239 = VERTEX_POINT('', #12236);
#12240 = VERTEX_POINT('', #12237);
#12241 = LINE('', #12235, #6);
#12242 = LINE('', #12236, #6);
#12243 = LINE('', #12237, #6);
#12244 = EDGE_CURVE('', #12238, #12239, #12241, .T.);
#12245 = EDGE_CURVE('', #12239, #12240, #12242, .T.);
#12246 = EDGE_CURVE('', #12240, #12238, #12243, .T.);
#12247 = ORIENTED_EDGE('', *, *, #12244, .T.);
#12248 = ORIENTED_EDGE('', *, *, #12245, .T.);
#12249 = ORIENTED_EDGE('', *, *, #12246, .T.);
#12250 = EDGE_LOOP('', (#12247, #12248, #12249));
#12251 = FACE_BOUND('', #12250, .T.);

/* ==== Hole 720 (row 23, col 29) CW ==== */
#12252 = CARTESIAN_POINT('', (92.000, 74.000, 0.0));
#12253 = CARTESIAN_POINT('', (92.000, 77.000, 0.0));
#12254 = CARTESIAN_POINT('', (95.000, 75.500, 0.0));
#12255 = VERTEX_POINT('', #12252);
#12256 = VERTEX_POINT('', #12253);
#12257 = VERTEX_POINT('', #12254);
#12258 = LINE('', #12252, #6);
#12259 = LINE('', #12253, #6);
#12260 = LINE('', #12254, #6);
#12261 = EDGE_CURVE('', #12255, #12256, #12258, .T.);
#12262 = EDGE_CURVE('', #12256, #12257, #12259, .T.);
#12263 = EDGE_CURVE('', #12257, #12255, #12260, .T.);
#12264 = ORIENTED_EDGE('', *, *, #12261, .T.);
#12265 = ORIENTED_EDGE('', *, *, #12262, .T.);
#12266 = ORIENTED_EDGE('', *, *, #12263, .T.);
#12267 = EDGE_LOOP('', (#12264, #12265, #12266));
#12268 = FACE_BOUND('', #12267, .T.);

/* ==== Hole 721 (row 24, col 0) CW ==== */
#12269 = CARTESIAN_POINT('', (5.000, 77.000, 0.0));
#12270 = CARTESIAN_POINT('', (5.000, 80.000, 0.0));
#12271 = CARTESIAN_POINT('', (8.000, 78.500, 0.0));
#12272 = VERTEX_POINT('', #12269);
#12273 = VERTEX_POINT('', #12270);
#12274 = VERTEX_POINT('', #12271);
#12275 = LINE('', #12269, #6);
#12276 = LINE('', #12270, #6);
#12277 = LINE('', #12271, #6);
#12278 = EDGE_CURVE('', #12272, #12273, #12275, .T.);
#12279 = EDGE_CURVE('', #12273, #12274, #12276, .T.);
#12280 = EDGE_CURVE('', #12274, #12272, #12277, .T.);
#12281 = ORIENTED_EDGE('', *, *, #12278, .T.);
#12282 = ORIENTED_EDGE('', *, *, #12279, .T.);
#12283 = ORIENTED_EDGE('', *, *, #12280, .T.);
#12284 = EDGE_LOOP('', (#12281, #12282, #12283));
#12285 = FACE_BOUND('', #12284, .T.);

/* ==== Hole 722 (row 24, col 1) CW ==== */
#12286 = CARTESIAN_POINT('', (8.000, 77.000, 0.0));
#12287 = CARTESIAN_POINT('', (8.000, 80.000, 0.0));
#12288 = CARTESIAN_POINT('', (11.000, 78.500, 0.0));
#12289 = VERTEX_POINT('', #12286);
#12290 = VERTEX_POINT('', #12287);
#12291 = VERTEX_POINT('', #12288);
#12292 = LINE('', #12286, #6);
#12293 = LINE('', #12287, #6);
#12294 = LINE('', #12288, #6);
#12295 = EDGE_CURVE('', #12289, #12290, #12292, .T.);
#12296 = EDGE_CURVE('', #12290, #12291, #12293, .T.);
#12297 = EDGE_CURVE('', #12291, #12289, #12294, .T.);
#12298 = ORIENTED_EDGE('', *, *, #12295, .T.);
#12299 = ORIENTED_EDGE('', *, *, #12296, .T.);
#12300 = ORIENTED_EDGE('', *, *, #12297, .T.);
#12301 = EDGE_LOOP('', (#12298, #12299, #12300));
#12302 = FACE_BOUND('', #12301, .T.);

/* ==== Hole 723 (row 24, col 2) CW ==== */
#12303 = CARTESIAN_POINT('', (11.000, 77.000, 0.0));
#12304 = CARTESIAN_POINT('', (11.000, 80.000, 0.0));
#12305 = CARTESIAN_POINT('', (14.000, 78.500, 0.0));
#12306 = VERTEX_POINT('', #12303);
#12307 = VERTEX_POINT('', #12304);
#12308 = VERTEX_POINT('', #12305);
#12309 = LINE('', #12303, #6);
#12310 = LINE('', #12304, #6);
#12311 = LINE('', #12305, #6);
#12312 = EDGE_CURVE('', #12306, #12307, #12309, .T.);
#12313 = EDGE_CURVE('', #12307, #12308, #12310, .T.);
#12314 = EDGE_CURVE('', #12308, #12306, #12311, .T.);
#12315 = ORIENTED_EDGE('', *, *, #12312, .T.);
#12316 = ORIENTED_EDGE('', *, *, #12313, .T.);
#12317 = ORIENTED_EDGE('', *, *, #12314, .T.);
#12318 = EDGE_LOOP('', (#12315, #12316, #12317));
#12319 = FACE_BOUND('', #12318, .T.);

/* ==== Hole 724 (row 24, col 3) CW ==== */
#12320 = CARTESIAN_POINT('', (14.000, 77.000, 0.0));
#12321 = CARTESIAN_POINT('', (14.000, 80.000, 0.0));
#12322 = CARTESIAN_POINT('', (17.000, 78.500, 0.0));
#12323 = VERTEX_POINT('', #12320);
#12324 = VERTEX_POINT('', #12321);
#12325 = VERTEX_POINT('', #12322);
#12326 = LINE('', #12320, #6);
#12327 = LINE('', #12321, #6);
#12328 = LINE('', #12322, #6);
#12329 = EDGE_CURVE('', #12323, #12324, #12326, .T.);
#12330 = EDGE_CURVE('', #12324, #12325, #12327, .T.);
#12331 = EDGE_CURVE('', #12325, #12323, #12328, .T.);
#12332 = ORIENTED_EDGE('', *, *, #12329, .T.);
#12333 = ORIENTED_EDGE('', *, *, #12330, .T.);
#12334 = ORIENTED_EDGE('', *, *, #12331, .T.);
#12335 = EDGE_LOOP('', (#12332, #12333, #12334));
#12336 = FACE_BOUND('', #12335, .T.);

/* ==== Hole 725 (row 24, col 4) CW ==== */
#12337 = CARTESIAN_POINT('', (17.000, 77.000, 0.0));
#12338 = CARTESIAN_POINT('', (17.000, 80.000, 0.0));
#12339 = CARTESIAN_POINT('', (20.000, 78.500, 0.0));
#12340 = VERTEX_POINT('', #12337);
#12341 = VERTEX_POINT('', #12338);
#12342 = VERTEX_POINT('', #12339);
#12343 = LINE('', #12337, #6);
#12344 = LINE('', #12338, #6);
#12345 = LINE('', #12339, #6);
#12346 = EDGE_CURVE('', #12340, #12341, #12343, .T.);
#12347 = EDGE_CURVE('', #12341, #12342, #12344, .T.);
#12348 = EDGE_CURVE('', #12342, #12340, #12345, .T.);
#12349 = ORIENTED_EDGE('', *, *, #12346, .T.);
#12350 = ORIENTED_EDGE('', *, *, #12347, .T.);
#12351 = ORIENTED_EDGE('', *, *, #12348, .T.);
#12352 = EDGE_LOOP('', (#12349, #12350, #12351));
#12353 = FACE_BOUND('', #12352, .T.);

/* ==== Hole 726 (row 24, col 5) CW ==== */
#12354 = CARTESIAN_POINT('', (20.000, 77.000, 0.0));
#12355 = CARTESIAN_POINT('', (20.000, 80.000, 0.0));
#12356 = CARTESIAN_POINT('', (23.000, 78.500, 0.0));
#12357 = VERTEX_POINT('', #12354);
#12358 = VERTEX_POINT('', #12355);
#12359 = VERTEX_POINT('', #12356);
#12360 = LINE('', #12354, #6);
#12361 = LINE('', #12355, #6);
#12362 = LINE('', #12356, #6);
#12363 = EDGE_CURVE('', #12357, #12358, #12360, .T.);
#12364 = EDGE_CURVE('', #12358, #12359, #12361, .T.);
#12365 = EDGE_CURVE('', #12359, #12357, #12362, .T.);
#12366 = ORIENTED_EDGE('', *, *, #12363, .T.);
#12367 = ORIENTED_EDGE('', *, *, #12364, .T.);
#12368 = ORIENTED_EDGE('', *, *, #12365, .T.);
#12369 = EDGE_LOOP('', (#12366, #12367, #12368));
#12370 = FACE_BOUND('', #12369, .T.);

/* ==== Hole 727 (row 24, col 6) CW ==== */
#12371 = CARTESIAN_POINT('', (23.000, 77.000, 0.0));
#12372 = CARTESIAN_POINT('', (23.000, 80.000, 0.0));
#12373 = CARTESIAN_POINT('', (26.000, 78.500, 0.0));
#12374 = VERTEX_POINT('', #12371);
#12375 = VERTEX_POINT('', #12372);
#12376 = VERTEX_POINT('', #12373);
#12377 = LINE('', #12371, #6);
#12378 = LINE('', #12372, #6);
#12379 = LINE('', #12373, #6);
#12380 = EDGE_CURVE('', #12374, #12375, #12377, .T.);
#12381 = EDGE_CURVE('', #12375, #12376, #12378, .T.);
#12382 = EDGE_CURVE('', #12376, #12374, #12379, .T.);
#12383 = ORIENTED_EDGE('', *, *, #12380, .T.);
#12384 = ORIENTED_EDGE('', *, *, #12381, .T.);
#12385 = ORIENTED_EDGE('', *, *, #12382, .T.);
#12386 = EDGE_LOOP('', (#12383, #12384, #12385));
#12387 = FACE_BOUND('', #12386, .T.);

/* ==== Hole 728 (row 24, col 7) CW ==== */
#12388 = CARTESIAN_POINT('', (26.000, 77.000, 0.0));
#12389 = CARTESIAN_POINT('', (26.000, 80.000, 0.0));
#12390 = CARTESIAN_POINT('', (29.000, 78.500, 0.0));
#12391 = VERTEX_POINT('', #12388);
#12392 = VERTEX_POINT('', #12389);
#12393 = VERTEX_POINT('', #12390);
#12394 = LINE('', #12388, #6);
#12395 = LINE('', #12389, #6);
#12396 = LINE('', #12390, #6);
#12397 = EDGE_CURVE('', #12391, #12392, #12394, .T.);
#12398 = EDGE_CURVE('', #12392, #12393, #12395, .T.);
#12399 = EDGE_CURVE('', #12393, #12391, #12396, .T.);
#12400 = ORIENTED_EDGE('', *, *, #12397, .T.);
#12401 = ORIENTED_EDGE('', *, *, #12398, .T.);
#12402 = ORIENTED_EDGE('', *, *, #12399, .T.);
#12403 = EDGE_LOOP('', (#12400, #12401, #12402));
#12404 = FACE_BOUND('', #12403, .T.);

/* ==== Hole 729 (row 24, col 8) CW ==== */
#12405 = CARTESIAN_POINT('', (29.000, 77.000, 0.0));
#12406 = CARTESIAN_POINT('', (29.000, 80.000, 0.0));
#12407 = CARTESIAN_POINT('', (32.000, 78.500, 0.0));
#12408 = VERTEX_POINT('', #12405);
#12409 = VERTEX_POINT('', #12406);
#12410 = VERTEX_POINT('', #12407);
#12411 = LINE('', #12405, #6);
#12412 = LINE('', #12406, #6);
#12413 = LINE('', #12407, #6);
#12414 = EDGE_CURVE('', #12408, #12409, #12411, .T.);
#12415 = EDGE_CURVE('', #12409, #12410, #12412, .T.);
#12416 = EDGE_CURVE('', #12410, #12408, #12413, .T.);
#12417 = ORIENTED_EDGE('', *, *, #12414, .T.);
#12418 = ORIENTED_EDGE('', *, *, #12415, .T.);
#12419 = ORIENTED_EDGE('', *, *, #12416, .T.);
#12420 = EDGE_LOOP('', (#12417, #12418, #12419));
#12421 = FACE_BOUND('', #12420, .T.);

/* ==== Hole 730 (row 24, col 9) CW ==== */
#12422 = CARTESIAN_POINT('', (32.000, 77.000, 0.0));
#12423 = CARTESIAN_POINT('', (32.000, 80.000, 0.0));
#12424 = CARTESIAN_POINT('', (35.000, 78.500, 0.0));
#12425 = VERTEX_POINT('', #12422);
#12426 = VERTEX_POINT('', #12423);
#12427 = VERTEX_POINT('', #12424);
#12428 = LINE('', #12422, #6);
#12429 = LINE('', #12423, #6);
#12430 = LINE('', #12424, #6);
#12431 = EDGE_CURVE('', #12425, #12426, #12428, .T.);
#12432 = EDGE_CURVE('', #12426, #12427, #12429, .T.);
#12433 = EDGE_CURVE('', #12427, #12425, #12430, .T.);
#12434 = ORIENTED_EDGE('', *, *, #12431, .T.);
#12435 = ORIENTED_EDGE('', *, *, #12432, .T.);
#12436 = ORIENTED_EDGE('', *, *, #12433, .T.);
#12437 = EDGE_LOOP('', (#12434, #12435, #12436));
#12438 = FACE_BOUND('', #12437, .T.);

/* ==== Hole 731 (row 24, col 10) CW ==== */
#12439 = CARTESIAN_POINT('', (35.000, 77.000, 0.0));
#12440 = CARTESIAN_POINT('', (35.000, 80.000, 0.0));
#12441 = CARTESIAN_POINT('', (38.000, 78.500, 0.0));
#12442 = VERTEX_POINT('', #12439);
#12443 = VERTEX_POINT('', #12440);
#12444 = VERTEX_POINT('', #12441);
#12445 = LINE('', #12439, #6);
#12446 = LINE('', #12440, #6);
#12447 = LINE('', #12441, #6);
#12448 = EDGE_CURVE('', #12442, #12443, #12445, .T.);
#12449 = EDGE_CURVE('', #12443, #12444, #12446, .T.);
#12450 = EDGE_CURVE('', #12444, #12442, #12447, .T.);
#12451 = ORIENTED_EDGE('', *, *, #12448, .T.);
#12452 = ORIENTED_EDGE('', *, *, #12449, .T.);
#12453 = ORIENTED_EDGE('', *, *, #12450, .T.);
#12454 = EDGE_LOOP('', (#12451, #12452, #12453));
#12455 = FACE_BOUND('', #12454, .T.);

/* ==== Hole 732 (row 24, col 11) CW ==== */
#12456 = CARTESIAN_POINT('', (38.000, 77.000, 0.0));
#12457 = CARTESIAN_POINT('', (38.000, 80.000, 0.0));
#12458 = CARTESIAN_POINT('', (41.000, 78.500, 0.0));
#12459 = VERTEX_POINT('', #12456);
#12460 = VERTEX_POINT('', #12457);
#12461 = VERTEX_POINT('', #12458);
#12462 = LINE('', #12456, #6);
#12463 = LINE('', #12457, #6);
#12464 = LINE('', #12458, #6);
#12465 = EDGE_CURVE('', #12459, #12460, #12462, .T.);
#12466 = EDGE_CURVE('', #12460, #12461, #12463, .T.);
#12467 = EDGE_CURVE('', #12461, #12459, #12464, .T.);
#12468 = ORIENTED_EDGE('', *, *, #12465, .T.);
#12469 = ORIENTED_EDGE('', *, *, #12466, .T.);
#12470 = ORIENTED_EDGE('', *, *, #12467, .T.);
#12471 = EDGE_LOOP('', (#12468, #12469, #12470));
#12472 = FACE_BOUND('', #12471, .T.);

/* ==== Hole 733 (row 24, col 12) CW ==== */
#12473 = CARTESIAN_POINT('', (41.000, 77.000, 0.0));
#12474 = CARTESIAN_POINT('', (41.000, 80.000, 0.0));
#12475 = CARTESIAN_POINT('', (44.000, 78.500, 0.0));
#12476 = VERTEX_POINT('', #12473);
#12477 = VERTEX_POINT('', #12474);
#12478 = VERTEX_POINT('', #12475);
#12479 = LINE('', #12473, #6);
#12480 = LINE('', #12474, #6);
#12481 = LINE('', #12475, #6);
#12482 = EDGE_CURVE('', #12476, #12477, #12479, .T.);
#12483 = EDGE_CURVE('', #12477, #12478, #12480, .T.);
#12484 = EDGE_CURVE('', #12478, #12476, #12481, .T.);
#12485 = ORIENTED_EDGE('', *, *, #12482, .T.);
#12486 = ORIENTED_EDGE('', *, *, #12483, .T.);
#12487 = ORIENTED_EDGE('', *, *, #12484, .T.);
#12488 = EDGE_LOOP('', (#12485, #12486, #12487));
#12489 = FACE_BOUND('', #12488, .T.);

/* ==== Hole 734 (row 24, col 13) CW ==== */
#12490 = CARTESIAN_POINT('', (44.000, 77.000, 0.0));
#12491 = CARTESIAN_POINT('', (44.000, 80.000, 0.0));
#12492 = CARTESIAN_POINT('', (47.000, 78.500, 0.0));
#12493 = VERTEX_POINT('', #12490);
#12494 = VERTEX_POINT('', #12491);
#12495 = VERTEX_POINT('', #12492);
#12496 = LINE('', #12490, #6);
#12497 = LINE('', #12491, #6);
#12498 = LINE('', #12492, #6);
#12499 = EDGE_CURVE('', #12493, #12494, #12496, .T.);
#12500 = EDGE_CURVE('', #12494, #12495, #12497, .T.);
#12501 = EDGE_CURVE('', #12495, #12493, #12498, .T.);
#12502 = ORIENTED_EDGE('', *, *, #12499, .T.);
#12503 = ORIENTED_EDGE('', *, *, #12500, .T.);
#12504 = ORIENTED_EDGE('', *, *, #12501, .T.);
#12505 = EDGE_LOOP('', (#12502, #12503, #12504));
#12506 = FACE_BOUND('', #12505, .T.);

/* ==== Hole 735 (row 24, col 14) CW ==== */
#12507 = CARTESIAN_POINT('', (47.000, 77.000, 0.0));
#12508 = CARTESIAN_POINT('', (47.000, 80.000, 0.0));
#12509 = CARTESIAN_POINT('', (50.000, 78.500, 0.0));
#12510 = VERTEX_POINT('', #12507);
#12511 = VERTEX_POINT('', #12508);
#12512 = VERTEX_POINT('', #12509);
#12513 = LINE('', #12507, #6);
#12514 = LINE('', #12508, #6);
#12515 = LINE('', #12509, #6);
#12516 = EDGE_CURVE('', #12510, #12511, #12513, .T.);
#12517 = EDGE_CURVE('', #12511, #12512, #12514, .T.);
#12518 = EDGE_CURVE('', #12512, #12510, #12515, .T.);
#12519 = ORIENTED_EDGE('', *, *, #12516, .T.);
#12520 = ORIENTED_EDGE('', *, *, #12517, .T.);
#12521 = ORIENTED_EDGE('', *, *, #12518, .T.);
#12522 = EDGE_LOOP('', (#12519, #12520, #12521));
#12523 = FACE_BOUND('', #12522, .T.);

/* ==== Hole 736 (row 24, col 15) CW ==== */
#12524 = CARTESIAN_POINT('', (50.000, 77.000, 0.0));
#12525 = CARTESIAN_POINT('', (50.000, 80.000, 0.0));
#12526 = CARTESIAN_POINT('', (53.000, 78.500, 0.0));
#12527 = VERTEX_POINT('', #12524);
#12528 = VERTEX_POINT('', #12525);
#12529 = VERTEX_POINT('', #12526);
#12530 = LINE('', #12524, #6);
#12531 = LINE('', #12525, #6);
#12532 = LINE('', #12526, #6);
#12533 = EDGE_CURVE('', #12527, #12528, #12530, .T.);
#12534 = EDGE_CURVE('', #12528, #12529, #12531, .T.);
#12535 = EDGE_CURVE('', #12529, #12527, #12532, .T.);
#12536 = ORIENTED_EDGE('', *, *, #12533, .T.);
#12537 = ORIENTED_EDGE('', *, *, #12534, .T.);
#12538 = ORIENTED_EDGE('', *, *, #12535, .T.);
#12539 = EDGE_LOOP('', (#12536, #12537, #12538));
#12540 = FACE_BOUND('', #12539, .T.);

/* ==== Hole 737 (row 24, col 16) CW ==== */
#12541 = CARTESIAN_POINT('', (53.000, 77.000, 0.0));
#12542 = CARTESIAN_POINT('', (53.000, 80.000, 0.0));
#12543 = CARTESIAN_POINT('', (56.000, 78.500, 0.0));
#12544 = VERTEX_POINT('', #12541);
#12545 = VERTEX_POINT('', #12542);
#12546 = VERTEX_POINT('', #12543);
#12547 = LINE('', #12541, #6);
#12548 = LINE('', #12542, #6);
#12549 = LINE('', #12543, #6);
#12550 = EDGE_CURVE('', #12544, #12545, #12547, .T.);
#12551 = EDGE_CURVE('', #12545, #12546, #12548, .T.);
#12552 = EDGE_CURVE('', #12546, #12544, #12549, .T.);
#12553 = ORIENTED_EDGE('', *, *, #12550, .T.);
#12554 = ORIENTED_EDGE('', *, *, #12551, .T.);
#12555 = ORIENTED_EDGE('', *, *, #12552, .T.);
#12556 = EDGE_LOOP('', (#12553, #12554, #12555));
#12557 = FACE_BOUND('', #12556, .T.);

/* ==== Hole 738 (row 24, col 17) CW ==== */
#12558 = CARTESIAN_POINT('', (56.000, 77.000, 0.0));
#12559 = CARTESIAN_POINT('', (56.000, 80.000, 0.0));
#12560 = CARTESIAN_POINT('', (59.000, 78.500, 0.0));
#12561 = VERTEX_POINT('', #12558);
#12562 = VERTEX_POINT('', #12559);
#12563 = VERTEX_POINT('', #12560);
#12564 = LINE('', #12558, #6);
#12565 = LINE('', #12559, #6);
#12566 = LINE('', #12560, #6);
#12567 = EDGE_CURVE('', #12561, #12562, #12564, .T.);
#12568 = EDGE_CURVE('', #12562, #12563, #12565, .T.);
#12569 = EDGE_CURVE('', #12563, #12561, #12566, .T.);
#12570 = ORIENTED_EDGE('', *, *, #12567, .T.);
#12571 = ORIENTED_EDGE('', *, *, #12568, .T.);
#12572 = ORIENTED_EDGE('', *, *, #12569, .T.);
#12573 = EDGE_LOOP('', (#12570, #12571, #12572));
#12574 = FACE_BOUND('', #12573, .T.);

/* ==== Hole 739 (row 24, col 18) CW ==== */
#12575 = CARTESIAN_POINT('', (59.000, 77.000, 0.0));
#12576 = CARTESIAN_POINT('', (59.000, 80.000, 0.0));
#12577 = CARTESIAN_POINT('', (62.000, 78.500, 0.0));
#12578 = VERTEX_POINT('', #12575);
#12579 = VERTEX_POINT('', #12576);
#12580 = VERTEX_POINT('', #12577);
#12581 = LINE('', #12575, #6);
#12582 = LINE('', #12576, #6);
#12583 = LINE('', #12577, #6);
#12584 = EDGE_CURVE('', #12578, #12579, #12581, .T.);
#12585 = EDGE_CURVE('', #12579, #12580, #12582, .T.);
#12586 = EDGE_CURVE('', #12580, #12578, #12583, .T.);
#12587 = ORIENTED_EDGE('', *, *, #12584, .T.);
#12588 = ORIENTED_EDGE('', *, *, #12585, .T.);
#12589 = ORIENTED_EDGE('', *, *, #12586, .T.);
#12590 = EDGE_LOOP('', (#12587, #12588, #12589));
#12591 = FACE_BOUND('', #12590, .T.);

/* ==== Hole 740 (row 24, col 19) CW ==== */
#12592 = CARTESIAN_POINT('', (62.000, 77.000, 0.0));
#12593 = CARTESIAN_POINT('', (62.000, 80.000, 0.0));
#12594 = CARTESIAN_POINT('', (65.000, 78.500, 0.0));
#12595 = VERTEX_POINT('', #12592);
#12596 = VERTEX_POINT('', #12593);
#12597 = VERTEX_POINT('', #12594);
#12598 = LINE('', #12592, #6);
#12599 = LINE('', #12593, #6);
#12600 = LINE('', #12594, #6);
#12601 = EDGE_CURVE('', #12595, #12596, #12598, .T.);
#12602 = EDGE_CURVE('', #12596, #12597, #12599, .T.);
#12603 = EDGE_CURVE('', #12597, #12595, #12600, .T.);
#12604 = ORIENTED_EDGE('', *, *, #12601, .T.);
#12605 = ORIENTED_EDGE('', *, *, #12602, .T.);
#12606 = ORIENTED_EDGE('', *, *, #12603, .T.);
#12607 = EDGE_LOOP('', (#12604, #12605, #12606));
#12608 = FACE_BOUND('', #12607, .T.);

/* ==== Hole 741 (row 24, col 20) CW ==== */
#12609 = CARTESIAN_POINT('', (65.000, 77.000, 0.0));
#12610 = CARTESIAN_POINT('', (65.000, 80.000, 0.0));
#12611 = CARTESIAN_POINT('', (68.000, 78.500, 0.0));
#12612 = VERTEX_POINT('', #12609);
#12613 = VERTEX_POINT('', #12610);
#12614 = VERTEX_POINT('', #12611);
#12615 = LINE('', #12609, #6);
#12616 = LINE('', #12610, #6);
#12617 = LINE('', #12611, #6);
#12618 = EDGE_CURVE('', #12612, #12613, #12615, .T.);
#12619 = EDGE_CURVE('', #12613, #12614, #12616, .T.);
#12620 = EDGE_CURVE('', #12614, #12612, #12617, .T.);
#12621 = ORIENTED_EDGE('', *, *, #12618, .T.);
#12622 = ORIENTED_EDGE('', *, *, #12619, .T.);
#12623 = ORIENTED_EDGE('', *, *, #12620, .T.);
#12624 = EDGE_LOOP('', (#12621, #12622, #12623));
#12625 = FACE_BOUND('', #12624, .T.);

/* ==== Hole 742 (row 24, col 21) CW ==== */
#12626 = CARTESIAN_POINT('', (68.000, 77.000, 0.0));
#12627 = CARTESIAN_POINT('', (68.000, 80.000, 0.0));
#12628 = CARTESIAN_POINT('', (71.000, 78.500, 0.0));
#12629 = VERTEX_POINT('', #12626);
#12630 = VERTEX_POINT('', #12627);
#12631 = VERTEX_POINT('', #12628);
#12632 = LINE('', #12626, #6);
#12633 = LINE('', #12627, #6);
#12634 = LINE('', #12628, #6);
#12635 = EDGE_CURVE('', #12629, #12630, #12632, .T.);
#12636 = EDGE_CURVE('', #12630, #12631, #12633, .T.);
#12637 = EDGE_CURVE('', #12631, #12629, #12634, .T.);
#12638 = ORIENTED_EDGE('', *, *, #12635, .T.);
#12639 = ORIENTED_EDGE('', *, *, #12636, .T.);
#12640 = ORIENTED_EDGE('', *, *, #12637, .T.);
#12641 = EDGE_LOOP('', (#12638, #12639, #12640));
#12642 = FACE_BOUND('', #12641, .T.);

/* ==== Hole 743 (row 24, col 22) CW ==== */
#12643 = CARTESIAN_POINT('', (71.000, 77.000, 0.0));
#12644 = CARTESIAN_POINT('', (71.000, 80.000, 0.0));
#12645 = CARTESIAN_POINT('', (74.000, 78.500, 0.0));
#12646 = VERTEX_POINT('', #12643);
#12647 = VERTEX_POINT('', #12644);
#12648 = VERTEX_POINT('', #12645);
#12649 = LINE('', #12643, #6);
#12650 = LINE('', #12644, #6);
#12651 = LINE('', #12645, #6);
#12652 = EDGE_CURVE('', #12646, #12647, #12649, .T.);
#12653 = EDGE_CURVE('', #12647, #12648, #12650, .T.);
#12654 = EDGE_CURVE('', #12648, #12646, #12651, .T.);
#12655 = ORIENTED_EDGE('', *, *, #12652, .T.);
#12656 = ORIENTED_EDGE('', *, *, #12653, .T.);
#12657 = ORIENTED_EDGE('', *, *, #12654, .T.);
#12658 = EDGE_LOOP('', (#12655, #12656, #12657));
#12659 = FACE_BOUND('', #12658, .T.);

/* ==== Hole 744 (row 24, col 23) CW ==== */
#12660 = CARTESIAN_POINT('', (74.000, 77.000, 0.0));
#12661 = CARTESIAN_POINT('', (74.000, 80.000, 0.0));
#12662 = CARTESIAN_POINT('', (77.000, 78.500, 0.0));
#12663 = VERTEX_POINT('', #12660);
#12664 = VERTEX_POINT('', #12661);
#12665 = VERTEX_POINT('', #12662);
#12666 = LINE('', #12660, #6);
#12667 = LINE('', #12661, #6);
#12668 = LINE('', #12662, #6);
#12669 = EDGE_CURVE('', #12663, #12664, #12666, .T.);
#12670 = EDGE_CURVE('', #12664, #12665, #12667, .T.);
#12671 = EDGE_CURVE('', #12665, #12663, #12668, .T.);
#12672 = ORIENTED_EDGE('', *, *, #12669, .T.);
#12673 = ORIENTED_EDGE('', *, *, #12670, .T.);
#12674 = ORIENTED_EDGE('', *, *, #12671, .T.);
#12675 = EDGE_LOOP('', (#12672, #12673, #12674));
#12676 = FACE_BOUND('', #12675, .T.);

/* ==== Hole 745 (row 24, col 24) CW ==== */
#12677 = CARTESIAN_POINT('', (77.000, 77.000, 0.0));
#12678 = CARTESIAN_POINT('', (77.000, 80.000, 0.0));
#12679 = CARTESIAN_POINT('', (80.000, 78.500, 0.0));
#12680 = VERTEX_POINT('', #12677);
#12681 = VERTEX_POINT('', #12678);
#12682 = VERTEX_POINT('', #12679);
#12683 = LINE('', #12677, #6);
#12684 = LINE('', #12678, #6);
#12685 = LINE('', #12679, #6);
#12686 = EDGE_CURVE('', #12680, #12681, #12683, .T.);
#12687 = EDGE_CURVE('', #12681, #12682, #12684, .T.);
#12688 = EDGE_CURVE('', #12682, #12680, #12685, .T.);
#12689 = ORIENTED_EDGE('', *, *, #12686, .T.);
#12690 = ORIENTED_EDGE('', *, *, #12687, .T.);
#12691 = ORIENTED_EDGE('', *, *, #12688, .T.);
#12692 = EDGE_LOOP('', (#12689, #12690, #12691));
#12693 = FACE_BOUND('', #12692, .T.);

/* ==== Hole 746 (row 24, col 25) CW ==== */
#12694 = CARTESIAN_POINT('', (80.000, 77.000, 0.0));
#12695 = CARTESIAN_POINT('', (80.000, 80.000, 0.0));
#12696 = CARTESIAN_POINT('', (83.000, 78.500, 0.0));
#12697 = VERTEX_POINT('', #12694);
#12698 = VERTEX_POINT('', #12695);
#12699 = VERTEX_POINT('', #12696);
#12700 = LINE('', #12694, #6);
#12701 = LINE('', #12695, #6);
#12702 = LINE('', #12696, #6);
#12703 = EDGE_CURVE('', #12697, #12698, #12700, .T.);
#12704 = EDGE_CURVE('', #12698, #12699, #12701, .T.);
#12705 = EDGE_CURVE('', #12699, #12697, #12702, .T.);
#12706 = ORIENTED_EDGE('', *, *, #12703, .T.);
#12707 = ORIENTED_EDGE('', *, *, #12704, .T.);
#12708 = ORIENTED_EDGE('', *, *, #12705, .T.);
#12709 = EDGE_LOOP('', (#12706, #12707, #12708));
#12710 = FACE_BOUND('', #12709, .T.);

/* ==== Hole 747 (row 24, col 26) CW ==== */
#12711 = CARTESIAN_POINT('', (83.000, 77.000, 0.0));
#12712 = CARTESIAN_POINT('', (83.000, 80.000, 0.0));
#12713 = CARTESIAN_POINT('', (86.000, 78.500, 0.0));
#12714 = VERTEX_POINT('', #12711);
#12715 = VERTEX_POINT('', #12712);
#12716 = VERTEX_POINT('', #12713);
#12717 = LINE('', #12711, #6);
#12718 = LINE('', #12712, #6);
#12719 = LINE('', #12713, #6);
#12720 = EDGE_CURVE('', #12714, #12715, #12717, .T.);
#12721 = EDGE_CURVE('', #12715, #12716, #12718, .T.);
#12722 = EDGE_CURVE('', #12716, #12714, #12719, .T.);
#12723 = ORIENTED_EDGE('', *, *, #12720, .T.);
#12724 = ORIENTED_EDGE('', *, *, #12721, .T.);
#12725 = ORIENTED_EDGE('', *, *, #12722, .T.);
#12726 = EDGE_LOOP('', (#12723, #12724, #12725));
#12727 = FACE_BOUND('', #12726, .T.);

/* ==== Hole 748 (row 24, col 27) CW ==== */
#12728 = CARTESIAN_POINT('', (86.000, 77.000, 0.0));
#12729 = CARTESIAN_POINT('', (86.000, 80.000, 0.0));
#12730 = CARTESIAN_POINT('', (89.000, 78.500, 0.0));
#12731 = VERTEX_POINT('', #12728);
#12732 = VERTEX_POINT('', #12729);
#12733 = VERTEX_POINT('', #12730);
#12734 = LINE('', #12728, #6);
#12735 = LINE('', #12729, #6);
#12736 = LINE('', #12730, #6);
#12737 = EDGE_CURVE('', #12731, #12732, #12734, .T.);
#12738 = EDGE_CURVE('', #12732, #12733, #12735, .T.);
#12739 = EDGE_CURVE('', #12733, #12731, #12736, .T.);
#12740 = ORIENTED_EDGE('', *, *, #12737, .T.);
#12741 = ORIENTED_EDGE('', *, *, #12738, .T.);
#12742 = ORIENTED_EDGE('', *, *, #12739, .T.);
#12743 = EDGE_LOOP('', (#12740, #12741, #12742));
#12744 = FACE_BOUND('', #12743, .T.);

/* ==== Hole 749 (row 24, col 28) CW ==== */
#12745 = CARTESIAN_POINT('', (89.000, 77.000, 0.0));
#12746 = CARTESIAN_POINT('', (89.000, 80.000, 0.0));
#12747 = CARTESIAN_POINT('', (92.000, 78.500, 0.0));
#12748 = VERTEX_POINT('', #12745);
#12749 = VERTEX_POINT('', #12746);
#12750 = VERTEX_POINT('', #12747);
#12751 = LINE('', #12745, #6);
#12752 = LINE('', #12746, #6);
#12753 = LINE('', #12747, #6);
#12754 = EDGE_CURVE('', #12748, #12749, #12751, .T.);
#12755 = EDGE_CURVE('', #12749, #12750, #12752, .T.);
#12756 = EDGE_CURVE('', #12750, #12748, #12753, .T.);
#12757 = ORIENTED_EDGE('', *, *, #12754, .T.);
#12758 = ORIENTED_EDGE('', *, *, #12755, .T.);
#12759 = ORIENTED_EDGE('', *, *, #12756, .T.);
#12760 = EDGE_LOOP('', (#12757, #12758, #12759));
#12761 = FACE_BOUND('', #12760, .T.);

/* ==== Hole 750 (row 24, col 29) CW ==== */
#12762 = CARTESIAN_POINT('', (92.000, 77.000, 0.0));
#12763 = CARTESIAN_POINT('', (92.000, 80.000, 0.0));
#12764 = CARTESIAN_POINT('', (95.000, 78.500, 0.0));
#12765 = VERTEX_POINT('', #12762);
#12766 = VERTEX_POINT('', #12763);
#12767 = VERTEX_POINT('', #12764);
#12768 = LINE('', #12762, #6);
#12769 = LINE('', #12763, #6);
#12770 = LINE('', #12764, #6);
#12771 = EDGE_CURVE('', #12765, #12766, #12768, .T.);
#12772 = EDGE_CURVE('', #12766, #12767, #12769, .T.);
#12773 = EDGE_CURVE('', #12767, #12765, #12770, .T.);
#12774 = ORIENTED_EDGE('', *, *, #12771, .T.);
#12775 = ORIENTED_EDGE('', *, *, #12772, .T.);
#12776 = ORIENTED_EDGE('', *, *, #12773, .T.);
#12777 = EDGE_LOOP('', (#12774, #12775, #12776));
#12778 = FACE_BOUND('', #12777, .T.);

/* ==== Hole 751 (row 25, col 0) CW ==== */
#12779 = CARTESIAN_POINT('', (5.000, 80.000, 0.0));
#12780 = CARTESIAN_POINT('', (5.000, 83.000, 0.0));
#12781 = CARTESIAN_POINT('', (8.000, 81.500, 0.0));
#12782 = VERTEX_POINT('', #12779);
#12783 = VERTEX_POINT('', #12780);
#12784 = VERTEX_POINT('', #12781);
#12785 = LINE('', #12779, #6);
#12786 = LINE('', #12780, #6);
#12787 = LINE('', #12781, #6);
#12788 = EDGE_CURVE('', #12782, #12783, #12785, .T.);
#12789 = EDGE_CURVE('', #12783, #12784, #12786, .T.);
#12790 = EDGE_CURVE('', #12784, #12782, #12787, .T.);
#12791 = ORIENTED_EDGE('', *, *, #12788, .T.);
#12792 = ORIENTED_EDGE('', *, *, #12789, .T.);
#12793 = ORIENTED_EDGE('', *, *, #12790, .T.);
#12794 = EDGE_LOOP('', (#12791, #12792, #12793));
#12795 = FACE_BOUND('', #12794, .T.);

/* ==== Hole 752 (row 25, col 1) CW ==== */
#12796 = CARTESIAN_POINT('', (8.000, 80.000, 0.0));
#12797 = CARTESIAN_POINT('', (8.000, 83.000, 0.0));
#12798 = CARTESIAN_POINT('', (11.000, 81.500, 0.0));
#12799 = VERTEX_POINT('', #12796);
#12800 = VERTEX_POINT('', #12797);
#12801 = VERTEX_POINT('', #12798);
#12802 = LINE('', #12796, #6);
#12803 = LINE('', #12797, #6);
#12804 = LINE('', #12798, #6);
#12805 = EDGE_CURVE('', #12799, #12800, #12802, .T.);
#12806 = EDGE_CURVE('', #12800, #12801, #12803, .T.);
#12807 = EDGE_CURVE('', #12801, #12799, #12804, .T.);
#12808 = ORIENTED_EDGE('', *, *, #12805, .T.);
#12809 = ORIENTED_EDGE('', *, *, #12806, .T.);
#12810 = ORIENTED_EDGE('', *, *, #12807, .T.);
#12811 = EDGE_LOOP('', (#12808, #12809, #12810));
#12812 = FACE_BOUND('', #12811, .T.);

/* ==== Hole 753 (row 25, col 2) CW ==== */
#12813 = CARTESIAN_POINT('', (11.000, 80.000, 0.0));
#12814 = CARTESIAN_POINT('', (11.000, 83.000, 0.0));
#12815 = CARTESIAN_POINT('', (14.000, 81.500, 0.0));
#12816 = VERTEX_POINT('', #12813);
#12817 = VERTEX_POINT('', #12814);
#12818 = VERTEX_POINT('', #12815);
#12819 = LINE('', #12813, #6);
#12820 = LINE('', #12814, #6);
#12821 = LINE('', #12815, #6);
#12822 = EDGE_CURVE('', #12816, #12817, #12819, .T.);
#12823 = EDGE_CURVE('', #12817, #12818, #12820, .T.);
#12824 = EDGE_CURVE('', #12818, #12816, #12821, .T.);
#12825 = ORIENTED_EDGE('', *, *, #12822, .T.);
#12826 = ORIENTED_EDGE('', *, *, #12823, .T.);
#12827 = ORIENTED_EDGE('', *, *, #12824, .T.);
#12828 = EDGE_LOOP('', (#12825, #12826, #12827));
#12829 = FACE_BOUND('', #12828, .T.);

/* ==== Hole 754 (row 25, col 3) CW ==== */
#12830 = CARTESIAN_POINT('', (14.000, 80.000, 0.0));
#12831 = CARTESIAN_POINT('', (14.000, 83.000, 0.0));
#12832 = CARTESIAN_POINT('', (17.000, 81.500, 0.0));
#12833 = VERTEX_POINT('', #12830);
#12834 = VERTEX_POINT('', #12831);
#12835 = VERTEX_POINT('', #12832);
#12836 = LINE('', #12830, #6);
#12837 = LINE('', #12831, #6);
#12838 = LINE('', #12832, #6);
#12839 = EDGE_CURVE('', #12833, #12834, #12836, .T.);
#12840 = EDGE_CURVE('', #12834, #12835, #12837, .T.);
#12841 = EDGE_CURVE('', #12835, #12833, #12838, .T.);
#12842 = ORIENTED_EDGE('', *, *, #12839, .T.);
#12843 = ORIENTED_EDGE('', *, *, #12840, .T.);
#12844 = ORIENTED_EDGE('', *, *, #12841, .T.);
#12845 = EDGE_LOOP('', (#12842, #12843, #12844));
#12846 = FACE_BOUND('', #12845, .T.);

/* ==== Hole 755 (row 25, col 4) CW ==== */
#12847 = CARTESIAN_POINT('', (17.000, 80.000, 0.0));
#12848 = CARTESIAN_POINT('', (17.000, 83.000, 0.0));
#12849 = CARTESIAN_POINT('', (20.000, 81.500, 0.0));
#12850 = VERTEX_POINT('', #12847);
#12851 = VERTEX_POINT('', #12848);
#12852 = VERTEX_POINT('', #12849);
#12853 = LINE('', #12847, #6);
#12854 = LINE('', #12848, #6);
#12855 = LINE('', #12849, #6);
#12856 = EDGE_CURVE('', #12850, #12851, #12853, .T.);
#12857 = EDGE_CURVE('', #12851, #12852, #12854, .T.);
#12858 = EDGE_CURVE('', #12852, #12850, #12855, .T.);
#12859 = ORIENTED_EDGE('', *, *, #12856, .T.);
#12860 = ORIENTED_EDGE('', *, *, #12857, .T.);
#12861 = ORIENTED_EDGE('', *, *, #12858, .T.);
#12862 = EDGE_LOOP('', (#12859, #12860, #12861));
#12863 = FACE_BOUND('', #12862, .T.);

/* ==== Hole 756 (row 25, col 5) CW ==== */
#12864 = CARTESIAN_POINT('', (20.000, 80.000, 0.0));
#12865 = CARTESIAN_POINT('', (20.000, 83.000, 0.0));
#12866 = CARTESIAN_POINT('', (23.000, 81.500, 0.0));
#12867 = VERTEX_POINT('', #12864);
#12868 = VERTEX_POINT('', #12865);
#12869 = VERTEX_POINT('', #12866);
#12870 = LINE('', #12864, #6);
#12871 = LINE('', #12865, #6);
#12872 = LINE('', #12866, #6);
#12873 = EDGE_CURVE('', #12867, #12868, #12870, .T.);
#12874 = EDGE_CURVE('', #12868, #12869, #12871, .T.);
#12875 = EDGE_CURVE('', #12869, #12867, #12872, .T.);
#12876 = ORIENTED_EDGE('', *, *, #12873, .T.);
#12877 = ORIENTED_EDGE('', *, *, #12874, .T.);
#12878 = ORIENTED_EDGE('', *, *, #12875, .T.);
#12879 = EDGE_LOOP('', (#12876, #12877, #12878));
#12880 = FACE_BOUND('', #12879, .T.);

/* ==== Hole 757 (row 25, col 6) CW ==== */
#12881 = CARTESIAN_POINT('', (23.000, 80.000, 0.0));
#12882 = CARTESIAN_POINT('', (23.000, 83.000, 0.0));
#12883 = CARTESIAN_POINT('', (26.000, 81.500, 0.0));
#12884 = VERTEX_POINT('', #12881);
#12885 = VERTEX_POINT('', #12882);
#12886 = VERTEX_POINT('', #12883);
#12887 = LINE('', #12881, #6);
#12888 = LINE('', #12882, #6);
#12889 = LINE('', #12883, #6);
#12890 = EDGE_CURVE('', #12884, #12885, #12887, .T.);
#12891 = EDGE_CURVE('', #12885, #12886, #12888, .T.);
#12892 = EDGE_CURVE('', #12886, #12884, #12889, .T.);
#12893 = ORIENTED_EDGE('', *, *, #12890, .T.);
#12894 = ORIENTED_EDGE('', *, *, #12891, .T.);
#12895 = ORIENTED_EDGE('', *, *, #12892, .T.);
#12896 = EDGE_LOOP('', (#12893, #12894, #12895));
#12897 = FACE_BOUND('', #12896, .T.);

/* ==== Hole 758 (row 25, col 7) CW ==== */
#12898 = CARTESIAN_POINT('', (26.000, 80.000, 0.0));
#12899 = CARTESIAN_POINT('', (26.000, 83.000, 0.0));
#12900 = CARTESIAN_POINT('', (29.000, 81.500, 0.0));
#12901 = VERTEX_POINT('', #12898);
#12902 = VERTEX_POINT('', #12899);
#12903 = VERTEX_POINT('', #12900);
#12904 = LINE('', #12898, #6);
#12905 = LINE('', #12899, #6);
#12906 = LINE('', #12900, #6);
#12907 = EDGE_CURVE('', #12901, #12902, #12904, .T.);
#12908 = EDGE_CURVE('', #12902, #12903, #12905, .T.);
#12909 = EDGE_CURVE('', #12903, #12901, #12906, .T.);
#12910 = ORIENTED_EDGE('', *, *, #12907, .T.);
#12911 = ORIENTED_EDGE('', *, *, #12908, .T.);
#12912 = ORIENTED_EDGE('', *, *, #12909, .T.);
#12913 = EDGE_LOOP('', (#12910, #12911, #12912));
#12914 = FACE_BOUND('', #12913, .T.);

/* ==== Hole 759 (row 25, col 8) CW ==== */
#12915 = CARTESIAN_POINT('', (29.000, 80.000, 0.0));
#12916 = CARTESIAN_POINT('', (29.000, 83.000, 0.0));
#12917 = CARTESIAN_POINT('', (32.000, 81.500, 0.0));
#12918 = VERTEX_POINT('', #12915);
#12919 = VERTEX_POINT('', #12916);
#12920 = VERTEX_POINT('', #12917);
#12921 = LINE('', #12915, #6);
#12922 = LINE('', #12916, #6);
#12923 = LINE('', #12917, #6);
#12924 = EDGE_CURVE('', #12918, #12919, #12921, .T.);
#12925 = EDGE_CURVE('', #12919, #12920, #12922, .T.);
#12926 = EDGE_CURVE('', #12920, #12918, #12923, .T.);
#12927 = ORIENTED_EDGE('', *, *, #12924, .T.);
#12928 = ORIENTED_EDGE('', *, *, #12925, .T.);
#12929 = ORIENTED_EDGE('', *, *, #12926, .T.);
#12930 = EDGE_LOOP('', (#12927, #12928, #12929));
#12931 = FACE_BOUND('', #12930, .T.);

/* ==== Hole 760 (row 25, col 9) CW ==== */
#12932 = CARTESIAN_POINT('', (32.000, 80.000, 0.0));
#12933 = CARTESIAN_POINT('', (32.000, 83.000, 0.0));
#12934 = CARTESIAN_POINT('', (35.000, 81.500, 0.0));
#12935 = VERTEX_POINT('', #12932);
#12936 = VERTEX_POINT('', #12933);
#12937 = VERTEX_POINT('', #12934);
#12938 = LINE('', #12932, #6);
#12939 = LINE('', #12933, #6);
#12940 = LINE('', #12934, #6);
#12941 = EDGE_CURVE('', #12935, #12936, #12938, .T.);
#12942 = EDGE_CURVE('', #12936, #12937, #12939, .T.);
#12943 = EDGE_CURVE('', #12937, #12935, #12940, .T.);
#12944 = ORIENTED_EDGE('', *, *, #12941, .T.);
#12945 = ORIENTED_EDGE('', *, *, #12942, .T.);
#12946 = ORIENTED_EDGE('', *, *, #12943, .T.);
#12947 = EDGE_LOOP('', (#12944, #12945, #12946));
#12948 = FACE_BOUND('', #12947, .T.);

/* ==== Hole 761 (row 25, col 10) CW ==== */
#12949 = CARTESIAN_POINT('', (35.000, 80.000, 0.0));
#12950 = CARTESIAN_POINT('', (35.000, 83.000, 0.0));
#12951 = CARTESIAN_POINT('', (38.000, 81.500, 0.0));
#12952 = VERTEX_POINT('', #12949);
#12953 = VERTEX_POINT('', #12950);
#12954 = VERTEX_POINT('', #12951);
#12955 = LINE('', #12949, #6);
#12956 = LINE('', #12950, #6);
#12957 = LINE('', #12951, #6);
#12958 = EDGE_CURVE('', #12952, #12953, #12955, .T.);
#12959 = EDGE_CURVE('', #12953, #12954, #12956, .T.);
#12960 = EDGE_CURVE('', #12954, #12952, #12957, .T.);
#12961 = ORIENTED_EDGE('', *, *, #12958, .T.);
#12962 = ORIENTED_EDGE('', *, *, #12959, .T.);
#12963 = ORIENTED_EDGE('', *, *, #12960, .T.);
#12964 = EDGE_LOOP('', (#12961, #12962, #12963));
#12965 = FACE_BOUND('', #12964, .T.);

/* ==== Hole 762 (row 25, col 11) CW ==== */
#12966 = CARTESIAN_POINT('', (38.000, 80.000, 0.0));
#12967 = CARTESIAN_POINT('', (38.000, 83.000, 0.0));
#12968 = CARTESIAN_POINT('', (41.000, 81.500, 0.0));
#12969 = VERTEX_POINT('', #12966);
#12970 = VERTEX_POINT('', #12967);
#12971 = VERTEX_POINT('', #12968);
#12972 = LINE('', #12966, #6);
#12973 = LINE('', #12967, #6);
#12974 = LINE('', #12968, #6);
#12975 = EDGE_CURVE('', #12969, #12970, #12972, .T.);
#12976 = EDGE_CURVE('', #12970, #12971, #12973, .T.);
#12977 = EDGE_CURVE('', #12971, #12969, #12974, .T.);
#12978 = ORIENTED_EDGE('', *, *, #12975, .T.);
#12979 = ORIENTED_EDGE('', *, *, #12976, .T.);
#12980 = ORIENTED_EDGE('', *, *, #12977, .T.);
#12981 = EDGE_LOOP('', (#12978, #12979, #12980));
#12982 = FACE_BOUND('', #12981, .T.);

/* ==== Hole 763 (row 25, col 12) CW ==== */
#12983 = CARTESIAN_POINT('', (41.000, 80.000, 0.0));
#12984 = CARTESIAN_POINT('', (41.000, 83.000, 0.0));
#12985 = CARTESIAN_POINT('', (44.000, 81.500, 0.0));
#12986 = VERTEX_POINT('', #12983);
#12987 = VERTEX_POINT('', #12984);
#12988 = VERTEX_POINT('', #12985);
#12989 = LINE('', #12983, #6);
#12990 = LINE('', #12984, #6);
#12991 = LINE('', #12985, #6);
#12992 = EDGE_CURVE('', #12986, #12987, #12989, .T.);
#12993 = EDGE_CURVE('', #12987, #12988, #12990, .T.);
#12994 = EDGE_CURVE('', #12988, #12986, #12991, .T.);
#12995 = ORIENTED_EDGE('', *, *, #12992, .T.);
#12996 = ORIENTED_EDGE('', *, *, #12993, .T.);
#12997 = ORIENTED_EDGE('', *, *, #12994, .T.);
#12998 = EDGE_LOOP('', (#12995, #12996, #12997));
#12999 = FACE_BOUND('', #12998, .T.);

/* ==== Hole 764 (row 25, col 13) CW ==== */
#13000 = CARTESIAN_POINT('', (44.000, 80.000, 0.0));
#13001 = CARTESIAN_POINT('', (44.000, 83.000, 0.0));
#13002 = CARTESIAN_POINT('', (47.000, 81.500, 0.0));
#13003 = VERTEX_POINT('', #13000);
#13004 = VERTEX_POINT('', #13001);
#13005 = VERTEX_POINT('', #13002);
#13006 = LINE('', #13000, #6);
#13007 = LINE('', #13001, #6);
#13008 = LINE('', #13002, #6);
#13009 = EDGE_CURVE('', #13003, #13004, #13006, .T.);
#13010 = EDGE_CURVE('', #13004, #13005, #13007, .T.);
#13011 = EDGE_CURVE('', #13005, #13003, #13008, .T.);
#13012 = ORIENTED_EDGE('', *, *, #13009, .T.);
#13013 = ORIENTED_EDGE('', *, *, #13010, .T.);
#13014 = ORIENTED_EDGE('', *, *, #13011, .T.);
#13015 = EDGE_LOOP('', (#13012, #13013, #13014));
#13016 = FACE_BOUND('', #13015, .T.);

/* ==== Hole 765 (row 25, col 14) CW ==== */
#13017 = CARTESIAN_POINT('', (47.000, 80.000, 0.0));
#13018 = CARTESIAN_POINT('', (47.000, 83.000, 0.0));
#13019 = CARTESIAN_POINT('', (50.000, 81.500, 0.0));
#13020 = VERTEX_POINT('', #13017);
#13021 = VERTEX_POINT('', #13018);
#13022 = VERTEX_POINT('', #13019);
#13023 = LINE('', #13017, #6);
#13024 = LINE('', #13018, #6);
#13025 = LINE('', #13019, #6);
#13026 = EDGE_CURVE('', #13020, #13021, #13023, .T.);
#13027 = EDGE_CURVE('', #13021, #13022, #13024, .T.);
#13028 = EDGE_CURVE('', #13022, #13020, #13025, .T.);
#13029 = ORIENTED_EDGE('', *, *, #13026, .T.);
#13030 = ORIENTED_EDGE('', *, *, #13027, .T.);
#13031 = ORIENTED_EDGE('', *, *, #13028, .T.);
#13032 = EDGE_LOOP('', (#13029, #13030, #13031));
#13033 = FACE_BOUND('', #13032, .T.);

/* ==== Hole 766 (row 25, col 15) CW ==== */
#13034 = CARTESIAN_POINT('', (50.000, 80.000, 0.0));
#13035 = CARTESIAN_POINT('', (50.000, 83.000, 0.0));
#13036 = CARTESIAN_POINT('', (53.000, 81.500, 0.0));
#13037 = VERTEX_POINT('', #13034);
#13038 = VERTEX_POINT('', #13035);
#13039 = VERTEX_POINT('', #13036);
#13040 = LINE('', #13034, #6);
#13041 = LINE('', #13035, #6);
#13042 = LINE('', #13036, #6);
#13043 = EDGE_CURVE('', #13037, #13038, #13040, .T.);
#13044 = EDGE_CURVE('', #13038, #13039, #13041, .T.);
#13045 = EDGE_CURVE('', #13039, #13037, #13042, .T.);
#13046 = ORIENTED_EDGE('', *, *, #13043, .T.);
#13047 = ORIENTED_EDGE('', *, *, #13044, .T.);
#13048 = ORIENTED_EDGE('', *, *, #13045, .T.);
#13049 = EDGE_LOOP('', (#13046, #13047, #13048));
#13050 = FACE_BOUND('', #13049, .T.);

/* ==== Hole 767 (row 25, col 16) CW ==== */
#13051 = CARTESIAN_POINT('', (53.000, 80.000, 0.0));
#13052 = CARTESIAN_POINT('', (53.000, 83.000, 0.0));
#13053 = CARTESIAN_POINT('', (56.000, 81.500, 0.0));
#13054 = VERTEX_POINT('', #13051);
#13055 = VERTEX_POINT('', #13052);
#13056 = VERTEX_POINT('', #13053);
#13057 = LINE('', #13051, #6);
#13058 = LINE('', #13052, #6);
#13059 = LINE('', #13053, #6);
#13060 = EDGE_CURVE('', #13054, #13055, #13057, .T.);
#13061 = EDGE_CURVE('', #13055, #13056, #13058, .T.);
#13062 = EDGE_CURVE('', #13056, #13054, #13059, .T.);
#13063 = ORIENTED_EDGE('', *, *, #13060, .T.);
#13064 = ORIENTED_EDGE('', *, *, #13061, .T.);
#13065 = ORIENTED_EDGE('', *, *, #13062, .T.);
#13066 = EDGE_LOOP('', (#13063, #13064, #13065));
#13067 = FACE_BOUND('', #13066, .T.);

/* ==== Hole 768 (row 25, col 17) CW ==== */
#13068 = CARTESIAN_POINT('', (56.000, 80.000, 0.0));
#13069 = CARTESIAN_POINT('', (56.000, 83.000, 0.0));
#13070 = CARTESIAN_POINT('', (59.000, 81.500, 0.0));
#13071 = VERTEX_POINT('', #13068);
#13072 = VERTEX_POINT('', #13069);
#13073 = VERTEX_POINT('', #13070);
#13074 = LINE('', #13068, #6);
#13075 = LINE('', #13069, #6);
#13076 = LINE('', #13070, #6);
#13077 = EDGE_CURVE('', #13071, #13072, #13074, .T.);
#13078 = EDGE_CURVE('', #13072, #13073, #13075, .T.);
#13079 = EDGE_CURVE('', #13073, #13071, #13076, .T.);
#13080 = ORIENTED_EDGE('', *, *, #13077, .T.);
#13081 = ORIENTED_EDGE('', *, *, #13078, .T.);
#13082 = ORIENTED_EDGE('', *, *, #13079, .T.);
#13083 = EDGE_LOOP('', (#13080, #13081, #13082));
#13084 = FACE_BOUND('', #13083, .T.);

/* ==== Hole 769 (row 25, col 18) CW ==== */
#13085 = CARTESIAN_POINT('', (59.000, 80.000, 0.0));
#13086 = CARTESIAN_POINT('', (59.000, 83.000, 0.0));
#13087 = CARTESIAN_POINT('', (62.000, 81.500, 0.0));
#13088 = VERTEX_POINT('', #13085);
#13089 = VERTEX_POINT('', #13086);
#13090 = VERTEX_POINT('', #13087);
#13091 = LINE('', #13085, #6);
#13092 = LINE('', #13086, #6);
#13093 = LINE('', #13087, #6);
#13094 = EDGE_CURVE('', #13088, #13089, #13091, .T.);
#13095 = EDGE_CURVE('', #13089, #13090, #13092, .T.);
#13096 = EDGE_CURVE('', #13090, #13088, #13093, .T.);
#13097 = ORIENTED_EDGE('', *, *, #13094, .T.);
#13098 = ORIENTED_EDGE('', *, *, #13095, .T.);
#13099 = ORIENTED_EDGE('', *, *, #13096, .T.);
#13100 = EDGE_LOOP('', (#13097, #13098, #13099));
#13101 = FACE_BOUND('', #13100, .T.);

/* ==== Hole 770 (row 25, col 19) CW ==== */
#13102 = CARTESIAN_POINT('', (62.000, 80.000, 0.0));
#13103 = CARTESIAN_POINT('', (62.000, 83.000, 0.0));
#13104 = CARTESIAN_POINT('', (65.000, 81.500, 0.0));
#13105 = VERTEX_POINT('', #13102);
#13106 = VERTEX_POINT('', #13103);
#13107 = VERTEX_POINT('', #13104);
#13108 = LINE('', #13102, #6);
#13109 = LINE('', #13103, #6);
#13110 = LINE('', #13104, #6);
#13111 = EDGE_CURVE('', #13105, #13106, #13108, .T.);
#13112 = EDGE_CURVE('', #13106, #13107, #13109, .T.);
#13113 = EDGE_CURVE('', #13107, #13105, #13110, .T.);
#13114 = ORIENTED_EDGE('', *, *, #13111, .T.);
#13115 = ORIENTED_EDGE('', *, *, #13112, .T.);
#13116 = ORIENTED_EDGE('', *, *, #13113, .T.);
#13117 = EDGE_LOOP('', (#13114, #13115, #13116));
#13118 = FACE_BOUND('', #13117, .T.);

/* ==== Hole 771 (row 25, col 20) CW ==== */
#13119 = CARTESIAN_POINT('', (65.000, 80.000, 0.0));
#13120 = CARTESIAN_POINT('', (65.000, 83.000, 0.0));
#13121 = CARTESIAN_POINT('', (68.000, 81.500, 0.0));
#13122 = VERTEX_POINT('', #13119);
#13123 = VERTEX_POINT('', #13120);
#13124 = VERTEX_POINT('', #13121);
#13125 = LINE('', #13119, #6);
#13126 = LINE('', #13120, #6);
#13127 = LINE('', #13121, #6);
#13128 = EDGE_CURVE('', #13122, #13123, #13125, .T.);
#13129 = EDGE_CURVE('', #13123, #13124, #13126, .T.);
#13130 = EDGE_CURVE('', #13124, #13122, #13127, .T.);
#13131 = ORIENTED_EDGE('', *, *, #13128, .T.);
#13132 = ORIENTED_EDGE('', *, *, #13129, .T.);
#13133 = ORIENTED_EDGE('', *, *, #13130, .T.);
#13134 = EDGE_LOOP('', (#13131, #13132, #13133));
#13135 = FACE_BOUND('', #13134, .T.);

/* ==== Hole 772 (row 25, col 21) CW ==== */
#13136 = CARTESIAN_POINT('', (68.000, 80.000, 0.0));
#13137 = CARTESIAN_POINT('', (68.000, 83.000, 0.0));
#13138 = CARTESIAN_POINT('', (71.000, 81.500, 0.0));
#13139 = VERTEX_POINT('', #13136);
#13140 = VERTEX_POINT('', #13137);
#13141 = VERTEX_POINT('', #13138);
#13142 = LINE('', #13136, #6);
#13143 = LINE('', #13137, #6);
#13144 = LINE('', #13138, #6);
#13145 = EDGE_CURVE('', #13139, #13140, #13142, .T.);
#13146 = EDGE_CURVE('', #13140, #13141, #13143, .T.);
#13147 = EDGE_CURVE('', #13141, #13139, #13144, .T.);
#13148 = ORIENTED_EDGE('', *, *, #13145, .T.);
#13149 = ORIENTED_EDGE('', *, *, #13146, .T.);
#13150 = ORIENTED_EDGE('', *, *, #13147, .T.);
#13151 = EDGE_LOOP('', (#13148, #13149, #13150));
#13152 = FACE_BOUND('', #13151, .T.);

/* ==== Hole 773 (row 25, col 22) CW ==== */
#13153 = CARTESIAN_POINT('', (71.000, 80.000, 0.0));
#13154 = CARTESIAN_POINT('', (71.000, 83.000, 0.0));
#13155 = CARTESIAN_POINT('', (74.000, 81.500, 0.0));
#13156 = VERTEX_POINT('', #13153);
#13157 = VERTEX_POINT('', #13154);
#13158 = VERTEX_POINT('', #13155);
#13159 = LINE('', #13153, #6);
#13160 = LINE('', #13154, #6);
#13161 = LINE('', #13155, #6);
#13162 = EDGE_CURVE('', #13156, #13157, #13159, .T.);
#13163 = EDGE_CURVE('', #13157, #13158, #13160, .T.);
#13164 = EDGE_CURVE('', #13158, #13156, #13161, .T.);
#13165 = ORIENTED_EDGE('', *, *, #13162, .T.);
#13166 = ORIENTED_EDGE('', *, *, #13163, .T.);
#13167 = ORIENTED_EDGE('', *, *, #13164, .T.);
#13168 = EDGE_LOOP('', (#13165, #13166, #13167));
#13169 = FACE_BOUND('', #13168, .T.);

/* ==== Hole 774 (row 25, col 23) CW ==== */
#13170 = CARTESIAN_POINT('', (74.000, 80.000, 0.0));
#13171 = CARTESIAN_POINT('', (74.000, 83.000, 0.0));
#13172 = CARTESIAN_POINT('', (77.000, 81.500, 0.0));
#13173 = VERTEX_POINT('', #13170);
#13174 = VERTEX_POINT('', #13171);
#13175 = VERTEX_POINT('', #13172);
#13176 = LINE('', #13170, #6);
#13177 = LINE('', #13171, #6);
#13178 = LINE('', #13172, #6);
#13179 = EDGE_CURVE('', #13173, #13174, #13176, .T.);
#13180 = EDGE_CURVE('', #13174, #13175, #13177, .T.);
#13181 = EDGE_CURVE('', #13175, #13173, #13178, .T.);
#13182 = ORIENTED_EDGE('', *, *, #13179, .T.);
#13183 = ORIENTED_EDGE('', *, *, #13180, .T.);
#13184 = ORIENTED_EDGE('', *, *, #13181, .T.);
#13185 = EDGE_LOOP('', (#13182, #13183, #13184));
#13186 = FACE_BOUND('', #13185, .T.);

/* ==== Hole 775 (row 25, col 24) CW ==== */
#13187 = CARTESIAN_POINT('', (77.000, 80.000, 0.0));
#13188 = CARTESIAN_POINT('', (77.000, 83.000, 0.0));
#13189 = CARTESIAN_POINT('', (80.000, 81.500, 0.0));
#13190 = VERTEX_POINT('', #13187);
#13191 = VERTEX_POINT('', #13188);
#13192 = VERTEX_POINT('', #13189);
#13193 = LINE('', #13187, #6);
#13194 = LINE('', #13188, #6);
#13195 = LINE('', #13189, #6);
#13196 = EDGE_CURVE('', #13190, #13191, #13193, .T.);
#13197 = EDGE_CURVE('', #13191, #13192, #13194, .T.);
#13198 = EDGE_CURVE('', #13192, #13190, #13195, .T.);
#13199 = ORIENTED_EDGE('', *, *, #13196, .T.);
#13200 = ORIENTED_EDGE('', *, *, #13197, .T.);
#13201 = ORIENTED_EDGE('', *, *, #13198, .T.);
#13202 = EDGE_LOOP('', (#13199, #13200, #13201));
#13203 = FACE_BOUND('', #13202, .T.);

/* ==== Hole 776 (row 25, col 25) CW ==== */
#13204 = CARTESIAN_POINT('', (80.000, 80.000, 0.0));
#13205 = CARTESIAN_POINT('', (80.000, 83.000, 0.0));
#13206 = CARTESIAN_POINT('', (83.000, 81.500, 0.0));
#13207 = VERTEX_POINT('', #13204);
#13208 = VERTEX_POINT('', #13205);
#13209 = VERTEX_POINT('', #13206);
#13210 = LINE('', #13204, #6);
#13211 = LINE('', #13205, #6);
#13212 = LINE('', #13206, #6);
#13213 = EDGE_CURVE('', #13207, #13208, #13210, .T.);
#13214 = EDGE_CURVE('', #13208, #13209, #13211, .T.);
#13215 = EDGE_CURVE('', #13209, #13207, #13212, .T.);
#13216 = ORIENTED_EDGE('', *, *, #13213, .T.);
#13217 = ORIENTED_EDGE('', *, *, #13214, .T.);
#13218 = ORIENTED_EDGE('', *, *, #13215, .T.);
#13219 = EDGE_LOOP('', (#13216, #13217, #13218));
#13220 = FACE_BOUND('', #13219, .T.);

/* ==== Hole 777 (row 25, col 26) CW ==== */
#13221 = CARTESIAN_POINT('', (83.000, 80.000, 0.0));
#13222 = CARTESIAN_POINT('', (83.000, 83.000, 0.0));
#13223 = CARTESIAN_POINT('', (86.000, 81.500, 0.0));
#13224 = VERTEX_POINT('', #13221);
#13225 = VERTEX_POINT('', #13222);
#13226 = VERTEX_POINT('', #13223);
#13227 = LINE('', #13221, #6);
#13228 = LINE('', #13222, #6);
#13229 = LINE('', #13223, #6);
#13230 = EDGE_CURVE('', #13224, #13225, #13227, .T.);
#13231 = EDGE_CURVE('', #13225, #13226, #13228, .T.);
#13232 = EDGE_CURVE('', #13226, #13224, #13229, .T.);
#13233 = ORIENTED_EDGE('', *, *, #13230, .T.);
#13234 = ORIENTED_EDGE('', *, *, #13231, .T.);
#13235 = ORIENTED_EDGE('', *, *, #13232, .T.);
#13236 = EDGE_LOOP('', (#13233, #13234, #13235));
#13237 = FACE_BOUND('', #13236, .T.);

/* ==== Hole 778 (row 25, col 27) CW ==== */
#13238 = CARTESIAN_POINT('', (86.000, 80.000, 0.0));
#13239 = CARTESIAN_POINT('', (86.000, 83.000, 0.0));
#13240 = CARTESIAN_POINT('', (89.000, 81.500, 0.0));
#13241 = VERTEX_POINT('', #13238);
#13242 = VERTEX_POINT('', #13239);
#13243 = VERTEX_POINT('', #13240);
#13244 = LINE('', #13238, #6);
#13245 = LINE('', #13239, #6);
#13246 = LINE('', #13240, #6);
#13247 = EDGE_CURVE('', #13241, #13242, #13244, .T.);
#13248 = EDGE_CURVE('', #13242, #13243, #13245, .T.);
#13249 = EDGE_CURVE('', #13243, #13241, #13246, .T.);
#13250 = ORIENTED_EDGE('', *, *, #13247, .T.);
#13251 = ORIENTED_EDGE('', *, *, #13248, .T.);
#13252 = ORIENTED_EDGE('', *, *, #13249, .T.);
#13253 = EDGE_LOOP('', (#13250, #13251, #13252));
#13254 = FACE_BOUND('', #13253, .T.);

/* ==== Hole 779 (row 25, col 28) CW ==== */
#13255 = CARTESIAN_POINT('', (89.000, 80.000, 0.0));
#13256 = CARTESIAN_POINT('', (89.000, 83.000, 0.0));
#13257 = CARTESIAN_POINT('', (92.000, 81.500, 0.0));
#13258 = VERTEX_POINT('', #13255);
#13259 = VERTEX_POINT('', #13256);
#13260 = VERTEX_POINT('', #13257);
#13261 = LINE('', #13255, #6);
#13262 = LINE('', #13256, #6);
#13263 = LINE('', #13257, #6);
#13264 = EDGE_CURVE('', #13258, #13259, #13261, .T.);
#13265 = EDGE_CURVE('', #13259, #13260, #13262, .T.);
#13266 = EDGE_CURVE('', #13260, #13258, #13263, .T.);
#13267 = ORIENTED_EDGE('', *, *, #13264, .T.);
#13268 = ORIENTED_EDGE('', *, *, #13265, .T.);
#13269 = ORIENTED_EDGE('', *, *, #13266, .T.);
#13270 = EDGE_LOOP('', (#13267, #13268, #13269));
#13271 = FACE_BOUND('', #13270, .T.);

/* ==== Hole 780 (row 25, col 29) CW ==== */
#13272 = CARTESIAN_POINT('', (92.000, 80.000, 0.0));
#13273 = CARTESIAN_POINT('', (92.000, 83.000, 0.0));
#13274 = CARTESIAN_POINT('', (95.000, 81.500, 0.0));
#13275 = VERTEX_POINT('', #13272);
#13276 = VERTEX_POINT('', #13273);
#13277 = VERTEX_POINT('', #13274);
#13278 = LINE('', #13272, #6);
#13279 = LINE('', #13273, #6);
#13280 = LINE('', #13274, #6);
#13281 = EDGE_CURVE('', #13275, #13276, #13278, .T.);
#13282 = EDGE_CURVE('', #13276, #13277, #13279, .T.);
#13283 = EDGE_CURVE('', #13277, #13275, #13280, .T.);
#13284 = ORIENTED_EDGE('', *, *, #13281, .T.);
#13285 = ORIENTED_EDGE('', *, *, #13282, .T.);
#13286 = ORIENTED_EDGE('', *, *, #13283, .T.);
#13287 = EDGE_LOOP('', (#13284, #13285, #13286));
#13288 = FACE_BOUND('', #13287, .T.);

/* ==== Hole 781 (row 26, col 0) CW ==== */
#13289 = CARTESIAN_POINT('', (5.000, 83.000, 0.0));
#13290 = CARTESIAN_POINT('', (5.000, 86.000, 0.0));
#13291 = CARTESIAN_POINT('', (8.000, 84.500, 0.0));
#13292 = VERTEX_POINT('', #13289);
#13293 = VERTEX_POINT('', #13290);
#13294 = VERTEX_POINT('', #13291);
#13295 = LINE('', #13289, #6);
#13296 = LINE('', #13290, #6);
#13297 = LINE('', #13291, #6);
#13298 = EDGE_CURVE('', #13292, #13293, #13295, .T.);
#13299 = EDGE_CURVE('', #13293, #13294, #13296, .T.);
#13300 = EDGE_CURVE('', #13294, #13292, #13297, .T.);
#13301 = ORIENTED_EDGE('', *, *, #13298, .T.);
#13302 = ORIENTED_EDGE('', *, *, #13299, .T.);
#13303 = ORIENTED_EDGE('', *, *, #13300, .T.);
#13304 = EDGE_LOOP('', (#13301, #13302, #13303));
#13305 = FACE_BOUND('', #13304, .T.);

/* ==== Hole 782 (row 26, col 1) CW ==== */
#13306 = CARTESIAN_POINT('', (8.000, 83.000, 0.0));
#13307 = CARTESIAN_POINT('', (8.000, 86.000, 0.0));
#13308 = CARTESIAN_POINT('', (11.000, 84.500, 0.0));
#13309 = VERTEX_POINT('', #13306);
#13310 = VERTEX_POINT('', #13307);
#13311 = VERTEX_POINT('', #13308);
#13312 = LINE('', #13306, #6);
#13313 = LINE('', #13307, #6);
#13314 = LINE('', #13308, #6);
#13315 = EDGE_CURVE('', #13309, #13310, #13312, .T.);
#13316 = EDGE_CURVE('', #13310, #13311, #13313, .T.);
#13317 = EDGE_CURVE('', #13311, #13309, #13314, .T.);
#13318 = ORIENTED_EDGE('', *, *, #13315, .T.);
#13319 = ORIENTED_EDGE('', *, *, #13316, .T.);
#13320 = ORIENTED_EDGE('', *, *, #13317, .T.);
#13321 = EDGE_LOOP('', (#13318, #13319, #13320));
#13322 = FACE_BOUND('', #13321, .T.);

/* ==== Hole 783 (row 26, col 2) CW ==== */
#13323 = CARTESIAN_POINT('', (11.000, 83.000, 0.0));
#13324 = CARTESIAN_POINT('', (11.000, 86.000, 0.0));
#13325 = CARTESIAN_POINT('', (14.000, 84.500, 0.0));
#13326 = VERTEX_POINT('', #13323);
#13327 = VERTEX_POINT('', #13324);
#13328 = VERTEX_POINT('', #13325);
#13329 = LINE('', #13323, #6);
#13330 = LINE('', #13324, #6);
#13331 = LINE('', #13325, #6);
#13332 = EDGE_CURVE('', #13326, #13327, #13329, .T.);
#13333 = EDGE_CURVE('', #13327, #13328, #13330, .T.);
#13334 = EDGE_CURVE('', #13328, #13326, #13331, .T.);
#13335 = ORIENTED_EDGE('', *, *, #13332, .T.);
#13336 = ORIENTED_EDGE('', *, *, #13333, .T.);
#13337 = ORIENTED_EDGE('', *, *, #13334, .T.);
#13338 = EDGE_LOOP('', (#13335, #13336, #13337));
#13339 = FACE_BOUND('', #13338, .T.);

/* ==== Hole 784 (row 26, col 3) CW ==== */
#13340 = CARTESIAN_POINT('', (14.000, 83.000, 0.0));
#13341 = CARTESIAN_POINT('', (14.000, 86.000, 0.0));
#13342 = CARTESIAN_POINT('', (17.000, 84.500, 0.0));
#13343 = VERTEX_POINT('', #13340);
#13344 = VERTEX_POINT('', #13341);
#13345 = VERTEX_POINT('', #13342);
#13346 = LINE('', #13340, #6);
#13347 = LINE('', #13341, #6);
#13348 = LINE('', #13342, #6);
#13349 = EDGE_CURVE('', #13343, #13344, #13346, .T.);
#13350 = EDGE_CURVE('', #13344, #13345, #13347, .T.);
#13351 = EDGE_CURVE('', #13345, #13343, #13348, .T.);
#13352 = ORIENTED_EDGE('', *, *, #13349, .T.);
#13353 = ORIENTED_EDGE('', *, *, #13350, .T.);
#13354 = ORIENTED_EDGE('', *, *, #13351, .T.);
#13355 = EDGE_LOOP('', (#13352, #13353, #13354));
#13356 = FACE_BOUND('', #13355, .T.);

/* ==== Hole 785 (row 26, col 4) CW ==== */
#13357 = CARTESIAN_POINT('', (17.000, 83.000, 0.0));
#13358 = CARTESIAN_POINT('', (17.000, 86.000, 0.0));
#13359 = CARTESIAN_POINT('', (20.000, 84.500, 0.0));
#13360 = VERTEX_POINT('', #13357);
#13361 = VERTEX_POINT('', #13358);
#13362 = VERTEX_POINT('', #13359);
#13363 = LINE('', #13357, #6);
#13364 = LINE('', #13358, #6);
#13365 = LINE('', #13359, #6);
#13366 = EDGE_CURVE('', #13360, #13361, #13363, .T.);
#13367 = EDGE_CURVE('', #13361, #13362, #13364, .T.);
#13368 = EDGE_CURVE('', #13362, #13360, #13365, .T.);
#13369 = ORIENTED_EDGE('', *, *, #13366, .T.);
#13370 = ORIENTED_EDGE('', *, *, #13367, .T.);
#13371 = ORIENTED_EDGE('', *, *, #13368, .T.);
#13372 = EDGE_LOOP('', (#13369, #13370, #13371));
#13373 = FACE_BOUND('', #13372, .T.);

/* ==== Hole 786 (row 26, col 5) CW ==== */
#13374 = CARTESIAN_POINT('', (20.000, 83.000, 0.0));
#13375 = CARTESIAN_POINT('', (20.000, 86.000, 0.0));
#13376 = CARTESIAN_POINT('', (23.000, 84.500, 0.0));
#13377 = VERTEX_POINT('', #13374);
#13378 = VERTEX_POINT('', #13375);
#13379 = VERTEX_POINT('', #13376);
#13380 = LINE('', #13374, #6);
#13381 = LINE('', #13375, #6);
#13382 = LINE('', #13376, #6);
#13383 = EDGE_CURVE('', #13377, #13378, #13380, .T.);
#13384 = EDGE_CURVE('', #13378, #13379, #13381, .T.);
#13385 = EDGE_CURVE('', #13379, #13377, #13382, .T.);
#13386 = ORIENTED_EDGE('', *, *, #13383, .T.);
#13387 = ORIENTED_EDGE('', *, *, #13384, .T.);
#13388 = ORIENTED_EDGE('', *, *, #13385, .T.);
#13389 = EDGE_LOOP('', (#13386, #13387, #13388));
#13390 = FACE_BOUND('', #13389, .T.);

/* ==== Hole 787 (row 26, col 6) CW ==== */
#13391 = CARTESIAN_POINT('', (23.000, 83.000, 0.0));
#13392 = CARTESIAN_POINT('', (23.000, 86.000, 0.0));
#13393 = CARTESIAN_POINT('', (26.000, 84.500, 0.0));
#13394 = VERTEX_POINT('', #13391);
#13395 = VERTEX_POINT('', #13392);
#13396 = VERTEX_POINT('', #13393);
#13397 = LINE('', #13391, #6);
#13398 = LINE('', #13392, #6);
#13399 = LINE('', #13393, #6);
#13400 = EDGE_CURVE('', #13394, #13395, #13397, .T.);
#13401 = EDGE_CURVE('', #13395, #13396, #13398, .T.);
#13402 = EDGE_CURVE('', #13396, #13394, #13399, .T.);
#13403 = ORIENTED_EDGE('', *, *, #13400, .T.);
#13404 = ORIENTED_EDGE('', *, *, #13401, .T.);
#13405 = ORIENTED_EDGE('', *, *, #13402, .T.);
#13406 = EDGE_LOOP('', (#13403, #13404, #13405));
#13407 = FACE_BOUND('', #13406, .T.);

/* ==== Hole 788 (row 26, col 7) CW ==== */
#13408 = CARTESIAN_POINT('', (26.000, 83.000, 0.0));
#13409 = CARTESIAN_POINT('', (26.000, 86.000, 0.0));
#13410 = CARTESIAN_POINT('', (29.000, 84.500, 0.0));
#13411 = VERTEX_POINT('', #13408);
#13412 = VERTEX_POINT('', #13409);
#13413 = VERTEX_POINT('', #13410);
#13414 = LINE('', #13408, #6);
#13415 = LINE('', #13409, #6);
#13416 = LINE('', #13410, #6);
#13417 = EDGE_CURVE('', #13411, #13412, #13414, .T.);
#13418 = EDGE_CURVE('', #13412, #13413, #13415, .T.);
#13419 = EDGE_CURVE('', #13413, #13411, #13416, .T.);
#13420 = ORIENTED_EDGE('', *, *, #13417, .T.);
#13421 = ORIENTED_EDGE('', *, *, #13418, .T.);
#13422 = ORIENTED_EDGE('', *, *, #13419, .T.);
#13423 = EDGE_LOOP('', (#13420, #13421, #13422));
#13424 = FACE_BOUND('', #13423, .T.);

/* ==== Hole 789 (row 26, col 8) CW ==== */
#13425 = CARTESIAN_POINT('', (29.000, 83.000, 0.0));
#13426 = CARTESIAN_POINT('', (29.000, 86.000, 0.0));
#13427 = CARTESIAN_POINT('', (32.000, 84.500, 0.0));
#13428 = VERTEX_POINT('', #13425);
#13429 = VERTEX_POINT('', #13426);
#13430 = VERTEX_POINT('', #13427);
#13431 = LINE('', #13425, #6);
#13432 = LINE('', #13426, #6);
#13433 = LINE('', #13427, #6);
#13434 = EDGE_CURVE('', #13428, #13429, #13431, .T.);
#13435 = EDGE_CURVE('', #13429, #13430, #13432, .T.);
#13436 = EDGE_CURVE('', #13430, #13428, #13433, .T.);
#13437 = ORIENTED_EDGE('', *, *, #13434, .T.);
#13438 = ORIENTED_EDGE('', *, *, #13435, .T.);
#13439 = ORIENTED_EDGE('', *, *, #13436, .T.);
#13440 = EDGE_LOOP('', (#13437, #13438, #13439));
#13441 = FACE_BOUND('', #13440, .T.);

/* ==== Hole 790 (row 26, col 9) CW ==== */
#13442 = CARTESIAN_POINT('', (32.000, 83.000, 0.0));
#13443 = CARTESIAN_POINT('', (32.000, 86.000, 0.0));
#13444 = CARTESIAN_POINT('', (35.000, 84.500, 0.0));
#13445 = VERTEX_POINT('', #13442);
#13446 = VERTEX_POINT('', #13443);
#13447 = VERTEX_POINT('', #13444);
#13448 = LINE('', #13442, #6);
#13449 = LINE('', #13443, #6);
#13450 = LINE('', #13444, #6);
#13451 = EDGE_CURVE('', #13445, #13446, #13448, .T.);
#13452 = EDGE_CURVE('', #13446, #13447, #13449, .T.);
#13453 = EDGE_CURVE('', #13447, #13445, #13450, .T.);
#13454 = ORIENTED_EDGE('', *, *, #13451, .T.);
#13455 = ORIENTED_EDGE('', *, *, #13452, .T.);
#13456 = ORIENTED_EDGE('', *, *, #13453, .T.);
#13457 = EDGE_LOOP('', (#13454, #13455, #13456));
#13458 = FACE_BOUND('', #13457, .T.);

/* ==== Hole 791 (row 26, col 10) CW ==== */
#13459 = CARTESIAN_POINT('', (35.000, 83.000, 0.0));
#13460 = CARTESIAN_POINT('', (35.000, 86.000, 0.0));
#13461 = CARTESIAN_POINT('', (38.000, 84.500, 0.0));
#13462 = VERTEX_POINT('', #13459);
#13463 = VERTEX_POINT('', #13460);
#13464 = VERTEX_POINT('', #13461);
#13465 = LINE('', #13459, #6);
#13466 = LINE('', #13460, #6);
#13467 = LINE('', #13461, #6);
#13468 = EDGE_CURVE('', #13462, #13463, #13465, .T.);
#13469 = EDGE_CURVE('', #13463, #13464, #13466, .T.);
#13470 = EDGE_CURVE('', #13464, #13462, #13467, .T.);
#13471 = ORIENTED_EDGE('', *, *, #13468, .T.);
#13472 = ORIENTED_EDGE('', *, *, #13469, .T.);
#13473 = ORIENTED_EDGE('', *, *, #13470, .T.);
#13474 = EDGE_LOOP('', (#13471, #13472, #13473));
#13475 = FACE_BOUND('', #13474, .T.);

/* ==== Hole 792 (row 26, col 11) CW ==== */
#13476 = CARTESIAN_POINT('', (38.000, 83.000, 0.0));
#13477 = CARTESIAN_POINT('', (38.000, 86.000, 0.0));
#13478 = CARTESIAN_POINT('', (41.000, 84.500, 0.0));
#13479 = VERTEX_POINT('', #13476);
#13480 = VERTEX_POINT('', #13477);
#13481 = VERTEX_POINT('', #13478);
#13482 = LINE('', #13476, #6);
#13483 = LINE('', #13477, #6);
#13484 = LINE('', #13478, #6);
#13485 = EDGE_CURVE('', #13479, #13480, #13482, .T.);
#13486 = EDGE_CURVE('', #13480, #13481, #13483, .T.);
#13487 = EDGE_CURVE('', #13481, #13479, #13484, .T.);
#13488 = ORIENTED_EDGE('', *, *, #13485, .T.);
#13489 = ORIENTED_EDGE('', *, *, #13486, .T.);
#13490 = ORIENTED_EDGE('', *, *, #13487, .T.);
#13491 = EDGE_LOOP('', (#13488, #13489, #13490));
#13492 = FACE_BOUND('', #13491, .T.);

/* ==== Hole 793 (row 26, col 12) CW ==== */
#13493 = CARTESIAN_POINT('', (41.000, 83.000, 0.0));
#13494 = CARTESIAN_POINT('', (41.000, 86.000, 0.0));
#13495 = CARTESIAN_POINT('', (44.000, 84.500, 0.0));
#13496 = VERTEX_POINT('', #13493);
#13497 = VERTEX_POINT('', #13494);
#13498 = VERTEX_POINT('', #13495);
#13499 = LINE('', #13493, #6);
#13500 = LINE('', #13494, #6);
#13501 = LINE('', #13495, #6);
#13502 = EDGE_CURVE('', #13496, #13497, #13499, .T.);
#13503 = EDGE_CURVE('', #13497, #13498, #13500, .T.);
#13504 = EDGE_CURVE('', #13498, #13496, #13501, .T.);
#13505 = ORIENTED_EDGE('', *, *, #13502, .T.);
#13506 = ORIENTED_EDGE('', *, *, #13503, .T.);
#13507 = ORIENTED_EDGE('', *, *, #13504, .T.);
#13508 = EDGE_LOOP('', (#13505, #13506, #13507));
#13509 = FACE_BOUND('', #13508, .T.);

/* ==== Hole 794 (row 26, col 13) CW ==== */
#13510 = CARTESIAN_POINT('', (44.000, 83.000, 0.0));
#13511 = CARTESIAN_POINT('', (44.000, 86.000, 0.0));
#13512 = CARTESIAN_POINT('', (47.000, 84.500, 0.0));
#13513 = VERTEX_POINT('', #13510);
#13514 = VERTEX_POINT('', #13511);
#13515 = VERTEX_POINT('', #13512);
#13516 = LINE('', #13510, #6);
#13517 = LINE('', #13511, #6);
#13518 = LINE('', #13512, #6);
#13519 = EDGE_CURVE('', #13513, #13514, #13516, .T.);
#13520 = EDGE_CURVE('', #13514, #13515, #13517, .T.);
#13521 = EDGE_CURVE('', #13515, #13513, #13518, .T.);
#13522 = ORIENTED_EDGE('', *, *, #13519, .T.);
#13523 = ORIENTED_EDGE('', *, *, #13520, .T.);
#13524 = ORIENTED_EDGE('', *, *, #13521, .T.);
#13525 = EDGE_LOOP('', (#13522, #13523, #13524));
#13526 = FACE_BOUND('', #13525, .T.);

/* ==== Hole 795 (row 26, col 14) CW ==== */
#13527 = CARTESIAN_POINT('', (47.000, 83.000, 0.0));
#13528 = CARTESIAN_POINT('', (47.000, 86.000, 0.0));
#13529 = CARTESIAN_POINT('', (50.000, 84.500, 0.0));
#13530 = VERTEX_POINT('', #13527);
#13531 = VERTEX_POINT('', #13528);
#13532 = VERTEX_POINT('', #13529);
#13533 = LINE('', #13527, #6);
#13534 = LINE('', #13528, #6);
#13535 = LINE('', #13529, #6);
#13536 = EDGE_CURVE('', #13530, #13531, #13533, .T.);
#13537 = EDGE_CURVE('', #13531, #13532, #13534, .T.);
#13538 = EDGE_CURVE('', #13532, #13530, #13535, .T.);
#13539 = ORIENTED_EDGE('', *, *, #13536, .T.);
#13540 = ORIENTED_EDGE('', *, *, #13537, .T.);
#13541 = ORIENTED_EDGE('', *, *, #13538, .T.);
#13542 = EDGE_LOOP('', (#13539, #13540, #13541));
#13543 = FACE_BOUND('', #13542, .T.);

/* ==== Hole 796 (row 26, col 15) CW ==== */
#13544 = CARTESIAN_POINT('', (50.000, 83.000, 0.0));
#13545 = CARTESIAN_POINT('', (50.000, 86.000, 0.0));
#13546 = CARTESIAN_POINT('', (53.000, 84.500, 0.0));
#13547 = VERTEX_POINT('', #13544);
#13548 = VERTEX_POINT('', #13545);
#13549 = VERTEX_POINT('', #13546);
#13550 = LINE('', #13544, #6);
#13551 = LINE('', #13545, #6);
#13552 = LINE('', #13546, #6);
#13553 = EDGE_CURVE('', #13547, #13548, #13550, .T.);
#13554 = EDGE_CURVE('', #13548, #13549, #13551, .T.);
#13555 = EDGE_CURVE('', #13549, #13547, #13552, .T.);
#13556 = ORIENTED_EDGE('', *, *, #13553, .T.);
#13557 = ORIENTED_EDGE('', *, *, #13554, .T.);
#13558 = ORIENTED_EDGE('', *, *, #13555, .T.);
#13559 = EDGE_LOOP('', (#13556, #13557, #13558));
#13560 = FACE_BOUND('', #13559, .T.);

/* ==== Hole 797 (row 26, col 16) CW ==== */
#13561 = CARTESIAN_POINT('', (53.000, 83.000, 0.0));
#13562 = CARTESIAN_POINT('', (53.000, 86.000, 0.0));
#13563 = CARTESIAN_POINT('', (56.000, 84.500, 0.0));
#13564 = VERTEX_POINT('', #13561);
#13565 = VERTEX_POINT('', #13562);
#13566 = VERTEX_POINT('', #13563);
#13567 = LINE('', #13561, #6);
#13568 = LINE('', #13562, #6);
#13569 = LINE('', #13563, #6);
#13570 = EDGE_CURVE('', #13564, #13565, #13567, .T.);
#13571 = EDGE_CURVE('', #13565, #13566, #13568, .T.);
#13572 = EDGE_CURVE('', #13566, #13564, #13569, .T.);
#13573 = ORIENTED_EDGE('', *, *, #13570, .T.);
#13574 = ORIENTED_EDGE('', *, *, #13571, .T.);
#13575 = ORIENTED_EDGE('', *, *, #13572, .T.);
#13576 = EDGE_LOOP('', (#13573, #13574, #13575));
#13577 = FACE_BOUND('', #13576, .T.);

/* ==== Hole 798 (row 26, col 17) CW ==== */
#13578 = CARTESIAN_POINT('', (56.000, 83.000, 0.0));
#13579 = CARTESIAN_POINT('', (56.000, 86.000, 0.0));
#13580 = CARTESIAN_POINT('', (59.000, 84.500, 0.0));
#13581 = VERTEX_POINT('', #13578);
#13582 = VERTEX_POINT('', #13579);
#13583 = VERTEX_POINT('', #13580);
#13584 = LINE('', #13578, #6);
#13585 = LINE('', #13579, #6);
#13586 = LINE('', #13580, #6);
#13587 = EDGE_CURVE('', #13581, #13582, #13584, .T.);
#13588 = EDGE_CURVE('', #13582, #13583, #13585, .T.);
#13589 = EDGE_CURVE('', #13583, #13581, #13586, .T.);
#13590 = ORIENTED_EDGE('', *, *, #13587, .T.);
#13591 = ORIENTED_EDGE('', *, *, #13588, .T.);
#13592 = ORIENTED_EDGE('', *, *, #13589, .T.);
#13593 = EDGE_LOOP('', (#13590, #13591, #13592));
#13594 = FACE_BOUND('', #13593, .T.);

/* ==== Hole 799 (row 26, col 18) CW ==== */
#13595 = CARTESIAN_POINT('', (59.000, 83.000, 0.0));
#13596 = CARTESIAN_POINT('', (59.000, 86.000, 0.0));
#13597 = CARTESIAN_POINT('', (62.000, 84.500, 0.0));
#13598 = VERTEX_POINT('', #13595);
#13599 = VERTEX_POINT('', #13596);
#13600 = VERTEX_POINT('', #13597);
#13601 = LINE('', #13595, #6);
#13602 = LINE('', #13596, #6);
#13603 = LINE('', #13597, #6);
#13604 = EDGE_CURVE('', #13598, #13599, #13601, .T.);
#13605 = EDGE_CURVE('', #13599, #13600, #13602, .T.);
#13606 = EDGE_CURVE('', #13600, #13598, #13603, .T.);
#13607 = ORIENTED_EDGE('', *, *, #13604, .T.);
#13608 = ORIENTED_EDGE('', *, *, #13605, .T.);
#13609 = ORIENTED_EDGE('', *, *, #13606, .T.);
#13610 = EDGE_LOOP('', (#13607, #13608, #13609));
#13611 = FACE_BOUND('', #13610, .T.);

/* ==== Hole 800 (row 26, col 19) CW ==== */
#13612 = CARTESIAN_POINT('', (62.000, 83.000, 0.0));
#13613 = CARTESIAN_POINT('', (62.000, 86.000, 0.0));
#13614 = CARTESIAN_POINT('', (65.000, 84.500, 0.0));
#13615 = VERTEX_POINT('', #13612);
#13616 = VERTEX_POINT('', #13613);
#13617 = VERTEX_POINT('', #13614);
#13618 = LINE('', #13612, #6);
#13619 = LINE('', #13613, #6);
#13620 = LINE('', #13614, #6);
#13621 = EDGE_CURVE('', #13615, #13616, #13618, .T.);
#13622 = EDGE_CURVE('', #13616, #13617, #13619, .T.);
#13623 = EDGE_CURVE('', #13617, #13615, #13620, .T.);
#13624 = ORIENTED_EDGE('', *, *, #13621, .T.);
#13625 = ORIENTED_EDGE('', *, *, #13622, .T.);
#13626 = ORIENTED_EDGE('', *, *, #13623, .T.);
#13627 = EDGE_LOOP('', (#13624, #13625, #13626));
#13628 = FACE_BOUND('', #13627, .T.);

/* ==== Hole 801 (row 26, col 20) CW ==== */
#13629 = CARTESIAN_POINT('', (65.000, 83.000, 0.0));
#13630 = CARTESIAN_POINT('', (65.000, 86.000, 0.0));
#13631 = CARTESIAN_POINT('', (68.000, 84.500, 0.0));
#13632 = VERTEX_POINT('', #13629);
#13633 = VERTEX_POINT('', #13630);
#13634 = VERTEX_POINT('', #13631);
#13635 = LINE('', #13629, #6);
#13636 = LINE('', #13630, #6);
#13637 = LINE('', #13631, #6);
#13638 = EDGE_CURVE('', #13632, #13633, #13635, .T.);
#13639 = EDGE_CURVE('', #13633, #13634, #13636, .T.);
#13640 = EDGE_CURVE('', #13634, #13632, #13637, .T.);
#13641 = ORIENTED_EDGE('', *, *, #13638, .T.);
#13642 = ORIENTED_EDGE('', *, *, #13639, .T.);
#13643 = ORIENTED_EDGE('', *, *, #13640, .T.);
#13644 = EDGE_LOOP('', (#13641, #13642, #13643));
#13645 = FACE_BOUND('', #13644, .T.);

/* ==== Hole 802 (row 26, col 21) CW ==== */
#13646 = CARTESIAN_POINT('', (68.000, 83.000, 0.0));
#13647 = CARTESIAN_POINT('', (68.000, 86.000, 0.0));
#13648 = CARTESIAN_POINT('', (71.000, 84.500, 0.0));
#13649 = VERTEX_POINT('', #13646);
#13650 = VERTEX_POINT('', #13647);
#13651 = VERTEX_POINT('', #13648);
#13652 = LINE('', #13646, #6);
#13653 = LINE('', #13647, #6);
#13654 = LINE('', #13648, #6);
#13655 = EDGE_CURVE('', #13649, #13650, #13652, .T.);
#13656 = EDGE_CURVE('', #13650, #13651, #13653, .T.);
#13657 = EDGE_CURVE('', #13651, #13649, #13654, .T.);
#13658 = ORIENTED_EDGE('', *, *, #13655, .T.);
#13659 = ORIENTED_EDGE('', *, *, #13656, .T.);
#13660 = ORIENTED_EDGE('', *, *, #13657, .T.);
#13661 = EDGE_LOOP('', (#13658, #13659, #13660));
#13662 = FACE_BOUND('', #13661, .T.);

/* ==== Hole 803 (row 26, col 22) CW ==== */
#13663 = CARTESIAN_POINT('', (71.000, 83.000, 0.0));
#13664 = CARTESIAN_POINT('', (71.000, 86.000, 0.0));
#13665 = CARTESIAN_POINT('', (74.000, 84.500, 0.0));
#13666 = VERTEX_POINT('', #13663);
#13667 = VERTEX_POINT('', #13664);
#13668 = VERTEX_POINT('', #13665);
#13669 = LINE('', #13663, #6);
#13670 = LINE('', #13664, #6);
#13671 = LINE('', #13665, #6);
#13672 = EDGE_CURVE('', #13666, #13667, #13669, .T.);
#13673 = EDGE_CURVE('', #13667, #13668, #13670, .T.);
#13674 = EDGE_CURVE('', #13668, #13666, #13671, .T.);
#13675 = ORIENTED_EDGE('', *, *, #13672, .T.);
#13676 = ORIENTED_EDGE('', *, *, #13673, .T.);
#13677 = ORIENTED_EDGE('', *, *, #13674, .T.);
#13678 = EDGE_LOOP('', (#13675, #13676, #13677));
#13679 = FACE_BOUND('', #13678, .T.);

/* ==== Hole 804 (row 26, col 23) CW ==== */
#13680 = CARTESIAN_POINT('', (74.000, 83.000, 0.0));
#13681 = CARTESIAN_POINT('', (74.000, 86.000, 0.0));
#13682 = CARTESIAN_POINT('', (77.000, 84.500, 0.0));
#13683 = VERTEX_POINT('', #13680);
#13684 = VERTEX_POINT('', #13681);
#13685 = VERTEX_POINT('', #13682);
#13686 = LINE('', #13680, #6);
#13687 = LINE('', #13681, #6);
#13688 = LINE('', #13682, #6);
#13689 = EDGE_CURVE('', #13683, #13684, #13686, .T.);
#13690 = EDGE_CURVE('', #13684, #13685, #13687, .T.);
#13691 = EDGE_CURVE('', #13685, #13683, #13688, .T.);
#13692 = ORIENTED_EDGE('', *, *, #13689, .T.);
#13693 = ORIENTED_EDGE('', *, *, #13690, .T.);
#13694 = ORIENTED_EDGE('', *, *, #13691, .T.);
#13695 = EDGE_LOOP('', (#13692, #13693, #13694));
#13696 = FACE_BOUND('', #13695, .T.);

/* ==== Hole 805 (row 26, col 24) CW ==== */
#13697 = CARTESIAN_POINT('', (77.000, 83.000, 0.0));
#13698 = CARTESIAN_POINT('', (77.000, 86.000, 0.0));
#13699 = CARTESIAN_POINT('', (80.000, 84.500, 0.0));
#13700 = VERTEX_POINT('', #13697);
#13701 = VERTEX_POINT('', #13698);
#13702 = VERTEX_POINT('', #13699);
#13703 = LINE('', #13697, #6);
#13704 = LINE('', #13698, #6);
#13705 = LINE('', #13699, #6);
#13706 = EDGE_CURVE('', #13700, #13701, #13703, .T.);
#13707 = EDGE_CURVE('', #13701, #13702, #13704, .T.);
#13708 = EDGE_CURVE('', #13702, #13700, #13705, .T.);
#13709 = ORIENTED_EDGE('', *, *, #13706, .T.);
#13710 = ORIENTED_EDGE('', *, *, #13707, .T.);
#13711 = ORIENTED_EDGE('', *, *, #13708, .T.);
#13712 = EDGE_LOOP('', (#13709, #13710, #13711));
#13713 = FACE_BOUND('', #13712, .T.);

/* ==== Hole 806 (row 26, col 25) CW ==== */
#13714 = CARTESIAN_POINT('', (80.000, 83.000, 0.0));
#13715 = CARTESIAN_POINT('', (80.000, 86.000, 0.0));
#13716 = CARTESIAN_POINT('', (83.000, 84.500, 0.0));
#13717 = VERTEX_POINT('', #13714);
#13718 = VERTEX_POINT('', #13715);
#13719 = VERTEX_POINT('', #13716);
#13720 = LINE('', #13714, #6);
#13721 = LINE('', #13715, #6);
#13722 = LINE('', #13716, #6);
#13723 = EDGE_CURVE('', #13717, #13718, #13720, .T.);
#13724 = EDGE_CURVE('', #13718, #13719, #13721, .T.);
#13725 = EDGE_CURVE('', #13719, #13717, #13722, .T.);
#13726 = ORIENTED_EDGE('', *, *, #13723, .T.);
#13727 = ORIENTED_EDGE('', *, *, #13724, .T.);
#13728 = ORIENTED_EDGE('', *, *, #13725, .T.);
#13729 = EDGE_LOOP('', (#13726, #13727, #13728));
#13730 = FACE_BOUND('', #13729, .T.);

/* ==== Hole 807 (row 26, col 26) CW ==== */
#13731 = CARTESIAN_POINT('', (83.000, 83.000, 0.0));
#13732 = CARTESIAN_POINT('', (83.000, 86.000, 0.0));
#13733 = CARTESIAN_POINT('', (86.000, 84.500, 0.0));
#13734 = VERTEX_POINT('', #13731);
#13735 = VERTEX_POINT('', #13732);
#13736 = VERTEX_POINT('', #13733);
#13737 = LINE('', #13731, #6);
#13738 = LINE('', #13732, #6);
#13739 = LINE('', #13733, #6);
#13740 = EDGE_CURVE('', #13734, #13735, #13737, .T.);
#13741 = EDGE_CURVE('', #13735, #13736, #13738, .T.);
#13742 = EDGE_CURVE('', #13736, #13734, #13739, .T.);
#13743 = ORIENTED_EDGE('', *, *, #13740, .T.);
#13744 = ORIENTED_EDGE('', *, *, #13741, .T.);
#13745 = ORIENTED_EDGE('', *, *, #13742, .T.);
#13746 = EDGE_LOOP('', (#13743, #13744, #13745));
#13747 = FACE_BOUND('', #13746, .T.);

/* ==== Hole 808 (row 26, col 27) CW ==== */
#13748 = CARTESIAN_POINT('', (86.000, 83.000, 0.0));
#13749 = CARTESIAN_POINT('', (86.000, 86.000, 0.0));
#13750 = CARTESIAN_POINT('', (89.000, 84.500, 0.0));
#13751 = VERTEX_POINT('', #13748);
#13752 = VERTEX_POINT('', #13749);
#13753 = VERTEX_POINT('', #13750);
#13754 = LINE('', #13748, #6);
#13755 = LINE('', #13749, #6);
#13756 = LINE('', #13750, #6);
#13757 = EDGE_CURVE('', #13751, #13752, #13754, .T.);
#13758 = EDGE_CURVE('', #13752, #13753, #13755, .T.);
#13759 = EDGE_CURVE('', #13753, #13751, #13756, .T.);
#13760 = ORIENTED_EDGE('', *, *, #13757, .T.);
#13761 = ORIENTED_EDGE('', *, *, #13758, .T.);
#13762 = ORIENTED_EDGE('', *, *, #13759, .T.);
#13763 = EDGE_LOOP('', (#13760, #13761, #13762));
#13764 = FACE_BOUND('', #13763, .T.);

/* ==== Hole 809 (row 26, col 28) CW ==== */
#13765 = CARTESIAN_POINT('', (89.000, 83.000, 0.0));
#13766 = CARTESIAN_POINT('', (89.000, 86.000, 0.0));
#13767 = CARTESIAN_POINT('', (92.000, 84.500, 0.0));
#13768 = VERTEX_POINT('', #13765);
#13769 = VERTEX_POINT('', #13766);
#13770 = VERTEX_POINT('', #13767);
#13771 = LINE('', #13765, #6);
#13772 = LINE('', #13766, #6);
#13773 = LINE('', #13767, #6);
#13774 = EDGE_CURVE('', #13768, #13769, #13771, .T.);
#13775 = EDGE_CURVE('', #13769, #13770, #13772, .T.);
#13776 = EDGE_CURVE('', #13770, #13768, #13773, .T.);
#13777 = ORIENTED_EDGE('', *, *, #13774, .T.);
#13778 = ORIENTED_EDGE('', *, *, #13775, .T.);
#13779 = ORIENTED_EDGE('', *, *, #13776, .T.);
#13780 = EDGE_LOOP('', (#13777, #13778, #13779));
#13781 = FACE_BOUND('', #13780, .T.);

/* ==== Hole 810 (row 26, col 29) CW ==== */
#13782 = CARTESIAN_POINT('', (92.000, 83.000, 0.0));
#13783 = CARTESIAN_POINT('', (92.000, 86.000, 0.0));
#13784 = CARTESIAN_POINT('', (95.000, 84.500, 0.0));
#13785 = VERTEX_POINT('', #13782);
#13786 = VERTEX_POINT('', #13783);
#13787 = VERTEX_POINT('', #13784);
#13788 = LINE('', #13782, #6);
#13789 = LINE('', #13783, #6);
#13790 = LINE('', #13784, #6);
#13791 = EDGE_CURVE('', #13785, #13786, #13788, .T.);
#13792 = EDGE_CURVE('', #13786, #13787, #13789, .T.);
#13793 = EDGE_CURVE('', #13787, #13785, #13790, .T.);
#13794 = ORIENTED_EDGE('', *, *, #13791, .T.);
#13795 = ORIENTED_EDGE('', *, *, #13792, .T.);
#13796 = ORIENTED_EDGE('', *, *, #13793, .T.);
#13797 = EDGE_LOOP('', (#13794, #13795, #13796));
#13798 = FACE_BOUND('', #13797, .T.);

/* ==== Hole 811 (row 27, col 0) CW ==== */
#13799 = CARTESIAN_POINT('', (5.000, 86.000, 0.0));
#13800 = CARTESIAN_POINT('', (5.000, 89.000, 0.0));
#13801 = CARTESIAN_POINT('', (8.000, 87.500, 0.0));
#13802 = VERTEX_POINT('', #13799);
#13803 = VERTEX_POINT('', #13800);
#13804 = VERTEX_POINT('', #13801);
#13805 = LINE('', #13799, #6);
#13806 = LINE('', #13800, #6);
#13807 = LINE('', #13801, #6);
#13808 = EDGE_CURVE('', #13802, #13803, #13805, .T.);
#13809 = EDGE_CURVE('', #13803, #13804, #13806, .T.);
#13810 = EDGE_CURVE('', #13804, #13802, #13807, .T.);
#13811 = ORIENTED_EDGE('', *, *, #13808, .T.);
#13812 = ORIENTED_EDGE('', *, *, #13809, .T.);
#13813 = ORIENTED_EDGE('', *, *, #13810, .T.);
#13814 = EDGE_LOOP('', (#13811, #13812, #13813));
#13815 = FACE_BOUND('', #13814, .T.);

/* ==== Hole 812 (row 27, col 1) CW ==== */
#13816 = CARTESIAN_POINT('', (8.000, 86.000, 0.0));
#13817 = CARTESIAN_POINT('', (8.000, 89.000, 0.0));
#13818 = CARTESIAN_POINT('', (11.000, 87.500, 0.0));
#13819 = VERTEX_POINT('', #13816);
#13820 = VERTEX_POINT('', #13817);
#13821 = VERTEX_POINT('', #13818);
#13822 = LINE('', #13816, #6);
#13823 = LINE('', #13817, #6);
#13824 = LINE('', #13818, #6);
#13825 = EDGE_CURVE('', #13819, #13820, #13822, .T.);
#13826 = EDGE_CURVE('', #13820, #13821, #13823, .T.);
#13827 = EDGE_CURVE('', #13821, #13819, #13824, .T.);
#13828 = ORIENTED_EDGE('', *, *, #13825, .T.);
#13829 = ORIENTED_EDGE('', *, *, #13826, .T.);
#13830 = ORIENTED_EDGE('', *, *, #13827, .T.);
#13831 = EDGE_LOOP('', (#13828, #13829, #13830));
#13832 = FACE_BOUND('', #13831, .T.);

/* ==== Hole 813 (row 27, col 2) CW ==== */
#13833 = CARTESIAN_POINT('', (11.000, 86.000, 0.0));
#13834 = CARTESIAN_POINT('', (11.000, 89.000, 0.0));
#13835 = CARTESIAN_POINT('', (14.000, 87.500, 0.0));
#13836 = VERTEX_POINT('', #13833);
#13837 = VERTEX_POINT('', #13834);
#13838 = VERTEX_POINT('', #13835);
#13839 = LINE('', #13833, #6);
#13840 = LINE('', #13834, #6);
#13841 = LINE('', #13835, #6);
#13842 = EDGE_CURVE('', #13836, #13837, #13839, .T.);
#13843 = EDGE_CURVE('', #13837, #13838, #13840, .T.);
#13844 = EDGE_CURVE('', #13838, #13836, #13841, .T.);
#13845 = ORIENTED_EDGE('', *, *, #13842, .T.);
#13846 = ORIENTED_EDGE('', *, *, #13843, .T.);
#13847 = ORIENTED_EDGE('', *, *, #13844, .T.);
#13848 = EDGE_LOOP('', (#13845, #13846, #13847));
#13849 = FACE_BOUND('', #13848, .T.);

/* ==== Hole 814 (row 27, col 3) CW ==== */
#13850 = CARTESIAN_POINT('', (14.000, 86.000, 0.0));
#13851 = CARTESIAN_POINT('', (14.000, 89.000, 0.0));
#13852 = CARTESIAN_POINT('', (17.000, 87.500, 0.0));
#13853 = VERTEX_POINT('', #13850);
#13854 = VERTEX_POINT('', #13851);
#13855 = VERTEX_POINT('', #13852);
#13856 = LINE('', #13850, #6);
#13857 = LINE('', #13851, #6);
#13858 = LINE('', #13852, #6);
#13859 = EDGE_CURVE('', #13853, #13854, #13856, .T.);
#13860 = EDGE_CURVE('', #13854, #13855, #13857, .T.);
#13861 = EDGE_CURVE('', #13855, #13853, #13858, .T.);
#13862 = ORIENTED_EDGE('', *, *, #13859, .T.);
#13863 = ORIENTED_EDGE('', *, *, #13860, .T.);
#13864 = ORIENTED_EDGE('', *, *, #13861, .T.);
#13865 = EDGE_LOOP('', (#13862, #13863, #13864));
#13866 = FACE_BOUND('', #13865, .T.);

/* ==== Hole 815 (row 27, col 4) CW ==== */
#13867 = CARTESIAN_POINT('', (17.000, 86.000, 0.0));
#13868 = CARTESIAN_POINT('', (17.000, 89.000, 0.0));
#13869 = CARTESIAN_POINT('', (20.000, 87.500, 0.0));
#13870 = VERTEX_POINT('', #13867);
#13871 = VERTEX_POINT('', #13868);
#13872 = VERTEX_POINT('', #13869);
#13873 = LINE('', #13867, #6);
#13874 = LINE('', #13868, #6);
#13875 = LINE('', #13869, #6);
#13876 = EDGE_CURVE('', #13870, #13871, #13873, .T.);
#13877 = EDGE_CURVE('', #13871, #13872, #13874, .T.);
#13878 = EDGE_CURVE('', #13872, #13870, #13875, .T.);
#13879 = ORIENTED_EDGE('', *, *, #13876, .T.);
#13880 = ORIENTED_EDGE('', *, *, #13877, .T.);
#13881 = ORIENTED_EDGE('', *, *, #13878, .T.);
#13882 = EDGE_LOOP('', (#13879, #13880, #13881));
#13883 = FACE_BOUND('', #13882, .T.);

/* ==== Hole 816 (row 27, col 5) CW ==== */
#13884 = CARTESIAN_POINT('', (20.000, 86.000, 0.0));
#13885 = CARTESIAN_POINT('', (20.000, 89.000, 0.0));
#13886 = CARTESIAN_POINT('', (23.000, 87.500, 0.0));
#13887 = VERTEX_POINT('', #13884);
#13888 = VERTEX_POINT('', #13885);
#13889 = VERTEX_POINT('', #13886);
#13890 = LINE('', #13884, #6);
#13891 = LINE('', #13885, #6);
#13892 = LINE('', #13886, #6);
#13893 = EDGE_CURVE('', #13887, #13888, #13890, .T.);
#13894 = EDGE_CURVE('', #13888, #13889, #13891, .T.);
#13895 = EDGE_CURVE('', #13889, #13887, #13892, .T.);
#13896 = ORIENTED_EDGE('', *, *, #13893, .T.);
#13897 = ORIENTED_EDGE('', *, *, #13894, .T.);
#13898 = ORIENTED_EDGE('', *, *, #13895, .T.);
#13899 = EDGE_LOOP('', (#13896, #13897, #13898));
#13900 = FACE_BOUND('', #13899, .T.);

/* ==== Hole 817 (row 27, col 6) CW ==== */
#13901 = CARTESIAN_POINT('', (23.000, 86.000, 0.0));
#13902 = CARTESIAN_POINT('', (23.000, 89.000, 0.0));
#13903 = CARTESIAN_POINT('', (26.000, 87.500, 0.0));
#13904 = VERTEX_POINT('', #13901);
#13905 = VERTEX_POINT('', #13902);
#13906 = VERTEX_POINT('', #13903);
#13907 = LINE('', #13901, #6);
#13908 = LINE('', #13902, #6);
#13909 = LINE('', #13903, #6);
#13910 = EDGE_CURVE('', #13904, #13905, #13907, .T.);
#13911 = EDGE_CURVE('', #13905, #13906, #13908, .T.);
#13912 = EDGE_CURVE('', #13906, #13904, #13909, .T.);
#13913 = ORIENTED_EDGE('', *, *, #13910, .T.);
#13914 = ORIENTED_EDGE('', *, *, #13911, .T.);
#13915 = ORIENTED_EDGE('', *, *, #13912, .T.);
#13916 = EDGE_LOOP('', (#13913, #13914, #13915));
#13917 = FACE_BOUND('', #13916, .T.);

/* ==== Hole 818 (row 27, col 7) CW ==== */
#13918 = CARTESIAN_POINT('', (26.000, 86.000, 0.0));
#13919 = CARTESIAN_POINT('', (26.000, 89.000, 0.0));
#13920 = CARTESIAN_POINT('', (29.000, 87.500, 0.0));
#13921 = VERTEX_POINT('', #13918);
#13922 = VERTEX_POINT('', #13919);
#13923 = VERTEX_POINT('', #13920);
#13924 = LINE('', #13918, #6);
#13925 = LINE('', #13919, #6);
#13926 = LINE('', #13920, #6);
#13927 = EDGE_CURVE('', #13921, #13922, #13924, .T.);
#13928 = EDGE_CURVE('', #13922, #13923, #13925, .T.);
#13929 = EDGE_CURVE('', #13923, #13921, #13926, .T.);
#13930 = ORIENTED_EDGE('', *, *, #13927, .T.);
#13931 = ORIENTED_EDGE('', *, *, #13928, .T.);
#13932 = ORIENTED_EDGE('', *, *, #13929, .T.);
#13933 = EDGE_LOOP('', (#13930, #13931, #13932));
#13934 = FACE_BOUND('', #13933, .T.);

/* ==== Hole 819 (row 27, col 8) CW ==== */
#13935 = CARTESIAN_POINT('', (29.000, 86.000, 0.0));
#13936 = CARTESIAN_POINT('', (29.000, 89.000, 0.0));
#13937 = CARTESIAN_POINT('', (32.000, 87.500, 0.0));
#13938 = VERTEX_POINT('', #13935);
#13939 = VERTEX_POINT('', #13936);
#13940 = VERTEX_POINT('', #13937);
#13941 = LINE('', #13935, #6);
#13942 = LINE('', #13936, #6);
#13943 = LINE('', #13937, #6);
#13944 = EDGE_CURVE('', #13938, #13939, #13941, .T.);
#13945 = EDGE_CURVE('', #13939, #13940, #13942, .T.);
#13946 = EDGE_CURVE('', #13940, #13938, #13943, .T.);
#13947 = ORIENTED_EDGE('', *, *, #13944, .T.);
#13948 = ORIENTED_EDGE('', *, *, #13945, .T.);
#13949 = ORIENTED_EDGE('', *, *, #13946, .T.);
#13950 = EDGE_LOOP('', (#13947, #13948, #13949));
#13951 = FACE_BOUND('', #13950, .T.);

/* ==== Hole 820 (row 27, col 9) CW ==== */
#13952 = CARTESIAN_POINT('', (32.000, 86.000, 0.0));
#13953 = CARTESIAN_POINT('', (32.000, 89.000, 0.0));
#13954 = CARTESIAN_POINT('', (35.000, 87.500, 0.0));
#13955 = VERTEX_POINT('', #13952);
#13956 = VERTEX_POINT('', #13953);
#13957 = VERTEX_POINT('', #13954);
#13958 = LINE('', #13952, #6);
#13959 = LINE('', #13953, #6);
#13960 = LINE('', #13954, #6);
#13961 = EDGE_CURVE('', #13955, #13956, #13958, .T.);
#13962 = EDGE_CURVE('', #13956, #13957, #13959, .T.);
#13963 = EDGE_CURVE('', #13957, #13955, #13960, .T.);
#13964 = ORIENTED_EDGE('', *, *, #13961, .T.);
#13965 = ORIENTED_EDGE('', *, *, #13962, .T.);
#13966 = ORIENTED_EDGE('', *, *, #13963, .T.);
#13967 = EDGE_LOOP('', (#13964, #13965, #13966));
#13968 = FACE_BOUND('', #13967, .T.);

/* ==== Hole 821 (row 27, col 10) CW ==== */
#13969 = CARTESIAN_POINT('', (35.000, 86.000, 0.0));
#13970 = CARTESIAN_POINT('', (35.000, 89.000, 0.0));
#13971 = CARTESIAN_POINT('', (38.000, 87.500, 0.0));
#13972 = VERTEX_POINT('', #13969);
#13973 = VERTEX_POINT('', #13970);
#13974 = VERTEX_POINT('', #13971);
#13975 = LINE('', #13969, #6);
#13976 = LINE('', #13970, #6);
#13977 = LINE('', #13971, #6);
#13978 = EDGE_CURVE('', #13972, #13973, #13975, .T.);
#13979 = EDGE_CURVE('', #13973, #13974, #13976, .T.);
#13980 = EDGE_CURVE('', #13974, #13972, #13977, .T.);
#13981 = ORIENTED_EDGE('', *, *, #13978, .T.);
#13982 = ORIENTED_EDGE('', *, *, #13979, .T.);
#13983 = ORIENTED_EDGE('', *, *, #13980, .T.);
#13984 = EDGE_LOOP('', (#13981, #13982, #13983));
#13985 = FACE_BOUND('', #13984, .T.);

/* ==== Hole 822 (row 27, col 11) CW ==== */
#13986 = CARTESIAN_POINT('', (38.000, 86.000, 0.0));
#13987 = CARTESIAN_POINT('', (38.000, 89.000, 0.0));
#13988 = CARTESIAN_POINT('', (41.000, 87.500, 0.0));
#13989 = VERTEX_POINT('', #13986);
#13990 = VERTEX_POINT('', #13987);
#13991 = VERTEX_POINT('', #13988);
#13992 = LINE('', #13986, #6);
#13993 = LINE('', #13987, #6);
#13994 = LINE('', #13988, #6);
#13995 = EDGE_CURVE('', #13989, #13990, #13992, .T.);
#13996 = EDGE_CURVE('', #13990, #13991, #13993, .T.);
#13997 = EDGE_CURVE('', #13991, #13989, #13994, .T.);
#13998 = ORIENTED_EDGE('', *, *, #13995, .T.);
#13999 = ORIENTED_EDGE('', *, *, #13996, .T.);
#14000 = ORIENTED_EDGE('', *, *, #13997, .T.);
#14001 = EDGE_LOOP('', (#13998, #13999, #14000));
#14002 = FACE_BOUND('', #14001, .T.);

/* ==== Hole 823 (row 27, col 12) CW ==== */
#14003 = CARTESIAN_POINT('', (41.000, 86.000, 0.0));
#14004 = CARTESIAN_POINT('', (41.000, 89.000, 0.0));
#14005 = CARTESIAN_POINT('', (44.000, 87.500, 0.0));
#14006 = VERTEX_POINT('', #14003);
#14007 = VERTEX_POINT('', #14004);
#14008 = VERTEX_POINT('', #14005);
#14009 = LINE('', #14003, #6);
#14010 = LINE('', #14004, #6);
#14011 = LINE('', #14005, #6);
#14012 = EDGE_CURVE('', #14006, #14007, #14009, .T.);
#14013 = EDGE_CURVE('', #14007, #14008, #14010, .T.);
#14014 = EDGE_CURVE('', #14008, #14006, #14011, .T.);
#14015 = ORIENTED_EDGE('', *, *, #14012, .T.);
#14016 = ORIENTED_EDGE('', *, *, #14013, .T.);
#14017 = ORIENTED_EDGE('', *, *, #14014, .T.);
#14018 = EDGE_LOOP('', (#14015, #14016, #14017));
#14019 = FACE_BOUND('', #14018, .T.);

/* ==== Hole 824 (row 27, col 13) CW ==== */
#14020 = CARTESIAN_POINT('', (44.000, 86.000, 0.0));
#14021 = CARTESIAN_POINT('', (44.000, 89.000, 0.0));
#14022 = CARTESIAN_POINT('', (47.000, 87.500, 0.0));
#14023 = VERTEX_POINT('', #14020);
#14024 = VERTEX_POINT('', #14021);
#14025 = VERTEX_POINT('', #14022);
#14026 = LINE('', #14020, #6);
#14027 = LINE('', #14021, #6);
#14028 = LINE('', #14022, #6);
#14029 = EDGE_CURVE('', #14023, #14024, #14026, .T.);
#14030 = EDGE_CURVE('', #14024, #14025, #14027, .T.);
#14031 = EDGE_CURVE('', #14025, #14023, #14028, .T.);
#14032 = ORIENTED_EDGE('', *, *, #14029, .T.);
#14033 = ORIENTED_EDGE('', *, *, #14030, .T.);
#14034 = ORIENTED_EDGE('', *, *, #14031, .T.);
#14035 = EDGE_LOOP('', (#14032, #14033, #14034));
#14036 = FACE_BOUND('', #14035, .T.);

/* ==== Hole 825 (row 27, col 14) CW ==== */
#14037 = CARTESIAN_POINT('', (47.000, 86.000, 0.0));
#14038 = CARTESIAN_POINT('', (47.000, 89.000, 0.0));
#14039 = CARTESIAN_POINT('', (50.000, 87.500, 0.0));
#14040 = VERTEX_POINT('', #14037);
#14041 = VERTEX_POINT('', #14038);
#14042 = VERTEX_POINT('', #14039);
#14043 = LINE('', #14037, #6);
#14044 = LINE('', #14038, #6);
#14045 = LINE('', #14039, #6);
#14046 = EDGE_CURVE('', #14040, #14041, #14043, .T.);
#14047 = EDGE_CURVE('', #14041, #14042, #14044, .T.);
#14048 = EDGE_CURVE('', #14042, #14040, #14045, .T.);
#14049 = ORIENTED_EDGE('', *, *, #14046, .T.);
#14050 = ORIENTED_EDGE('', *, *, #14047, .T.);
#14051 = ORIENTED_EDGE('', *, *, #14048, .T.);
#14052 = EDGE_LOOP('', (#14049, #14050, #14051));
#14053 = FACE_BOUND('', #14052, .T.);

/* ==== Hole 826 (row 27, col 15) CW ==== */
#14054 = CARTESIAN_POINT('', (50.000, 86.000, 0.0));
#14055 = CARTESIAN_POINT('', (50.000, 89.000, 0.0));
#14056 = CARTESIAN_POINT('', (53.000, 87.500, 0.0));
#14057 = VERTEX_POINT('', #14054);
#14058 = VERTEX_POINT('', #14055);
#14059 = VERTEX_POINT('', #14056);
#14060 = LINE('', #14054, #6);
#14061 = LINE('', #14055, #6);
#14062 = LINE('', #14056, #6);
#14063 = EDGE_CURVE('', #14057, #14058, #14060, .T.);
#14064 = EDGE_CURVE('', #14058, #14059, #14061, .T.);
#14065 = EDGE_CURVE('', #14059, #14057, #14062, .T.);
#14066 = ORIENTED_EDGE('', *, *, #14063, .T.);
#14067 = ORIENTED_EDGE('', *, *, #14064, .T.);
#14068 = ORIENTED_EDGE('', *, *, #14065, .T.);
#14069 = EDGE_LOOP('', (#14066, #14067, #14068));
#14070 = FACE_BOUND('', #14069, .T.);

/* ==== Hole 827 (row 27, col 16) CW ==== */
#14071 = CARTESIAN_POINT('', (53.000, 86.000, 0.0));
#14072 = CARTESIAN_POINT('', (53.000, 89.000, 0.0));
#14073 = CARTESIAN_POINT('', (56.000, 87.500, 0.0));
#14074 = VERTEX_POINT('', #14071);
#14075 = VERTEX_POINT('', #14072);
#14076 = VERTEX_POINT('', #14073);
#14077 = LINE('', #14071, #6);
#14078 = LINE('', #14072, #6);
#14079 = LINE('', #14073, #6);
#14080 = EDGE_CURVE('', #14074, #14075, #14077, .T.);
#14081 = EDGE_CURVE('', #14075, #14076, #14078, .T.);
#14082 = EDGE_CURVE('', #14076, #14074, #14079, .T.);
#14083 = ORIENTED_EDGE('', *, *, #14080, .T.);
#14084 = ORIENTED_EDGE('', *, *, #14081, .T.);
#14085 = ORIENTED_EDGE('', *, *, #14082, .T.);
#14086 = EDGE_LOOP('', (#14083, #14084, #14085));
#14087 = FACE_BOUND('', #14086, .T.);

/* ==== Hole 828 (row 27, col 17) CW ==== */
#14088 = CARTESIAN_POINT('', (56.000, 86.000, 0.0));
#14089 = CARTESIAN_POINT('', (56.000, 89.000, 0.0));
#14090 = CARTESIAN_POINT('', (59.000, 87.500, 0.0));
#14091 = VERTEX_POINT('', #14088);
#14092 = VERTEX_POINT('', #14089);
#14093 = VERTEX_POINT('', #14090);
#14094 = LINE('', #14088, #6);
#14095 = LINE('', #14089, #6);
#14096 = LINE('', #14090, #6);
#14097 = EDGE_CURVE('', #14091, #14092, #14094, .T.);
#14098 = EDGE_CURVE('', #14092, #14093, #14095, .T.);
#14099 = EDGE_CURVE('', #14093, #14091, #14096, .T.);
#14100 = ORIENTED_EDGE('', *, *, #14097, .T.);
#14101 = ORIENTED_EDGE('', *, *, #14098, .T.);
#14102 = ORIENTED_EDGE('', *, *, #14099, .T.);
#14103 = EDGE_LOOP('', (#14100, #14101, #14102));
#14104 = FACE_BOUND('', #14103, .T.);

/* ==== Hole 829 (row 27, col 18) CW ==== */
#14105 = CARTESIAN_POINT('', (59.000, 86.000, 0.0));
#14106 = CARTESIAN_POINT('', (59.000, 89.000, 0.0));
#14107 = CARTESIAN_POINT('', (62.000, 87.500, 0.0));
#14108 = VERTEX_POINT('', #14105);
#14109 = VERTEX_POINT('', #14106);
#14110 = VERTEX_POINT('', #14107);
#14111 = LINE('', #14105, #6);
#14112 = LINE('', #14106, #6);
#14113 = LINE('', #14107, #6);
#14114 = EDGE_CURVE('', #14108, #14109, #14111, .T.);
#14115 = EDGE_CURVE('', #14109, #14110, #14112, .T.);
#14116 = EDGE_CURVE('', #14110, #14108, #14113, .T.);
#14117 = ORIENTED_EDGE('', *, *, #14114, .T.);
#14118 = ORIENTED_EDGE('', *, *, #14115, .T.);
#14119 = ORIENTED_EDGE('', *, *, #14116, .T.);
#14120 = EDGE_LOOP('', (#14117, #14118, #14119));
#14121 = FACE_BOUND('', #14120, .T.);

/* ==== Hole 830 (row 27, col 19) CW ==== */
#14122 = CARTESIAN_POINT('', (62.000, 86.000, 0.0));
#14123 = CARTESIAN_POINT('', (62.000, 89.000, 0.0));
#14124 = CARTESIAN_POINT('', (65.000, 87.500, 0.0));
#14125 = VERTEX_POINT('', #14122);
#14126 = VERTEX_POINT('', #14123);
#14127 = VERTEX_POINT('', #14124);
#14128 = LINE('', #14122, #6);
#14129 = LINE('', #14123, #6);
#14130 = LINE('', #14124, #6);
#14131 = EDGE_CURVE('', #14125, #14126, #14128, .T.);
#14132 = EDGE_CURVE('', #14126, #14127, #14129, .T.);
#14133 = EDGE_CURVE('', #14127, #14125, #14130, .T.);
#14134 = ORIENTED_EDGE('', *, *, #14131, .T.);
#14135 = ORIENTED_EDGE('', *, *, #14132, .T.);
#14136 = ORIENTED_EDGE('', *, *, #14133, .T.);
#14137 = EDGE_LOOP('', (#14134, #14135, #14136));
#14138 = FACE_BOUND('', #14137, .T.);

/* ==== Hole 831 (row 27, col 20) CW ==== */
#14139 = CARTESIAN_POINT('', (65.000, 86.000, 0.0));
#14140 = CARTESIAN_POINT('', (65.000, 89.000, 0.0));
#14141 = CARTESIAN_POINT('', (68.000, 87.500, 0.0));
#14142 = VERTEX_POINT('', #14139);
#14143 = VERTEX_POINT('', #14140);
#14144 = VERTEX_POINT('', #14141);
#14145 = LINE('', #14139, #6);
#14146 = LINE('', #14140, #6);
#14147 = LINE('', #14141, #6);
#14148 = EDGE_CURVE('', #14142, #14143, #14145, .T.);
#14149 = EDGE_CURVE('', #14143, #14144, #14146, .T.);
#14150 = EDGE_CURVE('', #14144, #14142, #14147, .T.);
#14151 = ORIENTED_EDGE('', *, *, #14148, .T.);
#14152 = ORIENTED_EDGE('', *, *, #14149, .T.);
#14153 = ORIENTED_EDGE('', *, *, #14150, .T.);
#14154 = EDGE_LOOP('', (#14151, #14152, #14153));
#14155 = FACE_BOUND('', #14154, .T.);

/* ==== Hole 832 (row 27, col 21) CW ==== */
#14156 = CARTESIAN_POINT('', (68.000, 86.000, 0.0));
#14157 = CARTESIAN_POINT('', (68.000, 89.000, 0.0));
#14158 = CARTESIAN_POINT('', (71.000, 87.500, 0.0));
#14159 = VERTEX_POINT('', #14156);
#14160 = VERTEX_POINT('', #14157);
#14161 = VERTEX_POINT('', #14158);
#14162 = LINE('', #14156, #6);
#14163 = LINE('', #14157, #6);
#14164 = LINE('', #14158, #6);
#14165 = EDGE_CURVE('', #14159, #14160, #14162, .T.);
#14166 = EDGE_CURVE('', #14160, #14161, #14163, .T.);
#14167 = EDGE_CURVE('', #14161, #14159, #14164, .T.);
#14168 = ORIENTED_EDGE('', *, *, #14165, .T.);
#14169 = ORIENTED_EDGE('', *, *, #14166, .T.);
#14170 = ORIENTED_EDGE('', *, *, #14167, .T.);
#14171 = EDGE_LOOP('', (#14168, #14169, #14170));
#14172 = FACE_BOUND('', #14171, .T.);

/* ==== Hole 833 (row 27, col 22) CW ==== */
#14173 = CARTESIAN_POINT('', (71.000, 86.000, 0.0));
#14174 = CARTESIAN_POINT('', (71.000, 89.000, 0.0));
#14175 = CARTESIAN_POINT('', (74.000, 87.500, 0.0));
#14176 = VERTEX_POINT('', #14173);
#14177 = VERTEX_POINT('', #14174);
#14178 = VERTEX_POINT('', #14175);
#14179 = LINE('', #14173, #6);
#14180 = LINE('', #14174, #6);
#14181 = LINE('', #14175, #6);
#14182 = EDGE_CURVE('', #14176, #14177, #14179, .T.);
#14183 = EDGE_CURVE('', #14177, #14178, #14180, .T.);
#14184 = EDGE_CURVE('', #14178, #14176, #14181, .T.);
#14185 = ORIENTED_EDGE('', *, *, #14182, .T.);
#14186 = ORIENTED_EDGE('', *, *, #14183, .T.);
#14187 = ORIENTED_EDGE('', *, *, #14184, .T.);
#14188 = EDGE_LOOP('', (#14185, #14186, #14187));
#14189 = FACE_BOUND('', #14188, .T.);

/* ==== Hole 834 (row 27, col 23) CW ==== */
#14190 = CARTESIAN_POINT('', (74.000, 86.000, 0.0));
#14191 = CARTESIAN_POINT('', (74.000, 89.000, 0.0));
#14192 = CARTESIAN_POINT('', (77.000, 87.500, 0.0));
#14193 = VERTEX_POINT('', #14190);
#14194 = VERTEX_POINT('', #14191);
#14195 = VERTEX_POINT('', #14192);
#14196 = LINE('', #14190, #6);
#14197 = LINE('', #14191, #6);
#14198 = LINE('', #14192, #6);
#14199 = EDGE_CURVE('', #14193, #14194, #14196, .T.);
#14200 = EDGE_CURVE('', #14194, #14195, #14197, .T.);
#14201 = EDGE_CURVE('', #14195, #14193, #14198, .T.);
#14202 = ORIENTED_EDGE('', *, *, #14199, .T.);
#14203 = ORIENTED_EDGE('', *, *, #14200, .T.);
#14204 = ORIENTED_EDGE('', *, *, #14201, .T.);
#14205 = EDGE_LOOP('', (#14202, #14203, #14204));
#14206 = FACE_BOUND('', #14205, .T.);

/* ==== Hole 835 (row 27, col 24) CW ==== */
#14207 = CARTESIAN_POINT('', (77.000, 86.000, 0.0));
#14208 = CARTESIAN_POINT('', (77.000, 89.000, 0.0));
#14209 = CARTESIAN_POINT('', (80.000, 87.500, 0.0));
#14210 = VERTEX_POINT('', #14207);
#14211 = VERTEX_POINT('', #14208);
#14212 = VERTEX_POINT('', #14209);
#14213 = LINE('', #14207, #6);
#14214 = LINE('', #14208, #6);
#14215 = LINE('', #14209, #6);
#14216 = EDGE_CURVE('', #14210, #14211, #14213, .T.);
#14217 = EDGE_CURVE('', #14211, #14212, #14214, .T.);
#14218 = EDGE_CURVE('', #14212, #14210, #14215, .T.);
#14219 = ORIENTED_EDGE('', *, *, #14216, .T.);
#14220 = ORIENTED_EDGE('', *, *, #14217, .T.);
#14221 = ORIENTED_EDGE('', *, *, #14218, .T.);
#14222 = EDGE_LOOP('', (#14219, #14220, #14221));
#14223 = FACE_BOUND('', #14222, .T.);

/* ==== Hole 836 (row 27, col 25) CW ==== */
#14224 = CARTESIAN_POINT('', (80.000, 86.000, 0.0));
#14225 = CARTESIAN_POINT('', (80.000, 89.000, 0.0));
#14226 = CARTESIAN_POINT('', (83.000, 87.500, 0.0));
#14227 = VERTEX_POINT('', #14224);
#14228 = VERTEX_POINT('', #14225);
#14229 = VERTEX_POINT('', #14226);
#14230 = LINE('', #14224, #6);
#14231 = LINE('', #14225, #6);
#14232 = LINE('', #14226, #6);
#14233 = EDGE_CURVE('', #14227, #14228, #14230, .T.);
#14234 = EDGE_CURVE('', #14228, #14229, #14231, .T.);
#14235 = EDGE_CURVE('', #14229, #14227, #14232, .T.);
#14236 = ORIENTED_EDGE('', *, *, #14233, .T.);
#14237 = ORIENTED_EDGE('', *, *, #14234, .T.);
#14238 = ORIENTED_EDGE('', *, *, #14235, .T.);
#14239 = EDGE_LOOP('', (#14236, #14237, #14238));
#14240 = FACE_BOUND('', #14239, .T.);

/* ==== Hole 837 (row 27, col 26) CW ==== */
#14241 = CARTESIAN_POINT('', (83.000, 86.000, 0.0));
#14242 = CARTESIAN_POINT('', (83.000, 89.000, 0.0));
#14243 = CARTESIAN_POINT('', (86.000, 87.500, 0.0));
#14244 = VERTEX_POINT('', #14241);
#14245 = VERTEX_POINT('', #14242);
#14246 = VERTEX_POINT('', #14243);
#14247 = LINE('', #14241, #6);
#14248 = LINE('', #14242, #6);
#14249 = LINE('', #14243, #6);
#14250 = EDGE_CURVE('', #14244, #14245, #14247, .T.);
#14251 = EDGE_CURVE('', #14245, #14246, #14248, .T.);
#14252 = EDGE_CURVE('', #14246, #14244, #14249, .T.);
#14253 = ORIENTED_EDGE('', *, *, #14250, .T.);
#14254 = ORIENTED_EDGE('', *, *, #14251, .T.);
#14255 = ORIENTED_EDGE('', *, *, #14252, .T.);
#14256 = EDGE_LOOP('', (#14253, #14254, #14255));
#14257 = FACE_BOUND('', #14256, .T.);

/* ==== Hole 838 (row 27, col 27) CW ==== */
#14258 = CARTESIAN_POINT('', (86.000, 86.000, 0.0));
#14259 = CARTESIAN_POINT('', (86.000, 89.000, 0.0));
#14260 = CARTESIAN_POINT('', (89.000, 87.500, 0.0));
#14261 = VERTEX_POINT('', #14258);
#14262 = VERTEX_POINT('', #14259);
#14263 = VERTEX_POINT('', #14260);
#14264 = LINE('', #14258, #6);
#14265 = LINE('', #14259, #6);
#14266 = LINE('', #14260, #6);
#14267 = EDGE_CURVE('', #14261, #14262, #14264, .T.);
#14268 = EDGE_CURVE('', #14262, #14263, #14265, .T.);
#14269 = EDGE_CURVE('', #14263, #14261, #14266, .T.);
#14270 = ORIENTED_EDGE('', *, *, #14267, .T.);
#14271 = ORIENTED_EDGE('', *, *, #14268, .T.);
#14272 = ORIENTED_EDGE('', *, *, #14269, .T.);
#14273 = EDGE_LOOP('', (#14270, #14271, #14272));
#14274 = FACE_BOUND('', #14273, .T.);

/* ==== Hole 839 (row 27, col 28) CW ==== */
#14275 = CARTESIAN_POINT('', (89.000, 86.000, 0.0));
#14276 = CARTESIAN_POINT('', (89.000, 89.000, 0.0));
#14277 = CARTESIAN_POINT('', (92.000, 87.500, 0.0));
#14278 = VERTEX_POINT('', #14275);
#14279 = VERTEX_POINT('', #14276);
#14280 = VERTEX_POINT('', #14277);
#14281 = LINE('', #14275, #6);
#14282 = LINE('', #14276, #6);
#14283 = LINE('', #14277, #6);
#14284 = EDGE_CURVE('', #14278, #14279, #14281, .T.);
#14285 = EDGE_CURVE('', #14279, #14280, #14282, .T.);
#14286 = EDGE_CURVE('', #14280, #14278, #14283, .T.);
#14287 = ORIENTED_EDGE('', *, *, #14284, .T.);
#14288 = ORIENTED_EDGE('', *, *, #14285, .T.);
#14289 = ORIENTED_EDGE('', *, *, #14286, .T.);
#14290 = EDGE_LOOP('', (#14287, #14288, #14289));
#14291 = FACE_BOUND('', #14290, .T.);

/* ==== Hole 840 (row 27, col 29) CW ==== */
#14292 = CARTESIAN_POINT('', (92.000, 86.000, 0.0));
#14293 = CARTESIAN_POINT('', (92.000, 89.000, 0.0));
#14294 = CARTESIAN_POINT('', (95.000, 87.500, 0.0));
#14295 = VERTEX_POINT('', #14292);
#14296 = VERTEX_POINT('', #14293);
#14297 = VERTEX_POINT('', #14294);
#14298 = LINE('', #14292, #6);
#14299 = LINE('', #14293, #6);
#14300 = LINE('', #14294, #6);
#14301 = EDGE_CURVE('', #14295, #14296, #14298, .T.);
#14302 = EDGE_CURVE('', #14296, #14297, #14299, .T.);
#14303 = EDGE_CURVE('', #14297, #14295, #14300, .T.);
#14304 = ORIENTED_EDGE('', *, *, #14301, .T.);
#14305 = ORIENTED_EDGE('', *, *, #14302, .T.);
#14306 = ORIENTED_EDGE('', *, *, #14303, .T.);
#14307 = EDGE_LOOP('', (#14304, #14305, #14306));
#14308 = FACE_BOUND('', #14307, .T.);

/* ==== Hole 841 (row 28, col 0) CW ==== */
#14309 = CARTESIAN_POINT('', (5.000, 89.000, 0.0));
#14310 = CARTESIAN_POINT('', (5.000, 92.000, 0.0));
#14311 = CARTESIAN_POINT('', (8.000, 90.500, 0.0));
#14312 = VERTEX_POINT('', #14309);
#14313 = VERTEX_POINT('', #14310);
#14314 = VERTEX_POINT('', #14311);
#14315 = LINE('', #14309, #6);
#14316 = LINE('', #14310, #6);
#14317 = LINE('', #14311, #6);
#14318 = EDGE_CURVE('', #14312, #14313, #14315, .T.);
#14319 = EDGE_CURVE('', #14313, #14314, #14316, .T.);
#14320 = EDGE_CURVE('', #14314, #14312, #14317, .T.);
#14321 = ORIENTED_EDGE('', *, *, #14318, .T.);
#14322 = ORIENTED_EDGE('', *, *, #14319, .T.);
#14323 = ORIENTED_EDGE('', *, *, #14320, .T.);
#14324 = EDGE_LOOP('', (#14321, #14322, #14323));
#14325 = FACE_BOUND('', #14324, .T.);

/* ==== Hole 842 (row 28, col 1) CW ==== */
#14326 = CARTESIAN_POINT('', (8.000, 89.000, 0.0));
#14327 = CARTESIAN_POINT('', (8.000, 92.000, 0.0));
#14328 = CARTESIAN_POINT('', (11.000, 90.500, 0.0));
#14329 = VERTEX_POINT('', #14326);
#14330 = VERTEX_POINT('', #14327);
#14331 = VERTEX_POINT('', #14328);
#14332 = LINE('', #14326, #6);
#14333 = LINE('', #14327, #6);
#14334 = LINE('', #14328, #6);
#14335 = EDGE_CURVE('', #14329, #14330, #14332, .T.);
#14336 = EDGE_CURVE('', #14330, #14331, #14333, .T.);
#14337 = EDGE_CURVE('', #14331, #14329, #14334, .T.);
#14338 = ORIENTED_EDGE('', *, *, #14335, .T.);
#14339 = ORIENTED_EDGE('', *, *, #14336, .T.);
#14340 = ORIENTED_EDGE('', *, *, #14337, .T.);
#14341 = EDGE_LOOP('', (#14338, #14339, #14340));
#14342 = FACE_BOUND('', #14341, .T.);

/* ==== Hole 843 (row 28, col 2) CW ==== */
#14343 = CARTESIAN_POINT('', (11.000, 89.000, 0.0));
#14344 = CARTESIAN_POINT('', (11.000, 92.000, 0.0));
#14345 = CARTESIAN_POINT('', (14.000, 90.500, 0.0));
#14346 = VERTEX_POINT('', #14343);
#14347 = VERTEX_POINT('', #14344);
#14348 = VERTEX_POINT('', #14345);
#14349 = LINE('', #14343, #6);
#14350 = LINE('', #14344, #6);
#14351 = LINE('', #14345, #6);
#14352 = EDGE_CURVE('', #14346, #14347, #14349, .T.);
#14353 = EDGE_CURVE('', #14347, #14348, #14350, .T.);
#14354 = EDGE_CURVE('', #14348, #14346, #14351, .T.);
#14355 = ORIENTED_EDGE('', *, *, #14352, .T.);
#14356 = ORIENTED_EDGE('', *, *, #14353, .T.);
#14357 = ORIENTED_EDGE('', *, *, #14354, .T.);
#14358 = EDGE_LOOP('', (#14355, #14356, #14357));
#14359 = FACE_BOUND('', #14358, .T.);

/* ==== Hole 844 (row 28, col 3) CW ==== */
#14360 = CARTESIAN_POINT('', (14.000, 89.000, 0.0));
#14361 = CARTESIAN_POINT('', (14.000, 92.000, 0.0));
#14362 = CARTESIAN_POINT('', (17.000, 90.500, 0.0));
#14363 = VERTEX_POINT('', #14360);
#14364 = VERTEX_POINT('', #14361);
#14365 = VERTEX_POINT('', #14362);
#14366 = LINE('', #14360, #6);
#14367 = LINE('', #14361, #6);
#14368 = LINE('', #14362, #6);
#14369 = EDGE_CURVE('', #14363, #14364, #14366, .T.);
#14370 = EDGE_CURVE('', #14364, #14365, #14367, .T.);
#14371 = EDGE_CURVE('', #14365, #14363, #14368, .T.);
#14372 = ORIENTED_EDGE('', *, *, #14369, .T.);
#14373 = ORIENTED_EDGE('', *, *, #14370, .T.);
#14374 = ORIENTED_EDGE('', *, *, #14371, .T.);
#14375 = EDGE_LOOP('', (#14372, #14373, #14374));
#14376 = FACE_BOUND('', #14375, .T.);

/* ==== Hole 845 (row 28, col 4) CW ==== */
#14377 = CARTESIAN_POINT('', (17.000, 89.000, 0.0));
#14378 = CARTESIAN_POINT('', (17.000, 92.000, 0.0));
#14379 = CARTESIAN_POINT('', (20.000, 90.500, 0.0));
#14380 = VERTEX_POINT('', #14377);
#14381 = VERTEX_POINT('', #14378);
#14382 = VERTEX_POINT('', #14379);
#14383 = LINE('', #14377, #6);
#14384 = LINE('', #14378, #6);
#14385 = LINE('', #14379, #6);
#14386 = EDGE_CURVE('', #14380, #14381, #14383, .T.);
#14387 = EDGE_CURVE('', #14381, #14382, #14384, .T.);
#14388 = EDGE_CURVE('', #14382, #14380, #14385, .T.);
#14389 = ORIENTED_EDGE('', *, *, #14386, .T.);
#14390 = ORIENTED_EDGE('', *, *, #14387, .T.);
#14391 = ORIENTED_EDGE('', *, *, #14388, .T.);
#14392 = EDGE_LOOP('', (#14389, #14390, #14391));
#14393 = FACE_BOUND('', #14392, .T.);

/* ==== Hole 846 (row 28, col 5) CW ==== */
#14394 = CARTESIAN_POINT('', (20.000, 89.000, 0.0));
#14395 = CARTESIAN_POINT('', (20.000, 92.000, 0.0));
#14396 = CARTESIAN_POINT('', (23.000, 90.500, 0.0));
#14397 = VERTEX_POINT('', #14394);
#14398 = VERTEX_POINT('', #14395);
#14399 = VERTEX_POINT('', #14396);
#14400 = LINE('', #14394, #6);
#14401 = LINE('', #14395, #6);
#14402 = LINE('', #14396, #6);
#14403 = EDGE_CURVE('', #14397, #14398, #14400, .T.);
#14404 = EDGE_CURVE('', #14398, #14399, #14401, .T.);
#14405 = EDGE_CURVE('', #14399, #14397, #14402, .T.);
#14406 = ORIENTED_EDGE('', *, *, #14403, .T.);
#14407 = ORIENTED_EDGE('', *, *, #14404, .T.);
#14408 = ORIENTED_EDGE('', *, *, #14405, .T.);
#14409 = EDGE_LOOP('', (#14406, #14407, #14408));
#14410 = FACE_BOUND('', #14409, .T.);

/* ==== Hole 847 (row 28, col 6) CW ==== */
#14411 = CARTESIAN_POINT('', (23.000, 89.000, 0.0));
#14412 = CARTESIAN_POINT('', (23.000, 92.000, 0.0));
#14413 = CARTESIAN_POINT('', (26.000, 90.500, 0.0));
#14414 = VERTEX_POINT('', #14411);
#14415 = VERTEX_POINT('', #14412);
#14416 = VERTEX_POINT('', #14413);
#14417 = LINE('', #14411, #6);
#14418 = LINE('', #14412, #6);
#14419 = LINE('', #14413, #6);
#14420 = EDGE_CURVE('', #14414, #14415, #14417, .T.);
#14421 = EDGE_CURVE('', #14415, #14416, #14418, .T.);
#14422 = EDGE_CURVE('', #14416, #14414, #14419, .T.);
#14423 = ORIENTED_EDGE('', *, *, #14420, .T.);
#14424 = ORIENTED_EDGE('', *, *, #14421, .T.);
#14425 = ORIENTED_EDGE('', *, *, #14422, .T.);
#14426 = EDGE_LOOP('', (#14423, #14424, #14425));
#14427 = FACE_BOUND('', #14426, .T.);

/* ==== Hole 848 (row 28, col 7) CW ==== */
#14428 = CARTESIAN_POINT('', (26.000, 89.000, 0.0));
#14429 = CARTESIAN_POINT('', (26.000, 92.000, 0.0));
#14430 = CARTESIAN_POINT('', (29.000, 90.500, 0.0));
#14431 = VERTEX_POINT('', #14428);
#14432 = VERTEX_POINT('', #14429);
#14433 = VERTEX_POINT('', #14430);
#14434 = LINE('', #14428, #6);
#14435 = LINE('', #14429, #6);
#14436 = LINE('', #14430, #6);
#14437 = EDGE_CURVE('', #14431, #14432, #14434, .T.);
#14438 = EDGE_CURVE('', #14432, #14433, #14435, .T.);
#14439 = EDGE_CURVE('', #14433, #14431, #14436, .T.);
#14440 = ORIENTED_EDGE('', *, *, #14437, .T.);
#14441 = ORIENTED_EDGE('', *, *, #14438, .T.);
#14442 = ORIENTED_EDGE('', *, *, #14439, .T.);
#14443 = EDGE_LOOP('', (#14440, #14441, #14442));
#14444 = FACE_BOUND('', #14443, .T.);

/* ==== Hole 849 (row 28, col 8) CW ==== */
#14445 = CARTESIAN_POINT('', (29.000, 89.000, 0.0));
#14446 = CARTESIAN_POINT('', (29.000, 92.000, 0.0));
#14447 = CARTESIAN_POINT('', (32.000, 90.500, 0.0));
#14448 = VERTEX_POINT('', #14445);
#14449 = VERTEX_POINT('', #14446);
#14450 = VERTEX_POINT('', #14447);
#14451 = LINE('', #14445, #6);
#14452 = LINE('', #14446, #6);
#14453 = LINE('', #14447, #6);
#14454 = EDGE_CURVE('', #14448, #14449, #14451, .T.);
#14455 = EDGE_CURVE('', #14449, #14450, #14452, .T.);
#14456 = EDGE_CURVE('', #14450, #14448, #14453, .T.);
#14457 = ORIENTED_EDGE('', *, *, #14454, .T.);
#14458 = ORIENTED_EDGE('', *, *, #14455, .T.);
#14459 = ORIENTED_EDGE('', *, *, #14456, .T.);
#14460 = EDGE_LOOP('', (#14457, #14458, #14459));
#14461 = FACE_BOUND('', #14460, .T.);

/* ==== Hole 850 (row 28, col 9) CW ==== */
#14462 = CARTESIAN_POINT('', (32.000, 89.000, 0.0));
#14463 = CARTESIAN_POINT('', (32.000, 92.000, 0.0));
#14464 = CARTESIAN_POINT('', (35.000, 90.500, 0.0));
#14465 = VERTEX_POINT('', #14462);
#14466 = VERTEX_POINT('', #14463);
#14467 = VERTEX_POINT('', #14464);
#14468 = LINE('', #14462, #6);
#14469 = LINE('', #14463, #6);
#14470 = LINE('', #14464, #6);
#14471 = EDGE_CURVE('', #14465, #14466, #14468, .T.);
#14472 = EDGE_CURVE('', #14466, #14467, #14469, .T.);
#14473 = EDGE_CURVE('', #14467, #14465, #14470, .T.);
#14474 = ORIENTED_EDGE('', *, *, #14471, .T.);
#14475 = ORIENTED_EDGE('', *, *, #14472, .T.);
#14476 = ORIENTED_EDGE('', *, *, #14473, .T.);
#14477 = EDGE_LOOP('', (#14474, #14475, #14476));
#14478 = FACE_BOUND('', #14477, .T.);

/* ==== Hole 851 (row 28, col 10) CW ==== */
#14479 = CARTESIAN_POINT('', (35.000, 89.000, 0.0));
#14480 = CARTESIAN_POINT('', (35.000, 92.000, 0.0));
#14481 = CARTESIAN_POINT('', (38.000, 90.500, 0.0));
#14482 = VERTEX_POINT('', #14479);
#14483 = VERTEX_POINT('', #14480);
#14484 = VERTEX_POINT('', #14481);
#14485 = LINE('', #14479, #6);
#14486 = LINE('', #14480, #6);
#14487 = LINE('', #14481, #6);
#14488 = EDGE_CURVE('', #14482, #14483, #14485, .T.);
#14489 = EDGE_CURVE('', #14483, #14484, #14486, .T.);
#14490 = EDGE_CURVE('', #14484, #14482, #14487, .T.);
#14491 = ORIENTED_EDGE('', *, *, #14488, .T.);
#14492 = ORIENTED_EDGE('', *, *, #14489, .T.);
#14493 = ORIENTED_EDGE('', *, *, #14490, .T.);
#14494 = EDGE_LOOP('', (#14491, #14492, #14493));
#14495 = FACE_BOUND('', #14494, .T.);

/* ==== Hole 852 (row 28, col 11) CW ==== */
#14496 = CARTESIAN_POINT('', (38.000, 89.000, 0.0));
#14497 = CARTESIAN_POINT('', (38.000, 92.000, 0.0));
#14498 = CARTESIAN_POINT('', (41.000, 90.500, 0.0));
#14499 = VERTEX_POINT('', #14496);
#14500 = VERTEX_POINT('', #14497);
#14501 = VERTEX_POINT('', #14498);
#14502 = LINE('', #14496, #6);
#14503 = LINE('', #14497, #6);
#14504 = LINE('', #14498, #6);
#14505 = EDGE_CURVE('', #14499, #14500, #14502, .T.);
#14506 = EDGE_CURVE('', #14500, #14501, #14503, .T.);
#14507 = EDGE_CURVE('', #14501, #14499, #14504, .T.);
#14508 = ORIENTED_EDGE('', *, *, #14505, .T.);
#14509 = ORIENTED_EDGE('', *, *, #14506, .T.);
#14510 = ORIENTED_EDGE('', *, *, #14507, .T.);
#14511 = EDGE_LOOP('', (#14508, #14509, #14510));
#14512 = FACE_BOUND('', #14511, .T.);

/* ==== Hole 853 (row 28, col 12) CW ==== */
#14513 = CARTESIAN_POINT('', (41.000, 89.000, 0.0));
#14514 = CARTESIAN_POINT('', (41.000, 92.000, 0.0));
#14515 = CARTESIAN_POINT('', (44.000, 90.500, 0.0));
#14516 = VERTEX_POINT('', #14513);
#14517 = VERTEX_POINT('', #14514);
#14518 = VERTEX_POINT('', #14515);
#14519 = LINE('', #14513, #6);
#14520 = LINE('', #14514, #6);
#14521 = LINE('', #14515, #6);
#14522 = EDGE_CURVE('', #14516, #14517, #14519, .T.);
#14523 = EDGE_CURVE('', #14517, #14518, #14520, .T.);
#14524 = EDGE_CURVE('', #14518, #14516, #14521, .T.);
#14525 = ORIENTED_EDGE('', *, *, #14522, .T.);
#14526 = ORIENTED_EDGE('', *, *, #14523, .T.);
#14527 = ORIENTED_EDGE('', *, *, #14524, .T.);
#14528 = EDGE_LOOP('', (#14525, #14526, #14527));
#14529 = FACE_BOUND('', #14528, .T.);

/* ==== Hole 854 (row 28, col 13) CW ==== */
#14530 = CARTESIAN_POINT('', (44.000, 89.000, 0.0));
#14531 = CARTESIAN_POINT('', (44.000, 92.000, 0.0));
#14532 = CARTESIAN_POINT('', (47.000, 90.500, 0.0));
#14533 = VERTEX_POINT('', #14530);
#14534 = VERTEX_POINT('', #14531);
#14535 = VERTEX_POINT('', #14532);
#14536 = LINE('', #14530, #6);
#14537 = LINE('', #14531, #6);
#14538 = LINE('', #14532, #6);
#14539 = EDGE_CURVE('', #14533, #14534, #14536, .T.);
#14540 = EDGE_CURVE('', #14534, #14535, #14537, .T.);
#14541 = EDGE_CURVE('', #14535, #14533, #14538, .T.);
#14542 = ORIENTED_EDGE('', *, *, #14539, .T.);
#14543 = ORIENTED_EDGE('', *, *, #14540, .T.);
#14544 = ORIENTED_EDGE('', *, *, #14541, .T.);
#14545 = EDGE_LOOP('', (#14542, #14543, #14544));
#14546 = FACE_BOUND('', #14545, .T.);

/* ==== Hole 855 (row 28, col 14) CW ==== */
#14547 = CARTESIAN_POINT('', (47.000, 89.000, 0.0));
#14548 = CARTESIAN_POINT('', (47.000, 92.000, 0.0));
#14549 = CARTESIAN_POINT('', (50.000, 90.500, 0.0));
#14550 = VERTEX_POINT('', #14547);
#14551 = VERTEX_POINT('', #14548);
#14552 = VERTEX_POINT('', #14549);
#14553 = LINE('', #14547, #6);
#14554 = LINE('', #14548, #6);
#14555 = LINE('', #14549, #6);
#14556 = EDGE_CURVE('', #14550, #14551, #14553, .T.);
#14557 = EDGE_CURVE('', #14551, #14552, #14554, .T.);
#14558 = EDGE_CURVE('', #14552, #14550, #14555, .T.);
#14559 = ORIENTED_EDGE('', *, *, #14556, .T.);
#14560 = ORIENTED_EDGE('', *, *, #14557, .T.);
#14561 = ORIENTED_EDGE('', *, *, #14558, .T.);
#14562 = EDGE_LOOP('', (#14559, #14560, #14561));
#14563 = FACE_BOUND('', #14562, .T.);

/* ==== Hole 856 (row 28, col 15) CW ==== */
#14564 = CARTESIAN_POINT('', (50.000, 89.000, 0.0));
#14565 = CARTESIAN_POINT('', (50.000, 92.000, 0.0));
#14566 = CARTESIAN_POINT('', (53.000, 90.500, 0.0));
#14567 = VERTEX_POINT('', #14564);
#14568 = VERTEX_POINT('', #14565);
#14569 = VERTEX_POINT('', #14566);
#14570 = LINE('', #14564, #6);
#14571 = LINE('', #14565, #6);
#14572 = LINE('', #14566, #6);
#14573 = EDGE_CURVE('', #14567, #14568, #14570, .T.);
#14574 = EDGE_CURVE('', #14568, #14569, #14571, .T.);
#14575 = EDGE_CURVE('', #14569, #14567, #14572, .T.);
#14576 = ORIENTED_EDGE('', *, *, #14573, .T.);
#14577 = ORIENTED_EDGE('', *, *, #14574, .T.);
#14578 = ORIENTED_EDGE('', *, *, #14575, .T.);
#14579 = EDGE_LOOP('', (#14576, #14577, #14578));
#14580 = FACE_BOUND('', #14579, .T.);

/* ==== Hole 857 (row 28, col 16) CW ==== */
#14581 = CARTESIAN_POINT('', (53.000, 89.000, 0.0));
#14582 = CARTESIAN_POINT('', (53.000, 92.000, 0.0));
#14583 = CARTESIAN_POINT('', (56.000, 90.500, 0.0));
#14584 = VERTEX_POINT('', #14581);
#14585 = VERTEX_POINT('', #14582);
#14586 = VERTEX_POINT('', #14583);
#14587 = LINE('', #14581, #6);
#14588 = LINE('', #14582, #6);
#14589 = LINE('', #14583, #6);
#14590 = EDGE_CURVE('', #14584, #14585, #14587, .T.);
#14591 = EDGE_CURVE('', #14585, #14586, #14588, .T.);
#14592 = EDGE_CURVE('', #14586, #14584, #14589, .T.);
#14593 = ORIENTED_EDGE('', *, *, #14590, .T.);
#14594 = ORIENTED_EDGE('', *, *, #14591, .T.);
#14595 = ORIENTED_EDGE('', *, *, #14592, .T.);
#14596 = EDGE_LOOP('', (#14593, #14594, #14595));
#14597 = FACE_BOUND('', #14596, .T.);

/* ==== Hole 858 (row 28, col 17) CW ==== */
#14598 = CARTESIAN_POINT('', (56.000, 89.000, 0.0));
#14599 = CARTESIAN_POINT('', (56.000, 92.000, 0.0));
#14600 = CARTESIAN_POINT('', (59.000, 90.500, 0.0));
#14601 = VERTEX_POINT('', #14598);
#14602 = VERTEX_POINT('', #14599);
#14603 = VERTEX_POINT('', #14600);
#14604 = LINE('', #14598, #6);
#14605 = LINE('', #14599, #6);
#14606 = LINE('', #14600, #6);
#14607 = EDGE_CURVE('', #14601, #14602, #14604, .T.);
#14608 = EDGE_CURVE('', #14602, #14603, #14605, .T.);
#14609 = EDGE_CURVE('', #14603, #14601, #14606, .T.);
#14610 = ORIENTED_EDGE('', *, *, #14607, .T.);
#14611 = ORIENTED_EDGE('', *, *, #14608, .T.);
#14612 = ORIENTED_EDGE('', *, *, #14609, .T.);
#14613 = EDGE_LOOP('', (#14610, #14611, #14612));
#14614 = FACE_BOUND('', #14613, .T.);

/* ==== Hole 859 (row 28, col 18) CW ==== */
#14615 = CARTESIAN_POINT('', (59.000, 89.000, 0.0));
#14616 = CARTESIAN_POINT('', (59.000, 92.000, 0.0));
#14617 = CARTESIAN_POINT('', (62.000, 90.500, 0.0));
#14618 = VERTEX_POINT('', #14615);
#14619 = VERTEX_POINT('', #14616);
#14620 = VERTEX_POINT('', #14617);
#14621 = LINE('', #14615, #6);
#14622 = LINE('', #14616, #6);
#14623 = LINE('', #14617, #6);
#14624 = EDGE_CURVE('', #14618, #14619, #14621, .T.);
#14625 = EDGE_CURVE('', #14619, #14620, #14622, .T.);
#14626 = EDGE_CURVE('', #14620, #14618, #14623, .T.);
#14627 = ORIENTED_EDGE('', *, *, #14624, .T.);
#14628 = ORIENTED_EDGE('', *, *, #14625, .T.);
#14629 = ORIENTED_EDGE('', *, *, #14626, .T.);
#14630 = EDGE_LOOP('', (#14627, #14628, #14629));
#14631 = FACE_BOUND('', #14630, .T.);

/* ==== Hole 860 (row 28, col 19) CW ==== */
#14632 = CARTESIAN_POINT('', (62.000, 89.000, 0.0));
#14633 = CARTESIAN_POINT('', (62.000, 92.000, 0.0));
#14634 = CARTESIAN_POINT('', (65.000, 90.500, 0.0));
#14635 = VERTEX_POINT('', #14632);
#14636 = VERTEX_POINT('', #14633);
#14637 = VERTEX_POINT('', #14634);
#14638 = LINE('', #14632, #6);
#14639 = LINE('', #14633, #6);
#14640 = LINE('', #14634, #6);
#14641 = EDGE_CURVE('', #14635, #14636, #14638, .T.);
#14642 = EDGE_CURVE('', #14636, #14637, #14639, .T.);
#14643 = EDGE_CURVE('', #14637, #14635, #14640, .T.);
#14644 = ORIENTED_EDGE('', *, *, #14641, .T.);
#14645 = ORIENTED_EDGE('', *, *, #14642, .T.);
#14646 = ORIENTED_EDGE('', *, *, #14643, .T.);
#14647 = EDGE_LOOP('', (#14644, #14645, #14646));
#14648 = FACE_BOUND('', #14647, .T.);

/* ==== Hole 861 (row 28, col 20) CW ==== */
#14649 = CARTESIAN_POINT('', (65.000, 89.000, 0.0));
#14650 = CARTESIAN_POINT('', (65.000, 92.000, 0.0));
#14651 = CARTESIAN_POINT('', (68.000, 90.500, 0.0));
#14652 = VERTEX_POINT('', #14649);
#14653 = VERTEX_POINT('', #14650);
#14654 = VERTEX_POINT('', #14651);
#14655 = LINE('', #14649, #6);
#14656 = LINE('', #14650, #6);
#14657 = LINE('', #14651, #6);
#14658 = EDGE_CURVE('', #14652, #14653, #14655, .T.);
#14659 = EDGE_CURVE('', #14653, #14654, #14656, .T.);
#14660 = EDGE_CURVE('', #14654, #14652, #14657, .T.);
#14661 = ORIENTED_EDGE('', *, *, #14658, .T.);
#14662 = ORIENTED_EDGE('', *, *, #14659, .T.);
#14663 = ORIENTED_EDGE('', *, *, #14660, .T.);
#14664 = EDGE_LOOP('', (#14661, #14662, #14663));
#14665 = FACE_BOUND('', #14664, .T.);

/* ==== Hole 862 (row 28, col 21) CW ==== */
#14666 = CARTESIAN_POINT('', (68.000, 89.000, 0.0));
#14667 = CARTESIAN_POINT('', (68.000, 92.000, 0.0));
#14668 = CARTESIAN_POINT('', (71.000, 90.500, 0.0));
#14669 = VERTEX_POINT('', #14666);
#14670 = VERTEX_POINT('', #14667);
#14671 = VERTEX_POINT('', #14668);
#14672 = LINE('', #14666, #6);
#14673 = LINE('', #14667, #6);
#14674 = LINE('', #14668, #6);
#14675 = EDGE_CURVE('', #14669, #14670, #14672, .T.);
#14676 = EDGE_CURVE('', #14670, #14671, #14673, .T.);
#14677 = EDGE_CURVE('', #14671, #14669, #14674, .T.);
#14678 = ORIENTED_EDGE('', *, *, #14675, .T.);
#14679 = ORIENTED_EDGE('', *, *, #14676, .T.);
#14680 = ORIENTED_EDGE('', *, *, #14677, .T.);
#14681 = EDGE_LOOP('', (#14678, #14679, #14680));
#14682 = FACE_BOUND('', #14681, .T.);

/* ==== Hole 863 (row 28, col 22) CW ==== */
#14683 = CARTESIAN_POINT('', (71.000, 89.000, 0.0));
#14684 = CARTESIAN_POINT('', (71.000, 92.000, 0.0));
#14685 = CARTESIAN_POINT('', (74.000, 90.500, 0.0));
#14686 = VERTEX_POINT('', #14683);
#14687 = VERTEX_POINT('', #14684);
#14688 = VERTEX_POINT('', #14685);
#14689 = LINE('', #14683, #6);
#14690 = LINE('', #14684, #6);
#14691 = LINE('', #14685, #6);
#14692 = EDGE_CURVE('', #14686, #14687, #14689, .T.);
#14693 = EDGE_CURVE('', #14687, #14688, #14690, .T.);
#14694 = EDGE_CURVE('', #14688, #14686, #14691, .T.);
#14695 = ORIENTED_EDGE('', *, *, #14692, .T.);
#14696 = ORIENTED_EDGE('', *, *, #14693, .T.);
#14697 = ORIENTED_EDGE('', *, *, #14694, .T.);
#14698 = EDGE_LOOP('', (#14695, #14696, #14697));
#14699 = FACE_BOUND('', #14698, .T.);

/* ==== Hole 864 (row 28, col 23) CW ==== */
#14700 = CARTESIAN_POINT('', (74.000, 89.000, 0.0));
#14701 = CARTESIAN_POINT('', (74.000, 92.000, 0.0));
#14702 = CARTESIAN_POINT('', (77.000, 90.500, 0.0));
#14703 = VERTEX_POINT('', #14700);
#14704 = VERTEX_POINT('', #14701);
#14705 = VERTEX_POINT('', #14702);
#14706 = LINE('', #14700, #6);
#14707 = LINE('', #14701, #6);
#14708 = LINE('', #14702, #6);
#14709 = EDGE_CURVE('', #14703, #14704, #14706, .T.);
#14710 = EDGE_CURVE('', #14704, #14705, #14707, .T.);
#14711 = EDGE_CURVE('', #14705, #14703, #14708, .T.);
#14712 = ORIENTED_EDGE('', *, *, #14709, .T.);
#14713 = ORIENTED_EDGE('', *, *, #14710, .T.);
#14714 = ORIENTED_EDGE('', *, *, #14711, .T.);
#14715 = EDGE_LOOP('', (#14712, #14713, #14714));
#14716 = FACE_BOUND('', #14715, .T.);

/* ==== Hole 865 (row 28, col 24) CW ==== */
#14717 = CARTESIAN_POINT('', (77.000, 89.000, 0.0));
#14718 = CARTESIAN_POINT('', (77.000, 92.000, 0.0));
#14719 = CARTESIAN_POINT('', (80.000, 90.500, 0.0));
#14720 = VERTEX_POINT('', #14717);
#14721 = VERTEX_POINT('', #14718);
#14722 = VERTEX_POINT('', #14719);
#14723 = LINE('', #14717, #6);
#14724 = LINE('', #14718, #6);
#14725 = LINE('', #14719, #6);
#14726 = EDGE_CURVE('', #14720, #14721, #14723, .T.);
#14727 = EDGE_CURVE('', #14721, #14722, #14724, .T.);
#14728 = EDGE_CURVE('', #14722, #14720, #14725, .T.);
#14729 = ORIENTED_EDGE('', *, *, #14726, .T.);
#14730 = ORIENTED_EDGE('', *, *, #14727, .T.);
#14731 = ORIENTED_EDGE('', *, *, #14728, .T.);
#14732 = EDGE_LOOP('', (#14729, #14730, #14731));
#14733 = FACE_BOUND('', #14732, .T.);

/* ==== Hole 866 (row 28, col 25) CW ==== */
#14734 = CARTESIAN_POINT('', (80.000, 89.000, 0.0));
#14735 = CARTESIAN_POINT('', (80.000, 92.000, 0.0));
#14736 = CARTESIAN_POINT('', (83.000, 90.500, 0.0));
#14737 = VERTEX_POINT('', #14734);
#14738 = VERTEX_POINT('', #14735);
#14739 = VERTEX_POINT('', #14736);
#14740 = LINE('', #14734, #6);
#14741 = LINE('', #14735, #6);
#14742 = LINE('', #14736, #6);
#14743 = EDGE_CURVE('', #14737, #14738, #14740, .T.);
#14744 = EDGE_CURVE('', #14738, #14739, #14741, .T.);
#14745 = EDGE_CURVE('', #14739, #14737, #14742, .T.);
#14746 = ORIENTED_EDGE('', *, *, #14743, .T.);
#14747 = ORIENTED_EDGE('', *, *, #14744, .T.);
#14748 = ORIENTED_EDGE('', *, *, #14745, .T.);
#14749 = EDGE_LOOP('', (#14746, #14747, #14748));
#14750 = FACE_BOUND('', #14749, .T.);

/* ==== Hole 867 (row 28, col 26) CW ==== */
#14751 = CARTESIAN_POINT('', (83.000, 89.000, 0.0));
#14752 = CARTESIAN_POINT('', (83.000, 92.000, 0.0));
#14753 = CARTESIAN_POINT('', (86.000, 90.500, 0.0));
#14754 = VERTEX_POINT('', #14751);
#14755 = VERTEX_POINT('', #14752);
#14756 = VERTEX_POINT('', #14753);
#14757 = LINE('', #14751, #6);
#14758 = LINE('', #14752, #6);
#14759 = LINE('', #14753, #6);
#14760 = EDGE_CURVE('', #14754, #14755, #14757, .T.);
#14761 = EDGE_CURVE('', #14755, #14756, #14758, .T.);
#14762 = EDGE_CURVE('', #14756, #14754, #14759, .T.);
#14763 = ORIENTED_EDGE('', *, *, #14760, .T.);
#14764 = ORIENTED_EDGE('', *, *, #14761, .T.);
#14765 = ORIENTED_EDGE('', *, *, #14762, .T.);
#14766 = EDGE_LOOP('', (#14763, #14764, #14765));
#14767 = FACE_BOUND('', #14766, .T.);

/* ==== Hole 868 (row 28, col 27) CW ==== */
#14768 = CARTESIAN_POINT('', (86.000, 89.000, 0.0));
#14769 = CARTESIAN_POINT('', (86.000, 92.000, 0.0));
#14770 = CARTESIAN_POINT('', (89.000, 90.500, 0.0));
#14771 = VERTEX_POINT('', #14768);
#14772 = VERTEX_POINT('', #14769);
#14773 = VERTEX_POINT('', #14770);
#14774 = LINE('', #14768, #6);
#14775 = LINE('', #14769, #6);
#14776 = LINE('', #14770, #6);
#14777 = EDGE_CURVE('', #14771, #14772, #14774, .T.);
#14778 = EDGE_CURVE('', #14772, #14773, #14775, .T.);
#14779 = EDGE_CURVE('', #14773, #14771, #14776, .T.);
#14780 = ORIENTED_EDGE('', *, *, #14777, .T.);
#14781 = ORIENTED_EDGE('', *, *, #14778, .T.);
#14782 = ORIENTED_EDGE('', *, *, #14779, .T.);
#14783 = EDGE_LOOP('', (#14780, #14781, #14782));
#14784 = FACE_BOUND('', #14783, .T.);

/* ==== Hole 869 (row 28, col 28) CW ==== */
#14785 = CARTESIAN_POINT('', (89.000, 89.000, 0.0));
#14786 = CARTESIAN_POINT('', (89.000, 92.000, 0.0));
#14787 = CARTESIAN_POINT('', (92.000, 90.500, 0.0));
#14788 = VERTEX_POINT('', #14785);
#14789 = VERTEX_POINT('', #14786);
#14790 = VERTEX_POINT('', #14787);
#14791 = LINE('', #14785, #6);
#14792 = LINE('', #14786, #6);
#14793 = LINE('', #14787, #6);
#14794 = EDGE_CURVE('', #14788, #14789, #14791, .T.);
#14795 = EDGE_CURVE('', #14789, #14790, #14792, .T.);
#14796 = EDGE_CURVE('', #14790, #14788, #14793, .T.);
#14797 = ORIENTED_EDGE('', *, *, #14794, .T.);
#14798 = ORIENTED_EDGE('', *, *, #14795, .T.);
#14799 = ORIENTED_EDGE('', *, *, #14796, .T.);
#14800 = EDGE_LOOP('', (#14797, #14798, #14799));
#14801 = FACE_BOUND('', #14800, .T.);

/* ==== Hole 870 (row 28, col 29) CW ==== */
#14802 = CARTESIAN_POINT('', (92.000, 89.000, 0.0));
#14803 = CARTESIAN_POINT('', (92.000, 92.000, 0.0));
#14804 = CARTESIAN_POINT('', (95.000, 90.500, 0.0));
#14805 = VERTEX_POINT('', #14802);
#14806 = VERTEX_POINT('', #14803);
#14807 = VERTEX_POINT('', #14804);
#14808 = LINE('', #14802, #6);
#14809 = LINE('', #14803, #6);
#14810 = LINE('', #14804, #6);
#14811 = EDGE_CURVE('', #14805, #14806, #14808, .T.);
#14812 = EDGE_CURVE('', #14806, #14807, #14809, .T.);
#14813 = EDGE_CURVE('', #14807, #14805, #14810, .T.);
#14814 = ORIENTED_EDGE('', *, *, #14811, .T.);
#14815 = ORIENTED_EDGE('', *, *, #14812, .T.);
#14816 = ORIENTED_EDGE('', *, *, #14813, .T.);
#14817 = EDGE_LOOP('', (#14814, #14815, #14816));
#14818 = FACE_BOUND('', #14817, .T.);

/* ==== Hole 871 (row 29, col 0) CW ==== */
#14819 = CARTESIAN_POINT('', (5.000, 92.000, 0.0));
#14820 = CARTESIAN_POINT('', (5.000, 95.000, 0.0));
#14821 = CARTESIAN_POINT('', (8.000, 93.500, 0.0));
#14822 = VERTEX_POINT('', #14819);
#14823 = VERTEX_POINT('', #14820);
#14824 = VERTEX_POINT('', #14821);
#14825 = LINE('', #14819, #6);
#14826 = LINE('', #14820, #6);
#14827 = LINE('', #14821, #6);
#14828 = EDGE_CURVE('', #14822, #14823, #14825, .T.);
#14829 = EDGE_CURVE('', #14823, #14824, #14826, .T.);
#14830 = EDGE_CURVE('', #14824, #14822, #14827, .T.);
#14831 = ORIENTED_EDGE('', *, *, #14828, .T.);
#14832 = ORIENTED_EDGE('', *, *, #14829, .T.);
#14833 = ORIENTED_EDGE('', *, *, #14830, .T.);
#14834 = EDGE_LOOP('', (#14831, #14832, #14833));
#14835 = FACE_BOUND('', #14834, .T.);

/* ==== Hole 872 (row 29, col 1) CW ==== */
#14836 = CARTESIAN_POINT('', (8.000, 92.000, 0.0));
#14837 = CARTESIAN_POINT('', (8.000, 95.000, 0.0));
#14838 = CARTESIAN_POINT('', (11.000, 93.500, 0.0));
#14839 = VERTEX_POINT('', #14836);
#14840 = VERTEX_POINT('', #14837);
#14841 = VERTEX_POINT('', #14838);
#14842 = LINE('', #14836, #6);
#14843 = LINE('', #14837, #6);
#14844 = LINE('', #14838, #6);
#14845 = EDGE_CURVE('', #14839, #14840, #14842, .T.);
#14846 = EDGE_CURVE('', #14840, #14841, #14843, .T.);
#14847 = EDGE_CURVE('', #14841, #14839, #14844, .T.);
#14848 = ORIENTED_EDGE('', *, *, #14845, .T.);
#14849 = ORIENTED_EDGE('', *, *, #14846, .T.);
#14850 = ORIENTED_EDGE('', *, *, #14847, .T.);
#14851 = EDGE_LOOP('', (#14848, #14849, #14850));
#14852 = FACE_BOUND('', #14851, .T.);

/* ==== Hole 873 (row 29, col 2) CW ==== */
#14853 = CARTESIAN_POINT('', (11.000, 92.000, 0.0));
#14854 = CARTESIAN_POINT('', (11.000, 95.000, 0.0));
#14855 = CARTESIAN_POINT('', (14.000, 93.500, 0.0));
#14856 = VERTEX_POINT('', #14853);
#14857 = VERTEX_POINT('', #14854);
#14858 = VERTEX_POINT('', #14855);
#14859 = LINE('', #14853, #6);
#14860 = LINE('', #14854, #6);
#14861 = LINE('', #14855, #6);
#14862 = EDGE_CURVE('', #14856, #14857, #14859, .T.);
#14863 = EDGE_CURVE('', #14857, #14858, #14860, .T.);
#14864 = EDGE_CURVE('', #14858, #14856, #14861, .T.);
#14865 = ORIENTED_EDGE('', *, *, #14862, .T.);
#14866 = ORIENTED_EDGE('', *, *, #14863, .T.);
#14867 = ORIENTED_EDGE('', *, *, #14864, .T.);
#14868 = EDGE_LOOP('', (#14865, #14866, #14867));
#14869 = FACE_BOUND('', #14868, .T.);

/* ==== Hole 874 (row 29, col 3) CW ==== */
#14870 = CARTESIAN_POINT('', (14.000, 92.000, 0.0));
#14871 = CARTESIAN_POINT('', (14.000, 95.000, 0.0));
#14872 = CARTESIAN_POINT('', (17.000, 93.500, 0.0));
#14873 = VERTEX_POINT('', #14870);
#14874 = VERTEX_POINT('', #14871);
#14875 = VERTEX_POINT('', #14872);
#14876 = LINE('', #14870, #6);
#14877 = LINE('', #14871, #6);
#14878 = LINE('', #14872, #6);
#14879 = EDGE_CURVE('', #14873, #14874, #14876, .T.);
#14880 = EDGE_CURVE('', #14874, #14875, #14877, .T.);
#14881 = EDGE_CURVE('', #14875, #14873, #14878, .T.);
#14882 = ORIENTED_EDGE('', *, *, #14879, .T.);
#14883 = ORIENTED_EDGE('', *, *, #14880, .T.);
#14884 = ORIENTED_EDGE('', *, *, #14881, .T.);
#14885 = EDGE_LOOP('', (#14882, #14883, #14884));
#14886 = FACE_BOUND('', #14885, .T.);

/* ==== Hole 875 (row 29, col 4) CW ==== */
#14887 = CARTESIAN_POINT('', (17.000, 92.000, 0.0));
#14888 = CARTESIAN_POINT('', (17.000, 95.000, 0.0));
#14889 = CARTESIAN_POINT('', (20.000, 93.500, 0.0));
#14890 = VERTEX_POINT('', #14887);
#14891 = VERTEX_POINT('', #14888);
#14892 = VERTEX_POINT('', #14889);
#14893 = LINE('', #14887, #6);
#14894 = LINE('', #14888, #6);
#14895 = LINE('', #14889, #6);
#14896 = EDGE_CURVE('', #14890, #14891, #14893, .T.);
#14897 = EDGE_CURVE('', #14891, #14892, #14894, .T.);
#14898 = EDGE_CURVE('', #14892, #14890, #14895, .T.);
#14899 = ORIENTED_EDGE('', *, *, #14896, .T.);
#14900 = ORIENTED_EDGE('', *, *, #14897, .T.);
#14901 = ORIENTED_EDGE('', *, *, #14898, .T.);
#14902 = EDGE_LOOP('', (#14899, #14900, #14901));
#14903 = FACE_BOUND('', #14902, .T.);

/* ==== Hole 876 (row 29, col 5) CW ==== */
#14904 = CARTESIAN_POINT('', (20.000, 92.000, 0.0));
#14905 = CARTESIAN_POINT('', (20.000, 95.000, 0.0));
#14906 = CARTESIAN_POINT('', (23.000, 93.500, 0.0));
#14907 = VERTEX_POINT('', #14904);
#14908 = VERTEX_POINT('', #14905);
#14909 = VERTEX_POINT('', #14906);
#14910 = LINE('', #14904, #6);
#14911 = LINE('', #14905, #6);
#14912 = LINE('', #14906, #6);
#14913 = EDGE_CURVE('', #14907, #14908, #14910, .T.);
#14914 = EDGE_CURVE('', #14908, #14909, #14911, .T.);
#14915 = EDGE_CURVE('', #14909, #14907, #14912, .T.);
#14916 = ORIENTED_EDGE('', *, *, #14913, .T.);
#14917 = ORIENTED_EDGE('', *, *, #14914, .T.);
#14918 = ORIENTED_EDGE('', *, *, #14915, .T.);
#14919 = EDGE_LOOP('', (#14916, #14917, #14918));
#14920 = FACE_BOUND('', #14919, .T.);

/* ==== Hole 877 (row 29, col 6) CW ==== */
#14921 = CARTESIAN_POINT('', (23.000, 92.000, 0.0));
#14922 = CARTESIAN_POINT('', (23.000, 95.000, 0.0));
#14923 = CARTESIAN_POINT('', (26.000, 93.500, 0.0));
#14924 = VERTEX_POINT('', #14921);
#14925 = VERTEX_POINT('', #14922);
#14926 = VERTEX_POINT('', #14923);
#14927 = LINE('', #14921, #6);
#14928 = LINE('', #14922, #6);
#14929 = LINE('', #14923, #6);
#14930 = EDGE_CURVE('', #14924, #14925, #14927, .T.);
#14931 = EDGE_CURVE('', #14925, #14926, #14928, .T.);
#14932 = EDGE_CURVE('', #14926, #14924, #14929, .T.);
#14933 = ORIENTED_EDGE('', *, *, #14930, .T.);
#14934 = ORIENTED_EDGE('', *, *, #14931, .T.);
#14935 = ORIENTED_EDGE('', *, *, #14932, .T.);
#14936 = EDGE_LOOP('', (#14933, #14934, #14935));
#14937 = FACE_BOUND('', #14936, .T.);

/* ==== Hole 878 (row 29, col 7) CW ==== */
#14938 = CARTESIAN_POINT('', (26.000, 92.000, 0.0));
#14939 = CARTESIAN_POINT('', (26.000, 95.000, 0.0));
#14940 = CARTESIAN_POINT('', (29.000, 93.500, 0.0));
#14941 = VERTEX_POINT('', #14938);
#14942 = VERTEX_POINT('', #14939);
#14943 = VERTEX_POINT('', #14940);
#14944 = LINE('', #14938, #6);
#14945 = LINE('', #14939, #6);
#14946 = LINE('', #14940, #6);
#14947 = EDGE_CURVE('', #14941, #14942, #14944, .T.);
#14948 = EDGE_CURVE('', #14942, #14943, #14945, .T.);
#14949 = EDGE_CURVE('', #14943, #14941, #14946, .T.);
#14950 = ORIENTED_EDGE('', *, *, #14947, .T.);
#14951 = ORIENTED_EDGE('', *, *, #14948, .T.);
#14952 = ORIENTED_EDGE('', *, *, #14949, .T.);
#14953 = EDGE_LOOP('', (#14950, #14951, #14952));
#14954 = FACE_BOUND('', #14953, .T.);

/* ==== Hole 879 (row 29, col 8) CW ==== */
#14955 = CARTESIAN_POINT('', (29.000, 92.000, 0.0));
#14956 = CARTESIAN_POINT('', (29.000, 95.000, 0.0));
#14957 = CARTESIAN_POINT('', (32.000, 93.500, 0.0));
#14958 = VERTEX_POINT('', #14955);
#14959 = VERTEX_POINT('', #14956);
#14960 = VERTEX_POINT('', #14957);
#14961 = LINE('', #14955, #6);
#14962 = LINE('', #14956, #6);
#14963 = LINE('', #14957, #6);
#14964 = EDGE_CURVE('', #14958, #14959, #14961, .T.);
#14965 = EDGE_CURVE('', #14959, #14960, #14962, .T.);
#14966 = EDGE_CURVE('', #14960, #14958, #14963, .T.);
#14967 = ORIENTED_EDGE('', *, *, #14964, .T.);
#14968 = ORIENTED_EDGE('', *, *, #14965, .T.);
#14969 = ORIENTED_EDGE('', *, *, #14966, .T.);
#14970 = EDGE_LOOP('', (#14967, #14968, #14969));
#14971 = FACE_BOUND('', #14970, .T.);

/* ==== Hole 880 (row 29, col 9) CW ==== */
#14972 = CARTESIAN_POINT('', (32.000, 92.000, 0.0));
#14973 = CARTESIAN_POINT('', (32.000, 95.000, 0.0));
#14974 = CARTESIAN_POINT('', (35.000, 93.500, 0.0));
#14975 = VERTEX_POINT('', #14972);
#14976 = VERTEX_POINT('', #14973);
#14977 = VERTEX_POINT('', #14974);
#14978 = LINE('', #14972, #6);
#14979 = LINE('', #14973, #6);
#14980 = LINE('', #14974, #6);
#14981 = EDGE_CURVE('', #14975, #14976, #14978, .T.);
#14982 = EDGE_CURVE('', #14976, #14977, #14979, .T.);
#14983 = EDGE_CURVE('', #14977, #14975, #14980, .T.);
#14984 = ORIENTED_EDGE('', *, *, #14981, .T.);
#14985 = ORIENTED_EDGE('', *, *, #14982, .T.);
#14986 = ORIENTED_EDGE('', *, *, #14983, .T.);
#14987 = EDGE_LOOP('', (#14984, #14985, #14986));
#14988 = FACE_BOUND('', #14987, .T.);

/* ==== Hole 881 (row 29, col 10) CW ==== */
#14989 = CARTESIAN_POINT('', (35.000, 92.000, 0.0));
#14990 = CARTESIAN_POINT('', (35.000, 95.000, 0.0));
#14991 = CARTESIAN_POINT('', (38.000, 93.500, 0.0));
#14992 = VERTEX_POINT('', #14989);
#14993 = VERTEX_POINT('', #14990);
#14994 = VERTEX_POINT('', #14991);
#14995 = LINE('', #14989, #6);
#14996 = LINE('', #14990, #6);
#14997 = LINE('', #14991, #6);
#14998 = EDGE_CURVE('', #14992, #14993, #14995, .T.);
#14999 = EDGE_CURVE('', #14993, #14994, #14996, .T.);
#15000 = EDGE_CURVE('', #14994, #14992, #14997, .T.);
#15001 = ORIENTED_EDGE('', *, *, #14998, .T.);
#15002 = ORIENTED_EDGE('', *, *, #14999, .T.);
#15003 = ORIENTED_EDGE('', *, *, #15000, .T.);
#15004 = EDGE_LOOP('', (#15001, #15002, #15003));
#15005 = FACE_BOUND('', #15004, .T.);

/* ==== Hole 882 (row 29, col 11) CW ==== */
#15006 = CARTESIAN_POINT('', (38.000, 92.000, 0.0));
#15007 = CARTESIAN_POINT('', (38.000, 95.000, 0.0));
#15008 = CARTESIAN_POINT('', (41.000, 93.500, 0.0));
#15009 = VERTEX_POINT('', #15006);
#15010 = VERTEX_POINT('', #15007);
#15011 = VERTEX_POINT('', #15008);
#15012 = LINE('', #15006, #6);
#15013 = LINE('', #15007, #6);
#15014 = LINE('', #15008, #6);
#15015 = EDGE_CURVE('', #15009, #15010, #15012, .T.);
#15016 = EDGE_CURVE('', #15010, #15011, #15013, .T.);
#15017 = EDGE_CURVE('', #15011, #15009, #15014, .T.);
#15018 = ORIENTED_EDGE('', *, *, #15015, .T.);
#15019 = ORIENTED_EDGE('', *, *, #15016, .T.);
#15020 = ORIENTED_EDGE('', *, *, #15017, .T.);
#15021 = EDGE_LOOP('', (#15018, #15019, #15020));
#15022 = FACE_BOUND('', #15021, .T.);

/* ==== Hole 883 (row 29, col 12) CW ==== */
#15023 = CARTESIAN_POINT('', (41.000, 92.000, 0.0));
#15024 = CARTESIAN_POINT('', (41.000, 95.000, 0.0));
#15025 = CARTESIAN_POINT('', (44.000, 93.500, 0.0));
#15026 = VERTEX_POINT('', #15023);
#15027 = VERTEX_POINT('', #15024);
#15028 = VERTEX_POINT('', #15025);
#15029 = LINE('', #15023, #6);
#15030 = LINE('', #15024, #6);
#15031 = LINE('', #15025, #6);
#15032 = EDGE_CURVE('', #15026, #15027, #15029, .T.);
#15033 = EDGE_CURVE('', #15027, #15028, #15030, .T.);
#15034 = EDGE_CURVE('', #15028, #15026, #15031, .T.);
#15035 = ORIENTED_EDGE('', *, *, #15032, .T.);
#15036 = ORIENTED_EDGE('', *, *, #15033, .T.);
#15037 = ORIENTED_EDGE('', *, *, #15034, .T.);
#15038 = EDGE_LOOP('', (#15035, #15036, #15037));
#15039 = FACE_BOUND('', #15038, .T.);

/* ==== Hole 884 (row 29, col 13) CW ==== */
#15040 = CARTESIAN_POINT('', (44.000, 92.000, 0.0));
#15041 = CARTESIAN_POINT('', (44.000, 95.000, 0.0));
#15042 = CARTESIAN_POINT('', (47.000, 93.500, 0.0));
#15043 = VERTEX_POINT('', #15040);
#15044 = VERTEX_POINT('', #15041);
#15045 = VERTEX_POINT('', #15042);
#15046 = LINE('', #15040, #6);
#15047 = LINE('', #15041, #6);
#15048 = LINE('', #15042, #6);
#15049 = EDGE_CURVE('', #15043, #15044, #15046, .T.);
#15050 = EDGE_CURVE('', #15044, #15045, #15047, .T.);
#15051 = EDGE_CURVE('', #15045, #15043, #15048, .T.);
#15052 = ORIENTED_EDGE('', *, *, #15049, .T.);
#15053 = ORIENTED_EDGE('', *, *, #15050, .T.);
#15054 = ORIENTED_EDGE('', *, *, #15051, .T.);
#15055 = EDGE_LOOP('', (#15052, #15053, #15054));
#15056 = FACE_BOUND('', #15055, .T.);

/* ==== Hole 885 (row 29, col 14) CW ==== */
#15057 = CARTESIAN_POINT('', (47.000, 92.000, 0.0));
#15058 = CARTESIAN_POINT('', (47.000, 95.000, 0.0));
#15059 = CARTESIAN_POINT('', (50.000, 93.500, 0.0));
#15060 = VERTEX_POINT('', #15057);
#15061 = VERTEX_POINT('', #15058);
#15062 = VERTEX_POINT('', #15059);
#15063 = LINE('', #15057, #6);
#15064 = LINE('', #15058, #6);
#15065 = LINE('', #15059, #6);
#15066 = EDGE_CURVE('', #15060, #15061, #15063, .T.);
#15067 = EDGE_CURVE('', #15061, #15062, #15064, .T.);
#15068 = EDGE_CURVE('', #15062, #15060, #15065, .T.);
#15069 = ORIENTED_EDGE('', *, *, #15066, .T.);
#15070 = ORIENTED_EDGE('', *, *, #15067, .T.);
#15071 = ORIENTED_EDGE('', *, *, #15068, .T.);
#15072 = EDGE_LOOP('', (#15069, #15070, #15071));
#15073 = FACE_BOUND('', #15072, .T.);

/* ==== Hole 886 (row 29, col 15) CW ==== */
#15074 = CARTESIAN_POINT('', (50.000, 92.000, 0.0));
#15075 = CARTESIAN_POINT('', (50.000, 95.000, 0.0));
#15076 = CARTESIAN_POINT('', (53.000, 93.500, 0.0));
#15077 = VERTEX_POINT('', #15074);
#15078 = VERTEX_POINT('', #15075);
#15079 = VERTEX_POINT('', #15076);
#15080 = LINE('', #15074, #6);
#15081 = LINE('', #15075, #6);
#15082 = LINE('', #15076, #6);
#15083 = EDGE_CURVE('', #15077, #15078, #15080, .T.);
#15084 = EDGE_CURVE('', #15078, #15079, #15081, .T.);
#15085 = EDGE_CURVE('', #15079, #15077, #15082, .T.);
#15086 = ORIENTED_EDGE('', *, *, #15083, .T.);
#15087 = ORIENTED_EDGE('', *, *, #15084, .T.);
#15088 = ORIENTED_EDGE('', *, *, #15085, .T.);
#15089 = EDGE_LOOP('', (#15086, #15087, #15088));
#15090 = FACE_BOUND('', #15089, .T.);

/* ==== Hole 887 (row 29, col 16) CW ==== */
#15091 = CARTESIAN_POINT('', (53.000, 92.000, 0.0));
#15092 = CARTESIAN_POINT('', (53.000, 95.000, 0.0));
#15093 = CARTESIAN_POINT('', (56.000, 93.500, 0.0));
#15094 = VERTEX_POINT('', #15091);
#15095 = VERTEX_POINT('', #15092);
#15096 = VERTEX_POINT('', #15093);
#15097 = LINE('', #15091, #6);
#15098 = LINE('', #15092, #6);
#15099 = LINE('', #15093, #6);
#15100 = EDGE_CURVE('', #15094, #15095, #15097, .T.);
#15101 = EDGE_CURVE('', #15095, #15096, #15098, .T.);
#15102 = EDGE_CURVE('', #15096, #15094, #15099, .T.);
#15103 = ORIENTED_EDGE('', *, *, #15100, .T.);
#15104 = ORIENTED_EDGE('', *, *, #15101, .T.);
#15105 = ORIENTED_EDGE('', *, *, #15102, .T.);
#15106 = EDGE_LOOP('', (#15103, #15104, #15105));
#15107 = FACE_BOUND('', #15106, .T.);

/* ==== Hole 888 (row 29, col 17) CW ==== */
#15108 = CARTESIAN_POINT('', (56.000, 92.000, 0.0));
#15109 = CARTESIAN_POINT('', (56.000, 95.000, 0.0));
#15110 = CARTESIAN_POINT('', (59.000, 93.500, 0.0));
#15111 = VERTEX_POINT('', #15108);
#15112 = VERTEX_POINT('', #15109);
#15113 = VERTEX_POINT('', #15110);
#15114 = LINE('', #15108, #6);
#15115 = LINE('', #15109, #6);
#15116 = LINE('', #15110, #6);
#15117 = EDGE_CURVE('', #15111, #15112, #15114, .T.);
#15118 = EDGE_CURVE('', #15112, #15113, #15115, .T.);
#15119 = EDGE_CURVE('', #15113, #15111, #15116, .T.);
#15120 = ORIENTED_EDGE('', *, *, #15117, .T.);
#15121 = ORIENTED_EDGE('', *, *, #15118, .T.);
#15122 = ORIENTED_EDGE('', *, *, #15119, .T.);
#15123 = EDGE_LOOP('', (#15120, #15121, #15122));
#15124 = FACE_BOUND('', #15123, .T.);

/* ==== Hole 889 (row 29, col 18) CW ==== */
#15125 = CARTESIAN_POINT('', (59.000, 92.000, 0.0));
#15126 = CARTESIAN_POINT('', (59.000, 95.000, 0.0));
#15127 = CARTESIAN_POINT('', (62.000, 93.500, 0.0));
#15128 = VERTEX_POINT('', #15125);
#15129 = VERTEX_POINT('', #15126);
#15130 = VERTEX_POINT('', #15127);
#15131 = LINE('', #15125, #6);
#15132 = LINE('', #15126, #6);
#15133 = LINE('', #15127, #6);
#15134 = EDGE_CURVE('', #15128, #15129, #15131, .T.);
#15135 = EDGE_CURVE('', #15129, #15130, #15132, .T.);
#15136 = EDGE_CURVE('', #15130, #15128, #15133, .T.);
#15137 = ORIENTED_EDGE('', *, *, #15134, .T.);
#15138 = ORIENTED_EDGE('', *, *, #15135, .T.);
#15139 = ORIENTED_EDGE('', *, *, #15136, .T.);
#15140 = EDGE_LOOP('', (#15137, #15138, #15139));
#15141 = FACE_BOUND('', #15140, .T.);

/* ==== Hole 890 (row 29, col 19) CW ==== */
#15142 = CARTESIAN_POINT('', (62.000, 92.000, 0.0));
#15143 = CARTESIAN_POINT('', (62.000, 95.000, 0.0));
#15144 = CARTESIAN_POINT('', (65.000, 93.500, 0.0));
#15145 = VERTEX_POINT('', #15142);
#15146 = VERTEX_POINT('', #15143);
#15147 = VERTEX_POINT('', #15144);
#15148 = LINE('', #15142, #6);
#15149 = LINE('', #15143, #6);
#15150 = LINE('', #15144, #6);
#15151 = EDGE_CURVE('', #15145, #15146, #15148, .T.);
#15152 = EDGE_CURVE('', #15146, #15147, #15149, .T.);
#15153 = EDGE_CURVE('', #15147, #15145, #15150, .T.);
#15154 = ORIENTED_EDGE('', *, *, #15151, .T.);
#15155 = ORIENTED_EDGE('', *, *, #15152, .T.);
#15156 = ORIENTED_EDGE('', *, *, #15153, .T.);
#15157 = EDGE_LOOP('', (#15154, #15155, #15156));
#15158 = FACE_BOUND('', #15157, .T.);

/* ==== Hole 891 (row 29, col 20) CW ==== */
#15159 = CARTESIAN_POINT('', (65.000, 92.000, 0.0));
#15160 = CARTESIAN_POINT('', (65.000, 95.000, 0.0));
#15161 = CARTESIAN_POINT('', (68.000, 93.500, 0.0));
#15162 = VERTEX_POINT('', #15159);
#15163 = VERTEX_POINT('', #15160);
#15164 = VERTEX_POINT('', #15161);
#15165 = LINE('', #15159, #6);
#15166 = LINE('', #15160, #6);
#15167 = LINE('', #15161, #6);
#15168 = EDGE_CURVE('', #15162, #15163, #15165, .T.);
#15169 = EDGE_CURVE('', #15163, #15164, #15166, .T.);
#15170 = EDGE_CURVE('', #15164, #15162, #15167, .T.);
#15171 = ORIENTED_EDGE('', *, *, #15168, .T.);
#15172 = ORIENTED_EDGE('', *, *, #15169, .T.);
#15173 = ORIENTED_EDGE('', *, *, #15170, .T.);
#15174 = EDGE_LOOP('', (#15171, #15172, #15173));
#15175 = FACE_BOUND('', #15174, .T.);

/* ==== Hole 892 (row 29, col 21) CW ==== */
#15176 = CARTESIAN_POINT('', (68.000, 92.000, 0.0));
#15177 = CARTESIAN_POINT('', (68.000, 95.000, 0.0));
#15178 = CARTESIAN_POINT('', (71.000, 93.500, 0.0));
#15179 = VERTEX_POINT('', #15176);
#15180 = VERTEX_POINT('', #15177);
#15181 = VERTEX_POINT('', #15178);
#15182 = LINE('', #15176, #6);
#15183 = LINE('', #15177, #6);
#15184 = LINE('', #15178, #6);
#15185 = EDGE_CURVE('', #15179, #15180, #15182, .T.);
#15186 = EDGE_CURVE('', #15180, #15181, #15183, .T.);
#15187 = EDGE_CURVE('', #15181, #15179, #15184, .T.);
#15188 = ORIENTED_EDGE('', *, *, #15185, .T.);
#15189 = ORIENTED_EDGE('', *, *, #15186, .T.);
#15190 = ORIENTED_EDGE('', *, *, #15187, .T.);
#15191 = EDGE_LOOP('', (#15188, #15189, #15190));
#15192 = FACE_BOUND('', #15191, .T.);

/* ==== Hole 893 (row 29, col 22) CW ==== */
#15193 = CARTESIAN_POINT('', (71.000, 92.000, 0.0));
#15194 = CARTESIAN_POINT('', (71.000, 95.000, 0.0));
#15195 = CARTESIAN_POINT('', (74.000, 93.500, 0.0));
#15196 = VERTEX_POINT('', #15193);
#15197 = VERTEX_POINT('', #15194);
#15198 = VERTEX_POINT('', #15195);
#15199 = LINE('', #15193, #6);
#15200 = LINE('', #15194, #6);
#15201 = LINE('', #15195, #6);
#15202 = EDGE_CURVE('', #15196, #15197, #15199, .T.);
#15203 = EDGE_CURVE('', #15197, #15198, #15200, .T.);
#15204 = EDGE_CURVE('', #15198, #15196, #15201, .T.);
#15205 = ORIENTED_EDGE('', *, *, #15202, .T.);
#15206 = ORIENTED_EDGE('', *, *, #15203, .T.);
#15207 = ORIENTED_EDGE('', *, *, #15204, .T.);
#15208 = EDGE_LOOP('', (#15205, #15206, #15207));
#15209 = FACE_BOUND('', #15208, .T.);

/* ==== Hole 894 (row 29, col 23) CW ==== */
#15210 = CARTESIAN_POINT('', (74.000, 92.000, 0.0));
#15211 = CARTESIAN_POINT('', (74.000, 95.000, 0.0));
#15212 = CARTESIAN_POINT('', (77.000, 93.500, 0.0));
#15213 = VERTEX_POINT('', #15210);
#15214 = VERTEX_POINT('', #15211);
#15215 = VERTEX_POINT('', #15212);
#15216 = LINE('', #15210, #6);
#15217 = LINE('', #15211, #6);
#15218 = LINE('', #15212, #6);
#15219 = EDGE_CURVE('', #15213, #15214, #15216, .T.);
#15220 = EDGE_CURVE('', #15214, #15215, #15217, .T.);
#15221 = EDGE_CURVE('', #15215, #15213, #15218, .T.);
#15222 = ORIENTED_EDGE('', *, *, #15219, .T.);
#15223 = ORIENTED_EDGE('', *, *, #15220, .T.);
#15224 = ORIENTED_EDGE('', *, *, #15221, .T.);
#15225 = EDGE_LOOP('', (#15222, #15223, #15224));
#15226 = FACE_BOUND('', #15225, .T.);

/* ==== Hole 895 (row 29, col 24) CW ==== */
#15227 = CARTESIAN_POINT('', (77.000, 92.000, 0.0));
#15228 = CARTESIAN_POINT('', (77.000, 95.000, 0.0));
#15229 = CARTESIAN_POINT('', (80.000, 93.500, 0.0));
#15230 = VERTEX_POINT('', #15227);
#15231 = VERTEX_POINT('', #15228);
#15232 = VERTEX_POINT('', #15229);
#15233 = LINE('', #15227, #6);
#15234 = LINE('', #15228, #6);
#15235 = LINE('', #15229, #6);
#15236 = EDGE_CURVE('', #15230, #15231, #15233, .T.);
#15237 = EDGE_CURVE('', #15231, #15232, #15234, .T.);
#15238 = EDGE_CURVE('', #15232, #15230, #15235, .T.);
#15239 = ORIENTED_EDGE('', *, *, #15236, .T.);
#15240 = ORIENTED_EDGE('', *, *, #15237, .T.);
#15241 = ORIENTED_EDGE('', *, *, #15238, .T.);
#15242 = EDGE_LOOP('', (#15239, #15240, #15241));
#15243 = FACE_BOUND('', #15242, .T.);

/* ==== Hole 896 (row 29, col 25) CW ==== */
#15244 = CARTESIAN_POINT('', (80.000, 92.000, 0.0));
#15245 = CARTESIAN_POINT('', (80.000, 95.000, 0.0));
#15246 = CARTESIAN_POINT('', (83.000, 93.500, 0.0));
#15247 = VERTEX_POINT('', #15244);
#15248 = VERTEX_POINT('', #15245);
#15249 = VERTEX_POINT('', #15246);
#15250 = LINE('', #15244, #6);
#15251 = LINE('', #15245, #6);
#15252 = LINE('', #15246, #6);
#15253 = EDGE_CURVE('', #15247, #15248, #15250, .T.);
#15254 = EDGE_CURVE('', #15248, #15249, #15251, .T.);
#15255 = EDGE_CURVE('', #15249, #15247, #15252, .T.);
#15256 = ORIENTED_EDGE('', *, *, #15253, .T.);
#15257 = ORIENTED_EDGE('', *, *, #15254, .T.);
#15258 = ORIENTED_EDGE('', *, *, #15255, .T.);
#15259 = EDGE_LOOP('', (#15256, #15257, #15258));
#15260 = FACE_BOUND('', #15259, .T.);

/* ==== Hole 897 (row 29, col 26) CW ==== */
#15261 = CARTESIAN_POINT('', (83.000, 92.000, 0.0));
#15262 = CARTESIAN_POINT('', (83.000, 95.000, 0.0));
#15263 = CARTESIAN_POINT('', (86.000, 93.500, 0.0));
#15264 = VERTEX_POINT('', #15261);
#15265 = VERTEX_POINT('', #15262);
#15266 = VERTEX_POINT('', #15263);
#15267 = LINE('', #15261, #6);
#15268 = LINE('', #15262, #6);
#15269 = LINE('', #15263, #6);
#15270 = EDGE_CURVE('', #15264, #15265, #15267, .T.);
#15271 = EDGE_CURVE('', #15265, #15266, #15268, .T.);
#15272 = EDGE_CURVE('', #15266, #15264, #15269, .T.);
#15273 = ORIENTED_EDGE('', *, *, #15270, .T.);
#15274 = ORIENTED_EDGE('', *, *, #15271, .T.);
#15275 = ORIENTED_EDGE('', *, *, #15272, .T.);
#15276 = EDGE_LOOP('', (#15273, #15274, #15275));
#15277 = FACE_BOUND('', #15276, .T.);

/* ==== Hole 898 (row 29, col 27) CW ==== */
#15278 = CARTESIAN_POINT('', (86.000, 92.000, 0.0));
#15279 = CARTESIAN_POINT('', (86.000, 95.000, 0.0));
#15280 = CARTESIAN_POINT('', (89.000, 93.500, 0.0));
#15281 = VERTEX_POINT('', #15278);
#15282 = VERTEX_POINT('', #15279);
#15283 = VERTEX_POINT('', #15280);
#15284 = LINE('', #15278, #6);
#15285 = LINE('', #15279, #6);
#15286 = LINE('', #15280, #6);
#15287 = EDGE_CURVE('', #15281, #15282, #15284, .T.);
#15288 = EDGE_CURVE('', #15282, #15283, #15285, .T.);
#15289 = EDGE_CURVE('', #15283, #15281, #15286, .T.);
#15290 = ORIENTED_EDGE('', *, *, #15287, .T.);
#15291 = ORIENTED_EDGE('', *, *, #15288, .T.);
#15292 = ORIENTED_EDGE('', *, *, #15289, .T.);
#15293 = EDGE_LOOP('', (#15290, #15291, #15292));
#15294 = FACE_BOUND('', #15293, .T.);

/* ==== Hole 899 (row 29, col 28) CW ==== */
#15295 = CARTESIAN_POINT('', (89.000, 92.000, 0.0));
#15296 = CARTESIAN_POINT('', (89.000, 95.000, 0.0));
#15297 = CARTESIAN_POINT('', (92.000, 93.500, 0.0));
#15298 = VERTEX_POINT('', #15295);
#15299 = VERTEX_POINT('', #15296);
#15300 = VERTEX_POINT('', #15297);
#15301 = LINE('', #15295, #6);
#15302 = LINE('', #15296, #6);
#15303 = LINE('', #15297, #6);
#15304 = EDGE_CURVE('', #15298, #15299, #15301, .T.);
#15305 = EDGE_CURVE('', #15299, #15300, #15302, .T.);
#15306 = EDGE_CURVE('', #15300, #15298, #15303, .T.);
#15307 = ORIENTED_EDGE('', *, *, #15304, .T.);
#15308 = ORIENTED_EDGE('', *, *, #15305, .T.);
#15309 = ORIENTED_EDGE('', *, *, #15306, .T.);
#15310 = EDGE_LOOP('', (#15307, #15308, #15309));
#15311 = FACE_BOUND('', #15310, .T.);

/* ==== Hole 900 (row 29, col 29) CW ==== */
#15312 = CARTESIAN_POINT('', (92.000, 92.000, 0.0));
#15313 = CARTESIAN_POINT('', (92.000, 95.000, 0.0));
#15314 = CARTESIAN_POINT('', (95.000, 93.500, 0.0));
#15315 = VERTEX_POINT('', #15312);
#15316 = VERTEX_POINT('', #15313);
#15317 = VERTEX_POINT('', #15314);
#15318 = LINE('', #15312, #6);
#15319 = LINE('', #15313, #6);
#15320 = LINE('', #15314, #6);
#15321 = EDGE_CURVE('', #15315, #15316, #15318, .T.);
#15322 = EDGE_CURVE('', #15316, #15317, #15319, .T.);
#15323 = EDGE_CURVE('', #15317, #15315, #15320, .T.);
#15324 = ORIENTED_EDGE('', *, *, #15321, .T.);
#15325 = ORIENTED_EDGE('', *, *, #15322, .T.);
#15326 = ORIENTED_EDGE('', *, *, #15323, .T.);
#15327 = EDGE_LOOP('', (#15324, #15325, #15326));
#15328 = FACE_BOUND('', #15327, .T.);

/* ==== Advanced face with outer and all holes ==== */
#15329 = ADVANCED_FACE('', (#28, #45, #62, #79, #96, #113, #130, #147, #164, #181, #198, #215, #232, #249, #266, #283, #300, #317, #334, #351, #368, #385, #402, #419, #436, #453, #470, #487, #504, #521, #538, #555, #572, #589, #606, #623, #640, #657, #674, #691, #708, #725, #742, #759, #776, #793, #810, #827, #844, #861, #878, #895, #912, #929, #946, #963, #980, #997, #1014, #1031, #1048, #1065, #1082, #1099, #1116, #1133, #1150, #1167, #1184, #1201, #1218, #1235, #1252, #1269, #1286, #1303, #1320, #1337, #1354, #1371, #1388, #1405, #1422, #1439, #1456, #1473, #1490, #1507, #1524, #1541, #1558, #1575, #1592, #1609, #1626, #1643, #1660, #1677, #1694, #1711, #1728, #1745, #1762, #1779, #1796, #1813, #1830, #1847, #1864, #1881, #1898, #1915, #1932, #1949, #1966, #1983, #2000, #2017, #2034, #2051, #2068, #2085, #2102, #2119, #2136, #2153, #2170, #2187, #2204, #2221, #2238, #2255, #2272, #2289, #2306, #2323, #2340, #2357, #2374, #2391, #2408, #2425, #2442, #2459, #2476, #2493, #2510, #2527, #2544, #2561, #2578, #2595, #2612, #2629, #2646, #2663, #2680, #2697, #2714, #2731, #2748, #2765, #2782, #2799, #2816, #2833, #2850, #2867, #2884, #2901, #2918, #2935, #2952, #2969, #2986, #3003, #3020, #3037, #3054, #3071, #3088, #3105, #3122, #3139, #3156, #3173, #3190, #3207, #3224, #3241, #3258, #3275, #3292, #3309, #3326, #3343, #3360, #3377, #3394, #3411, #3428, #3445, #3462, #3479, #3496, #3513, #3530, #3547, #3564, #3581, #3598, #3615, #3632, #3649, #3666, #3683, #3700, #3717, #3734, #3751, #3768, #3785, #3802, #3819, #3836, #3853, #3870, #3887, #3904, #3921, #3938, #3955, #3972, #3989, #4006, #4023, #4040, #4057, #4074, #4091, #4108, #4125, #4142, #4159, #4176, #4193, #4210, #4227, #4244, #4261, #4278, #4295, #4312, #4329, #4346, #4363, #4380, #4397, #4414, #4431, #4448, #4465, #4482, #4499, #4516, #4533, #4550, #4567, #4584, #4601, #4618, #4635, #4652, #4669, #4686, #4703, #4720, #4737, #4754, #4771, #4788, #4805, #4822, #4839, #4856, #4873, #4890, #4907, #4924, #4941, #4958, #4975, #4992, #5009, #5026, #5043, #5060, #5077, #5094, #5111, #5128, #5145, #5162, #5179, #5196, #5213, #5230, #5247, #5264, #5281, #5298, #5315, #5332, #5349, #5366, #5383, #5400, #5417, #5434, #5451, #5468, #5485, #5502, #5519, #5536, #5553, #5570, #5587, #5604, #5621, #5638, #5655, #5672, #5689, #5706, #5723, #5740, #5757, #5774, #5791, #5808, #5825, #5842, #5859, #5876, #5893, #5910, #5927, #5944, #5961, #5978, #5995, #6012, #6029, #6046, #6063, #6080, #6097, #6114, #6131, #6148, #6165, #6182, #6199, #6216, #6233, #6250, #6267, #6284, #6301, #6318, #6335, #6352, #6369, #6386, #6403, #6420, #6437, #6454, #6471, #6488, #6505, #6522, #6539, #6556, #6573, #6590, #6607, #6624, #6641, #6658, #6675, #6692, #6709, #6726, #6743, #6760, #6777, #6794, #6811, #6828, #6845, #6862, #6879, #6896, #6913, #6930, #6947, #6964, #6981, #6998, #7015, #7032, #7049, #7066, #7083, #7100, #7117, #7134, #7151, #7168, #7185, #7202, #7219, #7236, #7253, #7270, #7287, #7304, #7321, #7338, #7355, #7372, #7389, #7406, #7423, #7440, #7457, #7474, #7491, #7508, #7525, #7542, #7559, #7576, #7593, #7610, #7627, #7644, #7661, #7678, #7695, #7712, #7729, #7746, #7763, #7780, #7797, #7814, #7831, #7848, #7865, #7882, #7899, #7916, #7933, #7950, #7967, #7984, #8001, #8018, #8035, #8052, #8069, #8086, #8103, #8120, #8137, #8154, #8171, #8188, #8205, #8222, #8239, #8256, #8273, #8290, #8307, #8324, #8341, #8358, #8375, #8392, #8409, #8426, #8443, #8460, #8477, #8494, #8511, #8528, #8545, #8562, #8579, #8596, #8613, #8630, #8647, #8664, #8681, #8698, #8715, #8732, #8749, #8766, #8783, #8800, #8817, #8834, #8851, #8868, #8885, #8902, #8919, #8936, #8953, #8970, #8987, #9004, #9021, #9038, #9055, #9072, #9089, #9106, #9123, #9140, #9157, #9174, #9191, #9208, #9225, #9242, #9259, #9276, #9293, #9310, #9327, #9344, #9361, #9378, #9395, #9412, #9429, #9446, #9463, #9480, #9497, #9514, #9531, #9548, #9565, #9582, #9599, #9616, #9633, #9650, #9667, #9684, #9701, #9718, #9735, #9752, #9769, #9786, #9803, #9820, #9837, #9854, #9871, #9888, #9905, #9922, #9939, #9956, #9973, #9990, #10007, #10024, #10041, #10058, #10075, #10092, #10109, #10126, #10143, #10160, #10177, #10194, #10211, #10228, #10245, #10262, #10279, #10296, #10313, #10330, #10347, #10364, #10381, #10398, #10415, #10432, #10449, #10466, #10483, #10500, #10517, #10534, #10551, #10568, #10585, #10602, #10619, #10636, #10653, #10670, #10687, #10704, #10721, #10738, #10755, #10772, #10789, #10806, #10823, #10840, #10857, #10874, #10891, #10908, #10925, #10942, #10959, #10976, #10993, #11010, #11027, #11044, #11061, #11078, #11095, #11112, #11129, #11146, #11163, #11180, #11197, #11214, #11231, #11248, #11265, #11282, #11299, #11316, #11333, #11350, #11367, #11384, #11401, #11418, #11435, #11452, #11469, #11486, #11503, #11520, #11537, #11554, #11571, #11588, #11605, #11622, #11639, #11656, #11673, #11690, #11707, #11724, #11741, #11758, #11775, #11792, #11809, #11826, #11843, #11860, #11877, #11894, #11911, #11928, #11945, #11962, #11979, #11996, #12013, #12030, #12047, #12064, #12081, #12098, #12115, #12132, #12149, #12166, #12183, #12200, #12217, #12234, #12251, #12268, #12285, #12302, #12319, #12336, #12353, #12370, #12387, #12404, #12421, #12438, #12455, #12472, #12489, #12506, #12523, #12540, #12557, #12574, #12591, #12608, #12625, #12642, #12659, #12676, #12693, #12710, #12727, #12744, #12761, #12778, #12795, #12812, #12829, #12846, #12863, #12880, #12897, #12914, #12931, #12948, #12965, #12982, #12999, #13016, #13033, #13050, #13067, #13084, #13101, #13118, #13135, #13152, #13169, #13186, #13203, #13220, #13237, #13254, #13271, #13288, #13305, #13322, #13339, #13356, #13373, #13390, #13407, #13424, #13441, #13458, #13475, #13492, #13509, #13526, #13543, #13560, #13577, #13594, #13611, #13628, #13645, #13662, #13679, #13696, #13713, #13730, #13747, #13764, #13781, #13798, #13815, #13832, #13849, #13866, #13883, #13900, #13917, #13934, #13951, #13968, #13985, #14002, #14019, #14036, #14053, #14070, #14087, #14104, #14121, #14138, #14155, #14172, #14189, #14206, #14223, #14240, #14257, #14274, #14291, #14308, #14325, #14342, #14359, #14376, #14393, #14410, #14427, #14444, #14461, #14478, #14495, #14512, #14529, #14546, #14563, #14580, #14597, #14614, #14631, #14648, #14665, #14682, #14699, #14716, #14733, #14750, #14767, #14784, #14801, #14818, #14835, #14852, #14869, #14886, #14903, #14920, #14937, #14954, #14971, #14988, #15005, #15022, #15039, #15056, #15073, #15090, #15107, #15124, #15141, #15158, #15175, #15192, #15209, #15226, #15243, #15260, #15277, #15294, #15311, #15328), #5, .T.);

/* ==== Product structure for OCCT compatibility ==== */
#15330 = CLOSED_SHELL('', (#15329));
#15331 = MANIFOLD_SOLID_BREP('', #15330);
#15332 = SHAPE_REPRESENTATION('', (#15331), #901);

/* ==== Geometric context ==== */
#900 = ( LENGTH_UNIT() NAMED_UNIT(*) SI_UNIT(.MILLI.,.METRE.) );
#901 = ( GEOMETRIC_REPRESENTATION_CONTEXT(3) GLOBAL_UNCERTAINTY_ASSIGNED_CONTEXT((#902)) GLOBAL_UNIT_ASSIGNED_CONTEXT((#900,#903,#904)) REPRESENTATION_CONTEXT('Context','3D Context') );
#902 = UNCERTAINTY_MEASURE_WITH_UNIT(LENGTH_MEASURE(1.E-07),#900,'');
#903 = ( NAMED_UNIT(*) PLANE_ANGLE_UNIT() SI_UNIT($,.RADIAN.) );
#904 = ( NAMED_UNIT(*) SI_UNIT($,.STERADIAN.) SOLID_ANGLE_UNIT() );

/* ==== Product definition ==== */
#910 = PRODUCT('benchmark_plate','benchmark_plate','',(#911));
#911 = PRODUCT_CONTEXT('',#912,'mechanical');
#912 = APPLICATION_CONTEXT('automotive_design');
#913 = PRODUCT_DEFINITION_FORMATION('','',#910);
#914 = PRODUCT_DEFINITION('design','',#913,#915);
#915 = PRODUCT_DEFINITION_CONTEXT('part definition',#912,'design');
#916 = PRODUCT_DEFINITION_SHAPE('','',#914);
#917 = SHAPE_DEFINITION_REPRESENTATION(#916,#15332);

ENDSEC;
END-ISO-10303-21;
