ISO-10303-21;
HEADER;
FILE_DESCRIPTION(('AP224 File'),'2;1');
FILE_NAME('ka571_997423743_1.224','1998-10-12T20:55:57-05:00',('Mr M Woods'),('LSC: RAMP Consultancy'),'RPTS MP 6.0','PTC Pro/ENGINEER Version 18.0','Mr M Woods');
FILE_SCHEMA(('FEATURE_BASED_PROCESS_PLANNING'));
ENDSEC;
DATA;
#5=DIMENSIONAL_EXPONENTS(1.0,0.0,0.0,0.0,0.0,0.0,0.0);
#6=DIMENSIONAL_EXPONENTS(0.0,0.0,0.0,0.0,0.0,0.0,0.0);
#10=(LENGTH_UNIT()NAMED_UNIT(*)SI_UNIT(.MILLI.,.METRE.));
#11=LENGTH_MEASURE_WITH_UNIT(LENGTH_MEASURE(25.399999999999999),#10);
#15=(CONVERSION_BASED_UNIT('INCH',#11)LENGTH_UNIT()NAMED_UNIT(#5));
#19=(NAMED_UNIT(*)PLANE_ANGLE_UNIT()SI_UNIT($,.RADIAN.));
#20=PLANE_ANGLE_MEASURE_WITH_UNIT(PLANE_ANGLE_MEASURE(0.017453292519943),#19);
#24=(CONVERSION_BASED_UNIT('DEGREE',#20)NAMED_UNIT(#6)PLANE_ANGLE_UNIT());
#28=(NAMED_UNIT(*)SI_UNIT($,.STERADIAN.)SOLID_ANGLE_UNIT());
#29=UNCERTAINTY_MEASURE_WITH_UNIT(LENGTH_MEASURE(0.000001000000000),#15,'closure','maximum model space distance between geometric entities at asserted connectivities');
#34=(GEOMETRIC_REPRESENTATION_CONTEXT(3)GLOBAL_UNCERTAINTY_ASSIGNED_CONTEXT((#29))GLOBAL_UNIT_ASSIGNED_CONTEXT((#15,#24,#28))REPRESENTATION_CONTEXT('ID1','3D'));
#35=CONTEXT_DEPENDENT_UNIT(#6,'COUNT');
#36=APPLICATION_CONTEXT('Mechanical Process Planning with Features');
#37=APPLICATION_PROTOCOL_DEFINITION('Draft International Standard','feature_based_process_planning',1996,#36);
#38=PRODUCT_CONTEXT('Feature Based Process Planning',#36,'Mechanical');
#39=PRODUCT('KA571_997423743','ADAPTOR, WYE, PIPE','',(#38));
#40=PRODUCT_DEFINITION_FORMATION('1','ORIGINAL',#39);
#41=PRODUCT_DEFINITION_CONTEXT('feature definitions',#36,'manufacturing planning');
#42=PRODUCT_DEFINITION('KA571_997423743','product design',#40,#41);
#43=PRODUCT_DEFINITION_SHAPE('product shape','shape for product',#42);
#44=CARTESIAN_POINT('',(-1.815050000000000,-1.209066E-15,0.0));
#45=CARTESIAN_POINT('',(1.815050000000000,8.564219E-16,0.0));
#46=VERTEX_POINT('',#44);
#47=VERTEX_POINT('',#45);
#48=CARTESIAN_POINT('',(0.0,0.0,0.0));
#49=DIRECTION('',(0.0,0.0,-1.0));
#50=DIRECTION('',(1.0,4.718448E-16,0.0));
#51=AXIS2_PLACEMENT_3D('',#48,#49,#50);
#52=CIRCLE('',#51,1.815050000000000);
#53=EDGE_CURVE('',#46,#47,#52,.F.);
#54=ORIENTED_EDGE('',*,*,#53,.T.);
#55=CARTESIAN_POINT('',(0.0,0.0,0.0));
#56=DIRECTION('',(0.0,0.0,-1.0));
#57=DIRECTION('',(-1.0,-6.661338E-16,0.0));
#58=AXIS2_PLACEMENT_3D('',#55,#56,#57);
#59=CIRCLE('',#58,1.815050000000000);
#60=EDGE_CURVE('',#47,#46,#59,.F.);
#61=ORIENTED_EDGE('',*,*,#60,.T.);
#62=EDGE_LOOP('',(#54,#61));
#63=FACE_BOUND('',#62,.F.);
#64=CARTESIAN_POINT('',(0.500000000000000,0.800000000000000,0.0));
#65=CARTESIAN_POINT('',(-0.500000000000000,0.800000000000000,0.0));
#66=VERTEX_POINT('',#64);
#67=VERTEX_POINT('',#65);
#68=CARTESIAN_POINT('',(0.0,0.800000000000000,0.0));
#69=DIRECTION('',(0.0,0.0,-1.0));
#70=DIRECTION('',(1.0,0.0,0.0));
#71=AXIS2_PLACEMENT_3D('',#68,#69,#70);
#72=CIRCLE('',#71,0.500000000000000);
#73=EDGE_CURVE('',#66,#67,#72,.T.);
#74=ORIENTED_EDGE('',*,*,#73,.T.);
#75=CARTESIAN_POINT('',(0.0,0.800000000000000,0.0));
#76=DIRECTION('',(0.0,0.0,-1.0));
#77=DIRECTION('',(-1.0,0.0,0.0));
#78=AXIS2_PLACEMENT_3D('',#75,#76,#77);
#79=CIRCLE('',#78,0.500000000000000);
#80=EDGE_CURVE('',#67,#66,#79,.T.);
#81=ORIENTED_EDGE('',*,*,#80,.T.);
#82=EDGE_LOOP('',(#74,#81));
#83=FACE_BOUND('',#82,.F.);
#84=CARTESIAN_POINT('',(0.282450000000000,-0.600000000000000,0.0));
#85=CARTESIAN_POINT('',(-0.282450000000000,-0.600000000000000,0.0));
#86=VERTEX_POINT('',#84);
#87=VERTEX_POINT('',#85);
#88=CARTESIAN_POINT('',(0.0,-0.600000000000000,1.332268E-15));
#89=DIRECTION('',(0.0,0.0,-1.0));
#90=DIRECTION('',(1.0,0.0,0.0));
#91=AXIS2_PLACEMENT_3D('',#88,#89,#90);
#92=CIRCLE('',#91,0.282450000000000);
#93=EDGE_CURVE('',#86,#87,#92,.T.);
#94=ORIENTED_EDGE('',*,*,#93,.T.);
#95=CARTESIAN_POINT('',(0.0,-0.600000000000000,1.332268E-15));
#96=DIRECTION('',(0.0,0.0,-1.0));
#97=DIRECTION('',(-1.0,0.0,0.0));
#98=AXIS2_PLACEMENT_3D('',#95,#96,#97);
#99=CIRCLE('',#98,0.282450000000000);
#100=EDGE_CURVE('',#87,#86,#99,.T.);
#101=ORIENTED_EDGE('',*,*,#100,.T.);
#102=EDGE_LOOP('',(#94,#101));
#103=FACE_BOUND('',#102,.F.);
#104=CARTESIAN_POINT('',(0.0,0.0,0.0));
#105=DIRECTION('',(0.0,0.0,1.0));
#106=DIRECTION('',(1.0,0.0,0.0));
#107=AXIS2_PLACEMENT_3D('',#104,#105,#106);
#108=PLANE('',#107);
#109=ADVANCED_FACE('',(#63,#83,#103),#108,.F.);
#110=SHAPE_ASPECT('featured shape: face 1','',#43,.T.);
#111=PROPERTY_DEFINITION('','',#110);
#112=FACE_SHAPE_REPRESENTATION('',(#109),#34);
#113=SHAPE_DEFINITION_REPRESENTATION(#111,#112);
#117=(LENGTH_UNIT()NAMED_UNIT(*)SI_UNIT(.MICRO.,.METRE.));
#118=LENGTH_MEASURE_WITH_UNIT(LENGTH_MEASURE(0.025400000000000),#117);
#122=(CONVERSION_BASED_UNIT('MICROINCH',#118)LENGTH_UNIT()NAMED_UNIT(#5));
#127=(LENGTH_MEASURE_WITH_UNIT()MEASURE_REPRESENTATION_ITEM()MEASURE_WITH_UNIT(LENGTH_MEASURE(63.0),#122)REPRESENTATION_ITEM('surface finish'));
#128=REPRESENTATION('surface finish value',(#127),#34);
#129=PROPERTY_DEFINITION('surface property','surface finish',#110);
#130=PROPERTY_DEFINITION('surface property','surface finish',#110);
#131=PROPERTY_DEFINITION_REPRESENTATION(#130,#128);
#132=PROPERTY_DEFINITION_RELATIONSHIP('','',#129,#130);
#133=CARTESIAN_POINT('',(2.683000000000000,1.109920005262467,4.859476061317359));
#134=CARTESIAN_POINT('',(2.681999456219207,1.112335531627807,4.858081456520095));
#135=VERTEX_POINT('',#133);
#136=VERTEX_POINT('',#134);
#137=CARTESIAN_POINT('',(2.683000000000000,1.109920005262467,4.859476061317359));
#138=CARTESIAN_POINT('',(2.682843772145363,1.110297653500180,4.859258026005657));
#139=CARTESIAN_POINT('',(2.682520809830613,1.111077896545869,4.858807552473195));
#140=CARTESIAN_POINT('',(2.682176766335864,1.111908011672782,4.858328285281212));
#141=CARTESIAN_POINT('',(2.681999456219208,1.112335531627807,4.858081456520095));
#142=B_SPLINE_CURVE_WITH_KNOTS('',3,(#137,#138,#139,#140,#141),.HYPERBOLIC_ARC.,.F.,.F.,(4,1,4),(0.0,0.500000000000000,1.0),.PIECEWISE_BEZIER_KNOTS.);
#143=EDGE_CURVE('',#135,#136,#142,.T.);
#144=ORIENTED_EDGE('',*,*,#143,.T.);
#145=CARTESIAN_POINT('',(2.682676776674567,1.111304657792674,2.000000043735631));
#146=VERTEX_POINT('',#145);
#147=DIRECTION('',(0.000175132772123,-0.000422538844335,-0.999999895394713));
#148=VECTOR('',#147,2.858081755490556);
#149=LINE('',#134,#148);
#150=EDGE_CURVE('',#136,#146,#149,.T.);
#151=ORIENTED_EDGE('',*,*,#150,.T.);
#152=CARTESIAN_POINT('',(2.682500000000000,1.111127881065828,2.0));
#153=DIRECTION('',(0.000174857189578,-0.000422411536670,0.999999895496723));
#154=VECTOR('',#153,2.859476360142008);
#155=LINE('',#152,#154);
#156=EDGE_CURVE('',#146,#135,#155,.T.);
#157=ORIENTED_EDGE('',*,*,#156,.T.);
#158=EDGE_LOOP('',(#144,#151,#157));
#159=FACE_BOUND('',#158,.F.);
#160=CARTESIAN_POINT('',(0.0,0.0,0.0));
#161=DIRECTION('',(0.0,0.0,1.0));
#162=DIRECTION('',(1.0,0.0,0.0));
#163=AXIS2_PLACEMENT_3D('',#160,#161,#162);
#164=CYLINDRICAL_SURFACE('',#163,2.903517077284347);
#165=ADVANCED_FACE('',(#159),#164,.T.);
#166=SHAPE_ASPECT('featured shape: face 2','',#43,.T.);
#167=PROPERTY_DEFINITION('','',#166);
#168=FACE_SHAPE_REPRESENTATION('',(#165),#34);
#169=SHAPE_DEFINITION_REPRESENTATION(#167,#168);
#170=CARTESIAN_POINT('',(1.112335531627807,2.681999456219207,3.951835567120006));
#171=CARTESIAN_POINT('',(1.109920005262469,2.682999999999999,3.951257902898830));
#172=VERTEX_POINT('',#170);
#173=VERTEX_POINT('',#171);
#174=CARTESIAN_POINT('',(1.112335531627807,2.681999456219206,3.951835567120006));
#175=CARTESIAN_POINT('',(1.111797337425115,2.682222667500321,3.951706696026769));
#176=CARTESIAN_POINT('',(1.110856482916197,2.682612504878418,3.951481623311584));
#177=CARTESIAN_POINT('',(1.110186922169660,2.682889580165846,3.951321653819802));
#178=CARTESIAN_POINT('',(1.109920005262469,2.683000000000000,3.951257902898829));
#179=B_SPLINE_CURVE_WITH_KNOTS('',3,(#174,#175,#176,#177,#178),.HYPERBOLIC_ARC.,.F.,.F.,(4,1,4),(0.0,0.500000000000000,1.0),.PIECEWISE_BEZIER_KNOTS.);
#180=EDGE_CURVE('',#172,#173,#179,.T.);
#181=ORIENTED_EDGE('',*,*,#180,.T.);
#182=CARTESIAN_POINT('',(1.111127880986517,2.682750000016415,2.000000064061235));
#183=VERTEX_POINT('',#182);
#184=DIRECTION('',(0.000619024030849,-0.000256244900811,-0.999999775573875));
#185=VECTOR('',#184,1.951258340812178);
#186=LINE('',#171,#185);
#187=EDGE_CURVE('',#173,#183,#186,.T.);
#188=ORIENTED_EDGE('',*,*,#187,.T.);
#189=CARTESIAN_POINT('',(1.111127881065828,2.682500000000000,2.0));
#190=DIRECTION('',(0.000618725425161,-0.000256447662373,0.999999775706697));
#191=VECTOR('',#190,1.951836004903751);
#192=LINE('',#189,#191);
#193=EDGE_CURVE('',#183,#172,#192,.T.);
#194=ORIENTED_EDGE('',*,*,#193,.T.);
#195=EDGE_LOOP('',(#181,#188,#194));
#196=FACE_BOUND('',#195,.F.);
#197=ADVANCED_FACE('',(#196),#164,.T.);
#198=SHAPE_ASPECT('featured shape: face 3','',#43,.T.);
#199=PROPERTY_DEFINITION('','',#198);
#200=FACE_SHAPE_REPRESENTATION('',(#197),#34);
#201=SHAPE_DEFINITION_REPRESENTATION(#199,#200);
#202=CARTESIAN_POINT('',(-1.109920005262468,2.683000000000000,3.951257902898829));
#203=CARTESIAN_POINT('',(-1.112335531627806,2.681999456219207,3.951835567120007));
#204=VERTEX_POINT('',#202);
#205=VERTEX_POINT('',#203);
#206=CARTESIAN_POINT('',(-1.109920005262467,2.683000000000000,3.951257902898829));
#207=CARTESIAN_POINT('',(-1.110254655586634,2.682861559787715,3.951337831392659));
#208=CARTESIAN_POINT('',(-1.110991923788702,2.682556416986249,3.951514005671226));
#209=CARTESIAN_POINT('',(-1.111865038737380,2.682194588980396,3.951722907167807));
#210=CARTESIAN_POINT('',(-1.112335531627807,2.681999456219206,3.951835567120007));
#211=B_SPLINE_CURVE_WITH_KNOTS('',3,(#206,#207,#208,#209,#210),.HYPERBOLIC_ARC.,.F.,.F.,(4,1,4),(0.0,0.500000000000000,1.0),.PIECEWISE_BEZIER_KNOTS.);
#212=EDGE_CURVE('',#204,#205,#211,.T.);
#213=ORIENTED_EDGE('',*,*,#212,.T.);
#214=CARTESIAN_POINT('',(-1.111304657828772,2.682676776650849,2.000000064042276));
#215=VERTEX_POINT('',#214);
#216=DIRECTION('',(0.000618725425161,0.000256447662373,-0.999999775706697));
#217=VECTOR('',#216,1.951836004903751);
#218=LINE('',#203,#217);
#219=EDGE_CURVE('',#205,#215,#218,.T.);
#220=ORIENTED_EDGE('',*,*,#219,.T.);
#221=CARTESIAN_POINT('',(-1.111127881065827,2.682500000000000,2.0));
#222=DIRECTION('',(0.000619024030850,0.000256244900812,0.999999775573875));
#223=VECTOR('',#222,1.951258340812178);
#224=LINE('',#221,#223);
#225=EDGE_CURVE('',#215,#204,#224,.T.);
#226=ORIENTED_EDGE('',*,*,#225,.T.);
#227=EDGE_LOOP('',(#213,#220,#226));
#228=FACE_BOUND('',#227,.F.);
#229=ADVANCED_FACE('',(#228),#164,.T.);
#230=SHAPE_ASPECT('featured shape: face 4','',#43,.T.);
#231=PROPERTY_DEFINITION('','',#230);
#232=FACE_SHAPE_REPRESENTATION('',(#229),#34);
#233=SHAPE_DEFINITION_REPRESENTATION(#231,#232);
#234=CARTESIAN_POINT('',(-2.681999456219206,1.112335531627807,4.858081456520096));
#235=CARTESIAN_POINT('',(-2.683000000000000,1.109920005262468,4.859476061317357));
#236=VERTEX_POINT('',#234);
#237=VERTEX_POINT('',#235);
#238=CARTESIAN_POINT('',(-2.681999456219206,1.112335531627807,4.858081456520095));
#239=CARTESIAN_POINT('',(-2.682162707878919,1.111941908615570,4.858308714872170));
#240=CARTESIAN_POINT('',(-2.682492725075596,1.111145700440618,4.858768405876310));
#241=CARTESIAN_POINT('',(-2.682829745376428,1.110331560287045,4.859238449913132));
#242=CARTESIAN_POINT('',(-2.683000000000000,1.109920005262468,4.859476061317358));
#243=B_SPLINE_CURVE_WITH_KNOTS('',3,(#238,#239,#240,#241,#242),.HYPERBOLIC_ARC.,.F.,.F.,(4,1,4),(0.0,0.500000000000000,1.0),.PIECEWISE_BEZIER_KNOTS.);
#244=EDGE_CURVE('',#236,#237,#243,.T.);
#245=ORIENTED_EDGE('',*,*,#244,.T.);
#246=CARTESIAN_POINT('',(-2.682750000007644,1.111127881028897,2.000000043714301));
#247=VERTEX_POINT('',#246);
#248=DIRECTION('',(0.000174857189578,0.000422411536670,-0.999999895496723));
#249=VECTOR('',#248,2.859476360142008);
#250=LINE('',#235,#249);
#251=EDGE_CURVE('',#237,#247,#250,.T.);
#252=ORIENTED_EDGE('',*,*,#251,.T.);
#253=CARTESIAN_POINT('',(-2.682500000000000,1.111127881065828,2.0));
#254=DIRECTION('',(0.000175132772123,0.000422538844335,0.999999895394713));
#255=VECTOR('',#254,2.858081755490557);
#256=LINE('',#253,#255);
#257=EDGE_CURVE('',#247,#236,#256,.T.);
#258=ORIENTED_EDGE('',*,*,#257,.T.);
#259=EDGE_LOOP('',(#245,#252,#258));
#260=FACE_BOUND('',#259,.F.);
#261=ADVANCED_FACE('',(#260),#164,.T.);
#262=SHAPE_ASPECT('featured shape: face 5','',#43,.T.);
#263=PROPERTY_DEFINITION('','',#262);
#264=FACE_SHAPE_REPRESENTATION('',(#261),#34);
#265=SHAPE_DEFINITION_REPRESENTATION(#263,#264);
#266=CARTESIAN_POINT('',(1.110524015962941,-2.682875024743247,3.951257918914139));
#267=CARTESIAN_POINT('',(1.112335531627807,-2.681999456219207,3.951835567120007));
#268=VERTEX_POINT('',#266);
#269=VERTEX_POINT('',#267);
#270=CARTESIAN_POINT('',(1.110523943164147,-2.682750000000000,3.951402240466127));
#271=CARTESIAN_POINT('',(1.111026122360152,-2.682542123000308,3.951522258307857));
#272=CARTESIAN_POINT('',(1.111830191852690,-2.682209080800833,3.951714540311375));
#273=CARTESIAN_POINT('',(1.112233788688187,-2.682041653202718,3.951811204680217));
#274=CARTESIAN_POINT('',(1.112335531627806,-2.681999456219207,3.951835567120006));
#275=B_SPLINE_CURVE_WITH_KNOTS('',3,(#270,#271,#272,#273,#274),.HYPERBOLIC_ARC.,.F.,.F.,(4,1,4),(0.0,0.500000000000000,1.0),.PIECEWISE_BEZIER_KNOTS.);
#276=EDGE_CURVE('',#268,#269,#275,.T.);
#277=ORIENTED_EDGE('',*,*,#276,.T.);
#278=CARTESIAN_POINT('',(1.111304657828772,-2.682676776650849,2.000000064042276));
#279=VERTEX_POINT('',#278);
#280=DIRECTION('',(-0.000618725425161,-0.000256447662373,-0.999999775706697));
#281=VECTOR('',#280,1.951836004903751);
#282=LINE('',#267,#281);
#283=EDGE_CURVE('',#269,#279,#282,.T.);
#284=ORIENTED_EDGE('',*,*,#283,.T.);
#285=CARTESIAN_POINT('',(1.111127881065828,-2.682500000000000,2.0));
#286=DIRECTION('',(-0.000309474753799,-0.000128147831197,0.999999943901753));
#287=VECTOR('',#286,1.951402349936377);
#288=LINE('',#285,#287);
#289=EDGE_CURVE('',#279,#268,#288,.T.);
#290=ORIENTED_EDGE('',*,*,#289,.T.);
#291=EDGE_LOOP('',(#277,#284,#290));
#292=FACE_BOUND('',#291,.F.);
#293=ADVANCED_FACE('',(#292),#164,.T.);
#294=SHAPE_ASPECT('featured shape: face 6','',#43,.T.);
#295=PROPERTY_DEFINITION('','',#294);
#296=FACE_SHAPE_REPRESENTATION('',(#293),#34);
#297=SHAPE_DEFINITION_REPRESENTATION(#295,#296);
#298=CARTESIAN_POINT('',(2.681999456219207,-1.112335531627807,4.858081456520097));
#299=CARTESIAN_POINT('',(2.683000000000000,-1.109920005262467,4.859476061317358));
#300=VERTEX_POINT('',#298);
#301=VERTEX_POINT('',#299);
#302=CARTESIAN_POINT('',(2.681999456219206,-1.112335531627806,4.858081456520096));
#303=CARTESIAN_POINT('',(2.682164631105921,-1.111937271441240,4.858311392146017));
#304=CARTESIAN_POINT('',(2.682496567248374,-1.111136424759366,4.858773761193376));
#305=CARTESIAN_POINT('',(2.682831664268454,-1.110326921765997,4.859241127964508));
#306=CARTESIAN_POINT('',(2.683000000000000,-1.109920005262467,4.859476061317359));
#307=B_SPLINE_CURVE_WITH_KNOTS('',3,(#302,#303,#304,#305,#306),.HYPERBOLIC_ARC.,.F.,.F.,(4,1,4),(0.0,0.500000000000000,1.0),.PIECEWISE_BEZIER_KNOTS.);
#308=EDGE_CURVE('',#300,#301,#307,.T.);
#309=ORIENTED_EDGE('',*,*,#308,.T.);
#310=CARTESIAN_POINT('',(2.682750000007644,-1.111127881028897,2.000000043714301));
#311=VERTEX_POINT('',#310);
#312=DIRECTION('',(-0.000174857189578,-0.000422411536670,-0.999999895496723));
#313=VECTOR('',#312,2.859476360142009);
#314=LINE('',#299,#313);
#315=EDGE_CURVE('',#301,#311,#314,.T.);
#316=ORIENTED_EDGE('',*,*,#315,.T.);
#317=CARTESIAN_POINT('',(2.682500000000000,-1.111127881065828,2.0));
#318=DIRECTION('',(-0.000175132772123,-0.000422538844335,0.999999895394713));
#319=VECTOR('',#318,2.858081755490558);
#320=LINE('',#317,#319);
#321=EDGE_CURVE('',#311,#300,#320,.T.);
#322=ORIENTED_EDGE('',*,*,#321,.T.);
#323=EDGE_LOOP('',(#309,#316,#322));
#324=FACE_BOUND('',#323,.F.);
#325=ADVANCED_FACE('',(#324),#164,.T.);
#326=SHAPE_ASPECT('featured shape: face 7','',#43,.T.);
#327=PROPERTY_DEFINITION('','',#326);
#328=FACE_SHAPE_REPRESENTATION('',(#325),#34);
#329=SHAPE_DEFINITION_REPRESENTATION(#327,#328);
#330=CARTESIAN_POINT('',(-2.683000000000000,-1.109920005262468,4.859476061317359));
#331=CARTESIAN_POINT('',(-2.681999456219215,-1.112335531627788,4.858081456520106));
#332=VERTEX_POINT('',#330);
#333=VERTEX_POINT('',#331);
#334=CARTESIAN_POINT('',(-2.683000000000000,-1.109920005262468,4.859476061317358));
#335=CARTESIAN_POINT('',(-2.682825594138233,-1.110341595039120,4.859232656346321));
#336=CARTESIAN_POINT('',(-2.682484412976704,-1.111165766960940,4.858756820465400));
#337=CARTESIAN_POINT('',(-2.682158547262667,-1.111951940454176,4.858302922987449));
#338=CARTESIAN_POINT('',(-2.681999456219215,-1.112335531627789,4.858081456520106));
#339=B_SPLINE_CURVE_WITH_KNOTS('',3,(#334,#335,#336,#337,#338),.HYPERBOLIC_ARC.,.F.,.F.,(4,1,4),(0.0,0.500000000000000,1.0),.PIECEWISE_BEZIER_KNOTS.);
#340=EDGE_CURVE('',#332,#333,#339,.T.);
#341=ORIENTED_EDGE('',*,*,#340,.T.);
#342=CARTESIAN_POINT('',(-2.682676776674569,-1.111304657792664,2.000000043735631));
#343=VERTEX_POINT('',#342);
#344=CARTESIAN_POINT('',(-2.682500000000004,-1.111127881065819,2.0));
#345=DIRECTION('',(0.000175132772122,-0.000422538844331,0.999999895394713));
#346=VECTOR('',#345,2.858081755490568);
#347=LINE('',#344,#346);
#348=EDGE_CURVE('',#333,#343,#347,.F.);
#349=ORIENTED_EDGE('',*,*,#348,.T.);
#350=CARTESIAN_POINT('',(-2.682500000000004,-1.111127881065819,2.0));
#351=DIRECTION('',(-0.000174857189577,0.000422411536667,0.999999895496723));
#352=VECTOR('',#351,2.859476360142008);
#353=LINE('',#350,#352);
#354=EDGE_CURVE('',#343,#332,#353,.T.);
#355=ORIENTED_EDGE('',*,*,#354,.T.);
#356=EDGE_LOOP('',(#341,#349,#355));
#357=FACE_BOUND('',#356,.F.);
#358=ADVANCED_FACE('',(#357),#164,.T.);
#359=SHAPE_ASPECT('featured shape: face 8','',#43,.T.);
#360=PROPERTY_DEFINITION('','',#359);
#361=FACE_SHAPE_REPRESENTATION('',(#358),#34);
#362=SHAPE_DEFINITION_REPRESENTATION(#360,#361);
#363=CARTESIAN_POINT('',(-1.112335531627791,-2.681999456219213,3.951835567120003));
#364=CARTESIAN_POINT('',(-1.110524015962937,-2.682875024743248,3.951257918914139));
#365=VERTEX_POINT('',#363);
#366=VERTEX_POINT('',#364);
#367=CARTESIAN_POINT('',(-1.112335531627791,-2.681999456219213,3.951835567120003));
#368=CARTESIAN_POINT('',(-1.112233751724327,-2.682041668533151,3.951811195829188));
#369=CARTESIAN_POINT('',(-1.111830117918324,-2.682209111449747,3.951714522616217));
#370=CARTESIAN_POINT('',(-1.111026085383134,-2.682542138306939,3.951522249470570));
#371=CARTESIAN_POINT('',(-1.110523943164144,-2.682750000000002,3.951402240466126));
#372=B_SPLINE_CURVE_WITH_KNOTS('',3,(#367,#368,#369,#370,#371),.HYPERBOLIC_ARC.,.F.,.F.,(4,1,4),(0.0,0.500000000000000,1.0),.PIECEWISE_BEZIER_KNOTS.);
#373=EDGE_CURVE('',#365,#366,#372,.T.);
#374=ORIENTED_EDGE('',*,*,#373,.T.);
#375=CARTESIAN_POINT('',(-1.111127881045990,-2.682750000004107,2.000000032036959));
#376=VERTEX_POINT('',#375);
#377=CARTESIAN_POINT('',(-1.111127881065820,-2.682500000000003,2.0));
#378=DIRECTION('',(0.000309474753797,-0.000128147831196,0.999999943901754));
#379=VECTOR('',#378,1.951402349936376);
#380=LINE('',#377,#379);
#381=EDGE_CURVE('',#366,#376,#380,.F.);
#382=ORIENTED_EDGE('',*,*,#381,.T.);
#383=CARTESIAN_POINT('',(-1.111127881065820,-2.682500000000003,2.0));
#384=DIRECTION('',(-0.000618725425157,0.000256447662371,0.999999775706697));
#385=VECTOR('',#384,1.951836004903747);
#386=LINE('',#383,#385);
#387=EDGE_CURVE('',#376,#365,#386,.T.);
#388=ORIENTED_EDGE('',*,*,#387,.T.);
#389=EDGE_LOOP('',(#374,#382,#388));
#390=FACE_BOUND('',#389,.F.);
#391=ADVANCED_FACE('',(#390),#164,.T.);
#392=SHAPE_ASPECT('featured shape: face 9','',#43,.T.);
#393=PROPERTY_DEFINITION('','',#392);
#394=FACE_SHAPE_REPRESENTATION('',(#391),#34);
#395=SHAPE_DEFINITION_REPRESENTATION(#393,#394);
#396=CARTESIAN_POINT('',(-1.874050000000000,2.295049E-16,0.980950000000000));
#397=CARTESIAN_POINT('',(-3.013702E-16,-1.874050000000000,0.980950000000000));
#398=VERTEX_POINT('',#396);
#399=VERTEX_POINT('',#397);
#400=CARTESIAN_POINT('',(0.0,0.0,0.980950000000000));
#401=DIRECTION('',(0.0,0.0,-1.0));
#402=DIRECTION('',(-1.608123E-16,-1.0,0.0));
#403=AXIS2_PLACEMENT_3D('',#400,#401,#402);
#404=CIRCLE('',#403,1.874050000000000);
#405=EDGE_CURVE('',#398,#399,#404,.F.);
#406=ORIENTED_EDGE('',*,*,#405,.T.);
#407=CARTESIAN_POINT('',(1.874050000000000,0.0,0.980950000000000));
#408=VERTEX_POINT('',#407);
#409=CARTESIAN_POINT('',(0.0,0.0,0.980950000000000));
#410=DIRECTION('',(0.0,0.0,-1.0));
#411=DIRECTION('',(1.0,0.0,0.0));
#412=AXIS2_PLACEMENT_3D('',#409,#410,#411);
#413=CIRCLE('',#412,1.874050000000000);
#414=EDGE_CURVE('',#399,#408,#413,.F.);
#415=ORIENTED_EDGE('',*,*,#414,.T.);
#416=CARTESIAN_POINT('',(1.874050000000000,0.0,0.059000000000000));
#417=VERTEX_POINT('',#416);
#418=DIRECTION('',(0.0,0.0,1.0));
#419=VECTOR('',#418,0.921950000000000);
#420=LINE('',#416,#419);
#421=EDGE_CURVE('',#408,#417,#420,.F.);
#422=ORIENTED_EDGE('',*,*,#421,.T.);
#423=CARTESIAN_POINT('',(-1.874050000000000,4.437343E-30,0.059000000000000));
#424=VERTEX_POINT('',#423);
#425=CARTESIAN_POINT('',(0.0,0.0,0.059000000000000));
#426=DIRECTION('',(0.0,0.0,-1.0));
#427=DIRECTION('',(1.0,0.0,0.0));
#428=AXIS2_PLACEMENT_3D('',#425,#426,#427);
#429=CIRCLE('',#428,1.874050000000000);
#430=EDGE_CURVE('',#417,#424,#429,.T.);
#431=ORIENTED_EDGE('',*,*,#430,.T.);
#432=DIRECTION('',(0.0,0.0,1.0));
#433=VECTOR('',#432,0.921950000000000);
#434=LINE('',#423,#433);
#435=EDGE_CURVE('',#424,#398,#434,.T.);
#436=ORIENTED_EDGE('',*,*,#435,.T.);
#437=EDGE_LOOP('',(#406,#415,#422,#431,#436));
#438=FACE_BOUND('',#437,.F.);
#439=CARTESIAN_POINT('',(0.0,0.0,1.260000000000000));
#440=DIRECTION('',(0.0,0.0,-1.0));
#441=DIRECTION('',(1.0,0.0,0.0));
#442=AXIS2_PLACEMENT_3D('',#439,#440,#441);
#443=CYLINDRICAL_SURFACE('',#442,1.874050000000000);
#444=ADVANCED_FACE('',(#438),#443,.T.);
#445=SHAPE_ASPECT('featured shape: face 10','',#43,.T.);
#446=PROPERTY_DEFINITION('','',#445);
#447=FACE_SHAPE_REPRESENTATION('',(#444),#34);
#448=SHAPE_DEFINITION_REPRESENTATION(#446,#447);
#449=CARTESIAN_POINT('',(-1.936800000000000,0.0,1.200000000000000));
#450=CARTESIAN_POINT('',(1.936800000000000,0.0,1.200000000000000));
#451=VERTEX_POINT('',#449);
#452=VERTEX_POINT('',#450);
#453=CARTESIAN_POINT('',(0.0,0.0,1.200000000000000));
#454=DIRECTION('',(0.0,0.0,-1.0));
#455=DIRECTION('',(1.0,0.0,0.0));
#456=AXIS2_PLACEMENT_3D('',#453,#454,#455);
#457=CIRCLE('',#456,1.936800000000000);
#458=EDGE_CURVE('',#451,#452,#457,.F.);
#459=ORIENTED_EDGE('',*,*,#458,.T.);
#460=CARTESIAN_POINT('',(0.0,0.0,1.200000000000000));
#461=DIRECTION('',(0.0,0.0,-1.0));
#462=DIRECTION('',(-1.0,0.0,0.0));
#463=AXIS2_PLACEMENT_3D('',#460,#461,#462);
#464=CIRCLE('',#463,1.936800000000000);
#465=EDGE_CURVE('',#452,#451,#464,.F.);
#466=ORIENTED_EDGE('',*,*,#465,.T.);
#467=EDGE_LOOP('',(#459,#466));
#468=FACE_BOUND('',#467,.F.);
#469=CARTESIAN_POINT('',(0.0,1.855000000000000,1.200000000000000));
#470=CARTESIAN_POINT('',(0.0,-1.855000000000000,1.200000000000000));
#471=VERTEX_POINT('',#469);
#472=VERTEX_POINT('',#470);
#473=CARTESIAN_POINT('',(0.0,0.0,1.200000000000000));
#474=DIRECTION('',(0.0,0.0,-1.0));
#475=DIRECTION('',(0.0,1.0,0.0));
#476=AXIS2_PLACEMENT_3D('',#473,#474,#475);
#477=CIRCLE('',#476,1.855000000000000);
#478=EDGE_CURVE('',#471,#472,#477,.T.);
#479=ORIENTED_EDGE('',*,*,#478,.T.);
#480=CARTESIAN_POINT('',(0.0,0.0,1.200000000000000));
#481=DIRECTION('',(0.0,0.0,1.0));
#482=DIRECTION('',(0.0,1.0,0.0));
#483=AXIS2_PLACEMENT_3D('',#480,#481,#482);
#484=CIRCLE('',#483,1.855000000000000);
#485=EDGE_CURVE('',#472,#471,#484,.F.);
#486=ORIENTED_EDGE('',*,*,#485,.T.);
#487=EDGE_LOOP('',(#479,#486));
#488=FACE_BOUND('',#487,.F.);
#489=CARTESIAN_POINT('',(0.0,0.0,1.200000000000000));
#490=DIRECTION('',(0.0,0.0,-1.0));
#491=DIRECTION('',(1.0,0.0,0.0));
#492=AXIS2_PLACEMENT_3D('',#489,#490,#491);
#493=PLANE('',#492);
#494=ADVANCED_FACE('',(#468,#488),#493,.T.);
#495=SHAPE_ASPECT('featured shape: face 11','',#43,.T.);
#496=PROPERTY_DEFINITION('','',#495);
#497=FACE_SHAPE_REPRESENTATION('',(#494),#34);
#498=SHAPE_DEFINITION_REPRESENTATION(#496,#497);
#499=CARTESIAN_POINT('',(1.147525E-16,1.874050000000000,0.980950000000000));
#500=VERTEX_POINT('',#499);
#501=CARTESIAN_POINT('',(0.0,0.0,0.980950000000000));
#502=DIRECTION('',(0.0,0.0,-1.0));
#503=DIRECTION('',(-1.0,1.224647E-16,0.0));
#504=AXIS2_PLACEMENT_3D('',#501,#502,#503);
#505=CIRCLE('',#504,1.874050000000000);
#506=EDGE_CURVE('',#500,#398,#505,.F.);
#507=ORIENTED_EDGE('',*,*,#506,.T.);
#508=ORIENTED_EDGE('',*,*,#435,.F.);
#509=CARTESIAN_POINT('',(0.0,0.0,0.059000000000000));
#510=DIRECTION('',(0.0,0.0,-1.0));
#511=DIRECTION('',(-1.0,1.224647E-16,0.0));
#512=AXIS2_PLACEMENT_3D('',#509,#510,#511);
#513=CIRCLE('',#512,1.874050000000000);
#514=EDGE_CURVE('',#424,#417,#513,.T.);
#515=ORIENTED_EDGE('',*,*,#514,.T.);
#516=ORIENTED_EDGE('',*,*,#421,.F.);
#517=CARTESIAN_POINT('',(0.0,0.0,0.980950000000000));
#518=DIRECTION('',(0.0,0.0,-1.0));
#519=DIRECTION('',(6.123234E-17,1.0,0.0));
#520=AXIS2_PLACEMENT_3D('',#517,#518,#519);
#521=CIRCLE('',#520,1.874050000000000);
#522=EDGE_CURVE('',#408,#500,#521,.F.);
#523=ORIENTED_EDGE('',*,*,#522,.T.);
#524=EDGE_LOOP('',(#507,#508,#515,#516,#523));
#525=FACE_BOUND('',#524,.F.);
#526=CARTESIAN_POINT('',(0.0,0.0,1.260000000000000));
#527=DIRECTION('',(0.0,0.0,-1.0));
#528=DIRECTION('',(1.0,0.0,0.0));
#529=AXIS2_PLACEMENT_3D('',#526,#527,#528);
#530=CYLINDRICAL_SURFACE('',#529,1.874050000000000);
#531=ADVANCED_FACE('',(#525),#530,.T.);
#532=SHAPE_ASPECT('featured shape: face 12','',#43,.T.);
#533=PROPERTY_DEFINITION('','',#532);
#534=FACE_SHAPE_REPRESENTATION('',(#531),#34);
#535=SHAPE_DEFINITION_REPRESENTATION(#533,#534);
#536=CARTESIAN_POINT('',(1.936800000000000,0.0,1.707500000000000));
#537=CARTESIAN_POINT('',(-1.936800000000000,-2.371896E-16,1.707500000000000));
#538=VERTEX_POINT('',#536);
#539=VERTEX_POINT('',#537);
#540=CARTESIAN_POINT('',(0.0,0.0,1.707500000000000));
#541=DIRECTION('',(0.0,0.0,-1.0));
#542=DIRECTION('',(1.0,0.0,0.0));
#543=AXIS2_PLACEMENT_3D('',#540,#541,#542);
#544=CIRCLE('',#543,1.936800000000000);
#545=EDGE_CURVE('',#538,#539,#544,.T.);
#546=ORIENTED_EDGE('',*,*,#545,.T.);
#547=CARTESIAN_POINT('',(-1.936800000000000,2.371896E-16,1.990000000000000));
#548=VERTEX_POINT('',#547);
#549=DIRECTION('',(0.0,0.0,1.0));
#550=VECTOR('',#549,0.282500000000000);
#551=LINE('',#537,#550);
#552=EDGE_CURVE('',#539,#548,#551,.T.);
#553=ORIENTED_EDGE('',*,*,#552,.T.);
#554=CARTESIAN_POINT('',(1.936800000000000,0.0,1.990000000000000));
#555=VERTEX_POINT('',#554);
#556=CARTESIAN_POINT('',(0.0,0.0,1.990000000000000));
#557=DIRECTION('',(0.0,0.0,-1.0));
#558=DIRECTION('',(1.0,0.0,0.0));
#559=AXIS2_PLACEMENT_3D('',#556,#557,#558);
#560=CIRCLE('',#559,1.936800000000000);
#561=EDGE_CURVE('',#548,#555,#560,.F.);
#562=ORIENTED_EDGE('',*,*,#561,.T.);
#563=DIRECTION('',(0.0,0.0,1.0));
#564=VECTOR('',#563,0.282500000000000);
#565=LINE('',#536,#564);
#566=EDGE_CURVE('',#555,#538,#565,.F.);
#567=ORIENTED_EDGE('',*,*,#566,.T.);
#568=EDGE_LOOP('',(#546,#553,#562,#567));
#569=FACE_BOUND('',#568,.F.);
#570=CARTESIAN_POINT('',(0.0,0.0,2.100000000000000));
#571=DIRECTION('',(0.0,0.0,-1.0));
#572=DIRECTION('',(1.0,0.0,0.0));
#573=AXIS2_PLACEMENT_3D('',#570,#571,#572);
#574=CYLINDRICAL_SURFACE('',#573,1.936800000000000);
#575=ADVANCED_FACE('',(#569),#574,.T.);
#576=SHAPE_ASPECT('featured shape: face 13','',#43,.T.);
#577=PROPERTY_DEFINITION('','',#576);
#578=FACE_SHAPE_REPRESENTATION('',(#575),#34);
#579=SHAPE_DEFINITION_REPRESENTATION(#577,#578);
#580=CARTESIAN_POINT('',(-1.936800000000000,2.371896E-16,1.416499999999999));
#581=CARTESIAN_POINT('',(1.936800000000000,0.0,1.416499999999999));
#582=VERTEX_POINT('',#580);
#583=VERTEX_POINT('',#581);
#584=CARTESIAN_POINT('',(0.0,0.0,1.416499999999999));
#585=DIRECTION('',(0.0,0.0,1.0));
#586=DIRECTION('',(-1.0,-1.224647E-16,0.0));
#587=AXIS2_PLACEMENT_3D('',#584,#585,#586);
#588=CIRCLE('',#587,1.936800000000000);
#589=EDGE_CURVE('',#582,#583,#588,.T.);
#590=ORIENTED_EDGE('',*,*,#589,.T.);
#591=DIRECTION('',(0.0,0.0,1.0));
#592=VECTOR('',#591,0.216499999999999);
#593=LINE('',#450,#592);
#594=EDGE_CURVE('',#583,#452,#593,.F.);
#595=ORIENTED_EDGE('',*,*,#594,.T.);
#596=ORIENTED_EDGE('',*,*,#458,.F.);
#597=DIRECTION('',(0.0,0.0,1.0));
#598=VECTOR('',#597,0.216499999999999);
#599=LINE('',#449,#598);
#600=EDGE_CURVE('',#451,#582,#599,.T.);
#601=ORIENTED_EDGE('',*,*,#600,.T.);
#602=EDGE_LOOP('',(#590,#595,#596,#601));
#603=FACE_BOUND('',#602,.F.);
#604=ADVANCED_FACE('',(#603),#574,.T.);
#605=SHAPE_ASPECT('featured shape: face 14','',#43,.T.);
#606=PROPERTY_DEFINITION('','',#605);
#607=FACE_SHAPE_REPRESENTATION('',(#604),#34);
#608=SHAPE_DEFINITION_REPRESENTATION(#606,#607);
#613=(LENGTH_MEASURE_WITH_UNIT()MEASURE_REPRESENTATION_ITEM()MEASURE_WITH_UNIT(LENGTH_MEASURE(63.0),#122)REPRESENTATION_ITEM('surface finish'));
#614=REPRESENTATION('surface finish value',(#613),#34);
#615=PROPERTY_DEFINITION('surface property','surface finish',#576);
#616=PROPERTY_DEFINITION('surface property','surface finish',#576);
#617=PROPERTY_DEFINITION_REPRESENTATION(#616,#614);
#618=PROPERTY_DEFINITION_RELATIONSHIP('','',#615,#616);
#619=PROPERTY_DEFINITION('surface property','surface finish',#605);
#620=PROPERTY_DEFINITION('surface property','surface finish',#605);
#621=PROPERTY_DEFINITION_REPRESENTATION(#620,#614);
#622=PROPERTY_DEFINITION_RELATIONSHIP('','',#619,#620);
#623=CARTESIAN_POINT('',(1.946800000000000,0.0,2.0));
#624=VERTEX_POINT('',#623);
#625=CARTESIAN_POINT('',(1.946800000000000,0.0,1.990000000000000));
#626=DIRECTION('',(0.0,1.0,0.0));
#627=DIRECTION('',(-1.0,0.0,0.0));
#628=AXIS2_PLACEMENT_3D('',#625,#626,#627);
#629=CIRCLE('',#628,0.010000000000000);
#630=EDGE_CURVE('',#624,#555,#629,.F.);
#631=ORIENTED_EDGE('',*,*,#630,.T.);
#632=ORIENTED_EDGE('',*,*,#561,.F.);
#633=CARTESIAN_POINT('',(-1.946800000000000,2.384142E-16,2.0));
#634=VERTEX_POINT('',#633);
#635=CARTESIAN_POINT('',(-1.946800000000000,2.384142E-16,1.990000000000000));
#636=DIRECTION('',(-1.224647E-16,-1.0,0.0));
#637=DIRECTION('',(1.0,-1.224647E-16,0.0));
#638=AXIS2_PLACEMENT_3D('',#635,#636,#637);
#639=CIRCLE('',#638,0.010000000000000);
#640=EDGE_CURVE('',#548,#634,#639,.T.);
#641=ORIENTED_EDGE('',*,*,#640,.T.);
#642=CARTESIAN_POINT('',(0.0,0.0,2.0));
#643=DIRECTION('',(0.0,0.0,-1.0));
#644=DIRECTION('',(1.0,0.0,0.0));
#645=AXIS2_PLACEMENT_3D('',#642,#643,#644);
#646=CIRCLE('',#645,1.946800000000000);
#647=EDGE_CURVE('',#634,#624,#646,.F.);
#648=ORIENTED_EDGE('',*,*,#647,.T.);
#649=EDGE_LOOP('',(#631,#632,#641,#648));
#650=FACE_BOUND('',#649,.F.);
#651=CARTESIAN_POINT('',(0.0,0.0,1.990000000000000));
#652=DIRECTION('',(0.0,0.0,-1.0));
#653=DIRECTION('',(1.0,0.0,0.0));
#654=AXIS2_PLACEMENT_3D('',#651,#652,#653);
#655=TOROIDAL_SURFACE('',#654,1.946800000000000,0.010000000000000);
#656=ADVANCED_FACE('',(#650),#655,.F.);
#657=SHAPE_ASPECT('featured shape: face 15','',#43,.T.);
#658=PROPERTY_DEFINITION('','',#657);
#659=FACE_SHAPE_REPRESENTATION('',(#656),#34);
#660=SHAPE_DEFINITION_REPRESENTATION(#658,#659);
#661=CARTESIAN_POINT('',(-1.111334987847004,-2.683000000000000,2.0));
#662=DIRECTION('',(-0.707106781186548,0.707106781186548,0.0));
#663=VECTOR('',#662,2.222669975694042);
#664=LINE('',#661,#663);
#665=EDGE_CURVE('',#343,#376,#664,.F.);
#666=ORIENTED_EDGE('',*,*,#665,.T.);
#667=CARTESIAN_POINT('',(1.111334987847013,-2.683000000000000,2.0));
#668=DIRECTION('',(-1.0,0.0,0.0));
#669=VECTOR('',#668,2.222669975694017);
#670=LINE('',#667,#669);
#671=EDGE_CURVE('',#376,#279,#670,.F.);
#672=ORIENTED_EDGE('',*,*,#671,.T.);
#673=CARTESIAN_POINT('',(2.683000000000000,-1.111334987847014,2.0));
#674=DIRECTION('',(-0.707106781186548,-0.707106781186547,0.0));
#675=VECTOR('',#674,2.222669975694028);
#676=LINE('',#673,#675);
#677=EDGE_CURVE('',#279,#311,#676,.F.);
#678=ORIENTED_EDGE('',*,*,#677,.T.);
#679=CARTESIAN_POINT('',(2.683000000000000,1.111334987847014,2.0));
#680=DIRECTION('',(0.0,-1.0,0.0));
#681=VECTOR('',#680,2.222669975694028);
#682=LINE('',#679,#681);
#683=EDGE_CURVE('',#311,#146,#682,.F.);
#684=ORIENTED_EDGE('',*,*,#683,.T.);
#685=CARTESIAN_POINT('',(1.111334987847014,2.682999999999999,2.0));
#686=DIRECTION('',(0.707106781186548,-0.707106781186547,0.0));
#687=VECTOR('',#686,2.222669975694027);
#688=LINE('',#685,#687);
#689=EDGE_CURVE('',#146,#183,#688,.F.);
#690=ORIENTED_EDGE('',*,*,#689,.T.);
#691=CARTESIAN_POINT('',(-1.111334987847013,2.683000000000000,2.0));
#692=DIRECTION('',(1.0,-1.997999E-16,0.0));
#693=VECTOR('',#692,2.222669975694028);
#694=LINE('',#691,#693);
#695=EDGE_CURVE('',#183,#215,#694,.F.);
#696=ORIENTED_EDGE('',*,*,#695,.T.);
#697=CARTESIAN_POINT('',(-2.683000000000000,1.111334987847014,2.0));
#698=DIRECTION('',(0.707106781186548,0.707106781186547,0.0));
#699=VECTOR('',#698,2.222669975694028);
#700=LINE('',#697,#699);
#701=EDGE_CURVE('',#215,#247,#700,.F.);
#702=ORIENTED_EDGE('',*,*,#701,.T.);
#703=CARTESIAN_POINT('',(-2.683000000000000,-1.111334987847004,2.0));
#704=DIRECTION('',(0.0,1.0,0.0));
#705=VECTOR('',#704,2.222669975694017);
#706=LINE('',#703,#705);
#707=EDGE_CURVE('',#247,#343,#706,.F.);
#708=ORIENTED_EDGE('',*,*,#707,.T.);
#709=EDGE_LOOP('',(#666,#672,#678,#684,#690,#696,#702,#708));
#710=FACE_BOUND('',#709,.F.);
#711=ORIENTED_EDGE('',*,*,#647,.F.);
#712=CARTESIAN_POINT('',(0.0,0.0,2.0));
#713=DIRECTION('',(0.0,0.0,1.0));
#714=DIRECTION('',(1.0,0.0,0.0));
#715=AXIS2_PLACEMENT_3D('',#712,#713,#714);
#716=CIRCLE('',#715,1.946800000000000);
#717=EDGE_CURVE('',#634,#624,#716,.F.);
#718=ORIENTED_EDGE('',*,*,#717,.T.);
#719=EDGE_LOOP('',(#711,#718));
#720=FACE_BOUND('',#719,.F.);
#721=CARTESIAN_POINT('',(0.0,0.0,2.0));
#722=DIRECTION('',(0.0,0.0,-1.0));
#723=DIRECTION('',(1.0,0.0,0.0));
#724=AXIS2_PLACEMENT_3D('',#721,#722,#723);
#725=PLANE('',#724);
#726=ADVANCED_FACE('',(#710,#720),#725,.T.);
#727=SHAPE_ASPECT('featured shape: face 16','',#43,.T.);
#728=PROPERTY_DEFINITION('','',#727);
#729=FACE_SHAPE_REPRESENTATION('',(#726),#34);
#730=SHAPE_DEFINITION_REPRESENTATION(#728,#729);
#735=(LENGTH_MEASURE_WITH_UNIT()MEASURE_REPRESENTATION_ITEM()MEASURE_WITH_UNIT(LENGTH_MEASURE(63.0),#122)REPRESENTATION_ITEM('surface finish'));
#736=REPRESENTATION('surface finish value',(#735),#34);
#737=PROPERTY_DEFINITION('surface property','surface finish',#727);
#738=PROPERTY_DEFINITION('surface property','surface finish',#727);
#739=PROPERTY_DEFINITION_REPRESENTATION(#738,#736);
#740=PROPERTY_DEFINITION_RELATIONSHIP('','',#737,#738);
#741=CARTESIAN_POINT('',(0.0,0.0,1.707500000000000));
#742=DIRECTION('',(0.0,0.0,-1.0));
#743=DIRECTION('',(-1.0,1.224647E-16,0.0));
#744=AXIS2_PLACEMENT_3D('',#741,#742,#743);
#745=CIRCLE('',#744,1.936800000000000);
#746=EDGE_CURVE('',#539,#538,#745,.T.);
#747=ORIENTED_EDGE('',*,*,#746,.T.);
#748=ORIENTED_EDGE('',*,*,#566,.F.);
#749=CARTESIAN_POINT('',(0.0,0.0,1.990000000000000));
#750=DIRECTION('',(0.0,0.0,1.0));
#751=DIRECTION('',(1.0,0.0,0.0));
#752=AXIS2_PLACEMENT_3D('',#749,#750,#751);
#753=CIRCLE('',#752,1.936800000000000);
#754=EDGE_CURVE('',#555,#548,#753,.T.);
#755=ORIENTED_EDGE('',*,*,#754,.T.);
#756=ORIENTED_EDGE('',*,*,#552,.F.);
#757=EDGE_LOOP('',(#747,#748,#755,#756));
#758=FACE_BOUND('',#757,.F.);
#759=CARTESIAN_POINT('',(0.0,0.0,2.100000000000000));
#760=DIRECTION('',(0.0,0.0,-1.0));
#761=DIRECTION('',(1.0,0.0,0.0));
#762=AXIS2_PLACEMENT_3D('',#759,#760,#761);
#763=CYLINDRICAL_SURFACE('',#762,1.936800000000000);
#764=ADVANCED_FACE('',(#758),#763,.T.);
#765=SHAPE_ASPECT('featured shape: face 17','',#43,.T.);
#766=PROPERTY_DEFINITION('','',#765);
#767=FACE_SHAPE_REPRESENTATION('',(#764),#34);
#768=SHAPE_DEFINITION_REPRESENTATION(#766,#767);
#769=CARTESIAN_POINT('',(0.0,0.0,1.416499999999999));
#770=DIRECTION('',(0.0,0.0,1.0));
#771=DIRECTION('',(1.0,0.0,0.0));
#772=AXIS2_PLACEMENT_3D('',#769,#770,#771);
#773=CIRCLE('',#772,1.936800000000000);
#774=EDGE_CURVE('',#583,#582,#773,.T.);
#775=ORIENTED_EDGE('',*,*,#774,.T.);
#776=ORIENTED_EDGE('',*,*,#600,.F.);
#777=ORIENTED_EDGE('',*,*,#465,.F.);
#778=ORIENTED_EDGE('',*,*,#594,.F.);
#779=EDGE_LOOP('',(#775,#776,#777,#778));
#780=FACE_BOUND('',#779,.F.);
#781=ADVANCED_FACE('',(#780),#763,.T.);
#782=SHAPE_ASPECT('featured shape: face 18','',#43,.T.);
#783=PROPERTY_DEFINITION('','',#782);
#784=FACE_SHAPE_REPRESENTATION('',(#781),#34);
#785=SHAPE_DEFINITION_REPRESENTATION(#783,#784);
#790=(LENGTH_MEASURE_WITH_UNIT()MEASURE_REPRESENTATION_ITEM()MEASURE_WITH_UNIT(LENGTH_MEASURE(63.0),#122)REPRESENTATION_ITEM('surface finish'));
#791=REPRESENTATION('surface finish value',(#790),#34);
#792=PROPERTY_DEFINITION('surface property','surface finish',#765);
#793=PROPERTY_DEFINITION('surface property','surface finish',#765);
#794=PROPERTY_DEFINITION_REPRESENTATION(#793,#791);
#795=PROPERTY_DEFINITION_RELATIONSHIP('','',#792,#793);
#796=PROPERTY_DEFINITION('surface property','surface finish',#782);
#797=PROPERTY_DEFINITION('surface property','surface finish',#782);
#798=PROPERTY_DEFINITION_REPRESENTATION(#797,#791);
#799=PROPERTY_DEFINITION_RELATIONSHIP('','',#796,#797);
#800=ORIENTED_EDGE('',*,*,#630,.F.);
#801=ORIENTED_EDGE('',*,*,#717,.F.);
#802=ORIENTED_EDGE('',*,*,#640,.F.);
#803=ORIENTED_EDGE('',*,*,#754,.F.);
#804=EDGE_LOOP('',(#800,#801,#802,#803));
#805=FACE_BOUND('',#804,.F.);
#806=CARTESIAN_POINT('',(0.0,0.0,1.990000000000000));
#807=DIRECTION('',(0.0,0.0,-1.0));
#808=DIRECTION('',(1.0,0.0,0.0));
#809=AXIS2_PLACEMENT_3D('',#806,#807,#808);
#810=TOROIDAL_SURFACE('',#809,1.946800000000000,0.010000000000000);
#811=ADVANCED_FACE('',(#805),#810,.F.);
#812=SHAPE_ASPECT('featured shape: face 19','',#43,.T.);
#813=PROPERTY_DEFINITION('','',#812);
#814=FACE_SHAPE_REPRESENTATION('',(#811),#34);
#815=SHAPE_DEFINITION_REPRESENTATION(#813,#814);
#816=CARTESIAN_POINT('',(0.0,1.815000000000000,1.160000000000000));
#817=VERTEX_POINT('',#816);
#818=CARTESIAN_POINT('',(0.0,1.855000000000000,1.160000000000000));
#819=DIRECTION('',(1.0,0.0,0.0));
#820=DIRECTION('',(0.0,0.0,1.0));
#821=AXIS2_PLACEMENT_3D('',#818,#819,#820);
#822=CIRCLE('',#821,0.040000000000000);
#823=EDGE_CURVE('',#817,#471,#822,.F.);
#824=ORIENTED_EDGE('',*,*,#823,.T.);
#825=ORIENTED_EDGE('',*,*,#485,.F.);
#826=CARTESIAN_POINT('',(2.222734E-16,-1.815000000000000,1.160000000000000));
#827=VERTEX_POINT('',#826);
#828=CARTESIAN_POINT('',(2.271720E-16,-1.855000000000000,1.160000000000000));
#829=DIRECTION('',(-1.0,-1.224647E-16,0.0));
#830=DIRECTION('',(0.0,0.0,1.0));
#831=AXIS2_PLACEMENT_3D('',#828,#829,#830);
#832=CIRCLE('',#831,0.040000000000000);
#833=EDGE_CURVE('',#472,#827,#832,.T.);
#834=ORIENTED_EDGE('',*,*,#833,.T.);
#835=CARTESIAN_POINT('',(0.0,0.0,1.160000000000000));
#836=DIRECTION('',(0.0,0.0,1.0));
#837=DIRECTION('',(0.0,1.0,0.0));
#838=AXIS2_PLACEMENT_3D('',#835,#836,#837);
#839=CIRCLE('',#838,1.815000000000000);
#840=EDGE_CURVE('',#827,#817,#839,.F.);
#841=ORIENTED_EDGE('',*,*,#840,.T.);
#842=EDGE_LOOP('',(#824,#825,#834,#841));
#843=FACE_BOUND('',#842,.F.);
#844=CARTESIAN_POINT('',(0.0,0.0,1.160000000000000));
#845=DIRECTION('',(0.0,0.0,1.0));
#846=DIRECTION('',(0.0,1.0,0.0));
#847=AXIS2_PLACEMENT_3D('',#844,#845,#846);
#848=TOROIDAL_SURFACE('',#847,1.855000000000000,0.040000000000000);
#849=ADVANCED_FACE('',(#843),#848,.F.);
#850=SHAPE_ASPECT('featured shape: face 20','',#43,.T.);
#851=PROPERTY_DEFINITION('','',#850);
#852=FACE_SHAPE_REPRESENTATION('',(#849),#34);
#853=SHAPE_DEFINITION_REPRESENTATION(#851,#852);
#854=CARTESIAN_POINT('',(0.0,1.815000000000000,1.056568542494924));
#855=VERTEX_POINT('',#854);
#856=DIRECTION('',(0.0,0.0,-1.0));
#857=VECTOR('',#856,0.103431457505076);
#858=LINE('',#816,#857);
#859=EDGE_CURVE('',#855,#817,#858,.F.);
#860=ORIENTED_EDGE('',*,*,#859,.T.);
#861=ORIENTED_EDGE('',*,*,#840,.F.);
#862=CARTESIAN_POINT('',(2.222734E-16,-1.815000000000000,1.056568542494924));
#863=VERTEX_POINT('',#862);
#864=DIRECTION('',(0.0,0.0,-1.0));
#865=VECTOR('',#864,0.103431457505076);
#866=LINE('',#826,#865);
#867=EDGE_CURVE('',#827,#863,#866,.T.);
#868=ORIENTED_EDGE('',*,*,#867,.T.);
#869=CARTESIAN_POINT('',(0.0,0.0,1.056568542494924));
#870=DIRECTION('',(0.0,0.0,1.0));
#871=DIRECTION('',(0.0,1.0,0.0));
#872=AXIS2_PLACEMENT_3D('',#869,#870,#871);
#873=CIRCLE('',#872,1.815000000000000);
#874=EDGE_CURVE('',#863,#855,#873,.F.);
#875=ORIENTED_EDGE('',*,*,#874,.T.);
#876=EDGE_LOOP('',(#860,#861,#868,#875));
#877=FACE_BOUND('',#876,.F.);
#878=CARTESIAN_POINT('',(0.0,0.0,0.969997500000000));
#879=DIRECTION('',(0.0,0.0,1.0));
#880=DIRECTION('',(0.0,1.0,0.0));
#881=AXIS2_PLACEMENT_3D('',#878,#879,#880);
#882=CYLINDRICAL_SURFACE('',#881,1.815000000000000);
#883=ADVANCED_FACE('',(#877),#882,.T.);
#884=SHAPE_ASPECT('featured shape: face 21','',#43,.T.);
#885=PROPERTY_DEFINITION('','',#884);
#886=FACE_SHAPE_REPRESENTATION('',(#883),#34);
#887=SHAPE_DEFINITION_REPRESENTATION(#885,#886);
#888=CARTESIAN_POINT('',(0.0,1.826715728752538,1.028284271247462));
#889=VERTEX_POINT('',#888);
#890=CARTESIAN_POINT('',(0.0,1.855000000000000,1.056568542494924));
#891=DIRECTION('',(1.0,0.0,0.0));
#892=DIRECTION('',(0.0,-1.0,0.0));
#893=AXIS2_PLACEMENT_3D('',#890,#891,#892);
#894=CIRCLE('',#893,0.040000000000000);
#895=EDGE_CURVE('',#889,#855,#894,.F.);
#896=ORIENTED_EDGE('',*,*,#895,.T.);
#897=ORIENTED_EDGE('',*,*,#874,.F.);
#898=CARTESIAN_POINT('',(2.237082E-16,-1.826715728752538,1.028284271247462));
#899=VERTEX_POINT('',#898);
#900=CARTESIAN_POINT('',(2.271720E-16,-1.855000000000000,1.056568542494924));
#901=DIRECTION('',(-1.0,-1.224647E-16,0.0));
#902=DIRECTION('',(-1.224647E-16,1.0,0.0));
#903=AXIS2_PLACEMENT_3D('',#900,#901,#902);
#904=CIRCLE('',#903,0.040000000000000);
#905=EDGE_CURVE('',#863,#899,#904,.T.);
#906=ORIENTED_EDGE('',*,*,#905,.T.);
#907=CARTESIAN_POINT('',(0.0,0.0,1.028284271247462));
#908=DIRECTION('',(0.0,0.0,1.0));
#909=DIRECTION('',(0.0,1.0,0.0));
#910=AXIS2_PLACEMENT_3D('',#907,#908,#909);
#911=CIRCLE('',#910,1.826715728752538);
#912=EDGE_CURVE('',#899,#889,#911,.F.);
#913=ORIENTED_EDGE('',*,*,#912,.T.);
#914=EDGE_LOOP('',(#896,#897,#906,#913));
#915=FACE_BOUND('',#914,.F.);
#916=CARTESIAN_POINT('',(0.0,0.0,1.056568542494924));
#917=DIRECTION('',(0.0,0.0,1.0));
#918=DIRECTION('',(0.0,1.0,0.0));
#919=AXIS2_PLACEMENT_3D('',#916,#917,#918);
#920=TOROIDAL_SURFACE('',#919,1.855000000000000,0.040000000000000);
#921=ADVANCED_FACE('',(#915),#920,.F.);
#922=SHAPE_ASPECT('featured shape: face 22','',#43,.T.);
#923=PROPERTY_DEFINITION('','',#922);
#924=FACE_SHAPE_REPRESENTATION('',(#921),#34);
#925=SHAPE_DEFINITION_REPRESENTATION(#923,#924);
#926=ORIENTED_EDGE('',*,*,#405,.F.);
#927=ORIENTED_EDGE('',*,*,#506,.F.);
#928=DIRECTION('',(0.0,0.707106781186546,-0.707106781186549));
#929=VECTOR('',#928,0.066940768363208);
#930=LINE('',#888,#929);
#931=EDGE_CURVE('',#500,#889,#930,.F.);
#932=ORIENTED_EDGE('',*,*,#931,.T.);
#933=ORIENTED_EDGE('',*,*,#912,.F.);
#934=DIRECTION('',(8.659561E-17,-0.707106781186546,-0.707106781186549));
#935=VECTOR('',#934,0.066940768363208);
#936=LINE('',#898,#935);
#937=EDGE_CURVE('',#899,#399,#936,.T.);
#938=ORIENTED_EDGE('',*,*,#937,.T.);
#939=EDGE_LOOP('',(#926,#927,#932,#933,#938));
#940=FACE_BOUND('',#939,.F.);
#941=CARTESIAN_POINT('',(0.0,0.0,0.980950000000000));
#942=DIRECTION('',(0.0,0.0,-1.0));
#943=DIRECTION('',(0.0,-1.0,0.0));
#944=AXIS2_PLACEMENT_3D('',#941,#942,#943);
#945=CONICAL_SURFACE('',#944,1.874050000000000,44.999999999999865);
#946=ADVANCED_FACE('',(#940),#945,.T.);
#947=SHAPE_ASPECT('featured shape: face 23','',#43,.T.);
#948=PROPERTY_DEFINITION('','',#947);
#949=FACE_SHAPE_REPRESENTATION('',(#946),#34);
#950=SHAPE_DEFINITION_REPRESENTATION(#948,#949);
#951=ORIENTED_EDGE('',*,*,#823,.F.);
#952=CARTESIAN_POINT('',(0.0,0.0,1.160000000000000));
#953=DIRECTION('',(0.0,0.0,-1.0));
#954=DIRECTION('',(0.0,1.0,0.0));
#955=AXIS2_PLACEMENT_3D('',#952,#953,#954);
#956=CIRCLE('',#955,1.815000000000000);
#957=EDGE_CURVE('',#817,#827,#956,.T.);
#958=ORIENTED_EDGE('',*,*,#957,.T.);
#959=ORIENTED_EDGE('',*,*,#833,.F.);
#960=ORIENTED_EDGE('',*,*,#478,.F.);
#961=EDGE_LOOP('',(#951,#958,#959,#960));
#962=FACE_BOUND('',#961,.F.);
#963=CARTESIAN_POINT('',(0.0,0.0,1.160000000000000));
#964=DIRECTION('',(0.0,0.0,1.0));
#965=DIRECTION('',(0.0,1.0,0.0));
#966=AXIS2_PLACEMENT_3D('',#963,#964,#965);
#967=TOROIDAL_SURFACE('',#966,1.855000000000000,0.040000000000000);
#968=ADVANCED_FACE('',(#962),#967,.F.);
#969=SHAPE_ASPECT('featured shape: face 24','',#43,.T.);
#970=PROPERTY_DEFINITION('','',#969);
#971=FACE_SHAPE_REPRESENTATION('',(#968),#34);
#972=SHAPE_DEFINITION_REPRESENTATION(#970,#971);
#973=ORIENTED_EDGE('',*,*,#859,.F.);
#974=CARTESIAN_POINT('',(0.0,0.0,1.056568542494924));
#975=DIRECTION('',(0.0,0.0,-1.0));
#976=DIRECTION('',(0.0,1.0,0.0));
#977=AXIS2_PLACEMENT_3D('',#974,#975,#976);
#978=CIRCLE('',#977,1.815000000000000);
#979=EDGE_CURVE('',#855,#863,#978,.T.);
#980=ORIENTED_EDGE('',*,*,#979,.T.);
#981=ORIENTED_EDGE('',*,*,#867,.F.);
#982=ORIENTED_EDGE('',*,*,#957,.F.);
#983=EDGE_LOOP('',(#973,#980,#981,#982));
#984=FACE_BOUND('',#983,.F.);
#985=CARTESIAN_POINT('',(0.0,0.0,0.969997500000000));
#986=DIRECTION('',(0.0,0.0,1.0));
#987=DIRECTION('',(0.0,1.0,0.0));
#988=AXIS2_PLACEMENT_3D('',#985,#986,#987);
#989=CYLINDRICAL_SURFACE('',#988,1.815000000000000);
#990=ADVANCED_FACE('',(#984),#989,.T.);
#991=SHAPE_ASPECT('featured shape: face 25','',#43,.T.);
#992=PROPERTY_DEFINITION('','',#991);
#993=FACE_SHAPE_REPRESENTATION('',(#990),#34);
#994=SHAPE_DEFINITION_REPRESENTATION(#992,#993);
#995=ORIENTED_EDGE('',*,*,#895,.F.);
#996=CARTESIAN_POINT('',(0.0,0.0,1.028284271247462));
#997=DIRECTION('',(0.0,0.0,-1.0));
#998=DIRECTION('',(0.0,1.0,0.0));
#999=AXIS2_PLACEMENT_3D('',#996,#997,#998);
#1000=CIRCLE('',#999,1.826715728752538);
#1001=EDGE_CURVE('',#889,#899,#1000,.T.);
#1002=ORIENTED_EDGE('',*,*,#1001,.T.);
#1003=ORIENTED_EDGE('',*,*,#905,.F.);
#1004=ORIENTED_EDGE('',*,*,#979,.F.);
#1005=EDGE_LOOP('',(#995,#1002,#1003,#1004));
#1006=FACE_BOUND('',#1005,.F.);
#1007=CARTESIAN_POINT('',(0.0,0.0,1.056568542494924));
#1008=DIRECTION('',(0.0,0.0,1.0));
#1009=DIRECTION('',(0.0,1.0,0.0));
#1010=AXIS2_PLACEMENT_3D('',#1007,#1008,#1009);
#1011=TOROIDAL_SURFACE('',#1010,1.855000000000000,0.040000000000000);
#1012=ADVANCED_FACE('',(#1006),#1011,.F.);
#1013=SHAPE_ASPECT('featured shape: face 26','',#43,.T.);
#1014=PROPERTY_DEFINITION('','',#1013);
#1015=FACE_SHAPE_REPRESENTATION('',(#1012),#34);
#1016=SHAPE_DEFINITION_REPRESENTATION(#1014,#1015);
#1017=ORIENTED_EDGE('',*,*,#414,.F.);
#1018=ORIENTED_EDGE('',*,*,#937,.F.);
#1019=ORIENTED_EDGE('',*,*,#1001,.F.);
#1020=ORIENTED_EDGE('',*,*,#931,.F.);
#1021=ORIENTED_EDGE('',*,*,#522,.F.);
#1022=EDGE_LOOP('',(#1017,#1018,#1019,#1020,#1021));
#1023=FACE_BOUND('',#1022,.F.);
#1024=CARTESIAN_POINT('',(0.0,0.0,0.980950000000000));
#1025=DIRECTION('',(0.0,0.0,-1.0));
#1026=DIRECTION('',(0.0,-1.0,0.0));
#1027=AXIS2_PLACEMENT_3D('',#1024,#1025,#1026);
#1028=CONICAL_SURFACE('',#1027,1.874050000000000,44.999999999999865);
#1029=ADVANCED_FACE('',(#1023),#1028,.T.);
#1030=SHAPE_ASPECT('featured shape: face 27','',#43,.T.);
#1031=PROPERTY_DEFINITION('','',#1030);
#1032=FACE_SHAPE_REPRESENTATION('',(#1029),#34);
#1033=SHAPE_DEFINITION_REPRESENTATION(#1031,#1032);
#1034=CARTESIAN_POINT('',(-1.929300000000000,0.0,1.700000000000000));
#1035=CARTESIAN_POINT('',(1.929300000000000,0.0,1.700000000000000));
#1036=VERTEX_POINT('',#1034);
#1037=VERTEX_POINT('',#1035);
#1038=CARTESIAN_POINT('',(0.0,0.0,1.700000000000000));
#1039=DIRECTION('',(0.0,0.0,-1.0));
#1040=DIRECTION('',(1.0,0.0,0.0));
#1041=AXIS2_PLACEMENT_3D('',#1038,#1039,#1040);
#1042=CIRCLE('',#1041,1.929300000000000);
#1043=EDGE_CURVE('',#1036,#1037,#1042,.F.);
#1044=ORIENTED_EDGE('',*,*,#1043,.T.);
#1045=CARTESIAN_POINT('',(0.0,0.0,1.700000000000000));
#1046=DIRECTION('',(0.0,0.0,-1.0));
#1047=DIRECTION('',(-1.0,0.0,0.0));
#1048=AXIS2_PLACEMENT_3D('',#1045,#1046,#1047);
#1049=CIRCLE('',#1048,1.929300000000000);
#1050=EDGE_CURVE('',#1037,#1036,#1049,.F.);
#1051=ORIENTED_EDGE('',*,*,#1050,.T.);
#1052=EDGE_LOOP('',(#1044,#1051));
#1053=FACE_BOUND('',#1052,.F.);
#1054=CARTESIAN_POINT('',(0.0,1.778500000000000,1.700000000000000));
#1055=CARTESIAN_POINT('',(0.0,-1.778500000000000,1.700000000000000));
#1056=VERTEX_POINT('',#1054);
#1057=VERTEX_POINT('',#1055);
#1058=CARTESIAN_POINT('',(0.0,0.0,1.700000000000000));
#1059=DIRECTION('',(0.0,0.0,-1.0));
#1060=DIRECTION('',(0.0,1.0,0.0));
#1061=AXIS2_PLACEMENT_3D('',#1058,#1059,#1060);
#1062=CIRCLE('',#1061,1.778500000000000);
#1063=EDGE_CURVE('',#1056,#1057,#1062,.T.);
#1064=ORIENTED_EDGE('',*,*,#1063,.T.);
#1065=CARTESIAN_POINT('',(0.0,0.0,1.700000000000000));
#1066=DIRECTION('',(0.0,0.0,1.0));
#1067=DIRECTION('',(0.0,1.0,0.0));
#1068=AXIS2_PLACEMENT_3D('',#1065,#1066,#1067);
#1069=CIRCLE('',#1068,1.778500000000000);
#1070=EDGE_CURVE('',#1057,#1056,#1069,.F.);
#1071=ORIENTED_EDGE('',*,*,#1070,.T.);
#1072=EDGE_LOOP('',(#1064,#1071));
#1073=FACE_BOUND('',#1072,.F.);
#1074=CARTESIAN_POINT('',(0.0,0.0,1.700000000000000));
#1075=DIRECTION('',(0.0,0.0,1.0));
#1076=DIRECTION('',(0.0,1.0,0.0));
#1077=AXIS2_PLACEMENT_3D('',#1074,#1075,#1076);
#1078=PLANE('',#1077);
#1079=ADVANCED_FACE('',(#1053,#1073),#1078,.F.);
#1080=SHAPE_ASPECT('featured shape: face 28','',#43,.T.);
#1081=PROPERTY_DEFINITION('','',#1080);
#1082=FACE_SHAPE_REPRESENTATION('',(#1079),#34);
#1083=SHAPE_DEFINITION_REPRESENTATION(#1081,#1082);
#1088=(LENGTH_MEASURE_WITH_UNIT()MEASURE_REPRESENTATION_ITEM()MEASURE_WITH_UNIT(LENGTH_MEASURE(32.0),#122)REPRESENTATION_ITEM('surface finish'));
#1089=REPRESENTATION('surface finish value',(#1088),#34);
#1090=PROPERTY_DEFINITION('surface property','surface finish',#1080);
#1091=PROPERTY_DEFINITION('surface property','surface finish',#1080);
#1092=PROPERTY_DEFINITION_REPRESENTATION(#1091,#1089);
#1093=PROPERTY_DEFINITION_RELATIONSHIP('','',#1090,#1091);
#1094=CARTESIAN_POINT('',(0.0,1.753500000000000,1.675000000000000));
#1095=VERTEX_POINT('',#1094);
#1096=CARTESIAN_POINT('',(0.0,1.778500000000000,1.675000000000000));
#1097=DIRECTION('',(1.0,0.0,0.0));
#1098=DIRECTION('',(0.0,-8.881784E-15,1.0));
#1099=AXIS2_PLACEMENT_3D('',#1096,#1097,#1098);
#1100=CIRCLE('',#1099,0.025000000000000);
#1101=EDGE_CURVE('',#1095,#1056,#1100,.F.);
#1102=ORIENTED_EDGE('',*,*,#1101,.T.);
#1103=ORIENTED_EDGE('',*,*,#1070,.F.);
#1104=CARTESIAN_POINT('',(2.147418E-16,-1.753500000000000,1.675000000000000));
#1105=VERTEX_POINT('',#1104);
#1106=CARTESIAN_POINT('',(2.178034E-16,-1.778500000000000,1.675000000000000));
#1107=DIRECTION('',(-1.0,-1.224647E-16,1.016287E-31));
#1108=DIRECTION('',(-9.860761E-31,8.881784E-15,1.0));
#1109=AXIS2_PLACEMENT_3D('',#1106,#1107,#1108);
#1110=CIRCLE('',#1109,0.025000000000000);
#1111=EDGE_CURVE('',#1057,#1105,#1110,.T.);
#1112=ORIENTED_EDGE('',*,*,#1111,.T.);
#1113=CARTESIAN_POINT('',(0.0,0.0,1.675000000000000));
#1114=DIRECTION('',(0.0,0.0,1.0));
#1115=DIRECTION('',(0.0,1.0,0.0));
#1116=AXIS2_PLACEMENT_3D('',#1113,#1114,#1115);
#1117=CIRCLE('',#1116,1.753500000000000);
#1118=EDGE_CURVE('',#1105,#1095,#1117,.F.);
#1119=ORIENTED_EDGE('',*,*,#1118,.T.);
#1120=EDGE_LOOP('',(#1102,#1103,#1112,#1119));
#1121=FACE_BOUND('',#1120,.F.);
#1122=CARTESIAN_POINT('',(0.0,0.0,1.675000000000000));
#1123=DIRECTION('',(0.0,0.0,1.0));
#1124=DIRECTION('',(0.0,1.0,0.0));
#1125=AXIS2_PLACEMENT_3D('',#1122,#1123,#1124);
#1126=TOROIDAL_SURFACE('',#1125,1.778500000000000,0.025000000000000);
#1127=ADVANCED_FACE('',(#1121),#1126,.F.);
#1128=SHAPE_ASPECT('featured shape: face 29','',#43,.T.);
#1129=PROPERTY_DEFINITION('','',#1128);
#1130=FACE_SHAPE_REPRESENTATION('',(#1127),#34);
#1131=SHAPE_DEFINITION_REPRESENTATION(#1129,#1130);
#1132=CARTESIAN_POINT('',(0.0,1.753500000000000,1.449000000000000));
#1133=VERTEX_POINT('',#1132);
#1134=DIRECTION('',(0.0,0.0,-1.0));
#1135=VECTOR('',#1134,0.226000000000000);
#1136=LINE('',#1094,#1135);
#1137=EDGE_CURVE('',#1133,#1095,#1136,.F.);
#1138=ORIENTED_EDGE('',*,*,#1137,.T.);
#1139=ORIENTED_EDGE('',*,*,#1118,.F.);
#1140=CARTESIAN_POINT('',(2.147418E-16,-1.753500000000000,1.449000000000000));
#1141=VERTEX_POINT('',#1140);
#1142=DIRECTION('',(0.0,0.0,-1.0));
#1143=VECTOR('',#1142,0.226000000000000);
#1144=LINE('',#1104,#1143);
#1145=EDGE_CURVE('',#1105,#1141,#1144,.T.);
#1146=ORIENTED_EDGE('',*,*,#1145,.T.);
#1147=CARTESIAN_POINT('',(0.0,0.0,1.449000000000000));
#1148=DIRECTION('',(0.0,0.0,1.0));
#1149=DIRECTION('',(0.0,1.0,0.0));
#1150=AXIS2_PLACEMENT_3D('',#1147,#1148,#1149);
#1151=CIRCLE('',#1150,1.753500000000000);
#1152=EDGE_CURVE('',#1141,#1133,#1151,.F.);
#1153=ORIENTED_EDGE('',*,*,#1152,.T.);
#1154=EDGE_LOOP('',(#1138,#1139,#1146,#1153));
#1155=FACE_BOUND('',#1154,.F.);
#1156=CARTESIAN_POINT('',(0.0,0.0,1.410200000000000));
#1157=DIRECTION('',(0.0,0.0,1.0));
#1158=DIRECTION('',(0.0,1.0,0.0));
#1159=AXIS2_PLACEMENT_3D('',#1156,#1157,#1158);
#1160=CYLINDRICAL_SURFACE('',#1159,1.753500000000000);
#1161=ADVANCED_FACE('',(#1155),#1160,.T.);
#1162=SHAPE_ASPECT('featured shape: face 30','',#43,.T.);
#1163=PROPERTY_DEFINITION('','',#1162);
#1164=FACE_SHAPE_REPRESENTATION('',(#1161),#34);
#1165=SHAPE_DEFINITION_REPRESENTATION(#1163,#1164);
#1170=(LENGTH_MEASURE_WITH_UNIT()MEASURE_REPRESENTATION_ITEM()MEASURE_WITH_UNIT(LENGTH_MEASURE(32.0),#122)REPRESENTATION_ITEM('surface finish'));
#1171=REPRESENTATION('surface finish value',(#1170),#34);
#1172=PROPERTY_DEFINITION('surface property','surface finish',#1162);
#1173=PROPERTY_DEFINITION('surface property','surface finish',#1162);
#1174=PROPERTY_DEFINITION_REPRESENTATION(#1173,#1171);
#1175=PROPERTY_DEFINITION_RELATIONSHIP('','',#1172,#1173);
#1176=CARTESIAN_POINT('',(0.0,1.778500000000000,1.423999999999999));
#1177=VERTEX_POINT('',#1176);
#1178=CARTESIAN_POINT('',(0.0,1.778500000000000,1.449000000000000));
#1179=DIRECTION('',(1.0,0.0,0.0));
#1180=DIRECTION('',(0.0,-1.0,0.0));
#1181=AXIS2_PLACEMENT_3D('',#1178,#1179,#1180);
#1182=CIRCLE('',#1181,0.025000000000000);
#1183=EDGE_CURVE('',#1177,#1133,#1182,.F.);
#1184=ORIENTED_EDGE('',*,*,#1183,.T.);
#1185=ORIENTED_EDGE('',*,*,#1152,.F.);
#1186=CARTESIAN_POINT('',(2.178034E-16,-1.778500000000000,1.424000000000000));
#1187=VERTEX_POINT('',#1186);
#1188=CARTESIAN_POINT('',(2.178034E-16,-1.778500000000000,1.449000000000000));
#1189=DIRECTION('',(-1.0,-1.224647E-16,0.0));
#1190=DIRECTION('',(-1.224647E-16,1.0,0.0));
#1191=AXIS2_PLACEMENT_3D('',#1188,#1189,#1190);
#1192=CIRCLE('',#1191,0.025000000000000);
#1193=EDGE_CURVE('',#1141,#1187,#1192,.T.);
#1194=ORIENTED_EDGE('',*,*,#1193,.T.);
#1195=CARTESIAN_POINT('',(0.0,0.0,1.424000000000000));
#1196=DIRECTION('',(0.0,0.0,1.0));
#1197=DIRECTION('',(0.0,1.0,0.0));
#1198=AXIS2_PLACEMENT_3D('',#1195,#1196,#1197);
#1199=CIRCLE('',#1198,1.778500000000000);
#1200=EDGE_CURVE('',#1187,#1177,#1199,.F.);
#1201=ORIENTED_EDGE('',*,*,#1200,.T.);
#1202=EDGE_LOOP('',(#1184,#1185,#1194,#1201));
#1203=FACE_BOUND('',#1202,.F.);
#1204=CARTESIAN_POINT('',(0.0,0.0,1.449000000000000));
#1205=DIRECTION('',(0.0,0.0,1.0));
#1206=DIRECTION('',(0.0,1.0,0.0));
#1207=AXIS2_PLACEMENT_3D('',#1204,#1205,#1206);
#1208=TOROIDAL_SURFACE('',#1207,1.778500000000000,0.025000000000000);
#1209=ADVANCED_FACE('',(#1203),#1208,.F.);
#1210=SHAPE_ASPECT('featured shape: face 31','',#43,.T.);
#1211=PROPERTY_DEFINITION('','',#1210);
#1212=FACE_SHAPE_REPRESENTATION('',(#1209),#34);
#1213=SHAPE_DEFINITION_REPRESENTATION(#1211,#1212);
#1214=CARTESIAN_POINT('',(1.929300000000000,0.0,1.423999999999999));
#1215=CARTESIAN_POINT('',(-1.929300000000000,0.0,1.423999999999999));
#1216=VERTEX_POINT('',#1214);
#1217=VERTEX_POINT('',#1215);
#1218=CARTESIAN_POINT('',(0.0,0.0,1.423999999999999));
#1219=DIRECTION('',(0.0,0.0,1.0));
#1220=DIRECTION('',(-1.0,0.0,0.0));
#1221=AXIS2_PLACEMENT_3D('',#1218,#1219,#1220);
#1222=CIRCLE('',#1221,1.929300000000000);
#1223=EDGE_CURVE('',#1216,#1217,#1222,.F.);
#1224=ORIENTED_EDGE('',*,*,#1223,.T.);
#1225=CARTESIAN_POINT('',(0.0,0.0,1.423999999999999));
#1226=DIRECTION('',(0.0,0.0,1.0));
#1227=DIRECTION('',(1.0,0.0,0.0));
#1228=AXIS2_PLACEMENT_3D('',#1225,#1226,#1227);
#1229=CIRCLE('',#1228,1.929300000000000);
#1230=EDGE_CURVE('',#1217,#1216,#1229,.F.);
#1231=ORIENTED_EDGE('',*,*,#1230,.T.);
#1232=EDGE_LOOP('',(#1224,#1231));
#1233=FACE_BOUND('',#1232,.F.);
#1234=ORIENTED_EDGE('',*,*,#1200,.F.);
#1235=CARTESIAN_POINT('',(0.0,0.0,1.424000000000000));
#1236=DIRECTION('',(0.0,0.0,-1.0));
#1237=DIRECTION('',(0.0,1.0,0.0));
#1238=AXIS2_PLACEMENT_3D('',#1235,#1236,#1237);
#1239=CIRCLE('',#1238,1.778500000000000);
#1240=EDGE_CURVE('',#1187,#1177,#1239,.F.);
#1241=ORIENTED_EDGE('',*,*,#1240,.T.);
#1242=EDGE_LOOP('',(#1234,#1241));
#1243=FACE_BOUND('',#1242,.F.);
#1244=CARTESIAN_POINT('',(0.0,0.0,1.423999999999999));
#1245=DIRECTION('',(0.0,0.0,1.0));
#1246=DIRECTION('',(0.0,1.0,0.0));
#1247=AXIS2_PLACEMENT_3D('',#1244,#1245,#1246);
#1248=PLANE('',#1247);
#1249=ADVANCED_FACE('',(#1233,#1243),#1248,.T.);
#1250=SHAPE_ASPECT('featured shape: face 32','',#43,.T.);
#1251=PROPERTY_DEFINITION('','',#1250);
#1252=FACE_SHAPE_REPRESENTATION('',(#1249),#34);
#1253=SHAPE_DEFINITION_REPRESENTATION(#1251,#1252);
#1258=(LENGTH_MEASURE_WITH_UNIT()MEASURE_REPRESENTATION_ITEM()MEASURE_WITH_UNIT(LENGTH_MEASURE(32.0),#122)REPRESENTATION_ITEM('surface finish'));
#1259=REPRESENTATION('surface finish value',(#1258),#34);
#1260=PROPERTY_DEFINITION('surface property','surface finish',#1250);
#1261=PROPERTY_DEFINITION('surface property','surface finish',#1250);
#1262=PROPERTY_DEFINITION_REPRESENTATION(#1261,#1259);
#1263=PROPERTY_DEFINITION_RELATIONSHIP('','',#1260,#1261);
#1264=ORIENTED_EDGE('',*,*,#1101,.F.);
#1265=CARTESIAN_POINT('',(0.0,0.0,1.675000000000000));
#1266=DIRECTION('',(0.0,0.0,-1.0));
#1267=DIRECTION('',(0.0,1.0,0.0));
#1268=AXIS2_PLACEMENT_3D('',#1265,#1266,#1267);
#1269=CIRCLE('',#1268,1.753500000000000);
#1270=EDGE_CURVE('',#1095,#1105,#1269,.T.);
#1271=ORIENTED_EDGE('',*,*,#1270,.T.);
#1272=ORIENTED_EDGE('',*,*,#1111,.F.);
#1273=ORIENTED_EDGE('',*,*,#1063,.F.);
#1274=EDGE_LOOP('',(#1264,#1271,#1272,#1273));
#1275=FACE_BOUND('',#1274,.F.);
#1276=CARTESIAN_POINT('',(0.0,0.0,1.675000000000000));
#1277=DIRECTION('',(0.0,0.0,1.0));
#1278=DIRECTION('',(0.0,1.0,0.0));
#1279=AXIS2_PLACEMENT_3D('',#1276,#1277,#1278);
#1280=TOROIDAL_SURFACE('',#1279,1.778500000000000,0.025000000000000);
#1281=ADVANCED_FACE('',(#1275),#1280,.F.);
#1282=SHAPE_ASPECT('featured shape: face 33','',#43,.T.);
#1283=PROPERTY_DEFINITION('','',#1282);
#1284=FACE_SHAPE_REPRESENTATION('',(#1281),#34);
#1285=SHAPE_DEFINITION_REPRESENTATION(#1283,#1284);
#1286=ORIENTED_EDGE('',*,*,#1137,.F.);
#1287=CARTESIAN_POINT('',(0.0,0.0,1.449000000000000));
#1288=DIRECTION('',(0.0,0.0,-1.0));
#1289=DIRECTION('',(0.0,1.0,0.0));
#1290=AXIS2_PLACEMENT_3D('',#1287,#1288,#1289);
#1291=CIRCLE('',#1290,1.753500000000000);
#1292=EDGE_CURVE('',#1133,#1141,#1291,.T.);
#1293=ORIENTED_EDGE('',*,*,#1292,.T.);
#1294=ORIENTED_EDGE('',*,*,#1145,.F.);
#1295=ORIENTED_EDGE('',*,*,#1270,.F.);
#1296=EDGE_LOOP('',(#1286,#1293,#1294,#1295));
#1297=FACE_BOUND('',#1296,.F.);
#1298=CARTESIAN_POINT('',(0.0,0.0,1.410200000000000));
#1299=DIRECTION('',(0.0,0.0,1.0));
#1300=DIRECTION('',(0.0,1.0,0.0));
#1301=AXIS2_PLACEMENT_3D('',#1298,#1299,#1300);
#1302=CYLINDRICAL_SURFACE('',#1301,1.753500000000000);
#1303=ADVANCED_FACE('',(#1297),#1302,.T.);
#1304=SHAPE_ASPECT('featured shape: face 34','',#43,.T.);
#1305=PROPERTY_DEFINITION('','',#1304);
#1306=FACE_SHAPE_REPRESENTATION('',(#1303),#34);
#1307=SHAPE_DEFINITION_REPRESENTATION(#1305,#1306);
#1312=(LENGTH_MEASURE_WITH_UNIT()MEASURE_REPRESENTATION_ITEM()MEASURE_WITH_UNIT(LENGTH_MEASURE(32.0),#122)REPRESENTATION_ITEM('surface finish'));
#1313=REPRESENTATION('surface finish value',(#1312),#34);
#1314=PROPERTY_DEFINITION('surface property','surface finish',#1304);
#1315=PROPERTY_DEFINITION('surface property','surface finish',#1304);
#1316=PROPERTY_DEFINITION_REPRESENTATION(#1315,#1313);
#1317=PROPERTY_DEFINITION_RELATIONSHIP('','',#1314,#1315);
#1318=ORIENTED_EDGE('',*,*,#1183,.F.);
#1319=ORIENTED_EDGE('',*,*,#1240,.F.);
#1320=ORIENTED_EDGE('',*,*,#1193,.F.);
#1321=ORIENTED_EDGE('',*,*,#1292,.F.);
#1322=EDGE_LOOP('',(#1318,#1319,#1320,#1321));
#1323=FACE_BOUND('',#1322,.F.);
#1324=CARTESIAN_POINT('',(0.0,0.0,1.449000000000000));
#1325=DIRECTION('',(0.0,0.0,1.0));
#1326=DIRECTION('',(0.0,1.0,0.0));
#1327=AXIS2_PLACEMENT_3D('',#1324,#1325,#1326);
#1328=TOROIDAL_SURFACE('',#1327,1.778500000000000,0.025000000000000);
#1329=ADVANCED_FACE('',(#1323),#1328,.F.);
#1330=SHAPE_ASPECT('featured shape: face 35','',#43,.T.);
#1331=PROPERTY_DEFINITION('','',#1330);
#1332=FACE_SHAPE_REPRESENTATION('',(#1329),#34);
#1333=SHAPE_DEFINITION_REPRESENTATION(#1331,#1332);
#1334=ORIENTED_EDGE('',*,*,#774,.F.);
#1335=CARTESIAN_POINT('',(1.929300000000000,0.0,1.416499999999999));
#1336=DIRECTION('',(0.0,-1.0,0.0));
#1337=DIRECTION('',(1.0,0.0,-2.960595E-14));
#1338=AXIS2_PLACEMENT_3D('',#1335,#1336,#1337);
#1339=CIRCLE('',#1338,0.007500000000000);
#1340=EDGE_CURVE('',#583,#1216,#1339,.T.);
#1341=ORIENTED_EDGE('',*,*,#1340,.T.);
#1342=ORIENTED_EDGE('',*,*,#1230,.F.);
#1343=CARTESIAN_POINT('',(-1.929300000000000,-2.362711E-16,1.416499999999999));
#1344=DIRECTION('',(-1.224647E-16,1.0,-3.573311E-44));
#1345=DIRECTION('',(-1.0,-1.224647E-16,-2.960595E-14));
#1346=AXIS2_PLACEMENT_3D('',#1343,#1344,#1345);
#1347=CIRCLE('',#1346,0.007500000000000);
#1348=EDGE_CURVE('',#1217,#582,#1347,.F.);
#1349=ORIENTED_EDGE('',*,*,#1348,.T.);
#1350=EDGE_LOOP('',(#1334,#1341,#1342,#1349));
#1351=FACE_BOUND('',#1350,.F.);
#1352=CARTESIAN_POINT('',(0.0,0.0,1.416499999999999));
#1353=DIRECTION('',(0.0,0.0,-1.0));
#1354=DIRECTION('',(1.0,0.0,0.0));
#1355=AXIS2_PLACEMENT_3D('',#1352,#1353,#1354);
#1356=TOROIDAL_SURFACE('',#1355,1.929300000000000,0.007500000000000);
#1357=ADVANCED_FACE('',(#1351),#1356,.T.);
#1358=SHAPE_ASPECT('featured shape: face 36','',#43,.T.);
#1359=PROPERTY_DEFINITION('','',#1358);
#1360=FACE_SHAPE_REPRESENTATION('',(#1357),#34);
#1361=SHAPE_DEFINITION_REPRESENTATION(#1359,#1360);
#1362=ORIENTED_EDGE('',*,*,#589,.F.);
#1363=ORIENTED_EDGE('',*,*,#1348,.F.);
#1364=ORIENTED_EDGE('',*,*,#1223,.F.);
#1365=ORIENTED_EDGE('',*,*,#1340,.F.);
#1366=EDGE_LOOP('',(#1362,#1363,#1364,#1365));
#1367=FACE_BOUND('',#1366,.F.);
#1368=CARTESIAN_POINT('',(0.0,0.0,1.416499999999999));
#1369=DIRECTION('',(0.0,0.0,-1.0));
#1370=DIRECTION('',(1.0,0.0,0.0));
#1371=AXIS2_PLACEMENT_3D('',#1368,#1369,#1370);
#1372=TOROIDAL_SURFACE('',#1371,1.929300000000000,0.007500000000000);
#1373=ADVANCED_FACE('',(#1367),#1372,.T.);
#1374=SHAPE_ASPECT('featured shape: face 37','',#43,.T.);
#1375=PROPERTY_DEFINITION('','',#1374);
#1376=FACE_SHAPE_REPRESENTATION('',(#1373),#34);
#1377=SHAPE_DEFINITION_REPRESENTATION(#1375,#1376);
#1378=ORIENTED_EDGE('',*,*,#746,.F.);
#1379=CARTESIAN_POINT('',(-1.929300000000000,-2.362711E-16,1.707500000000000));
#1380=DIRECTION('',(1.224647E-16,-1.0,3.573311E-44));
#1381=DIRECTION('',(-1.0,-1.224647E-16,-2.960595E-14));
#1382=AXIS2_PLACEMENT_3D('',#1379,#1380,#1381);
#1383=CIRCLE('',#1382,0.007500000000000);
#1384=EDGE_CURVE('',#539,#1036,#1383,.T.);
#1385=ORIENTED_EDGE('',*,*,#1384,.T.);
#1386=ORIENTED_EDGE('',*,*,#1050,.F.);
#1387=CARTESIAN_POINT('',(1.929300000000000,0.0,1.707500000000000));
#1388=DIRECTION('',(0.0,1.0,0.0));
#1389=DIRECTION('',(1.0,0.0,-2.960595E-14));
#1390=AXIS2_PLACEMENT_3D('',#1387,#1388,#1389);
#1391=CIRCLE('',#1390,0.007500000000000);
#1392=EDGE_CURVE('',#1037,#538,#1391,.F.);
#1393=ORIENTED_EDGE('',*,*,#1392,.T.);
#1394=EDGE_LOOP('',(#1378,#1385,#1386,#1393));
#1395=FACE_BOUND('',#1394,.F.);
#1396=CARTESIAN_POINT('',(0.0,0.0,1.707500000000000));
#1397=DIRECTION('',(0.0,0.0,-1.0));
#1398=DIRECTION('',(1.0,0.0,0.0));
#1399=AXIS2_PLACEMENT_3D('',#1396,#1397,#1398);
#1400=TOROIDAL_SURFACE('',#1399,1.929300000000000,0.007500000000000);
#1401=ADVANCED_FACE('',(#1395),#1400,.T.);
#1402=SHAPE_ASPECT('featured shape: face 38','',#43,.T.);
#1403=PROPERTY_DEFINITION('','',#1402);
#1404=FACE_SHAPE_REPRESENTATION('',(#1401),#34);
#1405=SHAPE_DEFINITION_REPRESENTATION(#1403,#1404);
#1406=ORIENTED_EDGE('',*,*,#545,.F.);
#1407=ORIENTED_EDGE('',*,*,#1392,.F.);
#1408=ORIENTED_EDGE('',*,*,#1043,.F.);
#1409=ORIENTED_EDGE('',*,*,#1384,.F.);
#1410=EDGE_LOOP('',(#1406,#1407,#1408,#1409));
#1411=FACE_BOUND('',#1410,.F.);
#1412=CARTESIAN_POINT('',(0.0,0.0,1.707500000000000));
#1413=DIRECTION('',(0.0,0.0,-1.0));
#1414=DIRECTION('',(1.0,0.0,0.0));
#1415=AXIS2_PLACEMENT_3D('',#1412,#1413,#1414);
#1416=TOROIDAL_SURFACE('',#1415,1.929300000000000,0.007500000000000);
#1417=ADVANCED_FACE('',(#1411),#1416,.T.);
#1418=SHAPE_ASPECT('featured shape: face 39','',#43,.T.);
#1419=PROPERTY_DEFINITION('','',#1418);
#1420=FACE_SHAPE_REPRESENTATION('',(#1417),#34);
#1421=SHAPE_DEFINITION_REPRESENTATION(#1419,#1420);
#1422=CARTESIAN_POINT('',(1.109920005262468,-2.683000000000000,3.951257902898829));
#1423=DIRECTION('',(-1.0,0.0,0.0));
#1424=VECTOR('',#1423,2.219840010524936);
#1425=LINE('',#1422,#1424);
#1426=EDGE_CURVE('',#366,#268,#1425,.F.);
#1427=ORIENTED_EDGE('',*,*,#1426,.T.);
#1428=ORIENTED_EDGE('',*,*,#289,.F.);
#1429=ORIENTED_EDGE('',*,*,#671,.F.);
#1430=ORIENTED_EDGE('',*,*,#381,.F.);
#1431=EDGE_LOOP('',(#1427,#1428,#1429,#1430));
#1432=FACE_BOUND('',#1431,.F.);
#1433=CARTESIAN_POINT('',(1.111150000000000,-2.683000000000000,0.0));
#1434=DIRECTION('',(0.0,1.0,0.0));
#1435=DIRECTION('',(-1.0,0.0,0.0));
#1436=AXIS2_PLACEMENT_3D('',#1433,#1434,#1435);
#1437=PLANE('',#1436);
#1438=ADVANCED_FACE('',(#1432),#1437,.F.);
#1439=SHAPE_ASPECT('featured shape: face 40','',#43,.T.);
#1440=PROPERTY_DEFINITION('','',#1439);
#1441=FACE_SHAPE_REPRESENTATION('',(#1438),#34);
#1442=SHAPE_DEFINITION_REPRESENTATION(#1440,#1441);
#1447=(LENGTH_MEASURE_WITH_UNIT()MEASURE_REPRESENTATION_ITEM()MEASURE_WITH_UNIT(LENGTH_MEASURE(63.0),#122)REPRESENTATION_ITEM('surface finish'));
#1448=REPRESENTATION('surface finish value',(#1447),#34);
#1449=PROPERTY_DEFINITION('surface property','surface finish',#1439);
#1450=PROPERTY_DEFINITION('surface property','surface finish',#1439);
#1451=PROPERTY_DEFINITION_REPRESENTATION(#1450,#1448);
#1452=PROPERTY_DEFINITION_RELATIONSHIP('','',#1449,#1450);
#1453=DIRECTION('',(-0.654653670707977,-0.654653670707977,-0.377964473009227));
#1454=VECTOR('',#1453,2.397701250027181);
#1455=LINE('',#298,#1454);
#1456=EDGE_CURVE('',#269,#300,#1455,.F.);
#1457=ORIENTED_EDGE('',*,*,#1456,.T.);
#1458=ORIENTED_EDGE('',*,*,#321,.F.);
#1459=ORIENTED_EDGE('',*,*,#677,.F.);
#1460=ORIENTED_EDGE('',*,*,#283,.F.);
#1461=EDGE_LOOP('',(#1457,#1458,#1459,#1460));
#1462=FACE_BOUND('',#1461,.F.);
#1463=CARTESIAN_POINT('',(2.682853553390593,-1.111481434456421,0.0));
#1464=DIRECTION('',(-0.707106781186547,0.707106781186548,0.0));
#1465=DIRECTION('',(-0.707106781186548,-0.707106781186547,0.0));
#1466=AXIS2_PLACEMENT_3D('',#1463,#1464,#1465);
#1467=PLANE('',#1466);
#1468=ADVANCED_FACE('',(#1462),#1467,.F.);
#1469=SHAPE_ASPECT('featured shape: face 41','',#43,.T.);
#1470=PROPERTY_DEFINITION('','',#1469);
#1471=FACE_SHAPE_REPRESENTATION('',(#1468),#34);
#1472=SHAPE_DEFINITION_REPRESENTATION(#1470,#1471);
#1477=(LENGTH_MEASURE_WITH_UNIT()MEASURE_REPRESENTATION_ITEM()MEASURE_WITH_UNIT(LENGTH_MEASURE(63.0),#122)REPRESENTATION_ITEM('surface finish'));
#1478=REPRESENTATION('surface finish value',(#1477),#34);
#1479=PROPERTY_DEFINITION('surface property','surface finish',#1469);
#1480=PROPERTY_DEFINITION('surface property','surface finish',#1469);
#1481=PROPERTY_DEFINITION_REPRESENTATION(#1480,#1478);
#1482=PROPERTY_DEFINITION_RELATIONSHIP('','',#1479,#1480);
#1483=CARTESIAN_POINT('',(2.683000000000000,3.330669E-16,5.500288675134595));
#1484=VERTEX_POINT('',#1483);
#1485=DIRECTION('',(0.0,0.866025403784438,0.500000000000000));
#1486=VECTOR('',#1485,1.281625227634472);
#1487=LINE('',#299,#1486);
#1488=EDGE_CURVE('',#301,#1484,#1487,.T.);
#1489=ORIENTED_EDGE('',*,*,#1488,.T.);
#1490=DIRECTION('',(0.0,-0.866025403784439,0.500000000000000));
#1491=VECTOR('',#1490,1.281625227634474);
#1492=LINE('',#133,#1491);
#1493=EDGE_CURVE('',#1484,#135,#1492,.F.);
#1494=ORIENTED_EDGE('',*,*,#1493,.T.);
#1495=ORIENTED_EDGE('',*,*,#156,.F.);
#1496=ORIENTED_EDGE('',*,*,#683,.F.);
#1497=ORIENTED_EDGE('',*,*,#315,.F.);
#1498=EDGE_LOOP('',(#1489,#1494,#1495,#1496,#1497));
#1499=FACE_BOUND('',#1498,.F.);
#1500=CARTESIAN_POINT('',(2.683000000000000,1.111127881065827,0.0));
#1501=DIRECTION('',(-1.0,0.0,0.0));
#1502=DIRECTION('',(0.0,-1.0,0.0));
#1503=AXIS2_PLACEMENT_3D('',#1500,#1501,#1502);
#1504=PLANE('',#1503);
#1505=ADVANCED_FACE('',(#1499),#1504,.F.);
#1506=SHAPE_ASPECT('featured shape: face 42','',#43,.T.);
#1507=PROPERTY_DEFINITION('','',#1506);
#1508=FACE_SHAPE_REPRESENTATION('',(#1505),#34);
#1509=SHAPE_DEFINITION_REPRESENTATION(#1507,#1508);
#1514=(LENGTH_MEASURE_WITH_UNIT()MEASURE_REPRESENTATION_ITEM()MEASURE_WITH_UNIT(LENGTH_MEASURE(63.0),#122)REPRESENTATION_ITEM('surface finish'));
#1515=REPRESENTATION('surface finish value',(#1514),#34);
#1516=PROPERTY_DEFINITION('surface property','surface finish',#1506);
#1517=PROPERTY_DEFINITION('surface property','surface finish',#1506);
#1518=PROPERTY_DEFINITION_REPRESENTATION(#1517,#1515);
#1519=PROPERTY_DEFINITION_RELATIONSHIP('','',#1516,#1517);
#1520=DIRECTION('',(0.654653670707977,-0.654653670707977,0.377964473009227));
#1521=VECTOR('',#1520,2.397701250027181);
#1522=LINE('',#170,#1521);
#1523=EDGE_CURVE('',#136,#172,#1522,.F.);
#1524=ORIENTED_EDGE('',*,*,#1523,.T.);
#1525=ORIENTED_EDGE('',*,*,#193,.F.);
#1526=ORIENTED_EDGE('',*,*,#689,.F.);
#1527=ORIENTED_EDGE('',*,*,#150,.F.);
#1528=EDGE_LOOP('',(#1524,#1525,#1526,#1527));
#1529=FACE_BOUND('',#1528,.F.);
#1530=CARTESIAN_POINT('',(1.111481434456421,2.682853553390593,0.0));
#1531=DIRECTION('',(-0.707106781186548,-0.707106781186547,0.0));
#1532=DIRECTION('',(0.707106781186547,-0.707106781186548,0.0));
#1533=AXIS2_PLACEMENT_3D('',#1530,#1531,#1532);
#1534=PLANE('',#1533);
#1535=ADVANCED_FACE('',(#1529),#1534,.F.);
#1536=SHAPE_ASPECT('featured shape: face 43','',#43,.T.);
#1537=PROPERTY_DEFINITION('','',#1536);
#1538=FACE_SHAPE_REPRESENTATION('',(#1535),#34);
#1539=SHAPE_DEFINITION_REPRESENTATION(#1537,#1538);
#1544=(LENGTH_MEASURE_WITH_UNIT()MEASURE_REPRESENTATION_ITEM()MEASURE_WITH_UNIT(LENGTH_MEASURE(63.0),#122)REPRESENTATION_ITEM('surface finish'));
#1545=REPRESENTATION('surface finish value',(#1544),#34);
#1546=PROPERTY_DEFINITION('surface property','surface finish',#1536);
#1547=PROPERTY_DEFINITION('surface property','surface finish',#1536);
#1548=PROPERTY_DEFINITION_REPRESENTATION(#1547,#1545);
#1549=PROPERTY_DEFINITION_RELATIONSHIP('','',#1546,#1547);
#1550=DIRECTION('',(1.0,0.0,2.000546E-16));
#1551=VECTOR('',#1550,2.219840010524936);
#1552=LINE('',#202,#1551);
#1553=EDGE_CURVE('',#173,#204,#1552,.F.);
#1554=ORIENTED_EDGE('',*,*,#1553,.T.);
#1555=ORIENTED_EDGE('',*,*,#225,.F.);
#1556=ORIENTED_EDGE('',*,*,#695,.F.);
#1557=ORIENTED_EDGE('',*,*,#187,.F.);
#1558=EDGE_LOOP('',(#1554,#1555,#1556,#1557));
#1559=FACE_BOUND('',#1558,.F.);
#1560=CARTESIAN_POINT('',(-1.111127881065833,2.683000000000000,0.0));
#1561=DIRECTION('',(0.0,-1.0,0.0));
#1562=DIRECTION('',(1.0,0.0,0.0));
#1563=AXIS2_PLACEMENT_3D('',#1560,#1561,#1562);
#1564=PLANE('',#1563);
#1565=ADVANCED_FACE('',(#1559),#1564,.F.);
#1566=SHAPE_ASPECT('featured shape: face 44','',#43,.T.);
#1567=PROPERTY_DEFINITION('','',#1566);
#1568=FACE_SHAPE_REPRESENTATION('',(#1565),#34);
#1569=SHAPE_DEFINITION_REPRESENTATION(#1567,#1568);
#1574=(LENGTH_MEASURE_WITH_UNIT()MEASURE_REPRESENTATION_ITEM()MEASURE_WITH_UNIT(LENGTH_MEASURE(63.0),#122)REPRESENTATION_ITEM('surface finish'));
#1575=REPRESENTATION('surface finish value',(#1574),#34);
#1576=PROPERTY_DEFINITION('surface property','surface finish',#1566);
#1577=PROPERTY_DEFINITION('surface property','surface finish',#1566);
#1578=PROPERTY_DEFINITION_REPRESENTATION(#1577,#1575);
#1579=PROPERTY_DEFINITION_RELATIONSHIP('','',#1576,#1577);
#1580=DIRECTION('',(0.654653670707977,0.654653670707977,-0.377964473009227));
#1581=VECTOR('',#1580,2.397701250027181);
#1582=LINE('',#234,#1581);
#1583=EDGE_CURVE('',#205,#236,#1582,.F.);
#1584=ORIENTED_EDGE('',*,*,#1583,.T.);
#1585=ORIENTED_EDGE('',*,*,#257,.F.);
#1586=ORIENTED_EDGE('',*,*,#701,.F.);
#1587=ORIENTED_EDGE('',*,*,#219,.F.);
#1588=EDGE_LOOP('',(#1584,#1585,#1586,#1587));
#1589=FACE_BOUND('',#1588,.F.);
#1590=CARTESIAN_POINT('',(-2.682853553390593,1.111481434456421,0.0));
#1591=DIRECTION('',(0.707106781186547,-0.707106781186548,0.0));
#1592=DIRECTION('',(0.707106781186548,0.707106781186547,0.0));
#1593=AXIS2_PLACEMENT_3D('',#1590,#1591,#1592);
#1594=PLANE('',#1593);
#1595=ADVANCED_FACE('',(#1589),#1594,.F.);
#1596=SHAPE_ASPECT('featured shape: face 45','',#43,.T.);
#1597=PROPERTY_DEFINITION('','',#1596);
#1598=FACE_SHAPE_REPRESENTATION('',(#1595),#34);
#1599=SHAPE_DEFINITION_REPRESENTATION(#1597,#1598);
#1604=(LENGTH_MEASURE_WITH_UNIT()MEASURE_REPRESENTATION_ITEM()MEASURE_WITH_UNIT(LENGTH_MEASURE(63.0),#122)REPRESENTATION_ITEM('surface finish'));
#1605=REPRESENTATION('surface finish value',(#1604),#34);
#1606=PROPERTY_DEFINITION('surface property','surface finish',#1596);
#1607=PROPERTY_DEFINITION('surface property','surface finish',#1596);
#1608=PROPERTY_DEFINITION_REPRESENTATION(#1607,#1605);
#1609=PROPERTY_DEFINITION_RELATIONSHIP('','',#1606,#1607);
#1610=CARTESIAN_POINT('',(-2.683000000000000,3.330669E-16,5.500288675134595));
#1611=VERTEX_POINT('',#1610);
#1612=DIRECTION('',(0.0,0.866025403784439,0.500000000000000));
#1613=VECTOR('',#1612,1.281625227634473);
#1614=LINE('',#330,#1613);
#1615=EDGE_CURVE('',#1611,#332,#1614,.F.);
#1616=ORIENTED_EDGE('',*,*,#1615,.T.);
#1617=ORIENTED_EDGE('',*,*,#354,.F.);
#1618=ORIENTED_EDGE('',*,*,#707,.F.);
#1619=ORIENTED_EDGE('',*,*,#251,.F.);
#1620=DIRECTION('',(0.0,-0.866025403784439,0.500000000000000));
#1621=VECTOR('',#1620,1.281625227634473);
#1622=LINE('',#235,#1621);
#1623=EDGE_CURVE('',#237,#1611,#1622,.T.);
#1624=ORIENTED_EDGE('',*,*,#1623,.T.);
#1625=EDGE_LOOP('',(#1616,#1617,#1618,#1619,#1624));
#1626=FACE_BOUND('',#1625,.F.);
#1627=CARTESIAN_POINT('',(-2.683000000000000,-1.111127881065821,0.0));
#1628=DIRECTION('',(1.0,0.0,0.0));
#1629=DIRECTION('',(0.0,1.0,0.0));
#1630=AXIS2_PLACEMENT_3D('',#1627,#1628,#1629);
#1631=PLANE('',#1630);
#1632=ADVANCED_FACE('',(#1626),#1631,.F.);
#1633=SHAPE_ASPECT('featured shape: face 46','',#43,.T.);
#1634=PROPERTY_DEFINITION('','',#1633);
#1635=FACE_SHAPE_REPRESENTATION('',(#1632),#34);
#1636=SHAPE_DEFINITION_REPRESENTATION(#1634,#1635);
#1641=(LENGTH_MEASURE_WITH_UNIT()MEASURE_REPRESENTATION_ITEM()MEASURE_WITH_UNIT(LENGTH_MEASURE(63.0),#122)REPRESENTATION_ITEM('surface finish'));
#1642=REPRESENTATION('surface finish value',(#1641),#34);
#1643=PROPERTY_DEFINITION('surface property','surface finish',#1633);
#1644=PROPERTY_DEFINITION('surface property','surface finish',#1633);
#1645=PROPERTY_DEFINITION_REPRESENTATION(#1644,#1642);
#1646=PROPERTY_DEFINITION_RELATIONSHIP('','',#1643,#1644);
#1647=DIRECTION('',(-0.654653670707977,0.654653670707977,0.377964473009227));
#1648=VECTOR('',#1647,2.397701250027220);
#1649=LINE('',#363,#1648);
#1650=EDGE_CURVE('',#333,#365,#1649,.F.);
#1651=ORIENTED_EDGE('',*,*,#1650,.T.);
#1652=ORIENTED_EDGE('',*,*,#387,.F.);
#1653=ORIENTED_EDGE('',*,*,#665,.F.);
#1654=ORIENTED_EDGE('',*,*,#348,.F.);
#1655=EDGE_LOOP('',(#1651,#1652,#1653,#1654));
#1656=FACE_BOUND('',#1655,.F.);
#1657=CARTESIAN_POINT('',(-1.111481434456421,-2.682853553390583,0.0));
#1658=DIRECTION('',(0.707106781186548,0.707106781186547,0.0));
#1659=DIRECTION('',(-0.707106781186547,0.707106781186548,0.0));
#1660=AXIS2_PLACEMENT_3D('',#1657,#1658,#1659);
#1661=PLANE('',#1660);
#1662=ADVANCED_FACE('',(#1656),#1661,.F.);
#1663=SHAPE_ASPECT('featured shape: face 47','',#43,.T.);
#1664=PROPERTY_DEFINITION('','',#1663);
#1665=FACE_SHAPE_REPRESENTATION('',(#1662),#34);
#1666=SHAPE_DEFINITION_REPRESENTATION(#1664,#1665);
#1671=(LENGTH_MEASURE_WITH_UNIT()MEASURE_REPRESENTATION_ITEM()MEASURE_WITH_UNIT(LENGTH_MEASURE(63.0),#122)REPRESENTATION_ITEM('surface finish'));
#1672=REPRESENTATION('surface finish value',(#1671),#34);
#1673=PROPERTY_DEFINITION('surface property','surface finish',#1663);
#1674=PROPERTY_DEFINITION('surface property','surface finish',#1663);
#1675=PROPERTY_DEFINITION_REPRESENTATION(#1674,#1672);
#1676=PROPERTY_DEFINITION_RELATIONSHIP('','',#1673,#1674);
#1677=DIRECTION('',(1.0,0.0,0.0));
#1678=VECTOR('',#1677,5.366000000000000);
#1679=LINE('',#1610,#1678);
#1680=EDGE_CURVE('',#1484,#1611,#1679,.F.);
#1681=ORIENTED_EDGE('',*,*,#1680,.T.);
#1682=ORIENTED_EDGE('',*,*,#1623,.F.);
#1683=ORIENTED_EDGE('',*,*,#244,.F.);
#1684=ORIENTED_EDGE('',*,*,#1583,.F.);
#1685=ORIENTED_EDGE('',*,*,#212,.F.);
#1686=ORIENTED_EDGE('',*,*,#1553,.F.);
#1687=ORIENTED_EDGE('',*,*,#180,.F.);
#1688=ORIENTED_EDGE('',*,*,#1523,.F.);
#1689=ORIENTED_EDGE('',*,*,#143,.F.);
#1690=ORIENTED_EDGE('',*,*,#1493,.F.);
#1691=EDGE_LOOP('',(#1681,#1682,#1683,#1684,#1685,#1686,#1687,#1688,#1689,#1690));
#1692=FACE_BOUND('',#1691,.F.);
#1693=CARTESIAN_POINT('',(4.440892E-16,2.468172400785651,4.075288675134595));
#1694=CARTESIAN_POINT('',(-2.220446E-15,0.303108891324554,5.325288675134595));
#1695=VERTEX_POINT('',#1693);
#1696=VERTEX_POINT('',#1694);
#1697=CARTESIAN_POINT('',(0.0,1.385640646055103,4.700288675134595));
#1698=DIRECTION('',(-2.465190E-32,0.500000000000000,0.866025403784439));
#1699=DIRECTION('',(3.552714E-16,0.866025403784439,-0.500000000000000));
#1700=AXIS2_PLACEMENT_3D('',#1697,#1698,#1699);
#1701=CIRCLE('',#1700,1.250000000000000);
#1702=EDGE_CURVE('',#1695,#1696,#1701,.T.);
#1703=ORIENTED_EDGE('',*,*,#1702,.T.);
#1704=CARTESIAN_POINT('',(0.0,1.385640646055103,4.700288675134595));
#1705=DIRECTION('',(9.860761E-32,0.500000000000000,0.866025403784439));
#1706=DIRECTION('',(-1.776357E-15,-0.866025403784439,0.500000000000000));
#1707=AXIS2_PLACEMENT_3D('',#1704,#1705,#1706);
#1708=CIRCLE('',#1707,1.250000000000000);
#1709=EDGE_CURVE('',#1696,#1695,#1708,.T.);
#1710=ORIENTED_EDGE('',*,*,#1709,.T.);
#1711=EDGE_LOOP('',(#1703,#1710));
#1712=FACE_BOUND('',#1711,.F.);
#1713=CARTESIAN_POINT('',(3.462168785012782,2.683000000000000,3.951257902898829));
#1714=DIRECTION('',(0.0,-0.500000000000000,-0.866025403784439));
#1715=DIRECTION('',(0.0,-0.866025403784439,0.500000000000000));
#1716=AXIS2_PLACEMENT_3D('',#1713,#1714,#1715);
#1717=PLANE('',#1716);
#1718=ADVANCED_FACE('',(#1692,#1712),#1717,.F.);
#1719=SHAPE_ASPECT('featured shape: face 48','',#43,.T.);
#1720=PROPERTY_DEFINITION('','',#1719);
#1721=FACE_SHAPE_REPRESENTATION('',(#1718),#34);
#1722=SHAPE_DEFINITION_REPRESENTATION(#1720,#1721);
#1727=(LENGTH_MEASURE_WITH_UNIT()MEASURE_REPRESENTATION_ITEM()MEASURE_WITH_UNIT(LENGTH_MEASURE(63.0),#122)REPRESENTATION_ITEM('surface finish'));
#1728=REPRESENTATION('surface finish value',(#1727),#34);
#1729=PROPERTY_DEFINITION('surface property','surface finish',#1719);
#1730=PROPERTY_DEFINITION('surface property','surface finish',#1719);
#1731=PROPERTY_DEFINITION_REPRESENTATION(#1730,#1728);
#1732=PROPERTY_DEFINITION_RELATIONSHIP('','',#1729,#1730);
#1733=ORIENTED_EDGE('',*,*,#308,.F.);
#1734=ORIENTED_EDGE('',*,*,#1456,.F.);
#1735=ORIENTED_EDGE('',*,*,#276,.F.);
#1736=ORIENTED_EDGE('',*,*,#1426,.F.);
#1737=ORIENTED_EDGE('',*,*,#373,.F.);
#1738=ORIENTED_EDGE('',*,*,#1650,.F.);
#1739=ORIENTED_EDGE('',*,*,#340,.F.);
#1740=ORIENTED_EDGE('',*,*,#1615,.F.);
#1741=ORIENTED_EDGE('',*,*,#1680,.F.);
#1742=ORIENTED_EDGE('',*,*,#1488,.F.);
#1743=EDGE_LOOP('',(#1733,#1734,#1735,#1736,#1737,#1738,#1739,#1740,#1741,#1742));
#1744=FACE_BOUND('',#1743,.F.);
#1745=CARTESIAN_POINT('',(0.0,-0.692820323027550,5.100288675134596));
#1746=CARTESIAN_POINT('',(4.440892E-16,-2.078460969082652,4.300288675134595));
#1747=VERTEX_POINT('',#1745);
#1748=VERTEX_POINT('',#1746);
#1749=CARTESIAN_POINT('',(0.0,-1.385640646055101,4.700288675134596));
#1750=DIRECTION('',(0.0,-0.500000000000000,0.866025403784438));
#1751=DIRECTION('',(0.0,0.866025403784438,0.500000000000000));
#1752=AXIS2_PLACEMENT_3D('',#1749,#1750,#1751);
#1753=CIRCLE('',#1752,0.800000000000000);
#1754=EDGE_CURVE('',#1747,#1748,#1753,.T.);
#1755=ORIENTED_EDGE('',*,*,#1754,.T.);
#1756=CARTESIAN_POINT('',(0.0,-1.385640646055101,4.700288675134595));
#1757=DIRECTION('',(2.465190E-31,-0.500000000000000,0.866025403784438));
#1758=DIRECTION('',(5.551115E-16,-0.866025403784438,-0.500000000000000));
#1759=AXIS2_PLACEMENT_3D('',#1756,#1757,#1758);
#1760=CIRCLE('',#1759,0.800000000000000);
#1761=EDGE_CURVE('',#1748,#1747,#1760,.T.);
#1762=ORIENTED_EDGE('',*,*,#1761,.T.);
#1763=EDGE_LOOP('',(#1755,#1762));
#1764=FACE_BOUND('',#1763,.F.);
#1765=CARTESIAN_POINT('',(-3.462168785012782,-2.683000000000000,3.951257902898829));
#1766=DIRECTION('',(0.0,0.500000000000000,-0.866025403784439));
#1767=DIRECTION('',(0.0,0.866025403784439,0.500000000000000));
#1768=AXIS2_PLACEMENT_3D('',#1765,#1766,#1767);
#1769=PLANE('',#1768);
#1770=ADVANCED_FACE('',(#1744,#1764),#1769,.F.);
#1771=SHAPE_ASPECT('featured shape: face 49','',#43,.T.);
#1772=PROPERTY_DEFINITION('','',#1771);
#1773=FACE_SHAPE_REPRESENTATION('',(#1770),#34);
#1774=SHAPE_DEFINITION_REPRESENTATION(#1772,#1773);
#1779=(LENGTH_MEASURE_WITH_UNIT()MEASURE_REPRESENTATION_ITEM()MEASURE_WITH_UNIT(LENGTH_MEASURE(63.0),#122)REPRESENTATION_ITEM('surface finish'));
#1780=REPRESENTATION('surface finish value',(#1779),#34);
#1781=PROPERTY_DEFINITION('surface property','surface finish',#1771);
#1782=PROPERTY_DEFINITION('surface property','surface finish',#1771);
#1783=PROPERTY_DEFINITION_REPRESENTATION(#1782,#1780);
#1784=PROPERTY_DEFINITION_RELATIONSHIP('','',#1781,#1782);
#1785=CARTESIAN_POINT('',(0.0,1.548771858215109,3.312840222896023));
#1786=CARTESIAN_POINT('',(0.0,0.102509433895095,4.147840222896023));
#1787=VERTEX_POINT('',#1785);
#1788=VERTEX_POINT('',#1786);
#1789=CARTESIAN_POINT('',(0.0,0.825640646055106,3.730340222896029));
#1790=DIRECTION('',(0.0,-0.500000000000000,-0.866025403784438));
#1791=DIRECTION('',(0.0,0.866025403784438,-0.500000000000000));
#1792=AXIS2_PLACEMENT_3D('',#1789,#1790,#1791);
#1793=CIRCLE('',#1792,0.835000000000001);
#1794=EDGE_CURVE('',#1787,#1788,#1793,.T.);
#1795=ORIENTED_EDGE('',*,*,#1794,.T.);
#1796=CARTESIAN_POINT('',(0.0,0.825640646055106,3.730340222896029));
#1797=DIRECTION('',(0.0,0.500000000000000,0.866025403784438));
#1798=DIRECTION('',(0.0,0.866025403784438,-0.500000000000000));
#1799=AXIS2_PLACEMENT_3D('',#1796,#1797,#1798);
#1800=CIRCLE('',#1799,0.835000000000001);
#1801=EDGE_CURVE('',#1788,#1787,#1800,.F.);
#1802=ORIENTED_EDGE('',*,*,#1801,.T.);
#1803=EDGE_LOOP('',(#1795,#1802));
#1804=FACE_BOUND('',#1803,.F.);
#1805=CARTESIAN_POINT('',(-0.500000000000000,0.800000000000000,3.745143856798132));
#1806=CARTESIAN_POINT('',(0.500000000000000,0.800000000000000,3.745143856798132));
#1807=VERTEX_POINT('',#1805);
#1808=VERTEX_POINT('',#1806);
#1809=CARTESIAN_POINT('',(0.500000000000000,0.800000000000000,3.745143856798132));
#1810=CARTESIAN_POINT('',(0.500000000000000,0.769178033060896,3.762938927707378));
#1811=CARTESIAN_POINT('',(0.494399062875120,0.708425203817784,3.798014590024920));
#1812=CARTESIAN_POINT('',(0.469135798543815,0.618786780920745,3.849767357614259));
#1813=CARTESIAN_POINT('',(0.427048874456325,0.534186651279916,3.898611265235868));
#1814=CARTESIAN_POINT('',(0.368407646120865,0.457263653815553,3.943022778528790));
#1815=CARTESIAN_POINT('',(0.293963572531357,0.391387871140927,3.981056179389064));
#1816=CARTESIAN_POINT('',(0.205378856737823,0.340228338511244,4.010593149324427));
#1817=CARTESIAN_POINT('',(0.105767851127838,0.307524304114471,4.029474832386989));
#1818=CARTESIAN_POINT('',(-1.387779E-16,0.296237847942764,4.035991070895923));
#1819=CARTESIAN_POINT('',(-0.105767851127838,0.307524304114471,4.029474832386989));
#1820=CARTESIAN_POINT('',(-0.205378856737823,0.340228338511244,4.010593149324427));
#1821=CARTESIAN_POINT('',(-0.293963572531356,0.391387871140926,3.981056179389063));
#1822=CARTESIAN_POINT('',(-0.368407646120865,0.457263653815554,3.943022778528791));
#1823=CARTESIAN_POINT('',(-0.427048874456325,0.534186651279916,3.898611265235868));
#1824=CARTESIAN_POINT('',(-0.469135798543815,0.618786780920745,3.849767357614258));
#1825=CARTESIAN_POINT('',(-0.494399062875120,0.708425203817785,3.798014590024920));
#1826=CARTESIAN_POINT('',(-0.500000000000000,0.769178033060896,3.762938927707378));
#1827=CARTESIAN_POINT('',(-0.500000000000000,0.800000000000000,3.745143856798132));
#1828=B_SPLINE_CURVE_WITH_KNOTS('',3,(#1809,#1810,#1811,#1812,#1813,#1814,#1815,#1816,#1817,#1818,#1819,#1820,#1821,#1822,#1823,#1824,#1825,#1826,#1827),.HYPERBOLIC_ARC.,.F.,.F.,(4,1,1,1,1,1,1,1,1,1,1,1,1,1,1,1,4),(0.0,0.062500000000000,0.125000000000000,0.187500000000000,0.250000000000000,0.312500000000000,0.375000000000000,0.437500000000000,0.500000000000000,0.562500000000000,0.625000000000000,0.687500000000000,0.750000000000000,0.812500000000000,0.875000000000000,0.937500000000000,1.0),.PIECEWISE_BEZIER_KNOTS.);
#1829=EDGE_CURVE('',#1807,#1808,#1828,.F.);
#1830=ORIENTED_EDGE('',*,*,#1829,.T.);
#1831=CARTESIAN_POINT('',(-0.500000000000000,0.800000000000000,3.745143856798132));
#1832=CARTESIAN_POINT('',(-0.500000000000000,0.830821966939104,3.727348785888887));
#1833=CARTESIAN_POINT('',(-0.494399062875120,0.891574796182216,3.692273123571345));
#1834=CARTESIAN_POINT('',(-0.469135798543815,0.981213219079255,3.640520355982005));
#1835=CARTESIAN_POINT('',(-0.427048874456325,1.065813348720084,3.591676448360396));
#1836=CARTESIAN_POINT('',(-0.368407646120865,1.142736346184446,3.547264935067473));
#1837=CARTESIAN_POINT('',(-0.293963572531357,1.208612128859073,3.509231534207200));
#1838=CARTESIAN_POINT('',(-0.205378856737823,1.259771661488755,3.479694564271836));
#1839=CARTESIAN_POINT('',(-0.105767851127838,1.292475695885528,3.460812881209274));
#1840=CARTESIAN_POINT('',(1.422473E-16,1.303762152057235,3.454296642700341));
#1841=CARTESIAN_POINT('',(0.105767851127837,1.292475695885528,3.460812881209273));
#1842=CARTESIAN_POINT('',(0.205378856737823,1.259771661488756,3.479694564271838));
#1843=CARTESIAN_POINT('',(0.293963572531356,1.208612128859073,3.509231534207200));
#1844=CARTESIAN_POINT('',(0.368407646120865,1.142736346184446,3.547264935067473));
#1845=CARTESIAN_POINT('',(0.427048874456325,1.065813348720084,3.591676448360395));
#1846=CARTESIAN_POINT('',(0.469135798543815,0.981213219079255,3.640520355982004));
#1847=CARTESIAN_POINT('',(0.494399062875120,0.891574796182216,3.692273123571345));
#1848=CARTESIAN_POINT('',(0.500000000000000,0.830821966939104,3.727348785888887));
#1849=CARTESIAN_POINT('',(0.500000000000000,0.800000000000000,3.745143856798132));
#1850=B_SPLINE_CURVE_WITH_KNOTS('',3,(#1831,#1832,#1833,#1834,#1835,#1836,#1837,#1838,#1839,#1840,#1841,#1842,#1843,#1844,#1845,#1846,#1847,#1848,#1849),.HYPERBOLIC_ARC.,.F.,.F.,(4,1,1,1,1,1,1,1,1,1,1,1,1,1,1,1,4),(0.0,0.062500000000000,0.125000000000000,0.187500000000000,0.250000000000000,0.312500000000000,0.375000000000000,0.437500000000000,0.500000000000000,0.562500000000000,0.625000000000000,0.687500000000000,0.750000000000000,0.812500000000000,0.875000000000000,0.937500000000000,1.0),.PIECEWISE_BEZIER_KNOTS.);
#1851=EDGE_CURVE('',#1808,#1807,#1850,.F.);
#1852=ORIENTED_EDGE('',*,*,#1851,.T.);
#1853=EDGE_LOOP('',(#1830,#1852));
#1854=FACE_BOUND('',#1853,.F.);
#1855=CARTESIAN_POINT('',(0.0,0.825640646055103,3.730340222896023));
#1856=DIRECTION('',(0.0,-0.500000000000000,-0.866025403784439));
#1857=DIRECTION('',(0.0,0.866025403784439,-0.500000000000000));
#1858=AXIS2_PLACEMENT_3D('',#1855,#1856,#1857);
#1859=PLANE('',#1858);
#1860=ADVANCED_FACE('',(#1804,#1854),#1859,.F.);
#1861=SHAPE_ASPECT('featured shape: face 50','',#43,.T.);
#1862=PROPERTY_DEFINITION('','',#1861);
#1863=FACE_SHAPE_REPRESENTATION('',(#1860),#34);
#1864=SHAPE_DEFINITION_REPRESENTATION(#1862,#1863);
#1865=CARTESIAN_POINT('',(0.0,2.089355128655809,4.259357913021062));
#1866=CARTESIAN_POINT('',(1.178045E-15,0.651926163454398,5.089257913021061));
#1867=VERTEX_POINT('',#1865);
#1868=VERTEX_POINT('',#1866);
#1869=CARTESIAN_POINT('',(0.0,1.370640646055103,4.674307913021062));
#1870=DIRECTION('',(0.0,-0.500000000000000,-0.866025403784439));
#1871=DIRECTION('',(0.0,0.866025403784439,-0.500000000000000));
#1872=AXIS2_PLACEMENT_3D('',#1869,#1870,#1871);
#1873=CIRCLE('',#1872,0.829900000000000);
#1874=EDGE_CURVE('',#1867,#1868,#1873,.T.);
#1875=ORIENTED_EDGE('',*,*,#1874,.T.);
#1876=CARTESIAN_POINT('',(1.016334E-16,0.186926163454407,4.283854287501551));
#1877=VERTEX_POINT('',#1876);
#1878=DIRECTION('',(0.0,-0.500000000000000,-0.866025403784438));
#1879=VECTOR('',#1878,0.929999999999980);
#1880=LINE('',#1866,#1879);
#1881=EDGE_CURVE('',#1868,#1877,#1880,.T.);
#1882=ORIENTED_EDGE('',*,*,#1881,.T.);
#1883=CARTESIAN_POINT('',(0.0,1.624355128655819,3.453954287501551));
#1884=VERTEX_POINT('',#1883);
#1885=CARTESIAN_POINT('',(0.0,0.905640646055113,3.868904287501551));
#1886=DIRECTION('',(0.0,-0.500000000000000,-0.866025403784438));
#1887=DIRECTION('',(0.0,0.866025403784438,-0.500000000000000));
#1888=AXIS2_PLACEMENT_3D('',#1885,#1886,#1887);
#1889=CIRCLE('',#1888,0.829900000000000);
#1890=EDGE_CURVE('',#1877,#1884,#1889,.F.);
#1891=ORIENTED_EDGE('',*,*,#1890,.T.);
#1892=DIRECTION('',(-1.011146E-15,-0.500000000000000,-0.866025403784439));
#1893=VECTOR('',#1892,0.929999999999980);
#1894=LINE('',#1865,#1893);
#1895=EDGE_CURVE('',#1884,#1867,#1894,.F.);
#1896=ORIENTED_EDGE('',*,*,#1895,.T.);
#1897=EDGE_LOOP('',(#1875,#1882,#1891,#1896));
#1898=FACE_BOUND('',#1897,.F.);
#1899=CARTESIAN_POINT('',(0.0,1.385640646055103,4.700288675134594));
#1900=DIRECTION('',(0.0,-0.500000000000000,-0.866025403784439));
#1901=DIRECTION('',(0.0,0.866025403784439,-0.500000000000000));
#1902=AXIS2_PLACEMENT_3D('',#1899,#1900,#1901);
#1903=CYLINDRICAL_SURFACE('',#1902,0.829900000000000);
#1904=ADVANCED_FACE('',(#1898),#1903,.F.);
#1905=SHAPE_ASPECT('featured shape: face 51','',#43,.T.);
#1906=PROPERTY_DEFINITION('','',#1905);
#1907=FACE_SHAPE_REPRESENTATION('',(#1904),#34);
#1908=SHAPE_DEFINITION_REPRESENTATION(#1906,#1907);
#1909=CARTESIAN_POINT('',(0.0,1.370640646055103,4.674307913021062));
#1910=DIRECTION('',(1.972152E-31,-0.500000000000000,-0.866025403784438));
#1911=DIRECTION('',(1.419502E-15,-0.866025403784438,0.500000000000000));
#1912=AXIS2_PLACEMENT_3D('',#1909,#1910,#1911);
#1913=CIRCLE('',#1912,0.829900000000000);
#1914=EDGE_CURVE('',#1868,#1867,#1913,.T.);
#1915=ORIENTED_EDGE('',*,*,#1914,.T.);
#1916=ORIENTED_EDGE('',*,*,#1895,.F.);
#1917=CARTESIAN_POINT('',(0.0,0.905640646055113,3.868904287501551));
#1918=DIRECTION('',(-7.888609E-31,-0.500000000000000,-0.866025403784439));
#1919=DIRECTION('',(2.170425E-15,-0.866025403784439,0.500000000000000));
#1920=AXIS2_PLACEMENT_3D('',#1917,#1918,#1919);
#1921=CIRCLE('',#1920,0.829900000000000);
#1922=EDGE_CURVE('',#1884,#1877,#1921,.F.);
#1923=ORIENTED_EDGE('',*,*,#1922,.T.);
#1924=ORIENTED_EDGE('',*,*,#1881,.F.);
#1925=EDGE_LOOP('',(#1915,#1916,#1923,#1924));
#1926=FACE_BOUND('',#1925,.F.);
#1927=CARTESIAN_POINT('',(0.0,1.385640646055103,4.700288675134594));
#1928=DIRECTION('',(0.0,-0.500000000000000,-0.866025403784439));
#1929=DIRECTION('',(0.0,0.866025403784439,-0.500000000000000));
#1930=AXIS2_PLACEMENT_3D('',#1927,#1928,#1929);
#1931=CYLINDRICAL_SURFACE('',#1930,0.829900000000000);
#1932=ADVANCED_FACE('',(#1926),#1931,.F.);
#1933=SHAPE_ASPECT('featured shape: face 52','',#43,.T.);
#1934=PROPERTY_DEFINITION('','',#1933);
#1935=FACE_SHAPE_REPRESENTATION('',(#1932),#34);
#1936=SHAPE_DEFINITION_REPRESENTATION(#1934,#1935);
#1937=CARTESIAN_POINT('',(0.0,-0.381250000000000,3.227630320061345));
#1938=CARTESIAN_POINT('',(-0.218750000000000,-0.600000000000000,3.171314243359818));
#1939=VERTEX_POINT('',#1937);
#1940=VERTEX_POINT('',#1938);
#1941=CARTESIAN_POINT('',(-0.218750000000000,-0.600000000000000,3.171314243359818));
#1942=CARTESIAN_POINT('',(-0.218750000000000,-0.583209237436778,3.176715487899522));
#1943=CARTESIAN_POINT('',(-0.214855902330740,-0.549901821258478,3.187247413622985));
#1944=CARTESIAN_POINT('',(-0.198284419928680,-0.503314853389095,3.201227662173071));
#1945=CARTESIAN_POINT('',(-0.171516059838450,-0.461153734371514,3.212843948657520));
#1946=CARTESIAN_POINT('',(-0.135704763686854,-0.426148139987245,3.221121795323323));
#1947=CARTESIAN_POINT('',(-0.095197201907242,-0.401144960893507,3.225651849522322));
#1948=CARTESIAN_POINT('',(-0.049366609128798,-0.385017607037105,3.227452859267842));
#1949=CARTESIAN_POINT('',(-0.016561164279733,-0.381250000000001,3.227630320061342));
#1950=CARTESIAN_POINT('',(-1.888121E-14,-0.381250000000000,3.227630320061345));
#1951=B_SPLINE_CURVE_WITH_KNOTS('',3,(#1941,#1942,#1943,#1944,#1945,#1946,#1947,#1948,#1949,#1950),.HYPERBOLIC_ARC.,.F.,.F.,(4,1,1,1,1,1,1,4),(0.0,0.142857142857143,0.285714285714286,0.428571428571429,0.571428571428571,0.714285714285714,0.857142857142857,1.0),.PIECEWISE_BEZIER_KNOTS.);
#1952=EDGE_CURVE('',#1939,#1940,#1951,.F.);
#1953=ORIENTED_EDGE('',*,*,#1952,.T.);
#1954=CARTESIAN_POINT('',(-2.172357E-15,-0.818750000000000,3.097732201479134));
#1955=VERTEX_POINT('',#1954);
#1956=CARTESIAN_POINT('',(-2.172357E-15,-0.818750000000000,3.097732201479134));
#1957=CARTESIAN_POINT('',(-0.015986506475267,-0.818750000000000,3.097732201479134));
#1958=CARTESIAN_POINT('',(-0.048121920911689,-0.815279418333720,3.098932378286165));
#1959=CARTESIAN_POINT('',(-0.095095433950121,-0.799021452983752,3.104544482305549));
#1960=CARTESIAN_POINT('',(-0.136320741993538,-0.773383539988803,3.113363199335452));
#1961=CARTESIAN_POINT('',(-0.171450127747033,-0.738749719351976,3.125204596347988));
#1962=CARTESIAN_POINT('',(-0.197770639774456,-0.697739109432320,3.139100524538573));
#1963=CARTESIAN_POINT('',(-0.214901735258917,-0.650211450553789,3.154982708309484));
#1964=CARTESIAN_POINT('',(-0.218750000000000,-0.616834384055189,3.165898966679262));
#1965=CARTESIAN_POINT('',(-0.218750000000000,-0.600000000000000,3.171314243359818));
#1966=B_SPLINE_CURVE_WITH_KNOTS('',3,(#1956,#1957,#1958,#1959,#1960,#1961,#1962,#1963,#1964,#1965),.HYPERBOLIC_ARC.,.F.,.F.,(4,1,1,1,1,1,1,4),(0.0,0.142857142857143,0.285714285714286,0.428571428571429,0.571428571428571,0.714285714285714,0.857142857142857,1.0),.PIECEWISE_BEZIER_KNOTS.);
#1967=EDGE_CURVE('',#1940,#1955,#1966,.F.);
#1968=ORIENTED_EDGE('',*,*,#1967,.T.);
#1969=CARTESIAN_POINT('',(3.827021E-17,-0.821273584737739,3.097776250814583));
#1970=VERTEX_POINT('',#1969);
#1971=DIRECTION('',(1.049727E-16,-0.999847695156392,0.017452406437244));
#1972=VECTOR('',#1971,0.002523969150466);
#1973=LINE('',#1954,#1972);
#1974=EDGE_CURVE('',#1955,#1970,#1973,.T.);
#1975=ORIENTED_EDGE('',*,*,#1974,.T.);
#1976=CARTESIAN_POINT('',(0.0,-0.280007707372465,3.410276250814583));
#1977=VERTEX_POINT('',#1976);
#1978=CARTESIAN_POINT('',(0.0,-0.550640646055102,3.254026250814583));
#1979=DIRECTION('',(0.0,-0.500000000000000,0.866025403784439));
#1980=DIRECTION('',(0.0,0.866025403784439,0.500000000000000));
#1981=AXIS2_PLACEMENT_3D('',#1978,#1979,#1980);
#1982=CIRCLE('',#1981,0.312500000000000);
#1983=EDGE_CURVE('',#1970,#1977,#1982,.F.);
#1984=ORIENTED_EDGE('',*,*,#1983,.T.);
#1985=DIRECTION('',(0.0,0.484809620246337,0.874619707139396));
#1986=VECTOR('',#1985,0.208828967907223);
#1987=LINE('',#1937,#1986);
#1988=EDGE_CURVE('',#1977,#1939,#1987,.F.);
#1989=ORIENTED_EDGE('',*,*,#1988,.T.);
#1990=EDGE_LOOP('',(#1953,#1968,#1975,#1984,#1989));
#1991=FACE_BOUND('',#1990,.F.);
#1992=CARTESIAN_POINT('',(0.0,-0.550640646055102,3.254026250814583));
#1993=DIRECTION('',(0.0,-0.500000000000000,0.866025403784439));
#1994=DIRECTION('',(0.0,0.866025403784439,0.500000000000000));
#1995=AXIS2_PLACEMENT_3D('',#1992,#1993,#1994);
#1996=CONICAL_SURFACE('',#1995,0.312500000000000,59.000000000000021);
#1997=ADVANCED_FACE('',(#1991),#1996,.F.);
#1998=SHAPE_ASPECT('featured shape: face 53','',#43,.T.);
#1999=PROPERTY_DEFINITION('','',#1998);
#2000=FACE_SHAPE_REPRESENTATION('',(#1997),#34);
#2001=SHAPE_DEFINITION_REPRESENTATION(#1999,#2000);
#2002=CARTESIAN_POINT('',(0.0,-0.690007707372464,4.120417081917822));
#2003=VERTEX_POINT('',#2002);
#2004=DIRECTION('',(0.0,-0.500000000000000,0.866025403784438));
#2005=VECTOR('',#2004,0.820000000000000);
#2006=LINE('',#1976,#2005);
#2007=EDGE_CURVE('',#2003,#1977,#2006,.F.);
#2008=ORIENTED_EDGE('',*,*,#2007,.T.);
#2009=ORIENTED_EDGE('',*,*,#1983,.F.);
#2010=CARTESIAN_POINT('',(3.827021E-17,-1.231273584737739,3.807917081917822));
#2011=VERTEX_POINT('',#2010);
#2012=DIRECTION('',(0.0,-0.500000000000000,0.866025403784439));
#2013=VECTOR('',#2012,0.820000000000000);
#2014=LINE('',#1969,#2013);
#2015=EDGE_CURVE('',#1970,#2011,#2014,.T.);
#2016=ORIENTED_EDGE('',*,*,#2015,.T.);
#2017=CARTESIAN_POINT('',(0.0,-0.960640646055101,3.964167081917822));
#2018=DIRECTION('',(0.0,-0.499999999999999,0.866025403784439));
#2019=DIRECTION('',(0.0,0.866025403784439,0.499999999999999));
#2020=AXIS2_PLACEMENT_3D('',#2017,#2018,#2019);
#2021=CIRCLE('',#2020,0.312500000000000);
#2022=EDGE_CURVE('',#2011,#2003,#2021,.F.);
#2023=ORIENTED_EDGE('',*,*,#2022,.T.);
#2024=EDGE_LOOP('',(#2008,#2009,#2016,#2023));
#2025=FACE_BOUND('',#2024,.F.);
#2026=CARTESIAN_POINT('',(0.0,-0.410311950745893,3.010969820779180));
#2027=DIRECTION('',(0.0,-0.500000000000000,0.866025403784439));
#2028=DIRECTION('',(0.0,0.866025403784439,0.500000000000000));
#2029=AXIS2_PLACEMENT_3D('',#2026,#2027,#2028);
#2030=CYLINDRICAL_SURFACE('',#2029,0.312500000000000);
#2031=ADVANCED_FACE('',(#2025),#2030,.F.);
#2032=SHAPE_ASPECT('featured shape: face 54','',#43,.T.);
#2033=PROPERTY_DEFINITION('','',#2032);
#2034=FACE_SHAPE_REPRESENTATION('',(#2031),#34);
#2035=SHAPE_DEFINITION_REPRESENTATION(#2033,#2034);
#2036=CARTESIAN_POINT('',(0.0,-0.562268960314260,4.194167081917822));
#2037=CARTESIAN_POINT('',(0.0,-1.359012331795943,3.734167081917822));
#2038=VERTEX_POINT('',#2036);
#2039=VERTEX_POINT('',#2037);
#2040=CARTESIAN_POINT('',(0.0,-0.960640646055101,3.964167081917822));
#2041=DIRECTION('',(0.0,0.500000000000001,-0.866025403784438));
#2042=DIRECTION('',(0.0,0.866025403784438,0.500000000000001));
#2043=AXIS2_PLACEMENT_3D('',#2040,#2041,#2042);
#2044=CIRCLE('',#2043,0.460000000000000);
#2045=EDGE_CURVE('',#2038,#2039,#2044,.T.);
#2046=ORIENTED_EDGE('',*,*,#2045,.T.);
#2047=CARTESIAN_POINT('',(0.0,-0.960640646055101,3.964167081917822));
#2048=DIRECTION('',(0.0,-0.500000000000001,0.866025403784438));
#2049=DIRECTION('',(0.0,0.866025403784438,0.500000000000001));
#2050=AXIS2_PLACEMENT_3D('',#2047,#2048,#2049);
#2051=CIRCLE('',#2050,0.460000000000000);
#2052=EDGE_CURVE('',#2039,#2038,#2051,.F.);
#2053=ORIENTED_EDGE('',*,*,#2052,.T.);
#2054=EDGE_LOOP('',(#2046,#2053));
#2055=FACE_BOUND('',#2054,.F.);
#2056=CARTESIAN_POINT('',(0.0,-0.960640646055101,3.964167081917822));
#2057=DIRECTION('',(0.0,0.499999999999999,-0.866025403784439));
#2058=DIRECTION('',(0.0,0.866025403784439,0.499999999999999));
#2059=AXIS2_PLACEMENT_3D('',#2056,#2057,#2058);
#2060=CIRCLE('',#2059,0.312500000000000);
#2061=EDGE_CURVE('',#2011,#2003,#2060,.F.);
#2062=ORIENTED_EDGE('',*,*,#2061,.T.);
#2063=ORIENTED_EDGE('',*,*,#2022,.F.);
#2064=EDGE_LOOP('',(#2062,#2063));
#2065=FACE_BOUND('',#2064,.F.);
#2066=CARTESIAN_POINT('',(0.0,-0.960640646055101,3.964167081917822));
#2067=DIRECTION('',(0.0,-0.500000000000000,0.866025403784439));
#2068=DIRECTION('',(0.0,0.866025403784439,0.500000000000000));
#2069=AXIS2_PLACEMENT_3D('',#2066,#2067,#2068);
#2070=PLANE('',#2069);
#2071=ADVANCED_FACE('',(#2055,#2065),#2070,.T.);
#2072=SHAPE_ASPECT('featured shape: face 55','',#43,.T.);
#2073=PROPERTY_DEFINITION('','',#2072);
#2074=FACE_SHAPE_REPRESENTATION('',(#2071),#34);
#2075=SHAPE_DEFINITION_REPRESENTATION(#2073,#2074);
#2076=CARTESIAN_POINT('',(5.570918E-17,-1.764595602236643,4.446857913021063));
#2077=CARTESIAN_POINT('',(0.0,-0.976685689873561,4.901757913021063));
#2078=VERTEX_POINT('',#2076);
#2079=VERTEX_POINT('',#2077);
#2080=CARTESIAN_POINT('',(0.0,-1.370640646055102,4.674307913021063));
#2081=DIRECTION('',(0.0,-0.500000000000000,0.866025403784438));
#2082=DIRECTION('',(0.0,0.866025403784438,0.500000000000000));
#2083=AXIS2_PLACEMENT_3D('',#2080,#2081,#2082);
#2084=CIRCLE('',#2083,0.454900000000000);
#2085=EDGE_CURVE('',#2078,#2079,#2084,.F.);
#2086=ORIENTED_EDGE('',*,*,#2085,.T.);
#2087=CARTESIAN_POINT('',(0.0,-0.646685689873560,4.330181146523333));
#2088=VERTEX_POINT('',#2087);
#2089=DIRECTION('',(0.0,-0.500000000000000,0.866025403784439));
#2090=VECTOR('',#2089,0.660000000000001);
#2091=LINE('',#2087,#2090);
#2092=EDGE_CURVE('',#2079,#2088,#2091,.F.);
#2093=ORIENTED_EDGE('',*,*,#2092,.T.);
#2094=CARTESIAN_POINT('',(0.0,-1.434595602236642,3.875281146523332));
#2095=VERTEX_POINT('',#2094);
#2096=CARTESIAN_POINT('',(0.0,-1.040640646055102,4.102731146523332));
#2097=DIRECTION('',(-1.183291E-30,-0.500000000000000,0.866025403784438));
#2098=DIRECTION('',(3.775827E-15,0.866025403784438,0.500000000000000));
#2099=AXIS2_PLACEMENT_3D('',#2096,#2097,#2098);
#2100=CIRCLE('',#2099,0.454900000000000);
#2101=EDGE_CURVE('',#2088,#2095,#2100,.T.);
#2102=ORIENTED_EDGE('',*,*,#2101,.T.);
#2103=DIRECTION('',(0.0,-0.500000000000000,0.866025403784439));
#2104=VECTOR('',#2103,0.660000000000001);
#2105=LINE('',#2094,#2104);
#2106=EDGE_CURVE('',#2095,#2078,#2105,.T.);
#2107=ORIENTED_EDGE('',*,*,#2106,.T.);
#2108=EDGE_LOOP('',(#2086,#2093,#2102,#2107));
#2109=FACE_BOUND('',#2108,.F.);
#2110=CARTESIAN_POINT('',(0.0,-0.410311950745893,3.010969820779180));
#2111=DIRECTION('',(0.0,-0.500000000000000,0.866025403784439));
#2112=DIRECTION('',(0.0,0.866025403784439,0.500000000000000));
#2113=AXIS2_PLACEMENT_3D('',#2110,#2111,#2112);
#2114=CYLINDRICAL_SURFACE('',#2113,0.454900000000000);
#2115=ADVANCED_FACE('',(#2109),#2114,.F.);
#2116=SHAPE_ASPECT('featured shape: face 56','',#43,.T.);
#2117=PROPERTY_DEFINITION('','',#2116);
#2118=FACE_SHAPE_REPRESENTATION('',(#2115),#34);
#2119=SHAPE_DEFINITION_REPRESENTATION(#2117,#2118);
#2120=CARTESIAN_POINT('',(0.218750000000000,-0.600000000000000,3.171314243359818));
#2121=VERTEX_POINT('',#2120);
#2122=CARTESIAN_POINT('',(-1.888121E-14,-0.381250000000000,3.227630320061345));
#2123=CARTESIAN_POINT('',(0.016591035617206,-0.381249999999999,3.227630320061348));
#2124=CARTESIAN_POINT('',(0.049443824863272,-0.385024657114010,3.227453584967672));
#2125=CARTESIAN_POINT('',(0.095391425961013,-0.401236953255817,3.225638461155915));
#2126=CARTESIAN_POINT('',(0.135766026640885,-0.426210939397910,3.221106913151843));
#2127=CARTESIAN_POINT('',(0.171471811806218,-0.461120205639534,3.212850871062382));
#2128=CARTESIAN_POINT('',(0.198204866591630,-0.503145043909282,3.201277055567709));
#2129=CARTESIAN_POINT('',(0.214864267936701,-0.549889653438774,3.187252002207992));
#2130=CARTESIAN_POINT('',(0.218750000000000,-0.583206729629705,3.176716294609713));
#2131=CARTESIAN_POINT('',(0.218750000000000,-0.600000000000000,3.171314243359817));
#2132=B_SPLINE_CURVE_WITH_KNOTS('',3,(#2122,#2123,#2124,#2125,#2126,#2127,#2128,#2129,#2130,#2131),.HYPERBOLIC_ARC.,.F.,.F.,(4,1,1,1,1,1,1,4),(0.0,0.142857142857143,0.285714285714286,0.428571428571429,0.571428571428571,0.714285714285714,0.857142857142857,1.0),.PIECEWISE_BEZIER_KNOTS.);
#2133=EDGE_CURVE('',#2121,#1939,#2132,.F.);
#2134=ORIENTED_EDGE('',*,*,#2133,.T.);
#2135=ORIENTED_EDGE('',*,*,#1988,.F.);
#2136=CARTESIAN_POINT('',(0.0,-0.550640646055102,3.254026250814583));
#2137=DIRECTION('',(0.0,0.500000000000000,-0.866025403784439));
#2138=DIRECTION('',(0.0,0.866025403784439,0.500000000000000));
#2139=AXIS2_PLACEMENT_3D('',#2136,#2137,#2138);
#2140=CIRCLE('',#2139,0.312500000000000);
#2141=EDGE_CURVE('',#1977,#1970,#2140,.T.);
#2142=ORIENTED_EDGE('',*,*,#2141,.T.);
#2143=ORIENTED_EDGE('',*,*,#1974,.F.);
#2144=CARTESIAN_POINT('',(0.218750000000000,-0.600000000000000,3.171314243359818));
#2145=CARTESIAN_POINT('',(0.218750000000000,-0.616856213291446,3.165891944660892));
#2146=CARTESIAN_POINT('',(0.214891965616590,-0.650272636224691,3.154962575257327));
#2147=CARTESIAN_POINT('',(0.197723018208330,-0.697842027950466,3.139065908385140));
#2148=CARTESIAN_POINT('',(0.171360790980919,-0.738864463443823,3.125165546923306));
#2149=CARTESIAN_POINT('',(0.136169470656823,-0.773507881272131,3.113320540345285));
#2150=CARTESIAN_POINT('',(0.094936831572650,-0.799080261192737,3.104524176672675));
#2151=CARTESIAN_POINT('',(0.048227401342555,-0.815243887557740,3.098944647777891));
#2152=CARTESIAN_POINT('',(0.016040668819875,-0.818750000000000,3.097732201479134));
#2153=CARTESIAN_POINT('',(-2.172357E-15,-0.818750000000000,3.097732201479134));
#2154=B_SPLINE_CURVE_WITH_KNOTS('',3,(#2144,#2145,#2146,#2147,#2148,#2149,#2150,#2151,#2152,#2153),.HYPERBOLIC_ARC.,.F.,.F.,(4,1,1,1,1,1,1,4),(0.0,0.142857142857143,0.285714285714286,0.428571428571429,0.571428571428571,0.714285714285714,0.857142857142857,1.0),.PIECEWISE_BEZIER_KNOTS.);
#2155=EDGE_CURVE('',#1955,#2121,#2154,.F.);
#2156=ORIENTED_EDGE('',*,*,#2155,.T.);
#2157=EDGE_LOOP('',(#2134,#2135,#2142,#2143,#2156));
#2158=FACE_BOUND('',#2157,.F.);
#2159=CARTESIAN_POINT('',(0.0,-0.550640646055102,3.254026250814583));
#2160=DIRECTION('',(0.0,-0.500000000000000,0.866025403784439));
#2161=DIRECTION('',(0.0,0.866025403784439,0.500000000000000));
#2162=AXIS2_PLACEMENT_3D('',#2159,#2160,#2161);
#2163=CONICAL_SURFACE('',#2162,0.312500000000000,59.000000000000021);
#2164=ADVANCED_FACE('',(#2158),#2163,.F.);
#2165=SHAPE_ASPECT('featured shape: face 57','',#43,.T.);
#2166=PROPERTY_DEFINITION('','',#2165);
#2167=FACE_SHAPE_REPRESENTATION('',(#2164),#34);
#2168=SHAPE_DEFINITION_REPRESENTATION(#2166,#2167);
#2169=ORIENTED_EDGE('',*,*,#2007,.F.);
#2170=ORIENTED_EDGE('',*,*,#2061,.F.);
#2171=ORIENTED_EDGE('',*,*,#2015,.F.);
#2172=ORIENTED_EDGE('',*,*,#2141,.F.);
#2173=EDGE_LOOP('',(#2169,#2170,#2171,#2172));
#2174=FACE_BOUND('',#2173,.F.);
#2175=CARTESIAN_POINT('',(0.0,-0.410311950745893,3.010969820779180));
#2176=DIRECTION('',(0.0,-0.500000000000000,0.866025403784439));
#2177=DIRECTION('',(0.0,0.866025403784439,0.500000000000000));
#2178=AXIS2_PLACEMENT_3D('',#2175,#2176,#2177);
#2179=CYLINDRICAL_SURFACE('',#2178,0.312500000000000);
#2180=ADVANCED_FACE('',(#2174),#2179,.F.);
#2181=SHAPE_ASPECT('featured shape: face 58','',#43,.T.);
#2182=PROPERTY_DEFINITION('','',#2181);
#2183=FACE_SHAPE_REPRESENTATION('',(#2180),#34);
#2184=SHAPE_DEFINITION_REPRESENTATION(#2182,#2183);
#2185=CARTESIAN_POINT('',(0.0,-1.370640646055102,4.674307913021063));
#2186=DIRECTION('',(0.0,-0.500000000000000,0.866025403784438));
#2187=DIRECTION('',(0.0,-0.866025403784438,-0.500000000000000));
#2188=AXIS2_PLACEMENT_3D('',#2185,#2186,#2187);
#2189=CIRCLE('',#2188,0.454900000000000);
#2190=EDGE_CURVE('',#2079,#2078,#2189,.F.);
#2191=ORIENTED_EDGE('',*,*,#2190,.T.);
#2192=ORIENTED_EDGE('',*,*,#2106,.F.);
#2193=CARTESIAN_POINT('',(0.0,-1.040640646055102,4.102731146523332));
#2194=DIRECTION('',(0.0,-0.500000000000000,0.866025403784438));
#2195=DIRECTION('',(0.0,-0.866025403784438,-0.500000000000000));
#2196=AXIS2_PLACEMENT_3D('',#2193,#2194,#2195);
#2197=CIRCLE('',#2196,0.454900000000000);
#2198=EDGE_CURVE('',#2095,#2088,#2197,.T.);
#2199=ORIENTED_EDGE('',*,*,#2198,.T.);
#2200=ORIENTED_EDGE('',*,*,#2092,.F.);
#2201=EDGE_LOOP('',(#2191,#2192,#2199,#2200));
#2202=FACE_BOUND('',#2201,.F.);
#2203=CARTESIAN_POINT('',(0.0,-0.410311950745893,3.010969820779180));
#2204=DIRECTION('',(0.0,-0.500000000000000,0.866025403784439));
#2205=DIRECTION('',(0.0,0.866025403784439,0.500000000000000));
#2206=AXIS2_PLACEMENT_3D('',#2203,#2204,#2205);
#2207=CYLINDRICAL_SURFACE('',#2206,0.454900000000000);
#2208=ADVANCED_FACE('',(#2202),#2207,.F.);
#2209=SHAPE_ASPECT('featured shape: face 59','',#43,.T.);
#2210=PROPERTY_DEFINITION('','',#2209);
#2211=FACE_SHAPE_REPRESENTATION('',(#2208),#34);
#2212=SHAPE_DEFINITION_REPRESENTATION(#2210,#2211);
#2213=CARTESIAN_POINT('',(0.0,1.628771858215120,3.451404287501551));
#2214=CARTESIAN_POINT('',(0.0,0.182509433895106,4.286404287501552));
#2215=VERTEX_POINT('',#2213);
#2216=VERTEX_POINT('',#2214);
#2217=CARTESIAN_POINT('',(0.0,0.905640646055106,3.868904287501539));
#2218=DIRECTION('',(0.0,0.500000000000000,0.866025403784438));
#2219=DIRECTION('',(0.0,0.866025403784438,-0.500000000000000));
#2220=AXIS2_PLACEMENT_3D('',#2217,#2218,#2219);
#2221=CIRCLE('',#2220,0.835000000000001);
#2222=EDGE_CURVE('',#2215,#2216,#2221,.T.);
#2223=ORIENTED_EDGE('',*,*,#2222,.T.);
#2224=CARTESIAN_POINT('',(0.0,0.905640646055106,3.868904287501539));
#2225=DIRECTION('',(0.0,-0.500000000000000,-0.866025403784438));
#2226=DIRECTION('',(0.0,0.866025403784438,-0.500000000000000));
#2227=AXIS2_PLACEMENT_3D('',#2224,#2225,#2226);
#2228=CIRCLE('',#2227,0.835000000000001);
#2229=EDGE_CURVE('',#2216,#2215,#2228,.F.);
#2230=ORIENTED_EDGE('',*,*,#2229,.T.);
#2231=EDGE_LOOP('',(#2223,#2230));
#2232=FACE_BOUND('',#2231,.F.);
#2233=ORIENTED_EDGE('',*,*,#1890,.F.);
#2234=ORIENTED_EDGE('',*,*,#1922,.F.);
#2235=EDGE_LOOP('',(#2233,#2234));
#2236=FACE_BOUND('',#2235,.F.);
#2237=CARTESIAN_POINT('',(0.0,0.905640646055113,3.868904287501551));
#2238=DIRECTION('',(0.0,-0.500000000000000,-0.866025403784439));
#2239=DIRECTION('',(0.0,0.866025403784439,-0.500000000000000));
#2240=AXIS2_PLACEMENT_3D('',#2237,#2238,#2239);
#2241=PLANE('',#2240);
#2242=ADVANCED_FACE('',(#2232,#2236),#2241,.T.);
#2243=SHAPE_ASPECT('featured shape: face 60','',#43,.T.);
#2244=PROPERTY_DEFINITION('','',#2243);
#2245=FACE_SHAPE_REPRESENTATION('',(#2242),#34);
#2246=SHAPE_DEFINITION_REPRESENTATION(#2244,#2245);
#2247=CARTESIAN_POINT('',(0.0,1.643412874366490,3.396763271350161));
#2248=VERTEX_POINT('',#2247);
#2249=CARTESIAN_POINT('',(0.0,1.608771858215112,3.416763271350161));
#2250=DIRECTION('',(-1.000000000000000,0.0,0.0));
#2251=DIRECTION('',(0.0,0.500000000000016,0.866025403784430));
#2252=AXIS2_PLACEMENT_3D('',#2249,#2250,#2251);
#2253=CIRCLE('',#2252,0.040000000000000);
#2254=EDGE_CURVE('',#2248,#2215,#2253,.F.);
#2255=ORIENTED_EDGE('',*,*,#2254,.T.);
#2256=ORIENTED_EDGE('',*,*,#2229,.F.);
#2257=CARTESIAN_POINT('',(-1.071566E-16,0.127868417743722,4.271763271350161));
#2258=VERTEX_POINT('',#2257);
#2259=CARTESIAN_POINT('',(-1.022580E-16,0.162509433895099,4.251763271350161));
#2260=DIRECTION('',(1.0,-1.060575E-16,6.123234E-17));
#2261=DIRECTION('',(-3.389637E-30,0.499999999999981,0.866025403784450));
#2262=AXIS2_PLACEMENT_3D('',#2259,#2260,#2261);
#2263=CIRCLE('',#2262,0.040000000000000);
#2264=EDGE_CURVE('',#2216,#2258,#2263,.T.);
#2265=ORIENTED_EDGE('',*,*,#2264,.T.);
#2266=CARTESIAN_POINT('',(0.0,0.885640646055106,3.834263271350161));
#2267=DIRECTION('',(0.0,-0.500000000000000,-0.866025403784439));
#2268=DIRECTION('',(0.0,0.866025403784439,-0.500000000000000));
#2269=AXIS2_PLACEMENT_3D('',#2266,#2267,#2268);
#2270=CIRCLE('',#2269,0.875000000000000);
#2271=EDGE_CURVE('',#2258,#2248,#2270,.F.);
#2272=ORIENTED_EDGE('',*,*,#2271,.T.);
#2273=EDGE_LOOP('',(#2255,#2256,#2265,#2272));
#2274=FACE_BOUND('',#2273,.F.);
#2275=CARTESIAN_POINT('',(0.0,0.885640646055106,3.834263271350161));
#2276=DIRECTION('',(0.0,-0.500000000000000,-0.866025403784439));
#2277=DIRECTION('',(0.0,0.866025403784439,-0.500000000000000));
#2278=AXIS2_PLACEMENT_3D('',#2275,#2276,#2277);
#2279=TOROIDAL_SURFACE('',#2278,0.835000000000000,0.040000000000000);
#2280=ADVANCED_FACE('',(#2274),#2279,.F.);
#2281=SHAPE_ASPECT('featured shape: face 61','',#43,.T.);
#2282=PROPERTY_DEFINITION('','',#2281);
#2283=FACE_SHAPE_REPRESENTATION('',(#2280),#34);
#2284=SHAPE_DEFINITION_REPRESENTATION(#2282,#2283);
#2285=CARTESIAN_POINT('',(0.0,1.603412874366489,3.327481239047406));
#2286=VERTEX_POINT('',#2285);
#2287=DIRECTION('',(0.0,-0.500000000000003,-0.866025403784437));
#2288=VECTOR('',#2287,0.080000000000000);
#2289=LINE('',#2247,#2288);
#2290=EDGE_CURVE('',#2286,#2248,#2289,.F.);
#2291=ORIENTED_EDGE('',*,*,#2290,.T.);
#2292=ORIENTED_EDGE('',*,*,#2271,.F.);
#2293=CARTESIAN_POINT('',(-1.071566E-16,0.087868417743722,4.202481239047406));
#2294=VERTEX_POINT('',#2293);
#2295=DIRECTION('',(0.0,-0.500000000000001,-0.866025403784438));
#2296=VECTOR('',#2295,0.079999999999999);
#2297=LINE('',#2257,#2296);
#2298=EDGE_CURVE('',#2258,#2294,#2297,.T.);
#2299=ORIENTED_EDGE('',*,*,#2298,.T.);
#2300=CARTESIAN_POINT('',(0.0,0.845640646055106,3.764981239047406));
#2301=DIRECTION('',(0.0,-0.500000000000000,-0.866025403784439));
#2302=DIRECTION('',(0.0,0.866025403784439,-0.500000000000000));
#2303=AXIS2_PLACEMENT_3D('',#2300,#2301,#2302);
#2304=CIRCLE('',#2303,0.875000000000000);
#2305=EDGE_CURVE('',#2294,#2286,#2304,.F.);
#2306=ORIENTED_EDGE('',*,*,#2305,.T.);
#2307=EDGE_LOOP('',(#2291,#2292,#2299,#2306));
#2308=FACE_BOUND('',#2307,.F.);
#2309=CARTESIAN_POINT('',(0.0,0.909640646055113,3.875832490731827));
#2310=DIRECTION('',(0.0,-0.500000000000000,-0.866025403784439));
#2311=DIRECTION('',(0.0,0.866025403784439,-0.500000000000000));
#2312=AXIS2_PLACEMENT_3D('',#2309,#2310,#2311);
#2313=CYLINDRICAL_SURFACE('',#2312,0.875000000000000);
#2314=ADVANCED_FACE('',(#2308),#2313,.F.);
#2315=SHAPE_ASPECT('featured shape: face 62','',#43,.T.);
#2316=PROPERTY_DEFINITION('','',#2315);
#2317=FACE_SHAPE_REPRESENTATION('',(#2314),#34);
#2318=SHAPE_DEFINITION_REPRESENTATION(#2316,#2317);
#2319=CARTESIAN_POINT('',(0.0,1.568771858215112,3.347481239047406));
#2320=DIRECTION('',(-1.000000000000000,0.0,0.0));
#2321=DIRECTION('',(0.0,0.866025403784438,-0.500000000000001));
#2322=AXIS2_PLACEMENT_3D('',#2319,#2320,#2321);
#2323=CIRCLE('',#2322,0.040000000000000);
#2324=EDGE_CURVE('',#1787,#2286,#2323,.F.);
#2325=ORIENTED_EDGE('',*,*,#2324,.T.);
#2326=ORIENTED_EDGE('',*,*,#2305,.F.);
#2327=CARTESIAN_POINT('',(-1.022580E-16,0.122509433895099,4.182481239047407));
#2328=DIRECTION('',(1.000000000000000,-1.060575E-16,6.123234E-17));
#2329=DIRECTION('',(-1.224647E-16,-0.866025403784445,0.499999999999990));
#2330=AXIS2_PLACEMENT_3D('',#2327,#2328,#2329);
#2331=CIRCLE('',#2330,0.040000000000000);
#2332=EDGE_CURVE('',#2294,#1788,#2331,.T.);
#2333=ORIENTED_EDGE('',*,*,#2332,.T.);
#2334=ORIENTED_EDGE('',*,*,#1794,.F.);
#2335=EDGE_LOOP('',(#2325,#2326,#2333,#2334));
#2336=FACE_BOUND('',#2335,.F.);
#2337=CARTESIAN_POINT('',(0.0,0.845640646055106,3.764981239047406));
#2338=DIRECTION('',(0.0,-0.500000000000000,-0.866025403784439));
#2339=DIRECTION('',(0.0,0.866025403784439,-0.500000000000000));
#2340=AXIS2_PLACEMENT_3D('',#2337,#2338,#2339);
#2341=TOROIDAL_SURFACE('',#2340,0.835000000000000,0.040000000000000);
#2342=ADVANCED_FACE('',(#2336),#2341,.F.);
#2343=SHAPE_ASPECT('featured shape: face 63','',#43,.T.);
#2344=PROPERTY_DEFINITION('','',#2343);
#2345=FACE_SHAPE_REPRESENTATION('',(#2342),#34);
#2346=SHAPE_DEFINITION_REPRESENTATION(#2344,#2345);
#2347=ORIENTED_EDGE('',*,*,#2254,.F.);
#2348=CARTESIAN_POINT('',(0.0,0.885640646055106,3.834263271350161));
#2349=DIRECTION('',(0.0,0.500000000000000,0.866025403784439));
#2350=DIRECTION('',(0.0,0.866025403784439,-0.500000000000000));
#2351=AXIS2_PLACEMENT_3D('',#2348,#2349,#2350);
#2352=CIRCLE('',#2351,0.875000000000000);
#2353=EDGE_CURVE('',#2248,#2258,#2352,.T.);
#2354=ORIENTED_EDGE('',*,*,#2353,.T.);
#2355=ORIENTED_EDGE('',*,*,#2264,.F.);
#2356=ORIENTED_EDGE('',*,*,#2222,.F.);
#2357=EDGE_LOOP('',(#2347,#2354,#2355,#2356));
#2358=FACE_BOUND('',#2357,.F.);
#2359=CARTESIAN_POINT('',(0.0,0.885640646055106,3.834263271350161));
#2360=DIRECTION('',(0.0,-0.500000000000000,-0.866025403784439));
#2361=DIRECTION('',(0.0,0.866025403784439,-0.500000000000000));
#2362=AXIS2_PLACEMENT_3D('',#2359,#2360,#2361);
#2363=TOROIDAL_SURFACE('',#2362,0.835000000000000,0.040000000000000);
#2364=ADVANCED_FACE('',(#2358),#2363,.F.);
#2365=SHAPE_ASPECT('featured shape: face 64','',#43,.T.);
#2366=PROPERTY_DEFINITION('','',#2365);
#2367=FACE_SHAPE_REPRESENTATION('',(#2364),#34);
#2368=SHAPE_DEFINITION_REPRESENTATION(#2366,#2367);
#2369=ORIENTED_EDGE('',*,*,#2290,.F.);
#2370=CARTESIAN_POINT('',(0.0,0.845640646055106,3.764981239047406));
#2371=DIRECTION('',(0.0,0.500000000000000,0.866025403784439));
#2372=DIRECTION('',(0.0,0.866025403784439,-0.500000000000000));
#2373=AXIS2_PLACEMENT_3D('',#2370,#2371,#2372);
#2374=CIRCLE('',#2373,0.875000000000000);
#2375=EDGE_CURVE('',#2286,#2294,#2374,.T.);
#2376=ORIENTED_EDGE('',*,*,#2375,.T.);
#2377=ORIENTED_EDGE('',*,*,#2298,.F.);
#2378=ORIENTED_EDGE('',*,*,#2353,.F.);
#2379=EDGE_LOOP('',(#2369,#2376,#2377,#2378));
#2380=FACE_BOUND('',#2379,.F.);
#2381=CARTESIAN_POINT('',(0.0,0.909640646055113,3.875832490731827));
#2382=DIRECTION('',(0.0,-0.500000000000000,-0.866025403784439));
#2383=DIRECTION('',(0.0,0.866025403784439,-0.500000000000000));
#2384=AXIS2_PLACEMENT_3D('',#2381,#2382,#2383);
#2385=CYLINDRICAL_SURFACE('',#2384,0.875000000000000);
#2386=ADVANCED_FACE('',(#2380),#2385,.F.);
#2387=SHAPE_ASPECT('featured shape: face 65','',#43,.T.);
#2388=PROPERTY_DEFINITION('','',#2387);
#2389=FACE_SHAPE_REPRESENTATION('',(#2386),#34);
#2390=SHAPE_DEFINITION_REPRESENTATION(#2388,#2389);
#2391=ORIENTED_EDGE('',*,*,#2324,.F.);
#2392=ORIENTED_EDGE('',*,*,#1801,.F.);
#2393=ORIENTED_EDGE('',*,*,#2332,.F.);
#2394=ORIENTED_EDGE('',*,*,#2375,.F.);
#2395=EDGE_LOOP('',(#2391,#2392,#2393,#2394));
#2396=FACE_BOUND('',#2395,.F.);
#2397=CARTESIAN_POINT('',(0.0,0.845640646055106,3.764981239047406));
#2398=DIRECTION('',(0.0,-0.500000000000000,-0.866025403784439));
#2399=DIRECTION('',(0.0,0.866025403784439,-0.500000000000000));
#2400=AXIS2_PLACEMENT_3D('',#2397,#2398,#2399);
#2401=TOROIDAL_SURFACE('',#2400,0.835000000000000,0.040000000000000);
#2402=ADVANCED_FACE('',(#2396),#2401,.F.);
#2403=SHAPE_ASPECT('featured shape: face 66','',#43,.T.);
#2404=PROPERTY_DEFINITION('','',#2403);
#2405=FACE_SHAPE_REPRESENTATION('',(#2402),#34);
#2406=SHAPE_DEFINITION_REPRESENTATION(#2404,#2405);
#2407=CARTESIAN_POINT('',(0.0,-0.642268960314259,4.332731146523333));
#2408=CARTESIAN_POINT('',(0.0,-1.439012331795943,3.872731146523333));
#2409=VERTEX_POINT('',#2407);
#2410=VERTEX_POINT('',#2408);
#2411=CARTESIAN_POINT('',(0.0,-1.040640646055101,4.102731146523332));
#2412=DIRECTION('',(0.0,-0.500000000000001,0.866025403784438));
#2413=DIRECTION('',(0.0,0.866025403784438,0.500000000000001));
#2414=AXIS2_PLACEMENT_3D('',#2411,#2412,#2413);
#2415=CIRCLE('',#2414,0.460000000000000);
#2416=EDGE_CURVE('',#2409,#2410,#2415,.T.);
#2417=ORIENTED_EDGE('',*,*,#2416,.T.);
#2418=CARTESIAN_POINT('',(0.0,-1.040640646055101,4.102731146523332));
#2419=DIRECTION('',(0.0,0.500000000000001,-0.866025403784438));
#2420=DIRECTION('',(0.0,0.866025403784438,0.500000000000001));
#2421=AXIS2_PLACEMENT_3D('',#2418,#2419,#2420);
#2422=CIRCLE('',#2421,0.460000000000000);
#2423=EDGE_CURVE('',#2410,#2409,#2422,.F.);
#2424=ORIENTED_EDGE('',*,*,#2423,.T.);
#2425=EDGE_LOOP('',(#2417,#2424));
#2426=FACE_BOUND('',#2425,.F.);
#2427=ORIENTED_EDGE('',*,*,#2101,.F.);
#2428=ORIENTED_EDGE('',*,*,#2198,.F.);
#2429=EDGE_LOOP('',(#2427,#2428));
#2430=FACE_BOUND('',#2429,.F.);
#2431=CARTESIAN_POINT('',(0.0,-1.040640646055101,4.102731146523332));
#2432=DIRECTION('',(0.0,0.500000000000000,-0.866025403784439));
#2433=DIRECTION('',(0.0,0.866025403784439,0.500000000000000));
#2434=AXIS2_PLACEMENT_3D('',#2431,#2432,#2433);
#2435=PLANE('',#2434);
#2436=ADVANCED_FACE('',(#2426,#2430),#2435,.T.);
#2437=SHAPE_ASPECT('featured shape: face 67','',#43,.T.);
#2438=PROPERTY_DEFINITION('','',#2437);
#2439=FACE_SHAPE_REPRESENTATION('',(#2436),#34);
#2440=SHAPE_DEFINITION_REPRESENTATION(#2438,#2439);
#2441=CARTESIAN_POINT('',(0.0,-0.587627944162882,4.318090130371955));
#2442=VERTEX_POINT('',#2441);
#2443=CARTESIAN_POINT('',(0.0,-0.622268960314259,4.298090130371955));
#2444=DIRECTION('',(-1.0,0.0,0.0));
#2445=DIRECTION('',(0.0,-0.500000000000005,0.866025403784436));
#2446=AXIS2_PLACEMENT_3D('',#2443,#2444,#2445);
#2447=CIRCLE('',#2446,0.040000000000000);
#2448=EDGE_CURVE('',#2442,#2409,#2447,.F.);
#2449=ORIENTED_EDGE('',*,*,#2448,.T.);
#2450=ORIENTED_EDGE('',*,*,#2423,.F.);
#2451=CARTESIAN_POINT('',(-6.123234E-17,-1.453653347947320,3.818090130371955));
#2452=VERTEX_POINT('',#2451);
#2453=CARTESIAN_POINT('',(-5.633375E-17,-1.419012331795943,3.838090130371955));
#2454=DIRECTION('',(1.0,-1.060575E-16,-6.123234E-17));
#2455=DIRECTION('',(3.081488E-31,-0.499999999999999,0.866025403784439));
#2456=AXIS2_PLACEMENT_3D('',#2453,#2454,#2455);
#2457=CIRCLE('',#2456,0.040000000000000);
#2458=EDGE_CURVE('',#2410,#2452,#2457,.T.);
#2459=ORIENTED_EDGE('',*,*,#2458,.T.);
#2460=CARTESIAN_POINT('',(0.0,-1.020640646055101,4.068090130371955));
#2461=DIRECTION('',(0.0,0.500000000000000,-0.866025403784439));
#2462=DIRECTION('',(0.0,0.866025403784439,0.500000000000000));
#2463=AXIS2_PLACEMENT_3D('',#2460,#2461,#2462);
#2464=CIRCLE('',#2463,0.500000000000000);
#2465=EDGE_CURVE('',#2452,#2442,#2464,.F.);
#2466=ORIENTED_EDGE('',*,*,#2465,.T.);
#2467=EDGE_LOOP('',(#2449,#2450,#2459,#2466));
#2468=FACE_BOUND('',#2467,.F.);
#2469=CARTESIAN_POINT('',(0.0,-1.020640646055101,4.068090130371955));
#2470=DIRECTION('',(0.0,0.500000000000000,-0.866025403784439));
#2471=DIRECTION('',(0.0,0.866025403784439,0.500000000000000));
#2472=AXIS2_PLACEMENT_3D('',#2469,#2470,#2471);
#2473=TOROIDAL_SURFACE('',#2472,0.460000000000000,0.040000000000000);
#2474=ADVANCED_FACE('',(#2468),#2473,.F.);
#2475=SHAPE_ASPECT('featured shape: face 68','',#43,.T.);
#2476=PROPERTY_DEFINITION('','',#2475);
#2477=FACE_SHAPE_REPRESENTATION('',(#2474),#34);
#2478=SHAPE_DEFINITION_REPRESENTATION(#2476,#2477);
#2479=CARTESIAN_POINT('',(0.0,-0.547627944162882,4.248808098069199));
#2480=VERTEX_POINT('',#2479);
#2481=DIRECTION('',(0.0,0.499999999999999,-0.866025403784439));
#2482=VECTOR('',#2481,0.080000000000000);
#2483=LINE('',#2441,#2482);
#2484=EDGE_CURVE('',#2480,#2442,#2483,.F.);
#2485=ORIENTED_EDGE('',*,*,#2484,.T.);
#2486=ORIENTED_EDGE('',*,*,#2465,.F.);
#2487=CARTESIAN_POINT('',(-6.123234E-17,-1.413653347947320,3.748808098069200));
#2488=VERTEX_POINT('',#2487);
#2489=DIRECTION('',(0.0,0.500000000000001,-0.866025403784438));
#2490=VECTOR('',#2489,0.080000000000000);
#2491=LINE('',#2451,#2490);
#2492=EDGE_CURVE('',#2452,#2488,#2491,.T.);
#2493=ORIENTED_EDGE('',*,*,#2492,.T.);
#2494=CARTESIAN_POINT('',(0.0,-0.980640646055101,3.998808098069199));
#2495=DIRECTION('',(0.0,0.500000000000000,-0.866025403784439));
#2496=DIRECTION('',(0.0,0.866025403784439,0.500000000000000));
#2497=AXIS2_PLACEMENT_3D('',#2494,#2495,#2496);
#2498=CIRCLE('',#2497,0.500000000000000);
#2499=EDGE_CURVE('',#2488,#2480,#2498,.F.);
#2500=ORIENTED_EDGE('',*,*,#2499,.T.);
#2501=EDGE_LOOP('',(#2485,#2486,#2493,#2500));
#2502=FACE_BOUND('',#2501,.F.);
#2503=CARTESIAN_POINT('',(0.0,-1.044640646055101,4.109659349753608));
#2504=DIRECTION('',(0.0,0.500000000000000,-0.866025403784439));
#2505=DIRECTION('',(0.0,0.866025403784439,0.500000000000000));
#2506=AXIS2_PLACEMENT_3D('',#2503,#2504,#2505);
#2507=CYLINDRICAL_SURFACE('',#2506,0.500000000000000);
#2508=ADVANCED_FACE('',(#2502),#2507,.F.);
#2509=SHAPE_ASPECT('featured shape: face 69','',#43,.T.);
#2510=PROPERTY_DEFINITION('','',#2509);
#2511=FACE_SHAPE_REPRESENTATION('',(#2508),#34);
#2512=SHAPE_DEFINITION_REPRESENTATION(#2510,#2511);
#2513=CARTESIAN_POINT('',(0.0,-0.582268960314259,4.228808098069200));
#2514=DIRECTION('',(-1.0,0.0,0.0));
#2515=DIRECTION('',(0.0,0.866025403784444,0.499999999999990));
#2516=AXIS2_PLACEMENT_3D('',#2513,#2514,#2515);
#2517=CIRCLE('',#2516,0.040000000000000);
#2518=EDGE_CURVE('',#2038,#2480,#2517,.F.);
#2519=ORIENTED_EDGE('',*,*,#2518,.T.);
#2520=ORIENTED_EDGE('',*,*,#2499,.F.);
#2521=CARTESIAN_POINT('',(-5.633375E-17,-1.379012331795943,3.768808098069199));
#2522=DIRECTION('',(1.000000000000000,-1.060575E-16,-6.123234E-17));
#2523=DIRECTION('',(-1.224647E-16,-0.866025403784438,-0.500000000000001));
#2524=AXIS2_PLACEMENT_3D('',#2521,#2522,#2523);
#2525=CIRCLE('',#2524,0.040000000000000);
#2526=EDGE_CURVE('',#2488,#2039,#2525,.T.);
#2527=ORIENTED_EDGE('',*,*,#2526,.T.);
#2528=ORIENTED_EDGE('',*,*,#2045,.F.);
#2529=EDGE_LOOP('',(#2519,#2520,#2527,#2528));
#2530=FACE_BOUND('',#2529,.F.);
#2531=CARTESIAN_POINT('',(0.0,-0.980640646055101,3.998808098069199));
#2532=DIRECTION('',(0.0,0.500000000000000,-0.866025403784439));
#2533=DIRECTION('',(0.0,0.866025403784439,0.500000000000000));
#2534=AXIS2_PLACEMENT_3D('',#2531,#2532,#2533);
#2535=TOROIDAL_SURFACE('',#2534,0.460000000000000,0.040000000000000);
#2536=ADVANCED_FACE('',(#2530),#2535,.F.);
#2537=SHAPE_ASPECT('featured shape: face 70','',#43,.T.);
#2538=PROPERTY_DEFINITION('','',#2537);
#2539=FACE_SHAPE_REPRESENTATION('',(#2536),#34);
#2540=SHAPE_DEFINITION_REPRESENTATION(#2538,#2539);
#2541=ORIENTED_EDGE('',*,*,#2448,.F.);
#2542=CARTESIAN_POINT('',(0.0,-1.020640646055101,4.068090130371955));
#2543=DIRECTION('',(0.0,-0.500000000000000,0.866025403784439));
#2544=DIRECTION('',(0.0,0.866025403784439,0.500000000000000));
#2545=AXIS2_PLACEMENT_3D('',#2542,#2543,#2544);
#2546=CIRCLE('',#2545,0.500000000000000);
#2547=EDGE_CURVE('',#2442,#2452,#2546,.T.);
#2548=ORIENTED_EDGE('',*,*,#2547,.T.);
#2549=ORIENTED_EDGE('',*,*,#2458,.F.);
#2550=ORIENTED_EDGE('',*,*,#2416,.F.);
#2551=EDGE_LOOP('',(#2541,#2548,#2549,#2550));
#2552=FACE_BOUND('',#2551,.F.);
#2553=CARTESIAN_POINT('',(0.0,-1.020640646055101,4.068090130371955));
#2554=DIRECTION('',(0.0,0.500000000000000,-0.866025403784439));
#2555=DIRECTION('',(0.0,0.866025403784439,0.500000000000000));
#2556=AXIS2_PLACEMENT_3D('',#2553,#2554,#2555);
#2557=TOROIDAL_SURFACE('',#2556,0.460000000000000,0.040000000000000);
#2558=ADVANCED_FACE('',(#2552),#2557,.F.);
#2559=SHAPE_ASPECT('featured shape: face 71','',#43,.T.);
#2560=PROPERTY_DEFINITION('','',#2559);
#2561=FACE_SHAPE_REPRESENTATION('',(#2558),#34);
#2562=SHAPE_DEFINITION_REPRESENTATION(#2560,#2561);
#2563=ORIENTED_EDGE('',*,*,#2484,.F.);
#2564=CARTESIAN_POINT('',(0.0,-0.980640646055101,3.998808098069199));
#2565=DIRECTION('',(0.0,-0.500000000000000,0.866025403784439));
#2566=DIRECTION('',(0.0,0.866025403784439,0.500000000000000));
#2567=AXIS2_PLACEMENT_3D('',#2564,#2565,#2566);
#2568=CIRCLE('',#2567,0.500000000000000);
#2569=EDGE_CURVE('',#2480,#2488,#2568,.T.);
#2570=ORIENTED_EDGE('',*,*,#2569,.T.);
#2571=ORIENTED_EDGE('',*,*,#2492,.F.);
#2572=ORIENTED_EDGE('',*,*,#2547,.F.);
#2573=EDGE_LOOP('',(#2563,#2570,#2571,#2572));
#2574=FACE_BOUND('',#2573,.F.);
#2575=CARTESIAN_POINT('',(0.0,-1.044640646055101,4.109659349753608));
#2576=DIRECTION('',(0.0,0.500000000000000,-0.866025403784439));
#2577=DIRECTION('',(0.0,0.866025403784439,0.500000000000000));
#2578=AXIS2_PLACEMENT_3D('',#2575,#2576,#2577);
#2579=CYLINDRICAL_SURFACE('',#2578,0.500000000000000);
#2580=ADVANCED_FACE('',(#2574),#2579,.F.);
#2581=SHAPE_ASPECT('featured shape: face 72','',#43,.T.);
#2582=PROPERTY_DEFINITION('','',#2581);
#2583=FACE_SHAPE_REPRESENTATION('',(#2580),#34);
#2584=SHAPE_DEFINITION_REPRESENTATION(#2582,#2583);
#2585=ORIENTED_EDGE('',*,*,#2518,.F.);
#2586=ORIENTED_EDGE('',*,*,#2052,.F.);
#2587=ORIENTED_EDGE('',*,*,#2526,.F.);
#2588=ORIENTED_EDGE('',*,*,#2569,.F.);
#2589=EDGE_LOOP('',(#2585,#2586,#2587,#2588));
#2590=FACE_BOUND('',#2589,.F.);
#2591=CARTESIAN_POINT('',(0.0,-0.980640646055101,3.998808098069199));
#2592=DIRECTION('',(0.0,0.500000000000000,-0.866025403784439));
#2593=DIRECTION('',(0.0,0.866025403784439,0.500000000000000));
#2594=AXIS2_PLACEMENT_3D('',#2591,#2592,#2593);
#2595=TOROIDAL_SURFACE('',#2594,0.460000000000000,0.040000000000000);
#2596=ADVANCED_FACE('',(#2590),#2595,.F.);
#2597=SHAPE_ASPECT('featured shape: face 73','',#43,.T.);
#2598=PROPERTY_DEFINITION('','',#2597);
#2599=FACE_SHAPE_REPRESENTATION('',(#2596),#34);
#2600=SHAPE_DEFINITION_REPRESENTATION(#2598,#2599);
#2601=CARTESIAN_POINT('',(0.0,2.453172400785651,4.049307913021062));
#2602=CARTESIAN_POINT('',(0.0,0.288108891324554,5.299307913021062));
#2603=VERTEX_POINT('',#2601);
#2604=VERTEX_POINT('',#2602);
#2605=CARTESIAN_POINT('',(0.0,1.370640646055103,4.674307913021061));
#2606=DIRECTION('',(0.0,-0.500000000000000,-0.866025403784439));
#2607=DIRECTION('',(0.0,0.866025403784439,-0.500000000000000));
#2608=AXIS2_PLACEMENT_3D('',#2605,#2606,#2607);
#2609=CIRCLE('',#2608,1.250000000000000);
#2610=EDGE_CURVE('',#2603,#2604,#2609,.T.);
#2611=ORIENTED_EDGE('',*,*,#2610,.T.);
#2612=CARTESIAN_POINT('',(0.0,1.370640646055103,4.674307913021061));
#2613=DIRECTION('',(0.0,0.500000000000000,0.866025403784439));
#2614=DIRECTION('',(0.0,0.866025403784439,-0.500000000000000));
#2615=AXIS2_PLACEMENT_3D('',#2612,#2613,#2614);
#2616=CIRCLE('',#2615,1.250000000000000);
#2617=EDGE_CURVE('',#2604,#2603,#2616,.F.);
#2618=ORIENTED_EDGE('',*,*,#2617,.T.);
#2619=EDGE_LOOP('',(#2611,#2618));
#2620=FACE_BOUND('',#2619,.F.);
#2621=ORIENTED_EDGE('',*,*,#1874,.F.);
#2622=ORIENTED_EDGE('',*,*,#1914,.F.);
#2623=EDGE_LOOP('',(#2621,#2622));
#2624=FACE_BOUND('',#2623,.F.);
#2625=CARTESIAN_POINT('',(0.0,1.370640646055103,4.674307913021062));
#2626=DIRECTION('',(0.0,0.500000000000000,0.866025403784439));
#2627=DIRECTION('',(0.0,0.866025403784439,-0.500000000000000));
#2628=AXIS2_PLACEMENT_3D('',#2625,#2626,#2627);
#2629=PLANE('',#2628);
#2630=ADVANCED_FACE('',(#2620,#2624),#2629,.T.);
#2631=SHAPE_ASPECT('featured shape: face 74','',#43,.T.);
#2632=PROPERTY_DEFINITION('','',#2631);
#2633=FACE_SHAPE_REPRESENTATION('',(#2630),#34);
#2634=SHAPE_DEFINITION_REPRESENTATION(#2632,#2633);
#2639=(LENGTH_MEASURE_WITH_UNIT()MEASURE_REPRESENTATION_ITEM()MEASURE_WITH_UNIT(LENGTH_MEASURE(32.0),#122)REPRESENTATION_ITEM('surface finish'));
#2640=REPRESENTATION('surface finish value',(#2639),#34);
#2641=PROPERTY_DEFINITION('surface property','surface finish',#2631);
#2642=PROPERTY_DEFINITION('surface property','surface finish',#2631);
#2643=PROPERTY_DEFINITION_REPRESENTATION(#2642,#2640);
#2644=PROPERTY_DEFINITION_RELATIONSHIP('','',#2641,#2642);
#2645=ORIENTED_EDGE('',*,*,#1702,.F.);
#2646=DIRECTION('',(0.0,0.499999999999997,0.866025403784441));
#2647=VECTOR('',#2646,0.030000000000000);
#2648=LINE('',#2601,#2647);
#2649=EDGE_CURVE('',#1695,#2603,#2648,.F.);
#2650=ORIENTED_EDGE('',*,*,#2649,.T.);
#2651=ORIENTED_EDGE('',*,*,#2617,.F.);
#2652=DIRECTION('',(0.0,0.500000000000015,0.866025403784430));
#2653=VECTOR('',#2652,0.029999999999999);
#2654=LINE('',#2602,#2653);
#2655=EDGE_CURVE('',#2604,#1696,#2654,.T.);
#2656=ORIENTED_EDGE('',*,*,#2655,.T.);
#2657=EDGE_LOOP('',(#2645,#2650,#2651,#2656));
#2658=FACE_BOUND('',#2657,.F.);
#2659=CARTESIAN_POINT('',(0.0,1.369890646055103,4.673008874915385));
#2660=DIRECTION('',(0.0,0.500000000000000,0.866025403784439));
#2661=DIRECTION('',(0.0,0.866025403784439,-0.500000000000000));
#2662=AXIS2_PLACEMENT_3D('',#2659,#2660,#2661);
#2663=CYLINDRICAL_SURFACE('',#2662,1.250000000000000);
#2664=ADVANCED_FACE('',(#2658),#2663,.F.);
#2665=SHAPE_ASPECT('featured shape: face 75','',#43,.T.);
#2666=PROPERTY_DEFINITION('','',#2665);
#2667=FACE_SHAPE_REPRESENTATION('',(#2664),#34);
#2668=SHAPE_DEFINITION_REPRESENTATION(#2666,#2667);
#2669=ORIENTED_EDGE('',*,*,#1709,.F.);
#2670=ORIENTED_EDGE('',*,*,#2655,.F.);
#2671=ORIENTED_EDGE('',*,*,#2610,.F.);
#2672=ORIENTED_EDGE('',*,*,#2649,.F.);
#2673=EDGE_LOOP('',(#2669,#2670,#2671,#2672));
#2674=FACE_BOUND('',#2673,.F.);
#2675=CARTESIAN_POINT('',(0.0,1.369890646055103,4.673008874915385));
#2676=DIRECTION('',(0.0,0.500000000000000,0.866025403784439));
#2677=DIRECTION('',(0.0,0.866025403784439,-0.500000000000000));
#2678=AXIS2_PLACEMENT_3D('',#2675,#2676,#2677);
#2679=CYLINDRICAL_SURFACE('',#2678,1.250000000000000);
#2680=ADVANCED_FACE('',(#2674),#2679,.F.);
#2681=SHAPE_ASPECT('featured shape: face 76','',#43,.T.);
#2682=PROPERTY_DEFINITION('','',#2681);
#2683=FACE_SHAPE_REPRESENTATION('',(#2680),#34);
#2684=SHAPE_DEFINITION_REPRESENTATION(#2682,#2683);
#2685=CARTESIAN_POINT('',(0.0,-0.677820323027551,5.074307913021063));
#2686=CARTESIAN_POINT('',(0.0,-2.063460969082652,4.274307913021063));
#2687=VERTEX_POINT('',#2685);
#2688=VERTEX_POINT('',#2686);
#2689=CARTESIAN_POINT('',(0.0,-1.370640646055101,4.674307913021062));
#2690=DIRECTION('',(0.0,0.500000000000000,-0.866025403784438));
#2691=DIRECTION('',(0.0,0.866025403784438,0.500000000000000));
#2692=AXIS2_PLACEMENT_3D('',#2689,#2690,#2691);
#2693=CIRCLE('',#2692,0.800000000000000);
#2694=EDGE_CURVE('',#2687,#2688,#2693,.T.);
#2695=ORIENTED_EDGE('',*,*,#2694,.T.);
#2696=CARTESIAN_POINT('',(0.0,-1.370640646055101,4.674307913021062));
#2697=DIRECTION('',(0.0,-0.500000000000000,0.866025403784438));
#2698=DIRECTION('',(0.0,0.866025403784438,0.500000000000000));
#2699=AXIS2_PLACEMENT_3D('',#2696,#2697,#2698);
#2700=CIRCLE('',#2699,0.800000000000000);
#2701=EDGE_CURVE('',#2688,#2687,#2700,.F.);
#2702=ORIENTED_EDGE('',*,*,#2701,.T.);
#2703=EDGE_LOOP('',(#2695,#2702));
#2704=FACE_BOUND('',#2703,.F.);
#2705=ORIENTED_EDGE('',*,*,#2085,.F.);
#2706=ORIENTED_EDGE('',*,*,#2190,.F.);
#2707=EDGE_LOOP('',(#2705,#2706));
#2708=FACE_BOUND('',#2707,.F.);
#2709=CARTESIAN_POINT('',(0.0,-1.370640646055101,4.674307913021063));
#2710=DIRECTION('',(0.0,-0.500000000000000,0.866025403784439));
#2711=DIRECTION('',(0.0,0.866025403784439,0.500000000000000));
#2712=AXIS2_PLACEMENT_3D('',#2709,#2710,#2711);
#2713=PLANE('',#2712);
#2714=ADVANCED_FACE('',(#2704,#2708),#2713,.T.);
#2715=SHAPE_ASPECT('featured shape: face 77','',#43,.T.);
#2716=PROPERTY_DEFINITION('','',#2715);
#2717=FACE_SHAPE_REPRESENTATION('',(#2714),#34);
#2718=SHAPE_DEFINITION_REPRESENTATION(#2716,#2717);
#2723=(LENGTH_MEASURE_WITH_UNIT()MEASURE_REPRESENTATION_ITEM()MEASURE_WITH_UNIT(LENGTH_MEASURE(32.0),#122)REPRESENTATION_ITEM('surface finish'));
#2724=REPRESENTATION('surface finish value',(#2723),#34);
#2725=PROPERTY_DEFINITION('surface property','surface finish',#2715);
#2726=PROPERTY_DEFINITION('surface property','surface finish',#2715);
#2727=PROPERTY_DEFINITION_REPRESENTATION(#2726,#2724);
#2728=PROPERTY_DEFINITION_RELATIONSHIP('','',#2725,#2726);
#2729=ORIENTED_EDGE('',*,*,#1754,.F.);
#2730=DIRECTION('',(0.0,-0.500000000000002,0.866025403784437));
#2731=VECTOR('',#2730,0.030000000000000);
#2732=LINE('',#2685,#2731);
#2733=EDGE_CURVE('',#1747,#2687,#2732,.F.);
#2734=ORIENTED_EDGE('',*,*,#2733,.T.);
#2735=ORIENTED_EDGE('',*,*,#2701,.F.);
#2736=DIRECTION('',(0.0,-0.499999999999997,0.866025403784441));
#2737=VECTOR('',#2736,0.030000000000000);
#2738=LINE('',#2686,#2737);
#2739=EDGE_CURVE('',#2688,#1748,#2738,.T.);
#2740=ORIENTED_EDGE('',*,*,#2739,.T.);
#2741=EDGE_LOOP('',(#2729,#2734,#2735,#2740));
#2742=FACE_BOUND('',#2741,.F.);
#2743=CARTESIAN_POINT('',(0.0,-1.369890646055101,4.673008874915386));
#2744=DIRECTION('',(0.0,-0.500000000000000,0.866025403784439));
#2745=DIRECTION('',(0.0,0.866025403784439,0.500000000000000));
#2746=AXIS2_PLACEMENT_3D('',#2743,#2744,#2745);
#2747=CYLINDRICAL_SURFACE('',#2746,0.800000000000000);
#2748=ADVANCED_FACE('',(#2742),#2747,.F.);
#2749=SHAPE_ASPECT('featured shape: face 78','',#43,.T.);
#2750=PROPERTY_DEFINITION('','',#2749);
#2751=FACE_SHAPE_REPRESENTATION('',(#2748),#34);
#2752=SHAPE_DEFINITION_REPRESENTATION(#2750,#2751);
#2753=ORIENTED_EDGE('',*,*,#1761,.F.);
#2754=ORIENTED_EDGE('',*,*,#2739,.F.);
#2755=ORIENTED_EDGE('',*,*,#2694,.F.);
#2756=ORIENTED_EDGE('',*,*,#2733,.F.);
#2757=EDGE_LOOP('',(#2753,#2754,#2755,#2756));
#2758=FACE_BOUND('',#2757,.F.);
#2759=CARTESIAN_POINT('',(0.0,-1.369890646055101,4.673008874915386));
#2760=DIRECTION('',(0.0,-0.500000000000000,0.866025403784439));
#2761=DIRECTION('',(0.0,0.866025403784439,0.500000000000000));
#2762=AXIS2_PLACEMENT_3D('',#2759,#2760,#2761);
#2763=CYLINDRICAL_SURFACE('',#2762,0.800000000000000);
#2764=ADVANCED_FACE('',(#2758),#2763,.F.);
#2765=SHAPE_ASPECT('featured shape: face 79','',#43,.T.);
#2766=PROPERTY_DEFINITION('','',#2765);
#2767=FACE_SHAPE_REPRESENTATION('',(#2764),#34);
#2768=SHAPE_DEFINITION_REPRESENTATION(#2766,#2767);
#2769=ORIENTED_EDGE('',*,*,#73,.F.);
#2770=DIRECTION('',(0.0,0.0,-1.0));
#2771=VECTOR('',#2770,3.745143856798132);
#2772=LINE('',#1806,#2771);
#2773=EDGE_CURVE('',#66,#1808,#2772,.F.);
#2774=ORIENTED_EDGE('',*,*,#2773,.T.);
#2775=ORIENTED_EDGE('',*,*,#1829,.F.);
#2776=DIRECTION('',(0.0,0.0,-1.0));
#2777=VECTOR('',#2776,3.745143856798132);
#2778=LINE('',#1805,#2777);
#2779=EDGE_CURVE('',#1807,#67,#2778,.T.);
#2780=ORIENTED_EDGE('',*,*,#2779,.T.);
#2781=EDGE_LOOP('',(#2769,#2774,#2775,#2780));
#2782=FACE_BOUND('',#2781,.F.);
#2783=CARTESIAN_POINT('',(0.0,0.800000000000000,4.305000000000000));
#2784=DIRECTION('',(0.0,0.0,-1.0));
#2785=DIRECTION('',(1.0,0.0,0.0));
#2786=AXIS2_PLACEMENT_3D('',#2783,#2784,#2785);
#2787=CYLINDRICAL_SURFACE('',#2786,0.500000000000000);
#2788=ADVANCED_FACE('',(#2782),#2787,.F.);
#2789=SHAPE_ASPECT('featured shape: face 80','',#43,.T.);
#2790=PROPERTY_DEFINITION('','',#2789);
#2791=FACE_SHAPE_REPRESENTATION('',(#2788),#34);
#2792=SHAPE_DEFINITION_REPRESENTATION(#2790,#2791);
#2793=ORIENTED_EDGE('',*,*,#80,.F.);
#2794=ORIENTED_EDGE('',*,*,#2779,.F.);
#2795=ORIENTED_EDGE('',*,*,#1851,.F.);
#2796=ORIENTED_EDGE('',*,*,#2773,.F.);
#2797=EDGE_LOOP('',(#2793,#2794,#2795,#2796));
#2798=FACE_BOUND('',#2797,.F.);
#2799=CARTESIAN_POINT('',(0.0,0.800000000000000,4.305000000000000));
#2800=DIRECTION('',(0.0,0.0,-1.0));
#2801=DIRECTION('',(1.0,0.0,0.0));
#2802=AXIS2_PLACEMENT_3D('',#2799,#2800,#2801);
#2803=CYLINDRICAL_SURFACE('',#2802,0.500000000000000);
#2804=ADVANCED_FACE('',(#2798),#2803,.F.);
#2805=SHAPE_ASPECT('featured shape: face 81','',#43,.T.);
#2806=PROPERTY_DEFINITION('','',#2805);
#2807=FACE_SHAPE_REPRESENTATION('',(#2804),#34);
#2808=SHAPE_DEFINITION_REPRESENTATION(#2806,#2807);
#2809=CARTESIAN_POINT('',(0.218750000000000,-0.600000000000000,1.0));
#2810=VERTEX_POINT('',#2809);
#2811=DIRECTION('',(0.0,0.0,-1.0));
#2812=VECTOR('',#2811,2.171314243359817);
#2813=LINE('',#2120,#2812);
#2814=EDGE_CURVE('',#2810,#2121,#2813,.F.);
#2815=ORIENTED_EDGE('',*,*,#2814,.T.);
#2816=ORIENTED_EDGE('',*,*,#2155,.F.);
#2817=ORIENTED_EDGE('',*,*,#1967,.F.);
#2818=CARTESIAN_POINT('',(-0.218750000000000,-0.600000000000000,1.0));
#2819=VERTEX_POINT('',#2818);
#2820=DIRECTION('',(0.0,0.0,-1.0));
#2821=VECTOR('',#2820,2.171314243359818);
#2822=LINE('',#1938,#2821);
#2823=EDGE_CURVE('',#1940,#2819,#2822,.T.);
#2824=ORIENTED_EDGE('',*,*,#2823,.T.);
#2825=CARTESIAN_POINT('',(0.0,-0.600000000000000,1.000000000000000));
#2826=DIRECTION('',(0.0,0.0,-1.0));
#2827=DIRECTION('',(1.0,0.0,0.0));
#2828=AXIS2_PLACEMENT_3D('',#2825,#2826,#2827);
#2829=CIRCLE('',#2828,0.218750000000000);
#2830=EDGE_CURVE('',#2819,#2810,#2829,.F.);
#2831=ORIENTED_EDGE('',*,*,#2830,.T.);
#2832=EDGE_LOOP('',(#2815,#2816,#2817,#2824,#2831));
#2833=FACE_BOUND('',#2832,.F.);
#2834=CARTESIAN_POINT('',(0.0,-0.600000000000000,3.550510173432892));
#2835=DIRECTION('',(0.0,0.0,-1.0));
#2836=DIRECTION('',(1.0,0.0,0.0));
#2837=AXIS2_PLACEMENT_3D('',#2834,#2835,#2836);
#2838=CYLINDRICAL_SURFACE('',#2837,0.218750000000000);
#2839=ADVANCED_FACE('',(#2833),#2838,.F.);
#2840=SHAPE_ASPECT('featured shape: face 82','',#43,.T.);
#2841=PROPERTY_DEFINITION('','',#2840);
#2842=FACE_SHAPE_REPRESENTATION('',(#2839),#34);
#2843=SHAPE_DEFINITION_REPRESENTATION(#2841,#2842);
#2844=CARTESIAN_POINT('',(0.0,-0.307500000000000,1.0));
#2845=CARTESIAN_POINT('',(0.0,-0.892500000000000,1.0));
#2846=VERTEX_POINT('',#2844);
#2847=VERTEX_POINT('',#2845);
#2848=CARTESIAN_POINT('',(0.0,-0.600000000000000,1.0));
#2849=DIRECTION('',(0.0,0.0,1.0));
#2850=DIRECTION('',(0.0,1.0,0.0));
#2851=AXIS2_PLACEMENT_3D('',#2848,#2849,#2850);
#2852=CIRCLE('',#2851,0.292500000000000);
#2853=EDGE_CURVE('',#2846,#2847,#2852,.T.);
#2854=ORIENTED_EDGE('',*,*,#2853,.T.);
#2855=CARTESIAN_POINT('',(0.0,-0.600000000000000,1.0));
#2856=DIRECTION('',(0.0,0.0,-1.0));
#2857=DIRECTION('',(0.0,1.0,0.0));
#2858=AXIS2_PLACEMENT_3D('',#2855,#2856,#2857);
#2859=CIRCLE('',#2858,0.292500000000000);
#2860=EDGE_CURVE('',#2847,#2846,#2859,.F.);
#2861=ORIENTED_EDGE('',*,*,#2860,.T.);
#2862=EDGE_LOOP('',(#2854,#2861));
#2863=FACE_BOUND('',#2862,.F.);
#2864=CARTESIAN_POINT('',(0.0,-0.600000000000000,1.000000000000000));
#2865=DIRECTION('',(0.0,0.0,1.0));
#2866=DIRECTION('',(1.0,0.0,0.0));
#2867=AXIS2_PLACEMENT_3D('',#2864,#2865,#2866);
#2868=CIRCLE('',#2867,0.218750000000000);
#2869=EDGE_CURVE('',#2819,#2810,#2868,.F.);
#2870=ORIENTED_EDGE('',*,*,#2869,.T.);
#2871=ORIENTED_EDGE('',*,*,#2830,.F.);
#2872=EDGE_LOOP('',(#2870,#2871));
#2873=FACE_BOUND('',#2872,.F.);
#2874=CARTESIAN_POINT('',(0.0,-0.600000000000000,1.0));
#2875=DIRECTION('',(0.0,0.0,-1.0));
#2876=DIRECTION('',(1.0,0.0,0.0));
#2877=AXIS2_PLACEMENT_3D('',#2874,#2875,#2876);
#2878=PLANE('',#2877);
#2879=ADVANCED_FACE('',(#2863,#2873),#2878,.T.);
#2880=SHAPE_ASPECT('featured shape: face 83','',#43,.T.);
#2881=PROPERTY_DEFINITION('','',#2880);
#2882=FACE_SHAPE_REPRESENTATION('',(#2879),#34);
#2883=SHAPE_DEFINITION_REPRESENTATION(#2881,#2882);
#2884=CARTESIAN_POINT('',(0.282450000000000,-0.600000000000000,0.880000000000000));
#2885=CARTESIAN_POINT('',(-0.282450000000000,-0.600000000000000,0.880000000000000));
#2886=VERTEX_POINT('',#2884);
#2887=VERTEX_POINT('',#2885);
#2888=CARTESIAN_POINT('',(0.0,-0.600000000000000,0.880000000000000));
#2889=DIRECTION('',(0.0,0.0,-1.0));
#2890=DIRECTION('',(1.0,0.0,0.0));
#2891=AXIS2_PLACEMENT_3D('',#2888,#2889,#2890);
#2892=CIRCLE('',#2891,0.282450000000000);
#2893=EDGE_CURVE('',#2886,#2887,#2892,.T.);
#2894=ORIENTED_EDGE('',*,*,#2893,.T.);
#2895=DIRECTION('',(0.0,0.0,-1.0));
#2896=VECTOR('',#2895,0.880000000000000);
#2897=LINE('',#2885,#2896);
#2898=EDGE_CURVE('',#2887,#87,#2897,.T.);
#2899=ORIENTED_EDGE('',*,*,#2898,.T.);
#2900=ORIENTED_EDGE('',*,*,#93,.F.);
#2901=DIRECTION('',(0.0,0.0,-1.0));
#2902=VECTOR('',#2901,0.880000000000000);
#2903=LINE('',#2884,#2902);
#2904=EDGE_CURVE('',#86,#2886,#2903,.F.);
#2905=ORIENTED_EDGE('',*,*,#2904,.T.);
#2906=EDGE_LOOP('',(#2894,#2899,#2900,#2905));
#2907=FACE_BOUND('',#2906,.F.);
#2908=CARTESIAN_POINT('',(0.0,-0.600000000000000,3.550510173432892));
#2909=DIRECTION('',(0.0,0.0,-1.0));
#2910=DIRECTION('',(1.0,0.0,0.0));
#2911=AXIS2_PLACEMENT_3D('',#2908,#2909,#2910);
#2912=CYLINDRICAL_SURFACE('',#2911,0.282450000000000);
#2913=ADVANCED_FACE('',(#2907),#2912,.F.);
#2914=SHAPE_ASPECT('featured shape: face 84','',#43,.T.);
#2915=PROPERTY_DEFINITION('','',#2914);
#2916=FACE_SHAPE_REPRESENTATION('',(#2913),#34);
#2917=SHAPE_DEFINITION_REPRESENTATION(#2915,#2916);
#2918=ORIENTED_EDGE('',*,*,#1952,.F.);
#2919=ORIENTED_EDGE('',*,*,#2133,.F.);
#2920=ORIENTED_EDGE('',*,*,#2814,.F.);
#2921=ORIENTED_EDGE('',*,*,#2869,.F.);
#2922=ORIENTED_EDGE('',*,*,#2823,.F.);
#2923=EDGE_LOOP('',(#2918,#2919,#2920,#2921,#2922));
#2924=FACE_BOUND('',#2923,.F.);
#2925=CARTESIAN_POINT('',(0.0,-0.600000000000000,3.550510173432892));
#2926=DIRECTION('',(0.0,0.0,-1.0));
#2927=DIRECTION('',(1.0,0.0,0.0));
#2928=AXIS2_PLACEMENT_3D('',#2925,#2926,#2927);
#2929=CYLINDRICAL_SURFACE('',#2928,0.218750000000000);
#2930=ADVANCED_FACE('',(#2924),#2929,.F.);
#2931=SHAPE_ASPECT('featured shape: face 85','',#43,.T.);
#2932=PROPERTY_DEFINITION('','',#2931);
#2933=FACE_SHAPE_REPRESENTATION('',(#2930),#34);
#2934=SHAPE_DEFINITION_REPRESENTATION(#2932,#2933);
#2935=CARTESIAN_POINT('',(0.0,-0.600000000000000,0.880000000000000));
#2936=DIRECTION('',(0.0,0.0,-1.0));
#2937=DIRECTION('',(-1.0,0.0,0.0));
#2938=AXIS2_PLACEMENT_3D('',#2935,#2936,#2937);
#2939=CIRCLE('',#2938,0.282450000000000);
#2940=EDGE_CURVE('',#2887,#2886,#2939,.T.);
#2941=ORIENTED_EDGE('',*,*,#2940,.T.);
#2942=ORIENTED_EDGE('',*,*,#2904,.F.);
#2943=ORIENTED_EDGE('',*,*,#100,.F.);
#2944=ORIENTED_EDGE('',*,*,#2898,.F.);
#2945=EDGE_LOOP('',(#2941,#2942,#2943,#2944));
#2946=FACE_BOUND('',#2945,.F.);
#2947=CARTESIAN_POINT('',(0.0,-0.600000000000000,3.550510173432892));
#2948=DIRECTION('',(0.0,0.0,-1.0));
#2949=DIRECTION('',(1.0,0.0,0.0));
#2950=AXIS2_PLACEMENT_3D('',#2947,#2948,#2949);
#2951=CYLINDRICAL_SURFACE('',#2950,0.282450000000000);
#2952=ADVANCED_FACE('',(#2946),#2951,.F.);
#2953=SHAPE_ASPECT('featured shape: face 86','',#43,.T.);
#2954=PROPERTY_DEFINITION('','',#2953);
#2955=FACE_SHAPE_REPRESENTATION('',(#2952),#34);
#2956=SHAPE_DEFINITION_REPRESENTATION(#2954,#2955);
#2957=CARTESIAN_POINT('',(0.0,-0.307500000000000,0.880000000000000));
#2958=CARTESIAN_POINT('',(0.0,-0.892500000000000,0.880000000000000));
#2959=VERTEX_POINT('',#2957);
#2960=VERTEX_POINT('',#2958);
#2961=CARTESIAN_POINT('',(0.0,-0.600000000000000,0.880000000000000));
#2962=DIRECTION('',(0.0,0.0,-1.0));
#2963=DIRECTION('',(0.0,1.0,0.0));
#2964=AXIS2_PLACEMENT_3D('',#2961,#2962,#2963);
#2965=CIRCLE('',#2964,0.292500000000000);
#2966=EDGE_CURVE('',#2959,#2960,#2965,.T.);
#2967=ORIENTED_EDGE('',*,*,#2966,.T.);
#2968=CARTESIAN_POINT('',(0.0,-0.600000000000000,0.880000000000000));
#2969=DIRECTION('',(0.0,0.0,1.0));
#2970=DIRECTION('',(0.0,1.0,0.0));
#2971=AXIS2_PLACEMENT_3D('',#2968,#2969,#2970);
#2972=CIRCLE('',#2971,0.292500000000000);
#2973=EDGE_CURVE('',#2960,#2959,#2972,.F.);
#2974=ORIENTED_EDGE('',*,*,#2973,.T.);
#2975=EDGE_LOOP('',(#2967,#2974));
#2976=FACE_BOUND('',#2975,.F.);
#2977=ORIENTED_EDGE('',*,*,#2893,.F.);
#2978=ORIENTED_EDGE('',*,*,#2940,.F.);
#2979=EDGE_LOOP('',(#2977,#2978));
#2980=FACE_BOUND('',#2979,.F.);
#2981=CARTESIAN_POINT('',(0.0,-0.600000000000000,0.880000000000000));
#2982=DIRECTION('',(0.0,0.0,1.0));
#2983=DIRECTION('',(0.0,1.0,0.0));
#2984=AXIS2_PLACEMENT_3D('',#2981,#2982,#2983);
#2985=PLANE('',#2984);
#2986=ADVANCED_FACE('',(#2976,#2980),#2985,.T.);
#2987=SHAPE_ASPECT('featured shape: face 87','',#43,.T.);
#2988=PROPERTY_DEFINITION('','',#2987);
#2989=FACE_SHAPE_REPRESENTATION('',(#2986),#34);
#2990=SHAPE_DEFINITION_REPRESENTATION(#2988,#2989);
#2991=CARTESIAN_POINT('',(0.0,-0.287500000000000,0.900000000000000));
#2992=VERTEX_POINT('',#2991);
#2993=CARTESIAN_POINT('',(0.0,-0.307500000000000,0.900000000000000));
#2994=DIRECTION('',(1.0,0.0,0.0));
#2995=DIRECTION('',(0.0,0.0,-1.0));
#2996=AXIS2_PLACEMENT_3D('',#2993,#2994,#2995);
#2997=CIRCLE('',#2996,0.020000000000000);
#2998=EDGE_CURVE('',#2992,#2959,#2997,.F.);
#2999=ORIENTED_EDGE('',*,*,#2998,.T.);
#3000=ORIENTED_EDGE('',*,*,#2973,.F.);
#3001=CARTESIAN_POINT('',(3.827021E-17,-0.912500000000000,0.900000000000000));
#3002=VERTEX_POINT('',#3001);
#3003=CARTESIAN_POINT('',(3.582092E-17,-0.892500000000000,0.900000000000000));
#3004=DIRECTION('',(-1.0,-1.224647E-16,0.0));
#3005=DIRECTION('',(0.0,0.0,-1.0));
#3006=AXIS2_PLACEMENT_3D('',#3003,#3004,#3005);
#3007=CIRCLE('',#3006,0.020000000000000);
#3008=EDGE_CURVE('',#2960,#3002,#3007,.T.);
#3009=ORIENTED_EDGE('',*,*,#3008,.T.);
#3010=CARTESIAN_POINT('',(0.0,-0.600000000000000,0.900000000000000));
#3011=DIRECTION('',(0.0,0.0,1.0));
#3012=DIRECTION('',(0.0,1.0,0.0));
#3013=AXIS2_PLACEMENT_3D('',#3010,#3011,#3012);
#3014=CIRCLE('',#3013,0.312500000000000);
#3015=EDGE_CURVE('',#3002,#2992,#3014,.F.);
#3016=ORIENTED_EDGE('',*,*,#3015,.T.);
#3017=EDGE_LOOP('',(#2999,#3000,#3009,#3016));
#3018=FACE_BOUND('',#3017,.F.);
#3019=CARTESIAN_POINT('',(0.0,-0.600000000000000,0.900000000000000));
#3020=DIRECTION('',(0.0,0.0,1.0));
#3021=DIRECTION('',(0.0,1.0,0.0));
#3022=AXIS2_PLACEMENT_3D('',#3019,#3020,#3021);
#3023=TOROIDAL_SURFACE('',#3022,0.292500000000000,0.020000000000000);
#3024=ADVANCED_FACE('',(#3018),#3023,.F.);
#3025=SHAPE_ASPECT('featured shape: face 88','',#43,.T.);
#3026=PROPERTY_DEFINITION('','',#3025);
#3027=FACE_SHAPE_REPRESENTATION('',(#3024),#34);
#3028=SHAPE_DEFINITION_REPRESENTATION(#3026,#3027);
#3029=CARTESIAN_POINT('',(0.0,-0.287500000000000,0.980000000000000));
#3030=VERTEX_POINT('',#3029);
#3031=DIRECTION('',(0.0,0.0,1.0));
#3032=VECTOR('',#3031,0.080000000000000);
#3033=LINE('',#2991,#3032);
#3034=EDGE_CURVE('',#3030,#2992,#3033,.F.);
#3035=ORIENTED_EDGE('',*,*,#3034,.T.);
#3036=ORIENTED_EDGE('',*,*,#3015,.F.);
#3037=CARTESIAN_POINT('',(3.827021E-17,-0.912500000000000,0.980000000000000));
#3038=VERTEX_POINT('',#3037);
#3039=DIRECTION('',(0.0,0.0,1.0));
#3040=VECTOR('',#3039,0.080000000000000);
#3041=LINE('',#3001,#3040);
#3042=EDGE_CURVE('',#3002,#3038,#3041,.T.);
#3043=ORIENTED_EDGE('',*,*,#3042,.T.);
#3044=CARTESIAN_POINT('',(0.0,-0.600000000000000,0.980000000000000));
#3045=DIRECTION('',(0.0,0.0,1.0));
#3046=DIRECTION('',(0.0,1.0,0.0));
#3047=AXIS2_PLACEMENT_3D('',#3044,#3045,#3046);
#3048=CIRCLE('',#3047,0.312500000000000);
#3049=EDGE_CURVE('',#3038,#3030,#3048,.F.);
#3050=ORIENTED_EDGE('',*,*,#3049,.T.);
#3051=EDGE_LOOP('',(#3035,#3036,#3043,#3050));
#3052=FACE_BOUND('',#3051,.F.);
#3053=CARTESIAN_POINT('',(0.0,-0.600000000000000,0.874000000000000));
#3054=DIRECTION('',(0.0,0.0,1.0));
#3055=DIRECTION('',(0.0,1.0,0.0));
#3056=AXIS2_PLACEMENT_3D('',#3053,#3054,#3055);
#3057=CYLINDRICAL_SURFACE('',#3056,0.312500000000000);
#3058=ADVANCED_FACE('',(#3052),#3057,.F.);
#3059=SHAPE_ASPECT('featured shape: face 89','',#43,.T.);
#3060=PROPERTY_DEFINITION('','',#3059);
#3061=FACE_SHAPE_REPRESENTATION('',(#3058),#34);
#3062=SHAPE_DEFINITION_REPRESENTATION(#3060,#3061);
#3063=CARTESIAN_POINT('',(0.0,-0.307500000000000,0.980000000000000));
#3064=DIRECTION('',(1.0,0.0,0.0));
#3065=DIRECTION('',(0.0,1.0,0.0));
#3066=AXIS2_PLACEMENT_3D('',#3063,#3064,#3065);
#3067=CIRCLE('',#3066,0.020000000000000);
#3068=EDGE_CURVE('',#2846,#3030,#3067,.F.);
#3069=ORIENTED_EDGE('',*,*,#3068,.T.);
#3070=ORIENTED_EDGE('',*,*,#3049,.F.);
#3071=CARTESIAN_POINT('',(3.582092E-17,-0.892500000000000,0.980000000000000));
#3072=DIRECTION('',(-1.0,-1.224647E-16,0.0));
#3073=DIRECTION('',(1.224647E-16,-1.0,0.0));
#3074=AXIS2_PLACEMENT_3D('',#3071,#3072,#3073);
#3075=CIRCLE('',#3074,0.020000000000000);
#3076=EDGE_CURVE('',#3038,#2847,#3075,.T.);
#3077=ORIENTED_EDGE('',*,*,#3076,.T.);
#3078=ORIENTED_EDGE('',*,*,#2853,.F.);
#3079=EDGE_LOOP('',(#3069,#3070,#3077,#3078));
#3080=FACE_BOUND('',#3079,.F.);
#3081=CARTESIAN_POINT('',(0.0,-0.600000000000000,0.980000000000000));
#3082=DIRECTION('',(0.0,0.0,1.0));
#3083=DIRECTION('',(0.0,1.0,0.0));
#3084=AXIS2_PLACEMENT_3D('',#3081,#3082,#3083);
#3085=TOROIDAL_SURFACE('',#3084,0.292500000000000,0.020000000000000);
#3086=ADVANCED_FACE('',(#3080),#3085,.F.);
#3087=SHAPE_ASPECT('featured shape: face 90','',#43,.T.);
#3088=PROPERTY_DEFINITION('','',#3087);
#3089=FACE_SHAPE_REPRESENTATION('',(#3086),#34);
#3090=SHAPE_DEFINITION_REPRESENTATION(#3088,#3089);
#3091=ORIENTED_EDGE('',*,*,#2998,.F.);
#3092=CARTESIAN_POINT('',(0.0,-0.600000000000000,0.900000000000000));
#3093=DIRECTION('',(0.0,0.0,-1.0));
#3094=DIRECTION('',(0.0,1.0,0.0));
#3095=AXIS2_PLACEMENT_3D('',#3092,#3093,#3094);
#3096=CIRCLE('',#3095,0.312500000000000);
#3097=EDGE_CURVE('',#2992,#3002,#3096,.T.);
#3098=ORIENTED_EDGE('',*,*,#3097,.T.);
#3099=ORIENTED_EDGE('',*,*,#3008,.F.);
#3100=ORIENTED_EDGE('',*,*,#2966,.F.);
#3101=EDGE_LOOP('',(#3091,#3098,#3099,#3100));
#3102=FACE_BOUND('',#3101,.F.);
#3103=CARTESIAN_POINT('',(0.0,-0.600000000000000,0.900000000000000));
#3104=DIRECTION('',(0.0,0.0,1.0));
#3105=DIRECTION('',(0.0,1.0,0.0));
#3106=AXIS2_PLACEMENT_3D('',#3103,#3104,#3105);
#3107=TOROIDAL_SURFACE('',#3106,0.292500000000000,0.020000000000000);
#3108=ADVANCED_FACE('',(#3102),#3107,.F.);
#3109=SHAPE_ASPECT('featured shape: face 91','',#43,.T.);
#3110=PROPERTY_DEFINITION('','',#3109);
#3111=FACE_SHAPE_REPRESENTATION('',(#3108),#34);
#3112=SHAPE_DEFINITION_REPRESENTATION(#3110,#3111);
#3113=ORIENTED_EDGE('',*,*,#3034,.F.);
#3114=CARTESIAN_POINT('',(0.0,-0.600000000000000,0.980000000000000));
#3115=DIRECTION('',(0.0,0.0,-1.0));
#3116=DIRECTION('',(0.0,1.0,0.0));
#3117=AXIS2_PLACEMENT_3D('',#3114,#3115,#3116);
#3118=CIRCLE('',#3117,0.312500000000000);
#3119=EDGE_CURVE('',#3030,#3038,#3118,.T.);
#3120=ORIENTED_EDGE('',*,*,#3119,.T.);
#3121=ORIENTED_EDGE('',*,*,#3042,.F.);
#3122=ORIENTED_EDGE('',*,*,#3097,.F.);
#3123=EDGE_LOOP('',(#3113,#3120,#3121,#3122));
#3124=FACE_BOUND('',#3123,.F.);
#3125=CARTESIAN_POINT('',(0.0,-0.600000000000000,0.874000000000000));
#3126=DIRECTION('',(0.0,0.0,1.0));
#3127=DIRECTION('',(0.0,1.0,0.0));
#3128=AXIS2_PLACEMENT_3D('',#3125,#3126,#3127);
#3129=CYLINDRICAL_SURFACE('',#3128,0.312500000000000);
#3130=ADVANCED_FACE('',(#3124),#3129,.F.);
#3131=SHAPE_ASPECT('featured shape: face 92','',#43,.T.);
#3132=PROPERTY_DEFINITION('','',#3131);
#3133=FACE_SHAPE_REPRESENTATION('',(#3130),#34);
#3134=SHAPE_DEFINITION_REPRESENTATION(#3132,#3133);
#3135=ORIENTED_EDGE('',*,*,#3068,.F.);
#3136=ORIENTED_EDGE('',*,*,#2860,.F.);
#3137=ORIENTED_EDGE('',*,*,#3076,.F.);
#3138=ORIENTED_EDGE('',*,*,#3119,.F.);
#3139=EDGE_LOOP('',(#3135,#3136,#3137,#3138));
#3140=FACE_BOUND('',#3139,.F.);
#3141=CARTESIAN_POINT('',(0.0,-0.600000000000000,0.980000000000000));
#3142=DIRECTION('',(0.0,0.0,1.0));
#3143=DIRECTION('',(0.0,1.0,0.0));
#3144=AXIS2_PLACEMENT_3D('',#3141,#3142,#3143);
#3145=TOROIDAL_SURFACE('',#3144,0.292500000000000,0.020000000000000);
#3146=ADVANCED_FACE('',(#3140),#3145,.F.);
#3147=SHAPE_ASPECT('featured shape: face 93','',#43,.T.);
#3148=PROPERTY_DEFINITION('','',#3147);
#3149=FACE_SHAPE_REPRESENTATION('',(#3146),#34);
#3150=SHAPE_DEFINITION_REPRESENTATION(#3148,#3149);
#3151=ORIENTED_EDGE('',*,*,#60,.F.);
#3152=DIRECTION('',(0.707106781186548,0.0,0.707106781186548));
#3153=VECTOR('',#3152,0.083438600180013);
#3154=LINE('',#45,#3153);
#3155=EDGE_CURVE('',#47,#417,#3154,.T.);
#3156=ORIENTED_EDGE('',*,*,#3155,.T.);
#3157=ORIENTED_EDGE('',*,*,#514,.F.);
#3158=DIRECTION('',(-0.707106781186548,2.889438E-14,0.707106781186548));
#3159=VECTOR('',#3158,0.083438600180013);
#3160=LINE('',#44,#3159);
#3161=EDGE_CURVE('',#424,#46,#3160,.F.);
#3162=ORIENTED_EDGE('',*,*,#3161,.T.);
#3163=EDGE_LOOP('',(#3151,#3156,#3157,#3162));
#3164=FACE_BOUND('',#3163,.F.);
#3165=CARTESIAN_POINT('',(0.0,0.0,0.059000000000000));
#3166=DIRECTION('',(0.0,0.0,1.0));
#3167=DIRECTION('',(-1.0,0.0,0.0));
#3168=AXIS2_PLACEMENT_3D('',#3165,#3166,#3167);
#3169=CONICAL_SURFACE('',#3168,1.874050000000000,45.0);
#3170=ADVANCED_FACE('',(#3164),#3169,.T.);
#3171=SHAPE_ASPECT('featured shape: face 94','',#43,.T.);
#3172=PROPERTY_DEFINITION('','',#3171);
#3173=FACE_SHAPE_REPRESENTATION('',(#3170),#34);
#3174=SHAPE_DEFINITION_REPRESENTATION(#3172,#3173);
#3175=ORIENTED_EDGE('',*,*,#53,.F.);
#3176=ORIENTED_EDGE('',*,*,#3161,.F.);
#3177=ORIENTED_EDGE('',*,*,#430,.F.);
#3178=ORIENTED_EDGE('',*,*,#3155,.F.);
#3179=EDGE_LOOP('',(#3175,#3176,#3177,#3178));
#3180=FACE_BOUND('',#3179,.F.);
#3181=CARTESIAN_POINT('',(0.0,0.0,0.059000000000000));
#3182=DIRECTION('',(0.0,0.0,1.0));
#3183=DIRECTION('',(-1.0,0.0,0.0));
#3184=AXIS2_PLACEMENT_3D('',#3181,#3182,#3183);
#3185=CONICAL_SURFACE('',#3184,1.874050000000000,45.0);
#3186=ADVANCED_FACE('',(#3180),#3185,.T.);
#3187=SHAPE_ASPECT('featured shape: face 95','',#43,.T.);
#3188=PROPERTY_DEFINITION('','',#3187);
#3189=FACE_SHAPE_REPRESENTATION('',(#3186),#34);
#3190=SHAPE_DEFINITION_REPRESENTATION(#3188,#3189);
#3191=CLOSED_SHELL('',(#109,#165,#197,#229,#261,#293,#325,#358,#391,#444,#494,#531,#575,#604,#656,#726,#764,#781,#811,#849,#883,#921,#946,#968,#990,#1012,#1029,#1079,#1127,#1161,#1209,#1249,#1281,#1303,#1329,#1357,#1373,#1401,#1417,#1438,#1468,#1505,#1535,#1565,#1595,#1632,#1662,#1718,#1770,#1860,#1904,#1932,#1997,#2031,#2071,#2115,#2164,#2180,#2208,#2242,#2280,#2314,#2342,#2364,#2386,#2402,#2436,#2474,#2508,#2536,#2558,#2580,#2596,#2630,#2664,#2680,#2714,#2748,#2764,#2788,#2804,#2839,#2879,#2913,#2930,#2952,#2986,#3024,#3058,#3086,#3108,#3130,#3146,#3170,#3186));
#3192=MANIFOLD_SOLID_BREP('',#3191);
#3193=ADVANCED_BREP_SHAPE_REPRESENTATION('',(#3192),#34);
#3194=SHAPE_DEFINITION_REPRESENTATION(#43,#3193);
#3195=CARTESIAN_POINT('',(0.0,0.0,5.500000000000000));
#3196=DIRECTION('',(0.0,1.0,0.0));
#3197=DIRECTION('',(0.0,0.0,1.0));
#3198=AXIS2_PLACEMENT_3D('DTM1',#3195,#3196,#3197);
#3199=DATUM_FEATURE('','',#43,.F.);
#3200=PROPERTY_DEFINITION('','',#3199);
#3201=SHAPE_REPRESENTATION('',(#3198),#34);
#3202=SHAPE_DEFINITION_REPRESENTATION(#3200,#3201);
#3203=DATUM('DTM1','',#43,.F.,'DTM1');
#3204=SHAPE_ASPECT_RELATIONSHIP('','',#3199,#3203);
#3205=DATUM_REFERENCE(1,#3203);
#3206=CARTESIAN_POINT('',(0.0,0.0,5.500000000000000));
#3207=DIRECTION('',(-1.0,0.0,0.0));
#3208=DIRECTION('',(0.0,0.0,1.0));
#3209=AXIS2_PLACEMENT_3D('DTM2',#3206,#3207,#3208);
#3210=DATUM_FEATURE('','',#43,.F.);
#3211=PROPERTY_DEFINITION('','',#3210);
#3212=SHAPE_REPRESENTATION('',(#3209),#34);
#3213=SHAPE_DEFINITION_REPRESENTATION(#3211,#3212);
#3214=DATUM('DTM2','',#43,.F.,'DTM2');
#3215=SHAPE_ASPECT_RELATIONSHIP('','',#3210,#3214);
#3216=DATUM_REFERENCE(1,#3214);
#3217=DATUM_FEATURE('','',#43,.T.);
#3218=PROPERTY_DEFINITION('','',#3217);
#3219=SHAPE_REPRESENTATION('',(#1079),#34);
#3220=SHAPE_DEFINITION_REPRESENTATION(#3218,#3219);
#3221=DATUM('DTM3','',#43,.T.,'DTM3');
#3222=SHAPE_ASPECT_RELATIONSHIP('','',#3217,#3221);
#3223=DATUM_REFERENCE(1,#3221);
#3224=CARTESIAN_POINT('',(0.0,0.0,2.0));
#3225=DIRECTION('',(-0.707106781186548,-0.707106781186547,0.0));
#3226=DIRECTION('',(0.0,0.0,1.0));
#3227=AXIS2_PLACEMENT_3D('DTM4',#3224,#3225,#3226);
#3228=DATUM_FEATURE('','',#43,.F.);
#3229=PROPERTY_DEFINITION('','',#3228);
#3230=SHAPE_REPRESENTATION('',(#3227),#34);
#3231=SHAPE_DEFINITION_REPRESENTATION(#3229,#3230);
#3232=DATUM('DTM4','',#43,.F.,'DTM4');
#3233=SHAPE_ASPECT_RELATIONSHIP('','',#3228,#3232);
#3234=DATUM_REFERENCE(1,#3232);
#3235=CARTESIAN_POINT('',(0.0,0.0,2.0));
#3236=DIRECTION('',(-0.707106781186547,0.707106781186548,0.0));
#3237=DIRECTION('',(0.0,0.0,1.0));
#3238=AXIS2_PLACEMENT_3D('DTM5',#3235,#3236,#3237);
#3239=DATUM_FEATURE('','',#43,.F.);
#3240=PROPERTY_DEFINITION('','',#3239);
#3241=SHAPE_REPRESENTATION('',(#3238),#34);
#3242=SHAPE_DEFINITION_REPRESENTATION(#3240,#3241);
#3243=DATUM('DTM5','',#43,.F.,'DTM5');
#3244=SHAPE_ASPECT_RELATIONSHIP('','',#3239,#3243);
#3245=DATUM_REFERENCE(1,#3243);
#3246=CARTESIAN_POINT('',(0.0,0.0,2.0));
#3247=DIRECTION('',(-1.0,0.0,0.0));
#3248=DIRECTION('',(0.0,0.0,1.0));
#3249=AXIS2_PLACEMENT_3D('DTM6',#3246,#3247,#3248);
#3250=DATUM_FEATURE('','',#43,.F.);
#3251=PROPERTY_DEFINITION('','',#3250);
#3252=SHAPE_REPRESENTATION('',(#3249),#34);
#3253=SHAPE_DEFINITION_REPRESENTATION(#3251,#3252);
#3254=DATUM('DTM6','',#43,.F.,'DTM6');
#3255=SHAPE_ASPECT_RELATIONSHIP('','',#3250,#3254);
#3256=DATUM_REFERENCE(1,#3254);
#3257=CARTESIAN_POINT('',(0.0,0.0,2.0));
#3258=DIRECTION('',(-0.707106781186548,-0.707106781186547,0.0));
#3259=DIRECTION('',(0.0,0.0,1.0));
#3260=AXIS2_PLACEMENT_3D('DTM7',#3257,#3258,#3259);
#3261=DATUM_FEATURE('','',#43,.F.);
#3262=PROPERTY_DEFINITION('','',#3261);
#3263=SHAPE_REPRESENTATION('',(#3260),#34);
#3264=SHAPE_DEFINITION_REPRESENTATION(#3262,#3263);
#3265=DATUM('DTM7','',#43,.F.,'DTM7');
#3266=SHAPE_ASPECT_RELATIONSHIP('','',#3261,#3265);
#3267=DATUM_REFERENCE(1,#3265);
#3268=CARTESIAN_POINT('',(0.0,0.0,2.0));
#3269=DIRECTION('',(0.0,-1.0,0.0));
#3270=DIRECTION('',(0.0,0.0,1.0));
#3271=AXIS2_PLACEMENT_3D('DTM8',#3268,#3269,#3270);
#3272=DATUM_FEATURE('','',#43,.F.);
#3273=PROPERTY_DEFINITION('','',#3272);
#3274=SHAPE_REPRESENTATION('',(#3271),#34);
#3275=SHAPE_DEFINITION_REPRESENTATION(#3273,#3274);
#3276=DATUM('DTM8','',#43,.F.,'DTM8');
#3277=SHAPE_ASPECT_RELATIONSHIP('','',#3272,#3276);
#3278=DATUM_REFERENCE(1,#3276);
#3279=CARTESIAN_POINT('',(0.0,0.0,2.0));
#3280=DIRECTION('',(0.707106781186547,-0.707106781186548,0.0));
#3281=DIRECTION('',(0.0,0.0,1.0));
#3282=AXIS2_PLACEMENT_3D('DTM9',#3279,#3280,#3281);
#3283=DATUM_FEATURE('','',#43,.F.);
#3284=PROPERTY_DEFINITION('','',#3283);
#3285=SHAPE_REPRESENTATION('',(#3282),#34);
#3286=SHAPE_DEFINITION_REPRESENTATION(#3284,#3285);
#3287=DATUM('DTM9','',#43,.F.,'DTM9');
#3288=SHAPE_ASPECT_RELATIONSHIP('','',#3283,#3287);
#3289=DATUM_REFERENCE(1,#3287);
#3290=CARTESIAN_POINT('',(-1.408038399999999,0.0,5.500288675134595));
#3291=DIRECTION('',(0.0,-0.866025403784439,0.500000000000000));
#3292=DIRECTION('',(0.0,-0.500000000000000,-0.866025403784439));
#3293=AXIS2_PLACEMENT_3D('DTM13',#3290,#3291,#3292);
#3294=DATUM_FEATURE('','',#43,.F.);
#3295=PROPERTY_DEFINITION('','',#3294);
#3296=SHAPE_REPRESENTATION('',(#3293),#34);
#3297=SHAPE_DEFINITION_REPRESENTATION(#3295,#3296);
#3298=DATUM('DTM13','',#43,.F.,'DTM13');
#3299=SHAPE_ASPECT_RELATIONSHIP('','',#3294,#3298);
#3300=DATUM_REFERENCE(1,#3298);
#3301=CARTESIAN_POINT('',(-1.408038399999999,0.0,5.500288675134595));
#3302=DIRECTION('',(0.0,0.866025403784439,0.500000000000000));
#3303=DIRECTION('',(0.0,-0.500000000000000,0.866025403784439));
#3304=AXIS2_PLACEMENT_3D('DTM15',#3301,#3302,#3303);
#3305=DATUM_FEATURE('','',#43,.F.);
#3306=PROPERTY_DEFINITION('','',#3305);
#3307=SHAPE_REPRESENTATION('',(#3304),#34);
#3308=SHAPE_DEFINITION_REPRESENTATION(#3306,#3307);
#3309=DATUM('DTM15','',#43,.F.,'DTM15');
#3310=SHAPE_ASPECT_RELATIONSHIP('','',#3305,#3309);
#3311=DATUM_REFERENCE(1,#3309);
#3312=CARTESIAN_POINT('',(0.0,1.385640646055103,4.700288675134596));
#3313=DIRECTION('',(0.0,0.866025403784439,-0.500000000000000));
#3314=DIRECTION('',(1.0,0.0,0.0));
#3315=AXIS2_PLACEMENT_3D('DTM10',#3312,#3313,#3314);
#3316=DATUM_FEATURE('','',#43,.F.);
#3317=PROPERTY_DEFINITION('','',#3316);
#3318=SHAPE_REPRESENTATION('',(#3315),#34);
#3319=SHAPE_DEFINITION_REPRESENTATION(#3317,#3318);
#3320=DATUM('DTM10','',#43,.F.,'DTM10');
#3321=SHAPE_ASPECT_RELATIONSHIP('','',#3316,#3320);
#3322=DATUM_REFERENCE(1,#3320);
#3323=CARTESIAN_POINT('',(0.0,-0.456756174332045,3.091413575748486));
#3324=DIRECTION('',(0.0,-0.866025403784439,-0.500000000000000));
#3325=DIRECTION('',(1.0,0.0,0.0));
#3326=AXIS2_PLACEMENT_3D('DTM11',#3323,#3324,#3325);
#3327=DATUM_FEATURE('','',#43,.F.);
#3328=PROPERTY_DEFINITION('','',#3327);
#3329=SHAPE_REPRESENTATION('',(#3326),#34);
#3330=SHAPE_DEFINITION_REPRESENTATION(#3328,#3329);
#3331=DATUM('DTM11','',#43,.F.,'DTM11');
#3332=SHAPE_ASPECT_RELATIONSHIP('','',#3327,#3331);
#3333=DATUM_REFERENCE(1,#3331);
#3334=DATUM_FEATURE('','',#43,.T.);
#3335=PROPERTY_DEFINITION('','',#3334);
#3336=SHAPE_REPRESENTATION('',(#2071),#34);
#3337=SHAPE_DEFINITION_REPRESENTATION(#3335,#3336);
#3338=DATUM('DTM12','',#43,.T.,'DTM12');
#3339=SHAPE_ASPECT_RELATIONSHIP('','',#3334,#3338);
#3340=DATUM_REFERENCE(1,#3338);
#3341=DATUM_FEATURE('','',#43,.T.);
#3342=PROPERTY_DEFINITION('','',#3341);
#3343=SHAPE_REPRESENTATION('',(#2879),#34);
#3344=SHAPE_DEFINITION_REPRESENTATION(#3342,#3343);
#3345=DATUM('DTM16','',#43,.T.,'DTM16');
#3346=SHAPE_ASPECT_RELATIONSHIP('','',#3341,#3345);
#3347=DATUM_REFERENCE(1,#3345);
#3348=CARTESIAN_POINT('',(0.0,0.0,0.0));
#3349=DIRECTION('',(0.0,0.0,1.0));
#3350=DIRECTION('',(1.0,0.0,0.0));
#3351=AXIS2_PLACEMENT_3D('orientation',#3348,#3349,#3350);
#3352=STANDARD_UNCERTAINTY('upper limit','plus',0.010000000000000);
#3353=STANDARD_UNCERTAINTY('lower limit','minus',-0.010000000000000);
#3354=PRECISION_QUALIFIER(4);
#3360=(LENGTH_MEASURE_WITH_UNIT()MEASURE_REPRESENTATION_ITEM()MEASURE_WITH_UNIT(LENGTH_MEASURE(5.500000000000000),#15)QUALIFIED_REPRESENTATION_ITEM((#3352,#3353,#3354))REPRESENTATION_ITEM('length'));
#3365=(LENGTH_MEASURE_WITH_UNIT()MEASURE_REPRESENTATION_ITEM()MEASURE_WITH_UNIT(LENGTH_MEASURE(5.807034154568694),#15)REPRESENTATION_ITEM('diameter'));
#3366=CYLINDRICAL_SHAPE_REPRESENTATION('base shape',(#3351,#3360,#3365),#34);
#3373=(CHARACTERIZED_OBJECT('','outer diameter to shoulder')FEATURE_DEFINITION()INSTANCED_FEATURE()MACHINING_FEATURE()OUTER_ROUND()SHAPE_ASPECT('','outer diameter to shoulder',#43,.T.));
#3374=PROPERTY_DEFINITION('','',#3373);
#3375=PRODUCT_DEFINITION_SHAPE('','',#3373);
#3376=CARTESIAN_POINT('',(0.0,0.0,1.200000000000000));
#3377=DIRECTION('',(0.0,0.0,-1.0));
#3378=DIRECTION('',(1.0,0.0,0.0));
#3379=AXIS2_PLACEMENT_3D('orientation',#3376,#3377,#3378);
#3380=STANDARD_UNCERTAINTY('upper limit','plus',0.0);
#3381=STANDARD_UNCERTAINTY('lower limit','minus',-0.011400000000000);
#3382=PRECISION_QUALIFIER(4);
#3388=(LENGTH_MEASURE_WITH_UNIT()MEASURE_REPRESENTATION_ITEM()MEASURE_WITH_UNIT(LENGTH_MEASURE(3.748100000000000),#15)QUALIFIED_REPRESENTATION_ITEM((#3380,#3381,#3382))REPRESENTATION_ITEM('diameter'));
#3389=SHAPE_REPRESENTATION('',(#444,#494,#531),#34);
#3390=SHAPE_DEFINITION_REPRESENTATION(#3374,#3389);
#3391=SHAPE_REPRESENTATION_WITH_PARAMETERS('',(#3379,#3388),#34);
#3392=SHAPE_DEFINITION_REPRESENTATION(#3374,#3391);
#3393=CARTESIAN_POINT('',(1.874050000000000,0.0,1.200000000000000));
#3394=DIRECTION('',(0.0,-1.0,0.0));
#3395=DIRECTION('',(0.0,0.0,-1.0));
#3396=AXIS2_PLACEMENT_3D('orientation',#3393,#3394,#3395);
#3397=FEATURE_COMPONENT_DEFINITION('','');
#3398=PRODUCT_DEFINITION_SHAPE('','',#3397);
#3399=VEE_PROFILE('vee profile','v-shape',#3398,.F.);
#3404=(MEASURE_REPRESENTATION_ITEM()MEASURE_WITH_UNIT(PLANE_ANGLE_MEASURE(90.0),#24)PLANE_ANGLE_MEASURE_WITH_UNIT()REPRESENTATION_ITEM('profile angle'));
#3409=(MEASURE_REPRESENTATION_ITEM()MEASURE_WITH_UNIT(PLANE_ANGLE_MEASURE(0.0),#24)PLANE_ANGLE_MEASURE_WITH_UNIT()REPRESENTATION_ITEM('tilt angle'));
#3414=(LENGTH_MEASURE_WITH_UNIT()MEASURE_REPRESENTATION_ITEM()MEASURE_WITH_UNIT(LENGTH_MEASURE(0.0),#15)REPRESENTATION_ITEM('profile radius'));
#3415=SHAPE_REPRESENTATION_WITH_PARAMETERS('',(#3396,#3404,#3409,#3414),#34);
#3416=PROPERTY_DEFINITION('','',#3399);
#3417=SHAPE_DEFINITION_REPRESENTATION(#3416,#3415);
#3418=SHAPE_ASPECT('','v-shape boundary occurrence',#3375,.T.);
#3419=SHAPE_DEFINING_RELATIONSHIP('vee boundary','profile usage',#3399,#3418);
#3420=DIMENSIONAL_LOCATION('','',#495,#110);
#3421=PRECISION_QUALIFIER(4);
#3427=(LENGTH_MEASURE_WITH_UNIT()MEASURE_REPRESENTATION_ITEM()MEASURE_WITH_UNIT(LENGTH_MEASURE(1.200000000000000),#15)QUALIFIED_REPRESENTATION_ITEM((#3421))REPRESENTATION_ITEM(''));
#3428=SHAPE_DIMENSION_REPRESENTATION('',(#3427),#34);
#3429=PRECISION_QUALIFIER(4);
#3430=MEASURE_WITH_UNIT(LENGTH_MEASURE(0.010000000000000),#15);
#3431=MEASURE_WITH_UNIT(LENGTH_MEASURE(-0.010000000000000),#15);
#3432=MEASURE_QUALIFICATION('','',#3430,(#3429));
#3433=MEASURE_QUALIFICATION('','',#3431,(#3429));
#3434=TOLERANCE_VALUE(#3431,#3430);
#3435=PLUS_MINUS_TOLERANCE(#3434,#3420);
#3436=DIMENSIONAL_CHARACTERISTIC_REPRESENTATION(#3420,#3428);
#3443=(CHARACTERIZED_OBJECT('','outer diameter to shoulder')FEATURE_DEFINITION()INSTANCED_FEATURE()MACHINING_FEATURE()OUTER_ROUND()SHAPE_ASPECT('','outer diameter to shoulder',#43,.T.));
#3444=PROPERTY_DEFINITION('','',#3443);
#3445=PRODUCT_DEFINITION_SHAPE('','',#3443);
#3446=CARTESIAN_POINT('',(0.0,0.0,2.0));
#3447=DIRECTION('',(0.0,0.0,-1.0));
#3448=DIRECTION('',(1.0,0.0,0.0));
#3449=AXIS2_PLACEMENT_3D('orientation',#3446,#3447,#3448);
#3450=STANDARD_UNCERTAINTY('upper limit','plus',0.0);
#3451=STANDARD_UNCERTAINTY('lower limit','minus',-0.002200000000000);
#3452=PRECISION_QUALIFIER(4);
#3458=(LENGTH_MEASURE_WITH_UNIT()MEASURE_REPRESENTATION_ITEM()MEASURE_WITH_UNIT(LENGTH_MEASURE(3.873600000000000),#15)QUALIFIED_REPRESENTATION_ITEM((#3450,#3451,#3452))REPRESENTATION_ITEM('diameter'));
#3459=SHAPE_REPRESENTATION('',(#575,#604,#656,#726,#764,#781,#811),#34);
#3460=SHAPE_DEFINITION_REPRESENTATION(#3444,#3459);
#3461=SHAPE_REPRESENTATION_WITH_PARAMETERS('',(#3449,#3458),#34);
#3462=SHAPE_DEFINITION_REPRESENTATION(#3444,#3461);
#3463=CARTESIAN_POINT('',(1.936800000000000,0.0,2.0));
#3464=DIRECTION('',(0.0,-1.0,0.0));
#3465=DIRECTION('',(0.0,0.0,-1.0));
#3466=AXIS2_PLACEMENT_3D('orientation',#3463,#3464,#3465);
#3467=FEATURE_COMPONENT_DEFINITION('','');
#3468=PRODUCT_DEFINITION_SHAPE('','',#3467);
#3469=VEE_PROFILE('vee profile','v-shape',#3468,.F.);
#3474=(MEASURE_REPRESENTATION_ITEM()MEASURE_WITH_UNIT(PLANE_ANGLE_MEASURE(90.0),#24)PLANE_ANGLE_MEASURE_WITH_UNIT()REPRESENTATION_ITEM('profile angle'));
#3479=(MEASURE_REPRESENTATION_ITEM()MEASURE_WITH_UNIT(PLANE_ANGLE_MEASURE(0.0),#24)PLANE_ANGLE_MEASURE_WITH_UNIT()REPRESENTATION_ITEM('tilt angle'));
#3480=STANDARD_UNCERTAINTY('upper limit','plus',0.010000000000000);
#3481=STANDARD_UNCERTAINTY('lower limit','minus',-0.010000000000000);
#3482=PRECISION_QUALIFIER(4);
#3488=(LENGTH_MEASURE_WITH_UNIT()MEASURE_REPRESENTATION_ITEM()MEASURE_WITH_UNIT(LENGTH_MEASURE(0.010000000000000),#15)QUALIFIED_REPRESENTATION_ITEM((#3480,#3481,#3482))REPRESENTATION_ITEM('profile radius'));
#3489=SHAPE_REPRESENTATION_WITH_PARAMETERS('',(#3466,#3474,#3479,#3488),#34);
#3490=PROPERTY_DEFINITION('','',#3469);
#3491=SHAPE_DEFINITION_REPRESENTATION(#3490,#3489);
#3492=SHAPE_ASPECT('','v-shape boundary occurrence',#3445,.T.);
#3493=SHAPE_DEFINING_RELATIONSHIP('vee boundary','profile usage',#3469,#3492);
#3494=DIMENSIONAL_LOCATION('','',#657,#110);
#3495=PRECISION_QUALIFIER(4);
#3501=(LENGTH_MEASURE_WITH_UNIT()MEASURE_REPRESENTATION_ITEM()MEASURE_WITH_UNIT(LENGTH_MEASURE(2.0),#15)QUALIFIED_REPRESENTATION_ITEM((#3495))REPRESENTATION_ITEM(''));
#3502=SHAPE_DIMENSION_REPRESENTATION('',(#3501),#34);
#3503=PRECISION_QUALIFIER(4);
#3504=MEASURE_WITH_UNIT(LENGTH_MEASURE(0.010000000000000),#15);
#3505=MEASURE_WITH_UNIT(LENGTH_MEASURE(-0.010000000000000),#15);
#3506=MEASURE_QUALIFICATION('','',#3504,(#3503));
#3507=MEASURE_QUALIFICATION('','',#3505,(#3503));
#3508=TOLERANCE_VALUE(#3505,#3504);
#3509=PLUS_MINUS_TOLERANCE(#3508,#3494);
#3510=DIMENSIONAL_CHARACTERISTIC_REPRESENTATION(#3494,#3502);
#3517=(CHARACTERIZED_OBJECT('','groove')FEATURE_DEFINITION()INSTANCED_FEATURE()MACHINING_FEATURE()REVOLVED_PROFILE()SHAPE_ASPECT('','groove',#43,.T.));
#3518=PROPERTY_DEFINITION('','',#3517);
#3519=PRODUCT_DEFINITION_SHAPE('','',#3517);
#3520=CARTESIAN_POINT('',(0.0,0.0,1.120000000000000));
#3521=DIRECTION('',(0.0,0.0,1.0));
#3522=DIRECTION('',(0.0,1.0,0.0));
#3523=AXIS2_PLACEMENT_3D('orientation',#3520,#3521,#3522);
#3524=STANDARD_UNCERTAINTY('upper limit','plus',0.0);
#3525=STANDARD_UNCERTAINTY('lower limit','minus',-0.007500000000000);
#3526=PRECISION_QUALIFIER(4);
#3532=(LENGTH_MEASURE_WITH_UNIT()MEASURE_REPRESENTATION_ITEM()MEASURE_WITH_UNIT(LENGTH_MEASURE(1.815000000000000),#15)QUALIFIED_REPRESENTATION_ITEM((#3524,#3525,#3526))REPRESENTATION_ITEM('radius'));
#3533=SHAPE_REPRESENTATION('',(#494,#849,#883,#921,#946,#968,#990,#1012,#1029),#34);
#3534=SHAPE_DEFINITION_REPRESENTATION(#3518,#3533);
#3535=SHAPE_REPRESENTATION_WITH_PARAMETERS('',(#3523,#3532),#34);
#3536=SHAPE_DEFINITION_REPRESENTATION(#3518,#3535);
#3537=DIRECTION('',(0.0,-1.0,0.0));
#3538=DIRECTION_SHAPE_REPRESENTATION('material side',(#3537),#34);
#3539=PROPERTY_DEFINITION_REPRESENTATION(#3518,#3538);
#3540=CARTESIAN_POINT('',(0.0,1.815000000000000,1.120000000000000));
#3541=DIRECTION('',(-1.0,0.0,0.0));
#3542=DIRECTION('',(0.0,0.0,1.0));
#3543=AXIS2_PLACEMENT_3D('orientation',#3540,#3541,#3542);
#3544=FEATURE_COMPONENT_DEFINITION('','');
#3545=PRODUCT_DEFINITION_SHAPE('','',#3544);
#3546=SQUARE_U_PROFILE('','sweep',#3545,.F.);
#3547=STANDARD_UNCERTAINTY('upper limit','plus',0.010000000000000);
#3548=STANDARD_UNCERTAINTY('lower limit','minus',-0.010000000000000);
#3549=PRECISION_QUALIFIER(4);
#3555=(LENGTH_MEASURE_WITH_UNIT()MEASURE_REPRESENTATION_ITEM()MEASURE_WITH_UNIT(LENGTH_MEASURE(0.160000000000000),#15)QUALIFIED_REPRESENTATION_ITEM((#3547,#3548,#3549))REPRESENTATION_ITEM('width'));
#3556=STANDARD_UNCERTAINTY('upper limit','plus',2.0);
#3557=STANDARD_UNCERTAINTY('lower limit','minus',-2.0);
#3558=PRECISION_QUALIFIER(4);
#3564=(MEASURE_REPRESENTATION_ITEM()MEASURE_WITH_UNIT(PLANE_ANGLE_MEASURE(90.0),#24)PLANE_ANGLE_MEASURE_WITH_UNIT()QUALIFIED_REPRESENTATION_ITEM((#3556,#3557,#3558))REPRESENTATION_ITEM('first angle'));
#3565=STANDARD_UNCERTAINTY('upper limit','plus',2.0);
#3566=STANDARD_UNCERTAINTY('lower limit','minus',-2.0);
#3567=PRECISION_QUALIFIER(4);
#3573=(MEASURE_REPRESENTATION_ITEM()MEASURE_WITH_UNIT(PLANE_ANGLE_MEASURE(135.0),#24)PLANE_ANGLE_MEASURE_WITH_UNIT()QUALIFIED_REPRESENTATION_ITEM((#3565,#3566,#3567))REPRESENTATION_ITEM('second angle'));
#3574=STANDARD_UNCERTAINTY('upper limit','plus',0.010000000000000);
#3575=STANDARD_UNCERTAINTY('lower limit','minus',-0.010000000000000);
#3576=PRECISION_QUALIFIER(4);
#3582=(LENGTH_MEASURE_WITH_UNIT()MEASURE_REPRESENTATION_ITEM()MEASURE_WITH_UNIT(LENGTH_MEASURE(0.040000000000000),#15)QUALIFIED_REPRESENTATION_ITEM((#3574,#3575,#3576))REPRESENTATION_ITEM('first radius'));
#3583=STANDARD_UNCERTAINTY('upper limit','plus',0.010000000000000);
#3584=STANDARD_UNCERTAINTY('lower limit','minus',-0.010000000000000);
#3585=PRECISION_QUALIFIER(4);
#3591=(LENGTH_MEASURE_WITH_UNIT()MEASURE_REPRESENTATION_ITEM()MEASURE_WITH_UNIT(LENGTH_MEASURE(0.040000000000000),#15)QUALIFIED_REPRESENTATION_ITEM((#3583,#3584,#3585))REPRESENTATION_ITEM('second radius'));
#3592=SHAPE_REPRESENTATION_WITH_PARAMETERS('',(#3543,#3555,#3564,#3573,#3582,#3591),#34);
#3593=PROPERTY_DEFINITION('','',#3546);
#3594=SHAPE_DEFINITION_REPRESENTATION(#3593,#3592);
#3595=SHAPE_ASPECT('','sweep occurrence',#3519,.T.);
#3596=SHAPE_DEFINING_RELATIONSHIP('','profile usage',#3546,#3595);
#3603=(CHARACTERIZED_OBJECT('','groove')FEATURE_DEFINITION()INSTANCED_FEATURE()MACHINING_FEATURE()REVOLVED_PROFILE()SHAPE_ASPECT('','groove',#43,.T.));
#3604=PROPERTY_DEFINITION('','',#3603);
#3605=PRODUCT_DEFINITION_SHAPE('','',#3603);
#3606=CARTESIAN_POINT('',(0.0,0.0,1.562000000000000));
#3607=DIRECTION('',(0.0,0.0,1.0));
#3608=DIRECTION('',(0.0,1.0,0.0));
#3609=AXIS2_PLACEMENT_3D('orientation',#3606,#3607,#3608);
#3610=STANDARD_UNCERTAINTY('upper limit','plus',0.0);
#3611=STANDARD_UNCERTAINTY('lower limit','minus',-0.002900000000000);
#3612=PRECISION_QUALIFIER(4);
#3618=(LENGTH_MEASURE_WITH_UNIT()MEASURE_REPRESENTATION_ITEM()MEASURE_WITH_UNIT(LENGTH_MEASURE(1.753500000000000),#15)QUALIFIED_REPRESENTATION_ITEM((#3610,#3611,#3612))REPRESENTATION_ITEM('radius'));
#3619=SHAPE_REPRESENTATION('',(#1079,#1127,#1161,#1209,#1249,#1281,#1303,#1329),#34);
#3620=SHAPE_DEFINITION_REPRESENTATION(#3604,#3619);
#3621=SHAPE_REPRESENTATION_WITH_PARAMETERS('',(#3609,#3618),#34);
#3622=SHAPE_DEFINITION_REPRESENTATION(#3604,#3621);
#3623=DIRECTION('',(0.0,-1.0,0.0));
#3624=DIRECTION_SHAPE_REPRESENTATION('material side',(#3623),#34);
#3625=PROPERTY_DEFINITION_REPRESENTATION(#3604,#3624);
#3626=CARTESIAN_POINT('',(0.0,1.753500000000000,1.562000000000000));
#3627=DIRECTION('',(-1.0,0.0,0.0));
#3628=DIRECTION('',(0.0,0.0,1.0));
#3629=AXIS2_PLACEMENT_3D('orientation',#3626,#3627,#3628);
#3630=FEATURE_COMPONENT_DEFINITION('','');
#3631=PRODUCT_DEFINITION_SHAPE('','',#3630);
#3632=SQUARE_U_PROFILE('','sweep',#3631,.F.);
#3633=STANDARD_UNCERTAINTY('upper limit','plus',0.010000000000000);
#3634=STANDARD_UNCERTAINTY('lower limit','minus',-0.010000000000000);
#3635=PRECISION_QUALIFIER(4);
#3641=(LENGTH_MEASURE_WITH_UNIT()MEASURE_REPRESENTATION_ITEM()MEASURE_WITH_UNIT(LENGTH_MEASURE(0.276000000000000),#15)QUALIFIED_REPRESENTATION_ITEM((#3633,#3634,#3635))REPRESENTATION_ITEM('width'));
#3642=STANDARD_UNCERTAINTY('upper limit','plus',2.0);
#3643=STANDARD_UNCERTAINTY('lower limit','minus',-2.0);
#3644=PRECISION_QUALIFIER(4);
#3650=(MEASURE_REPRESENTATION_ITEM()MEASURE_WITH_UNIT(PLANE_ANGLE_MEASURE(90.0),#24)PLANE_ANGLE_MEASURE_WITH_UNIT()QUALIFIED_REPRESENTATION_ITEM((#3642,#3643,#3644))REPRESENTATION_ITEM('first angle'));
#3651=STANDARD_UNCERTAINTY('upper limit','plus',2.0);
#3652=STANDARD_UNCERTAINTY('lower limit','minus',-2.0);
#3653=PRECISION_QUALIFIER(4);
#3659=(MEASURE_REPRESENTATION_ITEM()MEASURE_WITH_UNIT(PLANE_ANGLE_MEASURE(90.0),#24)PLANE_ANGLE_MEASURE_WITH_UNIT()QUALIFIED_REPRESENTATION_ITEM((#3651,#3652,#3653))REPRESENTATION_ITEM('second angle'));
#3660=STANDARD_UNCERTAINTY('upper limit','plus',0.005000000000000);
#3661=STANDARD_UNCERTAINTY('lower limit','minus',-0.005000000000000);
#3662=PRECISION_QUALIFIER(4);
#3668=(LENGTH_MEASURE_WITH_UNIT()MEASURE_REPRESENTATION_ITEM()MEASURE_WITH_UNIT(LENGTH_MEASURE(0.025000000000000),#15)QUALIFIED_REPRESENTATION_ITEM((#3660,#3661,#3662))REPRESENTATION_ITEM('first radius'));
#3669=STANDARD_UNCERTAINTY('upper limit','plus',0.005000000000000);
#3670=STANDARD_UNCERTAINTY('lower limit','minus',-0.005000000000000);
#3671=PRECISION_QUALIFIER(4);
#3677=(LENGTH_MEASURE_WITH_UNIT()MEASURE_REPRESENTATION_ITEM()MEASURE_WITH_UNIT(LENGTH_MEASURE(0.025000000000000),#15)QUALIFIED_REPRESENTATION_ITEM((#3669,#3670,#3671))REPRESENTATION_ITEM('second radius'));
#3678=SHAPE_REPRESENTATION_WITH_PARAMETERS('',(#3629,#3641,#3650,#3659,#3668,#3677),#34);
#3679=PROPERTY_DEFINITION('','',#3632);
#3680=SHAPE_DEFINITION_REPRESENTATION(#3679,#3678);
#3681=SHAPE_ASPECT('','sweep occurrence',#3605,.T.);
#3682=SHAPE_DEFINING_RELATIONSHIP('','profile usage',#3632,#3681);
#3689=(CHARACTERIZED_OBJECT('','')FEATURE_DEFINITION()FLAT_FACE()INSTANCED_FEATURE()MACHINING_FEATURE()SHAPE_ASPECT('','',#43,.T.));
#3690=PROPERTY_DEFINITION('','',#3689);
#3691=PRODUCT_DEFINITION_SHAPE('','',#3689);
#3692=CARTESIAN_POINT('',(1.109920005262468,-2.683000000000000,2.0));
#3693=DIRECTION('',(0.0,-1.0,0.0));
#3694=DIRECTION('',(-1.0,0.0,0.0));
#3695=AXIS2_PLACEMENT_3D('orientation',#3692,#3693,#3694);
#3696=SHAPE_REPRESENTATION('',(#1438),#34);
#3697=SHAPE_DEFINITION_REPRESENTATION(#3690,#3696);
#3698=SHAPE_REPRESENTATION_WITH_PARAMETERS('',(#3695),#34);
#3699=SHAPE_DEFINITION_REPRESENTATION(#3690,#3698);
#3700=DIRECTION_SHAPE_REPRESENTATION('removal direction',(#3693),#34);
#3701=PROPERTY_DEFINITION_REPRESENTATION(#3690,#3700);
#3702=FEATURE_COMPONENT_DEFINITION('','');
#3703=PRODUCT_DEFINITION_SHAPE('','',#3702);
#3704=LINEAR_PROFILE('linear profile','',#3703,.F.);
#3709=(LENGTH_MEASURE_WITH_UNIT()MEASURE_REPRESENTATION_ITEM()MEASURE_WITH_UNIT(LENGTH_MEASURE(2.222300000000000),#15)REPRESENTATION_ITEM('profile length'));
#3710=SHAPE_REPRESENTATION_WITH_PARAMETERS('',(#3695,#3709),#34);
#3711=PROPERTY_DEFINITION('','',#3704);
#3712=SHAPE_DEFINITION_REPRESENTATION(#3711,#3710);
#3713=DIRECTION('',(0.0,0.0,1.0));
#3714=FEATURE_COMPONENT_DEFINITION('','');
#3715=PRODUCT_DEFINITION_SHAPE('','',#3714);
#3716=PATH_FEATURE_COMPONENT('linear path','linear',#3715,.F.);
#3721=(LENGTH_MEASURE_WITH_UNIT()MEASURE_REPRESENTATION_ITEM()MEASURE_WITH_UNIT(LENGTH_MEASURE(3.500000000000000),#15)REPRESENTATION_ITEM('distance'));
#3722=SHAPE_REPRESENTATION_WITH_PARAMETERS('',(#3695,#3721),#34);
#3723=PROPERTY_DEFINITION('','',#3716);
#3724=SHAPE_DEFINITION_REPRESENTATION(#3723,#3722);
#3725=DIRECTION_SHAPE_REPRESENTATION('',(#3713),#34);
#3726=PROPERTY_DEFINITION_REPRESENTATION(#3723,#3725);
#3727=SHAPE_ASPECT('','removal boundary occurrence',#3691,.T.);
#3728=SHAPE_DEFINING_RELATIONSHIP('removal boundary','profile usage',#3704,#3727);
#3729=SHAPE_ASPECT('','course of travel occurrence',#3691,.T.);
#3730=SHAPE_DEFINING_RELATIONSHIP('course of travel','path feature component usage',#3716,#3729);
#3731=DIMENSIONAL_LOCATION('','',#3203,#1439);
#3732=PRECISION_QUALIFIER(4);
#3738=(LENGTH_MEASURE_WITH_UNIT()MEASURE_REPRESENTATION_ITEM()MEASURE_WITH_UNIT(LENGTH_MEASURE(2.683000000000000),#15)QUALIFIED_REPRESENTATION_ITEM((#3732))REPRESENTATION_ITEM(''));
#3739=SHAPE_DIMENSION_REPRESENTATION('',(#3738),#34);
#3740=PRECISION_QUALIFIER(4);
#3741=MEASURE_WITH_UNIT(LENGTH_MEASURE(0.005000000000000),#15);
#3742=MEASURE_WITH_UNIT(LENGTH_MEASURE(-0.005000000000000),#15);
#3743=MEASURE_QUALIFICATION('','',#3741,(#3740));
#3744=MEASURE_QUALIFICATION('','',#3742,(#3740));
#3745=TOLERANCE_VALUE(#3742,#3741);
#3746=PLUS_MINUS_TOLERANCE(#3745,#3731);
#3747=DIMENSIONAL_CHARACTERISTIC_REPRESENTATION(#3731,#3739);
#3754=(CHARACTERIZED_OBJECT('','')FEATURE_DEFINITION()FLAT_FACE()INSTANCED_FEATURE()MACHINING_FEATURE()SHAPE_ASPECT('','',#43,.T.));
#3755=PROPERTY_DEFINITION('','',#3754);
#3756=PRODUCT_DEFINITION_SHAPE('','',#3754);
#3757=CARTESIAN_POINT('',(2.681999456219207,-1.112335531627807,2.0));
#3758=DIRECTION('',(0.707106781186547,-0.707106781186548,0.0));
#3759=DIRECTION('',(-0.707106781186548,-0.707106781186547,0.0));
#3760=AXIS2_PLACEMENT_3D('orientation',#3757,#3758,#3759);
#3761=SHAPE_REPRESENTATION('',(#1468),#34);
#3762=SHAPE_DEFINITION_REPRESENTATION(#3755,#3761);
#3763=SHAPE_REPRESENTATION_WITH_PARAMETERS('',(#3760),#34);
#3764=SHAPE_DEFINITION_REPRESENTATION(#3755,#3763);
#3765=DIRECTION_SHAPE_REPRESENTATION('removal direction',(#3758),#34);
#3766=PROPERTY_DEFINITION_REPRESENTATION(#3755,#3765);
#3767=FEATURE_COMPONENT_DEFINITION('','');
#3768=PRODUCT_DEFINITION_SHAPE('','',#3767);
#3769=LINEAR_PROFILE('linear profile','',#3768,.F.);
#3774=(LENGTH_MEASURE_WITH_UNIT()MEASURE_REPRESENTATION_ITEM()MEASURE_WITH_UNIT(LENGTH_MEASURE(2.222255762131655),#15)REPRESENTATION_ITEM('profile length'));
#3775=SHAPE_REPRESENTATION_WITH_PARAMETERS('',(#3760,#3774),#34);
#3776=PROPERTY_DEFINITION('','',#3769);
#3777=SHAPE_DEFINITION_REPRESENTATION(#3776,#3775);
#3778=DIRECTION('',(0.0,0.0,1.0));
#3779=FEATURE_COMPONENT_DEFINITION('','');
#3780=PRODUCT_DEFINITION_SHAPE('','',#3779);
#3781=PATH_FEATURE_COMPONENT('linear path','linear',#3780,.F.);
#3786=(LENGTH_MEASURE_WITH_UNIT()MEASURE_REPRESENTATION_ITEM()MEASURE_WITH_UNIT(LENGTH_MEASURE(3.500000000000000),#15)REPRESENTATION_ITEM('distance'));
#3787=SHAPE_REPRESENTATION_WITH_PARAMETERS('',(#3760,#3786),#34);
#3788=PROPERTY_DEFINITION('','',#3781);
#3789=SHAPE_DEFINITION_REPRESENTATION(#3788,#3787);
#3790=DIRECTION_SHAPE_REPRESENTATION('',(#3778),#34);
#3791=PROPERTY_DEFINITION_REPRESENTATION(#3788,#3790);
#3792=SHAPE_ASPECT('','removal boundary occurrence',#3756,.T.);
#3793=SHAPE_DEFINING_RELATIONSHIP('removal boundary','profile usage',#3769,#3792);
#3794=SHAPE_ASPECT('','course of travel occurrence',#3756,.T.);
#3795=SHAPE_DEFINING_RELATIONSHIP('course of travel','path feature component usage',#3781,#3794);
#3796=DIMENSIONAL_LOCATION('','',#3287,#1469);
#3797=PRECISION_QUALIFIER(4);
#3803=(LENGTH_MEASURE_WITH_UNIT()MEASURE_REPRESENTATION_ITEM()MEASURE_WITH_UNIT(LENGTH_MEASURE(2.683000000000000),#15)QUALIFIED_REPRESENTATION_ITEM((#3797))REPRESENTATION_ITEM(''));
#3804=SHAPE_DIMENSION_REPRESENTATION('',(#3803),#34);
#3805=PRECISION_QUALIFIER(4);
#3806=MEASURE_WITH_UNIT(LENGTH_MEASURE(0.005000000000000),#15);
#3807=MEASURE_WITH_UNIT(LENGTH_MEASURE(-0.005000000000000),#15);
#3808=MEASURE_QUALIFICATION('','',#3806,(#3805));
#3809=MEASURE_QUALIFICATION('','',#3807,(#3805));
#3810=TOLERANCE_VALUE(#3807,#3806);
#3811=PLUS_MINUS_TOLERANCE(#3810,#3796);
#3812=DIMENSIONAL_CHARACTERISTIC_REPRESENTATION(#3796,#3804);
#3819=(CHARACTERIZED_OBJECT('','')FEATURE_DEFINITION()FLAT_FACE()INSTANCED_FEATURE()MACHINING_FEATURE()SHAPE_ASPECT('','',#43,.T.));
#3820=PROPERTY_DEFINITION('','',#3819);
#3821=PRODUCT_DEFINITION_SHAPE('','',#3819);
#3822=CARTESIAN_POINT('',(2.683000000000000,1.109920005262468,2.0));
#3823=DIRECTION('',(1.0,-6.123234E-17,0.0));
#3824=DIRECTION('',(-6.123234E-17,-1.0,0.0));
#3825=AXIS2_PLACEMENT_3D('orientation',#3822,#3823,#3824);
#3826=SHAPE_REPRESENTATION('',(#1505),#34);
#3827=SHAPE_DEFINITION_REPRESENTATION(#3820,#3826);
#3828=SHAPE_REPRESENTATION_WITH_PARAMETERS('',(#3825),#34);
#3829=SHAPE_DEFINITION_REPRESENTATION(#3820,#3828);
#3830=DIRECTION_SHAPE_REPRESENTATION('removal direction',(#3823),#34);
#3831=PROPERTY_DEFINITION_REPRESENTATION(#3820,#3830);
#3832=FEATURE_COMPONENT_DEFINITION('','');
#3833=PRODUCT_DEFINITION_SHAPE('','',#3832);
#3834=LINEAR_PROFILE('linear profile','',#3833,.F.);
#3839=(LENGTH_MEASURE_WITH_UNIT()MEASURE_REPRESENTATION_ITEM()MEASURE_WITH_UNIT(LENGTH_MEASURE(2.222255762131655),#15)REPRESENTATION_ITEM('profile length'));
#3840=SHAPE_REPRESENTATION_WITH_PARAMETERS('',(#3825,#3839),#34);
#3841=PROPERTY_DEFINITION('','',#3834);
#3842=SHAPE_DEFINITION_REPRESENTATION(#3841,#3840);
#3843=DIRECTION('',(0.0,0.0,1.0));
#3844=FEATURE_COMPONENT_DEFINITION('','');
#3845=PRODUCT_DEFINITION_SHAPE('','',#3844);
#3846=PATH_FEATURE_COMPONENT('linear path','linear',#3845,.F.);
#3851=(LENGTH_MEASURE_WITH_UNIT()MEASURE_REPRESENTATION_ITEM()MEASURE_WITH_UNIT(LENGTH_MEASURE(3.500000000000000),#15)REPRESENTATION_ITEM('distance'));
#3852=SHAPE_REPRESENTATION_WITH_PARAMETERS('',(#3825,#3851),#34);
#3853=PROPERTY_DEFINITION('','',#3846);
#3854=SHAPE_DEFINITION_REPRESENTATION(#3853,#3852);
#3855=DIRECTION_SHAPE_REPRESENTATION('',(#3843),#34);
#3856=PROPERTY_DEFINITION_REPRESENTATION(#3853,#3855);
#3857=SHAPE_ASPECT('','removal boundary occurrence',#3821,.T.);
#3858=SHAPE_DEFINING_RELATIONSHIP('removal boundary','profile usage',#3834,#3857);
#3859=SHAPE_ASPECT('','course of travel occurrence',#3821,.T.);
#3860=SHAPE_DEFINING_RELATIONSHIP('course of travel','path feature component usage',#3846,#3859);
#3861=DIMENSIONAL_LOCATION('','',#3254,#1506);
#3862=PRECISION_QUALIFIER(4);
#3868=(LENGTH_MEASURE_WITH_UNIT()MEASURE_REPRESENTATION_ITEM()MEASURE_WITH_UNIT(LENGTH_MEASURE(2.683000000000000),#15)QUALIFIED_REPRESENTATION_ITEM((#3862))REPRESENTATION_ITEM(''));
#3869=SHAPE_DIMENSION_REPRESENTATION('',(#3868),#34);
#3870=PRECISION_QUALIFIER(4);
#3871=MEASURE_WITH_UNIT(LENGTH_MEASURE(0.005000000000000),#15);
#3872=MEASURE_WITH_UNIT(LENGTH_MEASURE(-0.005000000000000),#15);
#3873=MEASURE_QUALIFICATION('','',#3871,(#3870));
#3874=MEASURE_QUALIFICATION('','',#3872,(#3870));
#3875=TOLERANCE_VALUE(#3872,#3871);
#3876=PLUS_MINUS_TOLERANCE(#3875,#3861);
#3877=DIMENSIONAL_CHARACTERISTIC_REPRESENTATION(#3861,#3869);
#3884=(CHARACTERIZED_OBJECT('','')FEATURE_DEFINITION()FLAT_FACE()INSTANCED_FEATURE()MACHINING_FEATURE()SHAPE_ASPECT('','',#43,.T.));
#3885=PROPERTY_DEFINITION('','',#3884);
#3886=PRODUCT_DEFINITION_SHAPE('','',#3884);
#3887=CARTESIAN_POINT('',(1.112335531627807,2.681999456219207,2.0));
#3888=DIRECTION('',(0.707106781186548,0.707106781186547,0.0));
#3889=DIRECTION('',(0.707106781186547,-0.707106781186548,0.0));
#3890=AXIS2_PLACEMENT_3D('orientation',#3887,#3888,#3889);
#3891=SHAPE_REPRESENTATION('',(#1535),#34);
#3892=SHAPE_DEFINITION_REPRESENTATION(#3885,#3891);
#3893=SHAPE_REPRESENTATION_WITH_PARAMETERS('',(#3890),#34);
#3894=SHAPE_DEFINITION_REPRESENTATION(#3885,#3893);
#3895=DIRECTION_SHAPE_REPRESENTATION('removal direction',(#3888),#34);
#3896=PROPERTY_DEFINITION_REPRESENTATION(#3885,#3895);
#3897=FEATURE_COMPONENT_DEFINITION('','');
#3898=PRODUCT_DEFINITION_SHAPE('','',#3897);
#3899=LINEAR_PROFILE('linear profile','',#3898,.F.);
#3904=(LENGTH_MEASURE_WITH_UNIT()MEASURE_REPRESENTATION_ITEM()MEASURE_WITH_UNIT(LENGTH_MEASURE(2.222255762131655),#15)REPRESENTATION_ITEM('profile length'));
#3905=SHAPE_REPRESENTATION_WITH_PARAMETERS('',(#3890,#3904),#34);
#3906=PROPERTY_DEFINITION('','',#3899);
#3907=SHAPE_DEFINITION_REPRESENTATION(#3906,#3905);
#3908=DIRECTION('',(0.0,0.0,1.0));
#3909=FEATURE_COMPONENT_DEFINITION('','');
#3910=PRODUCT_DEFINITION_SHAPE('','',#3909);
#3911=PATH_FEATURE_COMPONENT('linear path','linear',#3910,.F.);
#3916=(LENGTH_MEASURE_WITH_UNIT()MEASURE_REPRESENTATION_ITEM()MEASURE_WITH_UNIT(LENGTH_MEASURE(3.500000000000000),#15)REPRESENTATION_ITEM('distance'));
#3917=SHAPE_REPRESENTATION_WITH_PARAMETERS('',(#3890,#3916),#34);
#3918=PROPERTY_DEFINITION('','',#3911);
#3919=SHAPE_DEFINITION_REPRESENTATION(#3918,#3917);
#3920=DIRECTION_SHAPE_REPRESENTATION('',(#3908),#34);
#3921=PROPERTY_DEFINITION_REPRESENTATION(#3918,#3920);
#3922=SHAPE_ASPECT('','removal boundary occurrence',#3886,.T.);
#3923=SHAPE_DEFINING_RELATIONSHIP('removal boundary','profile usage',#3899,#3922);
#3924=SHAPE_ASPECT('','course of travel occurrence',#3886,.T.);
#3925=SHAPE_DEFINING_RELATIONSHIP('course of travel','path feature component usage',#3911,#3924);
#3926=DIMENSIONAL_LOCATION('','',#3265,#1536);
#3927=PRECISION_QUALIFIER(4);
#3933=(LENGTH_MEASURE_WITH_UNIT()MEASURE_REPRESENTATION_ITEM()MEASURE_WITH_UNIT(LENGTH_MEASURE(2.683000000000000),#15)QUALIFIED_REPRESENTATION_ITEM((#3927))REPRESENTATION_ITEM(''));
#3934=SHAPE_DIMENSION_REPRESENTATION('',(#3933),#34);
#3935=PRECISION_QUALIFIER(4);
#3936=MEASURE_WITH_UNIT(LENGTH_MEASURE(0.005000000000000),#15);
#3937=MEASURE_WITH_UNIT(LENGTH_MEASURE(-0.005000000000000),#15);
#3938=MEASURE_QUALIFICATION('','',#3936,(#3935));
#3939=MEASURE_QUALIFICATION('','',#3937,(#3935));
#3940=TOLERANCE_VALUE(#3937,#3936);
#3941=PLUS_MINUS_TOLERANCE(#3940,#3926);
#3942=DIMENSIONAL_CHARACTERISTIC_REPRESENTATION(#3926,#3934);
#3949=(CHARACTERIZED_OBJECT('','')FEATURE_DEFINITION()FLAT_FACE()INSTANCED_FEATURE()MACHINING_FEATURE()SHAPE_ASPECT('','',#43,.T.));
#3950=PROPERTY_DEFINITION('','',#3949);
#3951=PRODUCT_DEFINITION_SHAPE('','',#3949);
#3952=CARTESIAN_POINT('',(-1.109920005262468,2.683000000000000,2.0));
#3953=DIRECTION('',(1.224647E-16,1.0,0.0));
#3954=DIRECTION('',(1.0,-1.224647E-16,0.0));
#3955=AXIS2_PLACEMENT_3D('orientation',#3952,#3953,#3954);
#3956=SHAPE_REPRESENTATION('',(#1565),#34);
#3957=SHAPE_DEFINITION_REPRESENTATION(#3950,#3956);
#3958=SHAPE_REPRESENTATION_WITH_PARAMETERS('',(#3955),#34);
#3959=SHAPE_DEFINITION_REPRESENTATION(#3950,#3958);
#3960=DIRECTION_SHAPE_REPRESENTATION('removal direction',(#3953),#34);
#3961=PROPERTY_DEFINITION_REPRESENTATION(#3950,#3960);
#3962=FEATURE_COMPONENT_DEFINITION('','');
#3963=PRODUCT_DEFINITION_SHAPE('','',#3962);
#3964=LINEAR_PROFILE('linear profile','',#3963,.F.);
#3969=(LENGTH_MEASURE_WITH_UNIT()MEASURE_REPRESENTATION_ITEM()MEASURE_WITH_UNIT(LENGTH_MEASURE(2.222255762131655),#15)REPRESENTATION_ITEM('profile length'));
#3970=SHAPE_REPRESENTATION_WITH_PARAMETERS('',(#3955,#3969),#34);
#3971=PROPERTY_DEFINITION('','',#3964);
#3972=SHAPE_DEFINITION_REPRESENTATION(#3971,#3970);
#3973=DIRECTION('',(0.0,0.0,1.0));
#3974=FEATURE_COMPONENT_DEFINITION('','');
#3975=PRODUCT_DEFINITION_SHAPE('','',#3974);
#3976=PATH_FEATURE_COMPONENT('linear path','linear',#3975,.F.);
#3981=(LENGTH_MEASURE_WITH_UNIT()MEASURE_REPRESENTATION_ITEM()MEASURE_WITH_UNIT(LENGTH_MEASURE(3.500000000000000),#15)REPRESENTATION_ITEM('distance'));
#3982=SHAPE_REPRESENTATION_WITH_PARAMETERS('',(#3955,#3981),#34);
#3983=PROPERTY_DEFINITION('','',#3976);
#3984=SHAPE_DEFINITION_REPRESENTATION(#3983,#3982);
#3985=DIRECTION_SHAPE_REPRESENTATION('',(#3973),#34);
#3986=PROPERTY_DEFINITION_REPRESENTATION(#3983,#3985);
#3987=SHAPE_ASPECT('','removal boundary occurrence',#3951,.T.);
#3988=SHAPE_DEFINING_RELATIONSHIP('removal boundary','profile usage',#3964,#3987);
#3989=SHAPE_ASPECT('','course of travel occurrence',#3951,.T.);
#3990=SHAPE_DEFINING_RELATIONSHIP('course of travel','path feature component usage',#3976,#3989);
#3991=DIMENSIONAL_LOCATION('','',#3276,#1566);
#3992=PRECISION_QUALIFIER(4);
#3998=(LENGTH_MEASURE_WITH_UNIT()MEASURE_REPRESENTATION_ITEM()MEASURE_WITH_UNIT(LENGTH_MEASURE(2.683000000000000),#15)QUALIFIED_REPRESENTATION_ITEM((#3992))REPRESENTATION_ITEM(''));
#3999=SHAPE_DIMENSION_REPRESENTATION('',(#3998),#34);
#4000=PRECISION_QUALIFIER(4);
#4001=MEASURE_WITH_UNIT(LENGTH_MEASURE(0.005000000000000),#15);
#4002=MEASURE_WITH_UNIT(LENGTH_MEASURE(-0.005000000000000),#15);
#4003=MEASURE_QUALIFICATION('','',#4001,(#4000));
#4004=MEASURE_QUALIFICATION('','',#4002,(#4000));
#4005=TOLERANCE_VALUE(#4002,#4001);
#4006=PLUS_MINUS_TOLERANCE(#4005,#3991);
#4007=DIMENSIONAL_CHARACTERISTIC_REPRESENTATION(#3991,#3999);
#4014=(CHARACTERIZED_OBJECT('','')FEATURE_DEFINITION()FLAT_FACE()INSTANCED_FEATURE()MACHINING_FEATURE()SHAPE_ASPECT('','',#43,.T.));
#4015=PROPERTY_DEFINITION('','',#4014);
#4016=PRODUCT_DEFINITION_SHAPE('','',#4014);
#4017=CARTESIAN_POINT('',(-2.681999456219207,1.112335531627806,2.0));
#4018=DIRECTION('',(-0.707106781186547,0.707106781186548,0.0));
#4019=DIRECTION('',(0.707106781186548,0.707106781186547,0.0));
#4020=AXIS2_PLACEMENT_3D('orientation',#4017,#4018,#4019);
#4021=SHAPE_REPRESENTATION('',(#1595),#34);
#4022=SHAPE_DEFINITION_REPRESENTATION(#4015,#4021);
#4023=SHAPE_REPRESENTATION_WITH_PARAMETERS('',(#4020),#34);
#4024=SHAPE_DEFINITION_REPRESENTATION(#4015,#4023);
#4025=DIRECTION_SHAPE_REPRESENTATION('removal direction',(#4018),#34);
#4026=PROPERTY_DEFINITION_REPRESENTATION(#4015,#4025);
#4027=FEATURE_COMPONENT_DEFINITION('','');
#4028=PRODUCT_DEFINITION_SHAPE('','',#4027);
#4029=LINEAR_PROFILE('linear profile','',#4028,.F.);
#4034=(LENGTH_MEASURE_WITH_UNIT()MEASURE_REPRESENTATION_ITEM()MEASURE_WITH_UNIT(LENGTH_MEASURE(2.222255762131655),#15)REPRESENTATION_ITEM('profile length'));
#4035=SHAPE_REPRESENTATION_WITH_PARAMETERS('',(#4020,#4034),#34);
#4036=PROPERTY_DEFINITION('','',#4029);
#4037=SHAPE_DEFINITION_REPRESENTATION(#4036,#4035);
#4038=DIRECTION('',(0.0,0.0,1.0));
#4039=FEATURE_COMPONENT_DEFINITION('','');
#4040=PRODUCT_DEFINITION_SHAPE('','',#4039);
#4041=PATH_FEATURE_COMPONENT('linear path','linear',#4040,.F.);
#4046=(LENGTH_MEASURE_WITH_UNIT()MEASURE_REPRESENTATION_ITEM()MEASURE_WITH_UNIT(LENGTH_MEASURE(3.500000000000000),#15)REPRESENTATION_ITEM('distance'));
#4047=SHAPE_REPRESENTATION_WITH_PARAMETERS('',(#4020,#4046),#34);
#4048=PROPERTY_DEFINITION('','',#4041);
#4049=SHAPE_DEFINITION_REPRESENTATION(#4048,#4047);
#4050=DIRECTION_SHAPE_REPRESENTATION('',(#4038),#34);
#4051=PROPERTY_DEFINITION_REPRESENTATION(#4048,#4050);
#4052=SHAPE_ASPECT('','removal boundary occurrence',#4016,.T.);
#4053=SHAPE_DEFINING_RELATIONSHIP('removal boundary','profile usage',#4029,#4052);
#4054=SHAPE_ASPECT('','course of travel occurrence',#4016,.T.);
#4055=SHAPE_DEFINING_RELATIONSHIP('course of travel','path feature component usage',#4041,#4054);
#4056=DIMENSIONAL_LOCATION('','',#3287,#1596);
#4057=PRECISION_QUALIFIER(4);
#4063=(LENGTH_MEASURE_WITH_UNIT()MEASURE_REPRESENTATION_ITEM()MEASURE_WITH_UNIT(LENGTH_MEASURE(2.683000000000000),#15)QUALIFIED_REPRESENTATION_ITEM((#4057))REPRESENTATION_ITEM(''));
#4064=SHAPE_DIMENSION_REPRESENTATION('',(#4063),#34);
#4065=PRECISION_QUALIFIER(4);
#4066=MEASURE_WITH_UNIT(LENGTH_MEASURE(0.005000000000000),#15);
#4067=MEASURE_WITH_UNIT(LENGTH_MEASURE(-0.005000000000000),#15);
#4068=MEASURE_QUALIFICATION('','',#4066,(#4065));
#4069=MEASURE_QUALIFICATION('','',#4067,(#4065));
#4070=TOLERANCE_VALUE(#4067,#4066);
#4071=PLUS_MINUS_TOLERANCE(#4070,#4056);
#4072=DIMENSIONAL_CHARACTERISTIC_REPRESENTATION(#4056,#4064);
#4079=(CHARACTERIZED_OBJECT('','')FEATURE_DEFINITION()FLAT_FACE()INSTANCED_FEATURE()MACHINING_FEATURE()SHAPE_ASPECT('','',#43,.T.));
#4080=PROPERTY_DEFINITION('','',#4079);
#4081=PRODUCT_DEFINITION_SHAPE('','',#4079);
#4082=CARTESIAN_POINT('',(-2.683000000000000,-1.109920005262468,2.0));
#4083=DIRECTION('',(-1.0,6.123234E-17,0.0));
#4084=DIRECTION('',(6.123234E-17,1.0,0.0));
#4085=AXIS2_PLACEMENT_3D('orientation',#4082,#4083,#4084);
#4086=SHAPE_REPRESENTATION('',(#1632),#34);
#4087=SHAPE_DEFINITION_REPRESENTATION(#4080,#4086);
#4088=SHAPE_REPRESENTATION_WITH_PARAMETERS('',(#4085),#34);
#4089=SHAPE_DEFINITION_REPRESENTATION(#4080,#4088);
#4090=DIRECTION_SHAPE_REPRESENTATION('removal direction',(#4083),#34);
#4091=PROPERTY_DEFINITION_REPRESENTATION(#4080,#4090);
#4092=FEATURE_COMPONENT_DEFINITION('','');
#4093=PRODUCT_DEFINITION_SHAPE('','',#4092);
#4094=LINEAR_PROFILE('linear profile','',#4093,.F.);
#4099=(LENGTH_MEASURE_WITH_UNIT()MEASURE_REPRESENTATION_ITEM()MEASURE_WITH_UNIT(LENGTH_MEASURE(2.222255762131655),#15)REPRESENTATION_ITEM('profile length'));
#4100=SHAPE_REPRESENTATION_WITH_PARAMETERS('',(#4085,#4099),#34);
#4101=PROPERTY_DEFINITION('','',#4094);
#4102=SHAPE_DEFINITION_REPRESENTATION(#4101,#4100);
#4103=DIRECTION('',(0.0,0.0,1.0));
#4104=FEATURE_COMPONENT_DEFINITION('','');
#4105=PRODUCT_DEFINITION_SHAPE('','',#4104);
#4106=PATH_FEATURE_COMPONENT('linear path','linear',#4105,.F.);
#4111=(LENGTH_MEASURE_WITH_UNIT()MEASURE_REPRESENTATION_ITEM()MEASURE_WITH_UNIT(LENGTH_MEASURE(3.500000000000000),#15)REPRESENTATION_ITEM('distance'));
#4112=SHAPE_REPRESENTATION_WITH_PARAMETERS('',(#4085,#4111),#34);
#4113=PROPERTY_DEFINITION('','',#4106);
#4114=SHAPE_DEFINITION_REPRESENTATION(#4113,#4112);
#4115=DIRECTION_SHAPE_REPRESENTATION('',(#4103),#34);
#4116=PROPERTY_DEFINITION_REPRESENTATION(#4113,#4115);
#4117=SHAPE_ASPECT('','removal boundary occurrence',#4081,.T.);
#4118=SHAPE_DEFINING_RELATIONSHIP('removal boundary','profile usage',#4094,#4117);
#4119=SHAPE_ASPECT('','course of travel occurrence',#4081,.T.);
#4120=SHAPE_DEFINING_RELATIONSHIP('course of travel','path feature component usage',#4106,#4119);
#4121=DIMENSIONAL_LOCATION('','',#3254,#1633);
#4122=PRECISION_QUALIFIER(4);
#4128=(LENGTH_MEASURE_WITH_UNIT()MEASURE_REPRESENTATION_ITEM()MEASURE_WITH_UNIT(LENGTH_MEASURE(2.683000000000000),#15)QUALIFIED_REPRESENTATION_ITEM((#4122))REPRESENTATION_ITEM(''));
#4129=SHAPE_DIMENSION_REPRESENTATION('',(#4128),#34);
#4130=PRECISION_QUALIFIER(4);
#4131=MEASURE_WITH_UNIT(LENGTH_MEASURE(0.005000000000000),#15);
#4132=MEASURE_WITH_UNIT(LENGTH_MEASURE(-0.005000000000000),#15);
#4133=MEASURE_QUALIFICATION('','',#4131,(#4130));
#4134=MEASURE_QUALIFICATION('','',#4132,(#4130));
#4135=TOLERANCE_VALUE(#4132,#4131);
#4136=PLUS_MINUS_TOLERANCE(#4135,#4121);
#4137=DIMENSIONAL_CHARACTERISTIC_REPRESENTATION(#4121,#4129);
#4144=(CHARACTERIZED_OBJECT('','')FEATURE_DEFINITION()FLAT_FACE()INSTANCED_FEATURE()MACHINING_FEATURE()SHAPE_ASPECT('','',#43,.T.));
#4145=PROPERTY_DEFINITION('','',#4144);
#4146=PRODUCT_DEFINITION_SHAPE('','',#4144);
#4147=CARTESIAN_POINT('',(-1.112335531627789,-2.681999456219215,2.0));
#4148=DIRECTION('',(-0.707106781186548,-0.707106781186547,0.0));
#4149=DIRECTION('',(-0.707106781186547,0.707106781186548,0.0));
#4150=AXIS2_PLACEMENT_3D('orientation',#4147,#4148,#4149);
#4151=SHAPE_REPRESENTATION('',(#1662),#34);
#4152=SHAPE_DEFINITION_REPRESENTATION(#4145,#4151);
#4153=SHAPE_REPRESENTATION_WITH_PARAMETERS('',(#4150),#34);
#4154=SHAPE_DEFINITION_REPRESENTATION(#4145,#4153);
#4155=DIRECTION_SHAPE_REPRESENTATION('removal direction',(#4148),#34);
#4156=PROPERTY_DEFINITION_REPRESENTATION(#4145,#4155);
#4157=FEATURE_COMPONENT_DEFINITION('','');
#4158=PRODUCT_DEFINITION_SHAPE('','',#4157);
#4159=LINEAR_PROFILE('linear profile','',#4158,.F.);
#4164=(LENGTH_MEASURE_WITH_UNIT()MEASURE_REPRESENTATION_ITEM()MEASURE_WITH_UNIT(LENGTH_MEASURE(2.222255762131655),#15)REPRESENTATION_ITEM('profile length'));
#4165=SHAPE_REPRESENTATION_WITH_PARAMETERS('',(#4150,#4164),#34);
#4166=PROPERTY_DEFINITION('','',#4159);
#4167=SHAPE_DEFINITION_REPRESENTATION(#4166,#4165);
#4168=DIRECTION('',(0.0,0.0,1.0));
#4169=FEATURE_COMPONENT_DEFINITION('','');
#4170=PRODUCT_DEFINITION_SHAPE('','',#4169);
#4171=PATH_FEATURE_COMPONENT('linear path','linear',#4170,.F.);
#4176=(LENGTH_MEASURE_WITH_UNIT()MEASURE_REPRESENTATION_ITEM()MEASURE_WITH_UNIT(LENGTH_MEASURE(3.500000000000000),#15)REPRESENTATION_ITEM('distance'));
#4177=SHAPE_REPRESENTATION_WITH_PARAMETERS('',(#4150,#4176),#34);
#4178=PROPERTY_DEFINITION('','',#4171);
#4179=SHAPE_DEFINITION_REPRESENTATION(#4178,#4177);
#4180=DIRECTION_SHAPE_REPRESENTATION('',(#4168),#34);
#4181=PROPERTY_DEFINITION_REPRESENTATION(#4178,#4180);
#4182=SHAPE_ASPECT('','removal boundary occurrence',#4146,.T.);
#4183=SHAPE_DEFINING_RELATIONSHIP('removal boundary','profile usage',#4159,#4182);
#4184=SHAPE_ASPECT('','course of travel occurrence',#4146,.T.);
#4185=SHAPE_DEFINING_RELATIONSHIP('course of travel','path feature component usage',#4171,#4184);
#4186=DIMENSIONAL_LOCATION('','',#3265,#1663);
#4187=PRECISION_QUALIFIER(4);
#4193=(LENGTH_MEASURE_WITH_UNIT()MEASURE_REPRESENTATION_ITEM()MEASURE_WITH_UNIT(LENGTH_MEASURE(2.683000000000000),#15)QUALIFIED_REPRESENTATION_ITEM((#4187))REPRESENTATION_ITEM(''));
#4194=SHAPE_DIMENSION_REPRESENTATION('',(#4193),#34);
#4195=PRECISION_QUALIFIER(4);
#4196=MEASURE_WITH_UNIT(LENGTH_MEASURE(0.005000000000000),#15);
#4197=MEASURE_WITH_UNIT(LENGTH_MEASURE(-0.005000000000000),#15);
#4198=MEASURE_QUALIFICATION('','',#4196,(#4195));
#4199=MEASURE_QUALIFICATION('','',#4197,(#4195));
#4200=TOLERANCE_VALUE(#4197,#4196);
#4201=PLUS_MINUS_TOLERANCE(#4200,#4186);
#4202=DIMENSIONAL_CHARACTERISTIC_REPRESENTATION(#4186,#4194);
#4209=(CHARACTERIZED_OBJECT('','')FEATURE_DEFINITION()FLAT_FACE()INSTANCED_FEATURE()MACHINING_FEATURE()SHAPE_ASPECT('','',#43,.T.));
#4210=PROPERTY_DEFINITION('','',#4209);
#4211=PRODUCT_DEFINITION_SHAPE('','',#4209);
#4212=CARTESIAN_POINT('',(2.683000000000000,2.683000000000000,3.951257902898829));
#4213=DIRECTION('',(3.061617E-17,0.500000000000000,0.866025403784439));
#4214=DIRECTION('',(-5.302876E-17,-0.866025403784439,0.500000000000000));
#4215=AXIS2_PLACEMENT_3D('orientation',#4212,#4213,#4214);
#4216=SHAPE_REPRESENTATION('',(#1718),#34);
#4217=SHAPE_DEFINITION_REPRESENTATION(#4210,#4216);
#4218=SHAPE_REPRESENTATION_WITH_PARAMETERS('',(#4215),#34);
#4219=SHAPE_DEFINITION_REPRESENTATION(#4210,#4218);
#4220=DIRECTION_SHAPE_REPRESENTATION('removal direction',(#4213),#34);
#4221=PROPERTY_DEFINITION_REPRESENTATION(#4210,#4220);
#4222=FEATURE_COMPONENT_DEFINITION('','');
#4223=PRODUCT_DEFINITION_SHAPE('','',#4222);
#4224=LINEAR_PROFILE('linear profile','',#4223,.F.);
#4229=(LENGTH_MEASURE_WITH_UNIT()MEASURE_REPRESENTATION_ITEM()MEASURE_WITH_UNIT(LENGTH_MEASURE(3.097484194202343),#15)REPRESENTATION_ITEM('profile length'));
#4230=SHAPE_REPRESENTATION_WITH_PARAMETERS('',(#4215,#4229),#34);
#4231=PROPERTY_DEFINITION('','',#4224);
#4232=SHAPE_DEFINITION_REPRESENTATION(#4231,#4230);
#4233=DIRECTION('',(-1.0,6.123234E-17,0.0));
#4234=FEATURE_COMPONENT_DEFINITION('','');
#4235=PRODUCT_DEFINITION_SHAPE('','',#4234);
#4236=PATH_FEATURE_COMPONENT('linear path','linear',#4235,.F.);
#4241=(LENGTH_MEASURE_WITH_UNIT()MEASURE_REPRESENTATION_ITEM()MEASURE_WITH_UNIT(LENGTH_MEASURE(5.366000000000001),#15)REPRESENTATION_ITEM('distance'));
#4242=SHAPE_REPRESENTATION_WITH_PARAMETERS('',(#4215,#4241),#34);
#4243=PROPERTY_DEFINITION('','',#4236);
#4244=SHAPE_DEFINITION_REPRESENTATION(#4243,#4242);
#4245=DIRECTION_SHAPE_REPRESENTATION('',(#4233),#34);
#4246=PROPERTY_DEFINITION_REPRESENTATION(#4243,#4245);
#4247=SHAPE_ASPECT('','removal boundary occurrence',#4211,.T.);
#4248=SHAPE_DEFINING_RELATIONSHIP('removal boundary','profile usage',#4224,#4247);
#4249=SHAPE_ASPECT('','course of travel occurrence',#4211,.T.);
#4250=SHAPE_DEFINING_RELATIONSHIP('course of travel','path feature component usage',#4236,#4249);
#4257=(CHARACTERIZED_OBJECT('','')FEATURE_DEFINITION()FLAT_FACE()INSTANCED_FEATURE()MACHINING_FEATURE()SHAPE_ASPECT('','',#43,.T.));
#4258=PROPERTY_DEFINITION('','',#4257);
#4259=PRODUCT_DEFINITION_SHAPE('','',#4257);
#4260=CARTESIAN_POINT('',(-2.683000000000000,-2.683000000000000,3.951257902898829));
#4261=DIRECTION('',(-3.061617E-17,-0.500000000000000,0.866025403784439));
#4262=DIRECTION('',(5.302876E-17,0.866025403784439,0.500000000000000));
#4263=AXIS2_PLACEMENT_3D('orientation',#4260,#4261,#4262);
#4264=SHAPE_REPRESENTATION('',(#1770),#34);
#4265=SHAPE_DEFINITION_REPRESENTATION(#4258,#4264);
#4266=SHAPE_REPRESENTATION_WITH_PARAMETERS('',(#4263),#34);
#4267=SHAPE_DEFINITION_REPRESENTATION(#4258,#4266);
#4268=DIRECTION_SHAPE_REPRESENTATION('removal direction',(#4261),#34);
#4269=PROPERTY_DEFINITION_REPRESENTATION(#4258,#4268);
#4270=FEATURE_COMPONENT_DEFINITION('','');
#4271=PRODUCT_DEFINITION_SHAPE('','',#4270);
#4272=LINEAR_PROFILE('linear profile','',#4271,.F.);
#4277=(LENGTH_MEASURE_WITH_UNIT()MEASURE_REPRESENTATION_ITEM()MEASURE_WITH_UNIT(LENGTH_MEASURE(3.098061544471532),#15)REPRESENTATION_ITEM('profile length'));
#4278=SHAPE_REPRESENTATION_WITH_PARAMETERS('',(#4263,#4277),#34);
#4279=PROPERTY_DEFINITION('','',#4272);
#4280=SHAPE_DEFINITION_REPRESENTATION(#4279,#4278);
#4281=DIRECTION('',(1.0,-6.123234E-17,0.0));
#4282=FEATURE_COMPONENT_DEFINITION('','');
#4283=PRODUCT_DEFINITION_SHAPE('','',#4282);
#4284=PATH_FEATURE_COMPONENT('linear path','linear',#4283,.F.);
#4289=(LENGTH_MEASURE_WITH_UNIT()MEASURE_REPRESENTATION_ITEM()MEASURE_WITH_UNIT(LENGTH_MEASURE(5.366000000000001),#15)REPRESENTATION_ITEM('distance'));
#4290=SHAPE_REPRESENTATION_WITH_PARAMETERS('',(#4263,#4289),#34);
#4291=PROPERTY_DEFINITION('','',#4284);
#4292=SHAPE_DEFINITION_REPRESENTATION(#4291,#4290);
#4293=DIRECTION_SHAPE_REPRESENTATION('',(#4281),#34);
#4294=PROPERTY_DEFINITION_REPRESENTATION(#4291,#4293);
#4295=SHAPE_ASPECT('','removal boundary occurrence',#4259,.T.);
#4296=SHAPE_DEFINING_RELATIONSHIP('removal boundary','profile usage',#4272,#4295);
#4297=SHAPE_ASPECT('','course of travel occurrence',#4259,.T.);
#4298=SHAPE_DEFINING_RELATIONSHIP('course of travel','path feature component usage',#4284,#4297);
#4305=(CHARACTERIZED_OBJECT('','')FEATURE_DEFINITION()INSTANCED_FEATURE()MACHINING_FEATURE()ROUND_HOLE()SHAPE_ASPECT('','',#43,.T.));
#4306=PROPERTY_DEFINITION('','',#4305);
#4307=PRODUCT_DEFINITION_SHAPE('','',#4305);
#4308=CARTESIAN_POINT('',(3.068906E-16,1.385640646055103,4.700288675134595));
#4309=DIRECTION('',(-3.061617E-17,-0.500000000000000,-0.866025403784439));
#4310=DIRECTION('',(1.540744E-33,0.866025403784439,-0.500000000000000));
#4311=AXIS2_PLACEMENT_3D('orientation',#4308,#4309,#4310);
#4312=SHAPE_REPRESENTATION('',(#1860,#1904,#1932),#34);
#4313=SHAPE_DEFINITION_REPRESENTATION(#4306,#4312);
#4314=SHAPE_REPRESENTATION_WITH_PARAMETERS('',(#4311),#34);
#4315=SHAPE_DEFINITION_REPRESENTATION(#4306,#4314);
#4316=FEATURE_COMPONENT_DEFINITION('','');
#4317=PRODUCT_DEFINITION_SHAPE('','',#4316);
#4318=CIRCULAR_CLOSED_PROFILE('circular profile','',#4317,.F.);
#4323=(LENGTH_MEASURE_WITH_UNIT()MEASURE_REPRESENTATION_ITEM()MEASURE_WITH_UNIT(LENGTH_MEASURE(1.659800000000000),#15)REPRESENTATION_ITEM('diameter'));
#4324=SHAPE_REPRESENTATION_WITH_PARAMETERS('',(#4311,#4323),#34);
#4325=PROPERTY_DEFINITION('','',#4318);
#4326=SHAPE_DEFINITION_REPRESENTATION(#4325,#4324);
#4327=FEATURE_COMPONENT_DEFINITION('','');
#4328=PRODUCT_DEFINITION_SHAPE('','',#4327);
#4329=PATH_FEATURE_COMPONENT('linear path','linear',#4328,.F.);
#4330=STANDARD_UNCERTAINTY('upper limit','plus',0.010000000000000);
#4331=STANDARD_UNCERTAINTY('lower limit','minus',-0.010000000000000);
#4332=PRECISION_QUALIFIER(4);
#4338=(LENGTH_MEASURE_WITH_UNIT()MEASURE_REPRESENTATION_ITEM()MEASURE_WITH_UNIT(LENGTH_MEASURE(1.120000000000000),#15)QUALIFIED_REPRESENTATION_ITEM((#4330,#4331,#4332))REPRESENTATION_ITEM('distance'));
#4339=SHAPE_REPRESENTATION_WITH_PARAMETERS('',(#4311,#4338),#34);
#4340=PROPERTY_DEFINITION('','',#4329);
#4341=SHAPE_DEFINITION_REPRESENTATION(#4340,#4339);
#4342=DIRECTION_SHAPE_REPRESENTATION('',(#4309),#34);
#4343=PROPERTY_DEFINITION_REPRESENTATION(#4340,#4342);
#4344=SHAPE_ASPECT('','diameter occurrence',#4307,.T.);
#4345=SHAPE_DEFINING_RELATIONSHIP('diameter','profile usage',#4318,#4344);
#4346=SHAPE_ASPECT('','hole depth occurrence',#4307,.T.);
#4347=SHAPE_DEFINING_RELATIONSHIP('hole depth','path feature component usage',#4329,#4346);
#4348=FEATURE_COMPONENT_DEFINITION('','');
#4349=PRODUCT_DEFINITION_SHAPE('','',#4348);
#4350=HOLE_BOTTOM('bottom condition','flat',#4349,.F.);
#4351=DESCRIPTIVE_REPRESENTATION_ITEM('blind bottom orientation','hole start');
#4352=SHAPE_REPRESENTATION_WITH_PARAMETERS('',(#4351),#34);
#4353=PROPERTY_DEFINITION('','',#4350);
#4354=SHAPE_DEFINITION_REPRESENTATION(#4353,#4352);
#4355=SHAPE_ASPECT('','bottom condition occurrence',#4307,.T.);
#4356=FEATURE_COMPONENT_RELATIONSHIP('','hole bottom usage',#4350,#4355);
#4357=CARTESIAN_POINT('',(3.577073E-16,1.385640646055103,4.700288675134596));
#4358=DIRECTION('',(-3.061617E-17,-0.500000000000000,-0.866025403784439));
#4359=AXIS1_PLACEMENT('',#4357,#4358);
#4360=SHAPE_ASPECT('','',#43,.F.);
#4361=PROPERTY_DEFINITION('','',#4360);
#4362=SHAPE_REPRESENTATION('',(#4359),#34);
#4363=SHAPE_DEFINITION_REPRESENTATION(#4361,#4362);
#4364=DIMENSIONAL_LOCATION('','',#3298,#4360);
#4365=PRECISION_QUALIFIER(4);
#4371=(LENGTH_MEASURE_WITH_UNIT()MEASURE_REPRESENTATION_ITEM()MEASURE_WITH_UNIT(LENGTH_MEASURE(1.600000000000000),#15)QUALIFIED_REPRESENTATION_ITEM((#4365))REPRESENTATION_ITEM(''));
#4372=SHAPE_DIMENSION_REPRESENTATION('',(#4371),#34);
#4373=PRECISION_QUALIFIER(4);
#4374=MEASURE_WITH_UNIT(LENGTH_MEASURE(0.010000000000000),#15);
#4375=MEASURE_WITH_UNIT(LENGTH_MEASURE(-0.010000000000000),#15);
#4376=MEASURE_QUALIFICATION('','',#4374,(#4373));
#4377=MEASURE_QUALIFICATION('','',#4375,(#4373));
#4378=TOLERANCE_VALUE(#4375,#4374);
#4379=PLUS_MINUS_TOLERANCE(#4378,#4364);
#4380=DIMENSIONAL_CHARACTERISTIC_REPRESENTATION(#4364,#4372);
#4381=COMPOSITE_HOLE(*,*,'','counterbore',#43,.T.);
#4382=PROPERTY_DEFINITION('','',#4381);
#4383=CARTESIAN_POINT('',(1.371986E-16,-1.385640646055101,4.700288675134596));
#4384=DIRECTION('',(3.061617E-17,0.500000000000000,-0.866025403784439));
#4385=DIRECTION('',(-1.540744E-33,-0.866025403784439,-0.500000000000000));
#4386=AXIS2_PLACEMENT_3D('orientation',#4383,#4384,#4385);
#4387=SHAPE_REPRESENTATION('',(#1997,#2031,#2071,#2115,#2164,#2180,#2208),#34);
#4388=SHAPE_DEFINITION_REPRESENTATION(#4382,#4387);
#4389=SHAPE_REPRESENTATION_WITH_PARAMETERS('',(#4386),#34);
#4390=SHAPE_DEFINITION_REPRESENTATION(#4382,#4389);
#4397=(CHARACTERIZED_OBJECT('','')FEATURE_DEFINITION()INSTANCED_FEATURE()MACHINING_FEATURE()ROUND_HOLE()SHAPE_ASPECT('','',#43,.T.));
#4398=PROPERTY_DEFINITION('','',#4397);
#4399=PRODUCT_DEFINITION_SHAPE('','',#4397);
#4400=CARTESIAN_POINT('',(1.371986E-16,-1.385640646055101,4.700288675134596));
#4401=DIRECTION('',(3.061617E-17,0.500000000000000,-0.866025403784439));
#4402=DIRECTION('',(-1.540744E-33,-0.866025403784439,-0.500000000000000));
#4403=AXIS2_PLACEMENT_3D('orientation',#4400,#4401,#4402);
#4404=SHAPE_REPRESENTATION('',(#1997,#2031,#2164,#2180),#34);
#4405=SHAPE_DEFINITION_REPRESENTATION(#4398,#4404);
#4406=SHAPE_REPRESENTATION_WITH_PARAMETERS('',(#4403),#34);
#4407=SHAPE_DEFINITION_REPRESENTATION(#4398,#4406);
#4408=FEATURE_COMPONENT_DEFINITION('','');
#4409=PRODUCT_DEFINITION_SHAPE('','',#4408);
#4410=CIRCULAR_CLOSED_PROFILE('circular profile','',#4409,.F.);
#4411=STANDARD_UNCERTAINTY('upper limit','plus',0.031250000000000);
#4412=STANDARD_UNCERTAINTY('lower limit','minus',-0.031250000000000);
#4413=PRECISION_QUALIFIER(4);
#4419=(LENGTH_MEASURE_WITH_UNIT()MEASURE_REPRESENTATION_ITEM()MEASURE_WITH_UNIT(LENGTH_MEASURE(0.625000000000000),#15)QUALIFIED_REPRESENTATION_ITEM((#4411,#4412,#4413))REPRESENTATION_ITEM('diameter'));
#4420=SHAPE_REPRESENTATION_WITH_PARAMETERS('',(#4403,#4419),#34);
#4421=PROPERTY_DEFINITION('','',#4410);
#4422=SHAPE_DEFINITION_REPRESENTATION(#4421,#4420);
#4423=FEATURE_COMPONENT_DEFINITION('','');
#4424=PRODUCT_DEFINITION_SHAPE('','',#4423);
#4425=PATH_FEATURE_COMPONENT('linear path','linear',#4424,.F.);
#4426=STANDARD_UNCERTAINTY('upper limit','plus',0.010000000000000);
#4427=STANDARD_UNCERTAINTY('lower limit','minus',-0.010000000000000);
#4428=PRECISION_QUALIFIER(4);
#4434=(LENGTH_MEASURE_WITH_UNIT()MEASURE_REPRESENTATION_ITEM()MEASURE_WITH_UNIT(LENGTH_MEASURE(1.670000000000000),#15)QUALIFIED_REPRESENTATION_ITEM((#4426,#4427,#4428))REPRESENTATION_ITEM('distance'));
#4435=SHAPE_REPRESENTATION_WITH_PARAMETERS('',(#4403,#4434),#34);
#4436=PROPERTY_DEFINITION('','',#4425);
#4437=SHAPE_DEFINITION_REPRESENTATION(#4436,#4435);
#4438=DIRECTION_SHAPE_REPRESENTATION('',(#4401),#34);
#4439=PROPERTY_DEFINITION_REPRESENTATION(#4436,#4438);
#4440=SHAPE_ASPECT('','diameter occurrence',#4399,.T.);
#4441=SHAPE_DEFINING_RELATIONSHIP('diameter','profile usage',#4410,#4440);
#4442=SHAPE_ASPECT('','hole depth occurrence',#4399,.T.);
#4443=SHAPE_DEFINING_RELATIONSHIP('hole depth','path feature component usage',#4425,#4442);
#4444=FEATURE_COMPONENT_DEFINITION('','');
#4445=PRODUCT_DEFINITION_SHAPE('','',#4444);
#4446=HOLE_BOTTOM('bottom condition','conical',#4445,.F.);
#4447=DESCRIPTIVE_REPRESENTATION_ITEM('blind bottom orientation','hole end');
#4452=(MEASURE_REPRESENTATION_ITEM()MEASURE_WITH_UNIT(PLANE_ANGLE_MEASURE(118.0),#24)PLANE_ANGLE_MEASURE_WITH_UNIT()REPRESENTATION_ITEM('tip angle'));
#4457=(LENGTH_MEASURE_WITH_UNIT()MEASURE_REPRESENTATION_ITEM()MEASURE_WITH_UNIT(LENGTH_MEASURE(0.0),#15)REPRESENTATION_ITEM('tip radius'));
#4458=SHAPE_REPRESENTATION_WITH_PARAMETERS('',(#4447,#4452,#4457),#34);
#4459=PROPERTY_DEFINITION('','',#4446);
#4460=SHAPE_DEFINITION_REPRESENTATION(#4459,#4458);
#4461=SHAPE_ASPECT('','bottom condition occurrence',#4399,.T.);
#4462=FEATURE_COMPONENT_RELATIONSHIP('','hole bottom usage',#4446,#4461);
#4469=(CHARACTERIZED_OBJECT('','')FEATURE_DEFINITION()INSTANCED_FEATURE()MACHINING_FEATURE()ROUND_HOLE()SHAPE_ASPECT('','',#43,.T.));
#4470=PROPERTY_DEFINITION('','',#4469);
#4471=PRODUCT_DEFINITION_SHAPE('','',#4469);
#4472=CARTESIAN_POINT('',(1.371986E-16,-1.385640646055101,4.700288675134596));
#4473=DIRECTION('',(3.061617E-17,0.500000000000000,-0.866025403784439));
#4474=DIRECTION('',(-1.540744E-33,-0.866025403784439,-0.500000000000000));
#4475=AXIS2_PLACEMENT_3D('orientation',#4472,#4473,#4474);
#4476=SHAPE_REPRESENTATION('',(#2071,#2115,#2208),#34);
#4477=SHAPE_DEFINITION_REPRESENTATION(#4470,#4476);
#4478=SHAPE_REPRESENTATION_WITH_PARAMETERS('',(#4475),#34);
#4479=SHAPE_DEFINITION_REPRESENTATION(#4470,#4478);
#4480=FEATURE_COMPONENT_DEFINITION('','');
#4481=PRODUCT_DEFINITION_SHAPE('','',#4480);
#4482=CIRCULAR_CLOSED_PROFILE('circular profile','',#4481,.F.);
#4487=(LENGTH_MEASURE_WITH_UNIT()MEASURE_REPRESENTATION_ITEM()MEASURE_WITH_UNIT(LENGTH_MEASURE(0.909800000000000),#15)REPRESENTATION_ITEM('diameter'));
#4488=SHAPE_REPRESENTATION_WITH_PARAMETERS('',(#4475,#4487),#34);
#4489=PROPERTY_DEFINITION('','',#4482);
#4490=SHAPE_DEFINITION_REPRESENTATION(#4489,#4488);
#4491=FEATURE_COMPONENT_DEFINITION('','');
#4492=PRODUCT_DEFINITION_SHAPE('','',#4491);
#4493=PATH_FEATURE_COMPONENT('linear path','linear',#4492,.F.);
#4494=STANDARD_UNCERTAINTY('upper limit','plus',0.010000000000000);
#4495=STANDARD_UNCERTAINTY('lower limit','minus',-0.010000000000000);
#4496=PRECISION_QUALIFIER(4);
#4502=(LENGTH_MEASURE_WITH_UNIT()MEASURE_REPRESENTATION_ITEM()MEASURE_WITH_UNIT(LENGTH_MEASURE(0.850000000000000),#15)QUALIFIED_REPRESENTATION_ITEM((#4494,#4495,#4496))REPRESENTATION_ITEM('distance'));
#4503=SHAPE_REPRESENTATION_WITH_PARAMETERS('',(#4475,#4502),#34);
#4504=PROPERTY_DEFINITION('','',#4493);
#4505=SHAPE_DEFINITION_REPRESENTATION(#4504,#4503);
#4506=DIRECTION_SHAPE_REPRESENTATION('',(#4473),#34);
#4507=PROPERTY_DEFINITION_REPRESENTATION(#4504,#4506);
#4508=SHAPE_ASPECT('','diameter occurrence',#4471,.T.);
#4509=SHAPE_DEFINING_RELATIONSHIP('diameter','profile usage',#4482,#4508);
#4510=SHAPE_ASPECT('','hole depth occurrence',#4471,.T.);
#4511=SHAPE_DEFINING_RELATIONSHIP('hole depth','path feature component usage',#4493,#4510);
#4512=FEATURE_COMPONENT_DEFINITION('','');
#4513=PRODUCT_DEFINITION_SHAPE('','',#4512);
#4514=HOLE_BOTTOM('bottom condition','flat',#4513,.F.);
#4515=DESCRIPTIVE_REPRESENTATION_ITEM('blind bottom orientation','hole end');
#4516=SHAPE_REPRESENTATION_WITH_PARAMETERS('',(#4515),#34);
#4517=PROPERTY_DEFINITION('','',#4514);
#4518=SHAPE_DEFINITION_REPRESENTATION(#4517,#4516);
#4519=SHAPE_ASPECT('','bottom condition occurrence',#4471,.T.);
#4520=FEATURE_COMPONENT_RELATIONSHIP('','hole bottom usage',#4514,#4519);
#4521=FEATURE_COMPONENT_RELATIONSHIP('large hole','',#4381,#4469);
#4522=FEATURE_COMPONENT_RELATIONSHIP('small hole','',#4381,#4397);
#4523=CARTESIAN_POINT('',(1.940764E-16,-0.456756174332045,3.091413575748486));
#4524=DIRECTION('',(-3.061617E-17,-0.500000000000000,0.866025403784439));
#4525=AXIS1_PLACEMENT('',#4523,#4524);
#4526=SHAPE_ASPECT('','',#43,.F.);
#4527=PROPERTY_DEFINITION('','',#4526);
#4528=SHAPE_REPRESENTATION('',(#4525),#34);
#4529=SHAPE_DEFINITION_REPRESENTATION(#4527,#4528);
#4530=DIMENSIONAL_LOCATION('','',#3309,#4526);
#4531=PRECISION_QUALIFIER(4);
#4537=(LENGTH_MEASURE_WITH_UNIT()MEASURE_REPRESENTATION_ITEM()MEASURE_WITH_UNIT(LENGTH_MEASURE(1.600000000000000),#15)QUALIFIED_REPRESENTATION_ITEM((#4531))REPRESENTATION_ITEM(''));
#4538=SHAPE_DIMENSION_REPRESENTATION('',(#4537),#34);
#4539=PRECISION_QUALIFIER(4);
#4540=MEASURE_WITH_UNIT(LENGTH_MEASURE(0.010000000000000),#15);
#4541=MEASURE_WITH_UNIT(LENGTH_MEASURE(-0.010000000000000),#15);
#4542=MEASURE_QUALIFICATION('','',#4540,(#4539));
#4543=MEASURE_QUALIFICATION('','',#4541,(#4539));
#4544=TOLERANCE_VALUE(#4541,#4540);
#4545=PLUS_MINUS_TOLERANCE(#4544,#4530);
#4546=DIMENSIONAL_CHARACTERISTIC_REPRESENTATION(#4530,#4538);
#4553=(CHARACTERIZED_OBJECT('','groove')FEATURE_DEFINITION()INSTANCED_FEATURE()MACHINING_FEATURE()REVOLVED_PROFILE()SHAPE_ASPECT('','groove',#43,.T.));
#4554=PROPERTY_DEFINITION('','',#4553);
#4555=PRODUCT_DEFINITION_SHAPE('','',#4553);
#4556=CARTESIAN_POINT('',(2.750498E-16,0.865640646055105,3.799622255198784));
#4557=DIRECTION('',(-3.061617E-17,-0.500000000000000,-0.866025403784439));
#4558=DIRECTION('',(5.302876E-17,0.866025403784439,-0.500000000000000));
#4559=AXIS2_PLACEMENT_3D('orientation',#4556,#4557,#4558);
#4560=STANDARD_UNCERTAINTY('upper limit','plus',0.007500000000000);
#4561=STANDARD_UNCERTAINTY('lower limit','minus',0.0);
#4562=PRECISION_QUALIFIER(4);
#4568=(LENGTH_MEASURE_WITH_UNIT()MEASURE_REPRESENTATION_ITEM()MEASURE_WITH_UNIT(LENGTH_MEASURE(0.875000000000000),#15)QUALIFIED_REPRESENTATION_ITEM((#4560,#4561,#4562))REPRESENTATION_ITEM('radius'));
#4569=SHAPE_REPRESENTATION('',(#1860,#2242,#2280,#2314,#2342,#2364,#2386,#2402),#34);
#4570=SHAPE_DEFINITION_REPRESENTATION(#4554,#4569);
#4571=SHAPE_REPRESENTATION_WITH_PARAMETERS('',(#4559,#4568),#34);
#4572=SHAPE_DEFINITION_REPRESENTATION(#4554,#4571);
#4573=DIRECTION('',(5.302876E-17,0.866025403784439,-0.500000000000000));
#4574=DIRECTION_SHAPE_REPRESENTATION('material side',(#4573),#34);
#4575=PROPERTY_DEFINITION_REPRESENTATION(#4554,#4574);
#4576=CARTESIAN_POINT('',(3.214500E-16,1.623412874366489,3.362122255198784));
#4577=DIRECTION('',(-1.0,6.123234E-17,0.0));
#4578=DIRECTION('',(-3.061617E-17,-0.500000000000000,-0.866025403784439));
#4579=AXIS2_PLACEMENT_3D('orientation',#4576,#4577,#4578);
#4580=FEATURE_COMPONENT_DEFINITION('','');
#4581=PRODUCT_DEFINITION_SHAPE('','',#4580);
#4582=SQUARE_U_PROFILE('','sweep',#4581,.F.);
#4583=STANDARD_UNCERTAINTY('upper limit','plus',0.010000000000000);
#4584=STANDARD_UNCERTAINTY('lower limit','minus',-0.010000000000000);
#4585=PRECISION_QUALIFIER(4);
#4591=(LENGTH_MEASURE_WITH_UNIT()MEASURE_REPRESENTATION_ITEM()MEASURE_WITH_UNIT(LENGTH_MEASURE(0.160000000000000),#15)QUALIFIED_REPRESENTATION_ITEM((#4583,#4584,#4585))REPRESENTATION_ITEM('width'));
#4596=(MEASURE_REPRESENTATION_ITEM()MEASURE_WITH_UNIT(PLANE_ANGLE_MEASURE(90.0),#24)PLANE_ANGLE_MEASURE_WITH_UNIT()REPRESENTATION_ITEM('first angle'));
#4601=(MEASURE_REPRESENTATION_ITEM()MEASURE_WITH_UNIT(PLANE_ANGLE_MEASURE(90.0),#24)PLANE_ANGLE_MEASURE_WITH_UNIT()REPRESENTATION_ITEM('second angle'));
#4606=(LENGTH_MEASURE_WITH_UNIT()MEASURE_REPRESENTATION_ITEM()MEASURE_WITH_UNIT(LENGTH_MEASURE(0.040000000000000),#15)REPRESENTATION_ITEM('first radius'));
#4611=(LENGTH_MEASURE_WITH_UNIT()MEASURE_REPRESENTATION_ITEM()MEASURE_WITH_UNIT(LENGTH_MEASURE(0.040000000000000),#15)REPRESENTATION_ITEM('second radius'));
#4612=SHAPE_REPRESENTATION_WITH_PARAMETERS('',(#4579,#4591,#4596,#4601,#4606,#4611),#34);
#4613=PROPERTY_DEFINITION('','',#4582);
#4614=SHAPE_DEFINITION_REPRESENTATION(#4613,#4612);
#4615=SHAPE_ASPECT('','sweep occurrence',#4555,.T.);
#4616=SHAPE_DEFINING_RELATIONSHIP('','profile usage',#4582,#4615);
#4623=(CHARACTERIZED_OBJECT('','groove')FEATURE_DEFINITION()INSTANCED_FEATURE()MACHINING_FEATURE()REVOLVED_PROFILE()SHAPE_ASPECT('','groove',#43,.T.));
#4624=PROPERTY_DEFINITION('','',#4623);
#4625=PRODUCT_DEFINITION_SHAPE('','',#4623);
#4626=CARTESIAN_POINT('',(1.607730E-16,-1.000640646055101,4.033449114220576));
#4627=DIRECTION('',(3.061617E-17,0.500000000000000,-0.866025403784439));
#4628=DIRECTION('',(5.302876E-17,0.866025403784439,0.500000000000000));
#4629=AXIS2_PLACEMENT_3D('orientation',#4626,#4627,#4628);
#4630=STANDARD_UNCERTAINTY('upper limit','plus',0.006000000000000);
#4631=STANDARD_UNCERTAINTY('lower limit','minus',0.0);
#4632=PRECISION_QUALIFIER(4);
#4638=(LENGTH_MEASURE_WITH_UNIT()MEASURE_REPRESENTATION_ITEM()MEASURE_WITH_UNIT(LENGTH_MEASURE(0.500000000000000),#15)QUALIFIED_REPRESENTATION_ITEM((#4630,#4631,#4632))REPRESENTATION_ITEM('radius'));
#4639=SHAPE_REPRESENTATION('',(#2071,#2436,#2474,#2508,#2536,#2558,#2580,#2596),#34);
#4640=SHAPE_DEFINITION_REPRESENTATION(#4624,#4639);
#4641=SHAPE_REPRESENTATION_WITH_PARAMETERS('',(#4629,#4638),#34);
#4642=SHAPE_DEFINITION_REPRESENTATION(#4624,#4641);
#4643=DIRECTION('',(5.302876E-17,0.866025403784439,0.500000000000000));
#4644=DIRECTION_SHAPE_REPRESENTATION('material side',(#4643),#34);
#4645=PROPERTY_DEFINITION_REPRESENTATION(#4624,#4644);
#4646=CARTESIAN_POINT('',(1.872874E-16,-0.567627944162881,4.283449114220576));
#4647=DIRECTION('',(-1.0,6.123234E-17,3.081488E-33));
#4648=DIRECTION('',(3.061617E-17,0.500000000000000,-0.866025403784439));
#4649=AXIS2_PLACEMENT_3D('orientation',#4646,#4647,#4648);
#4650=FEATURE_COMPONENT_DEFINITION('','');
#4651=PRODUCT_DEFINITION_SHAPE('','',#4650);
#4652=SQUARE_U_PROFILE('','sweep',#4651,.F.);
#4653=STANDARD_UNCERTAINTY('upper limit','plus',0.010000000000000);
#4654=STANDARD_UNCERTAINTY('lower limit','minus',-0.010000000000000);
#4655=PRECISION_QUALIFIER(4);
#4661=(LENGTH_MEASURE_WITH_UNIT()MEASURE_REPRESENTATION_ITEM()MEASURE_WITH_UNIT(LENGTH_MEASURE(0.160000000000000),#15)QUALIFIED_REPRESENTATION_ITEM((#4653,#4654,#4655))REPRESENTATION_ITEM('width'));
#4666=(MEASURE_REPRESENTATION_ITEM()MEASURE_WITH_UNIT(PLANE_ANGLE_MEASURE(90.0),#24)PLANE_ANGLE_MEASURE_WITH_UNIT()REPRESENTATION_ITEM('first angle'));
#4671=(MEASURE_REPRESENTATION_ITEM()MEASURE_WITH_UNIT(PLANE_ANGLE_MEASURE(90.0),#24)PLANE_ANGLE_MEASURE_WITH_UNIT()REPRESENTATION_ITEM('second angle'));
#4676=(LENGTH_MEASURE_WITH_UNIT()MEASURE_REPRESENTATION_ITEM()MEASURE_WITH_UNIT(LENGTH_MEASURE(0.040000000000000),#15)REPRESENTATION_ITEM('first radius'));
#4681=(LENGTH_MEASURE_WITH_UNIT()MEASURE_REPRESENTATION_ITEM()MEASURE_WITH_UNIT(LENGTH_MEASURE(0.040000000000000),#15)REPRESENTATION_ITEM('second radius'));
#4682=SHAPE_REPRESENTATION_WITH_PARAMETERS('',(#4649,#4661,#4666,#4671,#4676,#4681),#34);
#4683=PROPERTY_DEFINITION('','',#4652);
#4684=SHAPE_DEFINITION_REPRESENTATION(#4683,#4682);
#4685=SHAPE_ASPECT('','sweep occurrence',#4625,.T.);
#4686=SHAPE_DEFINING_RELATIONSHIP('','profile usage',#4652,#4685);
#4693=(CHARACTERIZED_OBJECT('','')FEATURE_DEFINITION()INSTANCED_FEATURE()MACHINING_FEATURE()ROUND_HOLE()SHAPE_ASPECT('','',#43,.T.));
#4694=PROPERTY_DEFINITION('','',#4693);
#4695=PRODUCT_DEFINITION_SHAPE('','',#4693);
#4696=CARTESIAN_POINT('',(4.394302E-16,1.370640646055102,4.674307913021061));
#4697=DIRECTION('',(3.061617E-17,0.500000000000000,0.866025403784439));
#4698=DIRECTION('',(1.540744E-33,0.866025403784439,-0.500000000000000));
#4699=AXIS2_PLACEMENT_3D('orientation',#4696,#4697,#4698);
#4700=SHAPE_REPRESENTATION('',(#2630,#2664,#2680),#34);
#4701=SHAPE_DEFINITION_REPRESENTATION(#4694,#4700);
#4702=SHAPE_REPRESENTATION_WITH_PARAMETERS('',(#4699),#34);
#4703=SHAPE_DEFINITION_REPRESENTATION(#4694,#4702);
#4704=FEATURE_COMPONENT_DEFINITION('','');
#4705=PRODUCT_DEFINITION_SHAPE('','',#4704);
#4706=CIRCULAR_CLOSED_PROFILE('circular profile','',#4705,.F.);
#4707=STANDARD_UNCERTAINTY('upper limit','plus',0.010000000000000);
#4708=STANDARD_UNCERTAINTY('lower limit','minus',-0.010000000000000);
#4709=PRECISION_QUALIFIER(4);
#4715=(LENGTH_MEASURE_WITH_UNIT()MEASURE_REPRESENTATION_ITEM()MEASURE_WITH_UNIT(LENGTH_MEASURE(2.500000000000000),#15)QUALIFIED_REPRESENTATION_ITEM((#4707,#4708,#4709))REPRESENTATION_ITEM('diameter'));
#4716=SHAPE_REPRESENTATION_WITH_PARAMETERS('',(#4699,#4715),#34);
#4717=PROPERTY_DEFINITION('','',#4706);
#4718=SHAPE_DEFINITION_REPRESENTATION(#4717,#4716);
#4719=FEATURE_COMPONENT_DEFINITION('','');
#4720=PRODUCT_DEFINITION_SHAPE('','',#4719);
#4721=PATH_FEATURE_COMPONENT('linear path','linear',#4720,.F.);
#4722=STANDARD_UNCERTAINTY('upper limit','plus',0.0);
#4723=STANDARD_UNCERTAINTY('lower limit','minus',-0.025000000000000);
#4724=PRECISION_QUALIFIER(4);
#4730=(LENGTH_MEASURE_WITH_UNIT()MEASURE_REPRESENTATION_ITEM()MEASURE_WITH_UNIT(LENGTH_MEASURE(0.030000000000000),#15)QUALIFIED_REPRESENTATION_ITEM((#4722,#4723,#4724))REPRESENTATION_ITEM('distance'));
#4731=SHAPE_REPRESENTATION_WITH_PARAMETERS('',(#4699,#4730),#34);
#4732=PROPERTY_DEFINITION('','',#4721);
#4733=SHAPE_DEFINITION_REPRESENTATION(#4732,#4731);
#4734=DIRECTION_SHAPE_REPRESENTATION('',(#4697),#34);
#4735=PROPERTY_DEFINITION_REPRESENTATION(#4732,#4734);
#4736=SHAPE_ASPECT('','diameter occurrence',#4695,.T.);
#4737=SHAPE_DEFINING_RELATIONSHIP('diameter','profile usage',#4706,#4736);
#4738=SHAPE_ASPECT('','hole depth occurrence',#4695,.T.);
#4739=SHAPE_DEFINING_RELATIONSHIP('hole depth','path feature component usage',#4721,#4738);
#4740=FEATURE_COMPONENT_DEFINITION('','');
#4741=PRODUCT_DEFINITION_SHAPE('','',#4740);
#4742=HOLE_BOTTOM('bottom condition','flat',#4741,.F.);
#4743=DESCRIPTIVE_REPRESENTATION_ITEM('blind bottom orientation','hole start');
#4744=SHAPE_REPRESENTATION_WITH_PARAMETERS('',(#4743),#34);
#4745=PROPERTY_DEFINITION('','',#4742);
#4746=SHAPE_DEFINITION_REPRESENTATION(#4745,#4744);
#4747=SHAPE_ASPECT('','bottom condition occurrence',#4695,.T.);
#4748=FEATURE_COMPONENT_RELATIONSHIP('','hole bottom usage',#4742,#4747);
#4755=(CHARACTERIZED_OBJECT('','')FEATURE_DEFINITION()INSTANCED_FEATURE()MACHINING_FEATURE()ROUND_HOLE()SHAPE_ASPECT('','',#43,.T.));
#4756=PROPERTY_DEFINITION('','',#4755);
#4757=PRODUCT_DEFINITION_SHAPE('','',#4755);
#4758=CARTESIAN_POINT('',(1.381171E-16,-1.370640646055101,4.674307913021062));
#4759=DIRECTION('',(-3.061617E-17,-0.500000000000000,0.866025403784439));
#4760=DIRECTION('',(1.540744E-33,0.866025403784439,0.500000000000000));
#4761=AXIS2_PLACEMENT_3D('orientation',#4758,#4759,#4760);
#4762=SHAPE_REPRESENTATION('',(#2714,#2748,#2764),#34);
#4763=SHAPE_DEFINITION_REPRESENTATION(#4756,#4762);
#4764=SHAPE_REPRESENTATION_WITH_PARAMETERS('',(#4761),#34);
#4765=SHAPE_DEFINITION_REPRESENTATION(#4756,#4764);
#4766=FEATURE_COMPONENT_DEFINITION('','');
#4767=PRODUCT_DEFINITION_SHAPE('','',#4766);
#4768=CIRCULAR_CLOSED_PROFILE('circular profile','',#4767,.F.);
#4769=STANDARD_UNCERTAINTY('upper limit','plus',0.010000000000000);
#4770=STANDARD_UNCERTAINTY('lower limit','minus',-0.010000000000000);
#4771=PRECISION_QUALIFIER(4);
#4777=(LENGTH_MEASURE_WITH_UNIT()MEASURE_REPRESENTATION_ITEM()MEASURE_WITH_UNIT(LENGTH_MEASURE(1.600000000000000),#15)QUALIFIED_REPRESENTATION_ITEM((#4769,#4770,#4771))REPRESENTATION_ITEM('diameter'));
#4778=SHAPE_REPRESENTATION_WITH_PARAMETERS('',(#4761,#4777),#34);
#4779=PROPERTY_DEFINITION('','',#4768);
#4780=SHAPE_DEFINITION_REPRESENTATION(#4779,#4778);
#4781=FEATURE_COMPONENT_DEFINITION('','');
#4782=PRODUCT_DEFINITION_SHAPE('','',#4781);
#4783=PATH_FEATURE_COMPONENT('linear path','linear',#4782,.F.);
#4784=STANDARD_UNCERTAINTY('upper limit','plus',0.0);
#4785=STANDARD_UNCERTAINTY('lower limit','minus',-0.025000000000000);
#4786=PRECISION_QUALIFIER(4);
#4792=(LENGTH_MEASURE_WITH_UNIT()MEASURE_REPRESENTATION_ITEM()MEASURE_WITH_UNIT(LENGTH_MEASURE(0.030000000000000),#15)QUALIFIED_REPRESENTATION_ITEM((#4784,#4785,#4786))REPRESENTATION_ITEM('distance'));
#4793=SHAPE_REPRESENTATION_WITH_PARAMETERS('',(#4761,#4792),#34);
#4794=PROPERTY_DEFINITION('','',#4783);
#4795=SHAPE_DEFINITION_REPRESENTATION(#4794,#4793);
#4796=DIRECTION_SHAPE_REPRESENTATION('',(#4759),#34);
#4797=PROPERTY_DEFINITION_REPRESENTATION(#4794,#4796);
#4798=SHAPE_ASPECT('','diameter occurrence',#4757,.T.);
#4799=SHAPE_DEFINING_RELATIONSHIP('diameter','profile usage',#4768,#4798);
#4800=SHAPE_ASPECT('','hole depth occurrence',#4757,.T.);
#4801=SHAPE_DEFINING_RELATIONSHIP('hole depth','path feature component usage',#4783,#4800);
#4802=FEATURE_COMPONENT_DEFINITION('','');
#4803=PRODUCT_DEFINITION_SHAPE('','',#4802);
#4804=HOLE_BOTTOM('bottom condition','flat',#4803,.F.);
#4805=DESCRIPTIVE_REPRESENTATION_ITEM('blind bottom orientation','hole start');
#4806=SHAPE_REPRESENTATION_WITH_PARAMETERS('',(#4805),#34);
#4807=PROPERTY_DEFINITION('','',#4804);
#4808=SHAPE_DEFINITION_REPRESENTATION(#4807,#4806);
#4809=SHAPE_ASPECT('','bottom condition occurrence',#4757,.T.);
#4810=FEATURE_COMPONENT_RELATIONSHIP('','hole bottom usage',#4804,#4809);
#4817=(CHARACTERIZED_OBJECT('','')FEATURE_DEFINITION()INSTANCED_FEATURE()MACHINING_FEATURE()ROUND_HOLE()SHAPE_ASPECT('','',#43,.T.));
#4818=PROPERTY_DEFINITION('','',#4817);
#4819=PRODUCT_DEFINITION_SHAPE('','',#4817);
#4820=CARTESIAN_POINT('',(2.710305E-16,0.800000000000000,4.033818991392946));
#4821=DIRECTION('',(0.0,0.0,-1.0));
#4822=DIRECTION('',(1.0,0.0,0.0));
#4823=AXIS2_PLACEMENT_3D('orientation',#4820,#4821,#4822);
#4824=SHAPE_REPRESENTATION('',(#2788,#2804),#34);
#4825=SHAPE_DEFINITION_REPRESENTATION(#4818,#4824);
#4826=SHAPE_REPRESENTATION_WITH_PARAMETERS('',(#4823),#34);
#4827=SHAPE_DEFINITION_REPRESENTATION(#4818,#4826);
#4828=FEATURE_COMPONENT_DEFINITION('','');
#4829=PRODUCT_DEFINITION_SHAPE('','',#4828);
#4830=CIRCULAR_CLOSED_PROFILE('circular profile','',#4829,.F.);
#4831=STANDARD_UNCERTAINTY('upper limit','plus',0.031250000000000);
#4832=STANDARD_UNCERTAINTY('lower limit','minus',-0.031250000000000);
#4833=PRECISION_QUALIFIER(4);
#4839=(LENGTH_MEASURE_WITH_UNIT()MEASURE_REPRESENTATION_ITEM()MEASURE_WITH_UNIT(LENGTH_MEASURE(1.0),#15)QUALIFIED_REPRESENTATION_ITEM((#4831,#4832,#4833))REPRESENTATION_ITEM('diameter'));
#4840=SHAPE_REPRESENTATION_WITH_PARAMETERS('',(#4823,#4839),#34);
#4841=PROPERTY_DEFINITION('','',#4830);
#4842=SHAPE_DEFINITION_REPRESENTATION(#4841,#4840);
#4843=FEATURE_COMPONENT_DEFINITION('','');
#4844=PRODUCT_DEFINITION_SHAPE('','',#4843);
#4845=PATH_FEATURE_COMPONENT('linear path','linear',#4844,.F.);
#4850=(LENGTH_MEASURE_WITH_UNIT()MEASURE_REPRESENTATION_ITEM()MEASURE_WITH_UNIT(LENGTH_MEASURE(4.100000000000000),#15)REPRESENTATION_ITEM('distance'));
#4851=SHAPE_REPRESENTATION_WITH_PARAMETERS('',(#4823,#4850),#34);
#4852=PROPERTY_DEFINITION('','',#4845);
#4853=SHAPE_DEFINITION_REPRESENTATION(#4852,#4851);
#4854=DIRECTION_SHAPE_REPRESENTATION('',(#4821),#34);
#4855=PROPERTY_DEFINITION_REPRESENTATION(#4852,#4854);
#4856=SHAPE_ASPECT('','diameter occurrence',#4819,.T.);
#4857=SHAPE_DEFINING_RELATIONSHIP('diameter','profile usage',#4830,#4856);
#4858=SHAPE_ASPECT('','hole depth occurrence',#4819,.T.);
#4859=SHAPE_DEFINING_RELATIONSHIP('hole depth','path feature component usage',#4845,#4858);
#4860=FEATURE_COMPONENT_DEFINITION('','');
#4861=PRODUCT_DEFINITION_SHAPE('','',#4860);
#4862=HOLE_BOTTOM('bottom condition','through',#4861,.F.);
#4863=SHAPE_ASPECT('','bottom condition occurrence',#4819,.T.);
#4864=FEATURE_COMPONENT_RELATIONSHIP('','hole bottom usage',#4862,#4863);
#4865=CARTESIAN_POINT('',(2.710305E-16,0.800000000000000,4.100000000000000));
#4866=DIRECTION('',(0.0,0.0,-1.0));
#4867=AXIS1_PLACEMENT('',#4865,#4866);
#4868=SHAPE_ASPECT('','',#43,.F.);
#4869=PROPERTY_DEFINITION('','',#4868);
#4870=SHAPE_REPRESENTATION('',(#4867),#34);
#4871=SHAPE_DEFINITION_REPRESENTATION(#4869,#4870);
#4872=DIMENSIONAL_LOCATION('','',#3276,#4868);
#4873=PRECISION_QUALIFIER(4);
#4879=(LENGTH_MEASURE_WITH_UNIT()MEASURE_REPRESENTATION_ITEM()MEASURE_WITH_UNIT(LENGTH_MEASURE(0.800000000000000),#15)QUALIFIED_REPRESENTATION_ITEM((#4873))REPRESENTATION_ITEM(''));
#4880=SHAPE_DIMENSION_REPRESENTATION('',(#4879),#34);
#4881=PRECISION_QUALIFIER(4);
#4882=MEASURE_WITH_UNIT(LENGTH_MEASURE(0.010000000000000),#15);
#4883=MEASURE_WITH_UNIT(LENGTH_MEASURE(-0.010000000000000),#15);
#4884=MEASURE_QUALIFICATION('','',#4882,(#4881));
#4885=MEASURE_QUALIFICATION('','',#4883,(#4881));
#4886=TOLERANCE_VALUE(#4883,#4882);
#4887=PLUS_MINUS_TOLERANCE(#4886,#4872);
#4888=DIMENSIONAL_CHARACTERISTIC_REPRESENTATION(#4872,#4880);
#4889=COMPOSITE_HOLE(*,*,'','counterbore',#43,.T.);
#4890=PROPERTY_DEFINITION('','',#4889);
#4891=CARTESIAN_POINT('',(1.853052E-16,-0.600000000000000,0.0));
#4892=DIRECTION('',(0.0,0.0,1.0));
#4893=DIRECTION('',(-1.0,0.0,0.0));
#4894=AXIS2_PLACEMENT_3D('orientation',#4891,#4892,#4893);
#4895=SHAPE_REPRESENTATION('',(#2839,#2879,#2913,#2930,#2952),#34);
#4896=SHAPE_DEFINITION_REPRESENTATION(#4890,#4895);
#4897=SHAPE_REPRESENTATION_WITH_PARAMETERS('',(#4894),#34);
#4898=SHAPE_DEFINITION_REPRESENTATION(#4890,#4897);
#4905=(CHARACTERIZED_OBJECT('','')FEATURE_DEFINITION()INSTANCED_FEATURE()MACHINING_FEATURE()ROUND_HOLE()SHAPE_ASPECT('','',#43,.T.));
#4906=PROPERTY_DEFINITION('','',#4905);
#4907=PRODUCT_DEFINITION_SHAPE('','',#4905);
#4908=CARTESIAN_POINT('',(1.853052E-16,-0.600000000000000,0.0));
#4909=DIRECTION('',(0.0,0.0,1.0));
#4910=DIRECTION('',(-1.0,0.0,0.0));
#4911=AXIS2_PLACEMENT_3D('orientation',#4908,#4909,#4910);
#4912=SHAPE_REPRESENTATION('',(#2839,#2930),#34);
#4913=SHAPE_DEFINITION_REPRESENTATION(#4906,#4912);
#4914=SHAPE_REPRESENTATION_WITH_PARAMETERS('',(#4911),#34);
#4915=SHAPE_DEFINITION_REPRESENTATION(#4906,#4914);
#4916=FEATURE_COMPONENT_DEFINITION('','');
#4917=PRODUCT_DEFINITION_SHAPE('','',#4916);
#4918=CIRCULAR_CLOSED_PROFILE('circular profile','',#4917,.F.);
#4919=STANDARD_UNCERTAINTY('upper limit','plus',0.031250000000000);
#4920=STANDARD_UNCERTAINTY('lower limit','minus',-0.031250000000000);
#4921=PRECISION_QUALIFIER(4);
#4927=(LENGTH_MEASURE_WITH_UNIT()MEASURE_REPRESENTATION_ITEM()MEASURE_WITH_UNIT(LENGTH_MEASURE(0.437500000000000),#15)QUALIFIED_REPRESENTATION_ITEM((#4919,#4920,#4921))REPRESENTATION_ITEM('diameter'));
#4928=SHAPE_REPRESENTATION_WITH_PARAMETERS('',(#4911,#4927),#34);
#4929=PROPERTY_DEFINITION('','',#4918);
#4930=SHAPE_DEFINITION_REPRESENTATION(#4929,#4928);
#4931=FEATURE_COMPONENT_DEFINITION('','');
#4932=PRODUCT_DEFINITION_SHAPE('','',#4931);
#4933=PATH_FEATURE_COMPONENT('linear path','linear',#4932,.F.);
#4938=(LENGTH_MEASURE_WITH_UNIT()MEASURE_REPRESENTATION_ITEM()MEASURE_WITH_UNIT(LENGTH_MEASURE(3.250000000000000),#15)REPRESENTATION_ITEM('distance'));
#4939=SHAPE_REPRESENTATION_WITH_PARAMETERS('',(#4911,#4938),#34);
#4940=PROPERTY_DEFINITION('','',#4933);
#4941=SHAPE_DEFINITION_REPRESENTATION(#4940,#4939);
#4942=DIRECTION_SHAPE_REPRESENTATION('',(#4909),#34);
#4943=PROPERTY_DEFINITION_REPRESENTATION(#4940,#4942);
#4944=SHAPE_ASPECT('','diameter occurrence',#4907,.T.);
#4945=SHAPE_DEFINING_RELATIONSHIP('diameter','profile usage',#4918,#4944);
#4946=SHAPE_ASPECT('','hole depth occurrence',#4907,.T.);
#4947=SHAPE_DEFINING_RELATIONSHIP('hole depth','path feature component usage',#4933,#4946);
#4948=FEATURE_COMPONENT_DEFINITION('','');
#4949=PRODUCT_DEFINITION_SHAPE('','',#4948);
#4950=HOLE_BOTTOM('bottom condition','conical',#4949,.F.);
#4951=DESCRIPTIVE_REPRESENTATION_ITEM('blind bottom orientation','hole end');
#4956=(MEASURE_REPRESENTATION_ITEM()MEASURE_WITH_UNIT(PLANE_ANGLE_MEASURE(118.0),#24)PLANE_ANGLE_MEASURE_WITH_UNIT()REPRESENTATION_ITEM('tip angle'));
#4961=(LENGTH_MEASURE_WITH_UNIT()MEASURE_REPRESENTATION_ITEM()MEASURE_WITH_UNIT(LENGTH_MEASURE(0.0),#15)REPRESENTATION_ITEM('tip radius'));
#4962=SHAPE_REPRESENTATION_WITH_PARAMETERS('',(#4951,#4956,#4961),#34);
#4963=PROPERTY_DEFINITION('','',#4950);
#4964=SHAPE_DEFINITION_REPRESENTATION(#4963,#4962);
#4965=SHAPE_ASPECT('','bottom condition occurrence',#4907,.T.);
#4966=FEATURE_COMPONENT_RELATIONSHIP('','hole bottom usage',#4950,#4965);
#4973=(CHARACTERIZED_OBJECT('','')FEATURE_DEFINITION()INSTANCED_FEATURE()MACHINING_FEATURE()ROUND_HOLE()SHAPE_ASPECT('','',#43,.T.));
#4974=PROPERTY_DEFINITION('','',#4973);
#4975=PRODUCT_DEFINITION_SHAPE('','',#4973);
#4976=CARTESIAN_POINT('',(1.853052E-16,-0.600000000000000,0.0));
#4977=DIRECTION('',(0.0,0.0,1.0));
#4978=DIRECTION('',(-1.0,0.0,0.0));
#4979=AXIS2_PLACEMENT_3D('orientation',#4976,#4977,#4978);
#4980=SHAPE_REPRESENTATION('',(#2879,#2913,#2952),#34);
#4981=SHAPE_DEFINITION_REPRESENTATION(#4974,#4980);
#4982=SHAPE_REPRESENTATION_WITH_PARAMETERS('',(#4979),#34);
#4983=SHAPE_DEFINITION_REPRESENTATION(#4974,#4982);
#4984=FEATURE_COMPONENT_DEFINITION('','');
#4985=PRODUCT_DEFINITION_SHAPE('','',#4984);
#4986=CIRCULAR_CLOSED_PROFILE('circular profile','',#4985,.F.);
#4991=(LENGTH_MEASURE_WITH_UNIT()MEASURE_REPRESENTATION_ITEM()MEASURE_WITH_UNIT(LENGTH_MEASURE(0.564900000000000),#15)REPRESENTATION_ITEM('diameter'));
#4992=SHAPE_REPRESENTATION_WITH_PARAMETERS('',(#4979,#4991),#34);
#4993=PROPERTY_DEFINITION('','',#4986);
#4994=SHAPE_DEFINITION_REPRESENTATION(#4993,#4992);
#4995=FEATURE_COMPONENT_DEFINITION('','');
#4996=PRODUCT_DEFINITION_SHAPE('','',#4995);
#4997=PATH_FEATURE_COMPONENT('linear path','linear',#4996,.F.);
#4998=STANDARD_UNCERTAINTY('upper limit','plus',0.010000000000000);
#4999=STANDARD_UNCERTAINTY('lower limit','minus',-0.010000000000000);
#5000=PRECISION_QUALIFIER(4);
#5006=(LENGTH_MEASURE_WITH_UNIT()MEASURE_REPRESENTATION_ITEM()MEASURE_WITH_UNIT(LENGTH_MEASURE(1.0),#15)QUALIFIED_REPRESENTATION_ITEM((#4998,#4999,#5000))REPRESENTATION_ITEM('distance'));
#5007=SHAPE_REPRESENTATION_WITH_PARAMETERS('',(#4979,#5006),#34);
#5008=PROPERTY_DEFINITION('','',#4997);
#5009=SHAPE_DEFINITION_REPRESENTATION(#5008,#5007);
#5010=DIRECTION_SHAPE_REPRESENTATION('',(#4977),#34);
#5011=PROPERTY_DEFINITION_REPRESENTATION(#5008,#5010);
#5012=SHAPE_ASPECT('','diameter occurrence',#4975,.T.);
#5013=SHAPE_DEFINING_RELATIONSHIP('diameter','profile usage',#4986,#5012);
#5014=SHAPE_ASPECT('','hole depth occurrence',#4975,.T.);
#5015=SHAPE_DEFINING_RELATIONSHIP('hole depth','path feature component usage',#4997,#5014);
#5016=FEATURE_COMPONENT_DEFINITION('','');
#5017=PRODUCT_DEFINITION_SHAPE('','',#5016);
#5018=HOLE_BOTTOM('bottom condition','flat',#5017,.F.);
#5019=DESCRIPTIVE_REPRESENTATION_ITEM('blind bottom orientation','hole end');
#5020=SHAPE_REPRESENTATION_WITH_PARAMETERS('',(#5019),#34);
#5021=PROPERTY_DEFINITION('','',#5018);
#5022=SHAPE_DEFINITION_REPRESENTATION(#5021,#5020);
#5023=SHAPE_ASPECT('','bottom condition occurrence',#4975,.T.);
#5024=FEATURE_COMPONENT_RELATIONSHIP('','hole bottom usage',#5018,#5023);
#5025=FEATURE_COMPONENT_RELATIONSHIP('large hole','',#4889,#4973);
#5026=FEATURE_COMPONENT_RELATIONSHIP('small hole','',#4889,#4905);
#5027=CARTESIAN_POINT('',(1.853052E-16,-0.600000000000000,3.381438260412279));
#5028=DIRECTION('',(0.0,0.0,-1.0));
#5029=AXIS1_PLACEMENT('',#5027,#5028);
#5030=SHAPE_ASPECT('','',#43,.F.);
#5031=PROPERTY_DEFINITION('','',#5030);
#5032=SHAPE_REPRESENTATION('',(#5029),#34);
#5033=SHAPE_DEFINITION_REPRESENTATION(#5031,#5032);
#5034=DIMENSIONAL_LOCATION('','',#3276,#5030);
#5035=PRECISION_QUALIFIER(4);
#5041=(LENGTH_MEASURE_WITH_UNIT()MEASURE_REPRESENTATION_ITEM()MEASURE_WITH_UNIT(LENGTH_MEASURE(0.600000000000000),#15)QUALIFIED_REPRESENTATION_ITEM((#5035))REPRESENTATION_ITEM(''));
#5042=SHAPE_DIMENSION_REPRESENTATION('',(#5041),#34);
#5043=PRECISION_QUALIFIER(4);
#5044=MEASURE_WITH_UNIT(LENGTH_MEASURE(0.010000000000000),#15);
#5045=MEASURE_WITH_UNIT(LENGTH_MEASURE(-0.010000000000000),#15);
#5046=MEASURE_QUALIFICATION('','',#5044,(#5043));
#5047=MEASURE_QUALIFICATION('','',#5045,(#5043));
#5048=TOLERANCE_VALUE(#5045,#5044);
#5049=PLUS_MINUS_TOLERANCE(#5048,#5034);
#5050=DIMENSIONAL_CHARACTERISTIC_REPRESENTATION(#5034,#5042);
#5057=(CHARACTERIZED_OBJECT('','groove')FEATURE_DEFINITION()INSTANCED_FEATURE()MACHINING_FEATURE()REVOLVED_PROFILE()SHAPE_ASPECT('','groove',#43,.T.));
#5058=PROPERTY_DEFINITION('','',#5057);
#5059=PRODUCT_DEFINITION_SHAPE('','',#5057);
#5060=CARTESIAN_POINT('',(1.853052E-16,-0.600000000000000,0.940000000000000));
#5061=DIRECTION('',(0.0,0.0,1.0));
#5062=DIRECTION('',(6.123234E-17,1.0,0.0));
#5063=AXIS2_PLACEMENT_3D('orientation',#5060,#5061,#5062);
#5064=STANDARD_UNCERTAINTY('upper limit','plus',0.006000000000000);
#5065=STANDARD_UNCERTAINTY('lower limit','minus',0.0);
#5066=PRECISION_QUALIFIER(4);
#5072=(LENGTH_MEASURE_WITH_UNIT()MEASURE_REPRESENTATION_ITEM()MEASURE_WITH_UNIT(LENGTH_MEASURE(0.312500000000000),#15)QUALIFIED_REPRESENTATION_ITEM((#5064,#5065,#5066))REPRESENTATION_ITEM('radius'));
#5073=SHAPE_REPRESENTATION('',(#2879,#2986,#3024,#3058,#3086,#3108,#3130,#3146),#34);
#5074=SHAPE_DEFINITION_REPRESENTATION(#5058,#5073);
#5075=SHAPE_REPRESENTATION_WITH_PARAMETERS('',(#5063,#5072),#34);
#5076=SHAPE_DEFINITION_REPRESENTATION(#5058,#5075);
#5077=DIRECTION('',(6.123234E-17,1.0,0.0));
#5078=DIRECTION_SHAPE_REPRESENTATION('material side',(#5077),#34);
#5079=PROPERTY_DEFINITION_REPRESENTATION(#5058,#5078);
#5080=CARTESIAN_POINT('',(2.044403E-16,-0.287500000000000,0.940000000000000));
#5081=DIRECTION('',(1.0,-6.123234E-17,0.0));
#5082=DIRECTION('',(0.0,0.0,1.0));
#5083=AXIS2_PLACEMENT_3D('orientation',#5080,#5081,#5082);
#5084=FEATURE_COMPONENT_DEFINITION('','');
#5085=PRODUCT_DEFINITION_SHAPE('','',#5084);
#5086=SQUARE_U_PROFILE('','sweep',#5085,.F.);
#5087=STANDARD_UNCERTAINTY('upper limit','plus',0.010000000000000);
#5088=STANDARD_UNCERTAINTY('lower limit','minus',-0.010000000000000);
#5089=PRECISION_QUALIFIER(4);
#5095=(LENGTH_MEASURE_WITH_UNIT()MEASURE_REPRESENTATION_ITEM()MEASURE_WITH_UNIT(LENGTH_MEASURE(0.120000000000000),#15)QUALIFIED_REPRESENTATION_ITEM((#5087,#5088,#5089))REPRESENTATION_ITEM('width'));
#5100=(MEASURE_REPRESENTATION_ITEM()MEASURE_WITH_UNIT(PLANE_ANGLE_MEASURE(90.0),#24)PLANE_ANGLE_MEASURE_WITH_UNIT()REPRESENTATION_ITEM('first angle'));
#5105=(MEASURE_REPRESENTATION_ITEM()MEASURE_WITH_UNIT(PLANE_ANGLE_MEASURE(90.0),#24)PLANE_ANGLE_MEASURE_WITH_UNIT()REPRESENTATION_ITEM('second angle'));
#5110=(LENGTH_MEASURE_WITH_UNIT()MEASURE_REPRESENTATION_ITEM()MEASURE_WITH_UNIT(LENGTH_MEASURE(0.020000000000000),#15)REPRESENTATION_ITEM('first radius'));
#5115=(LENGTH_MEASURE_WITH_UNIT()MEASURE_REPRESENTATION_ITEM()MEASURE_WITH_UNIT(LENGTH_MEASURE(0.020000000000000),#15)REPRESENTATION_ITEM('second radius'));
#5116=SHAPE_REPRESENTATION_WITH_PARAMETERS('',(#5083,#5095,#5100,#5105,#5110,#5115),#34);
#5117=PROPERTY_DEFINITION('','',#5086);
#5118=SHAPE_DEFINITION_REPRESENTATION(#5117,#5116);
#5119=SHAPE_ASPECT('','sweep occurrence',#5059,.T.);
#5120=SHAPE_DEFINING_RELATIONSHIP('','profile usage',#5086,#5119);
#5121=EDGE_ROUND('','constant radius',#43,.T.);
#5122=PROPERTY_DEFINITION('','',#5121);
#5123=FACE_SHAPE_REPRESENTATION('edge round face',(#1357),#34);
#5124=PROPERTY_DEFINITION_REPRESENTATION(#5122,#5123);
#5125=FACE_SHAPE_REPRESENTATION('first face shape',(#1249),#34);
#5126=PROPERTY_DEFINITION_REPRESENTATION(#5122,#5125);
#5127=FACE_SHAPE_REPRESENTATION('second face shape',(#781),#34);
#5128=PROPERTY_DEFINITION_REPRESENTATION(#5122,#5127);
#5129=STANDARD_UNCERTAINTY('upper limit','plus',0.002500000000000);
#5130=STANDARD_UNCERTAINTY('lower limit','minus',-0.002500000000000);
#5131=PRECISION_QUALIFIER(4);
#5137=(LENGTH_MEASURE_WITH_UNIT()MEASURE_REPRESENTATION_ITEM()MEASURE_WITH_UNIT(LENGTH_MEASURE(0.007500000000000),#15)QUALIFIED_REPRESENTATION_ITEM((#5129,#5130,#5131))REPRESENTATION_ITEM('radius'));
#5142=(LENGTH_MEASURE_WITH_UNIT()MEASURE_REPRESENTATION_ITEM()MEASURE_WITH_UNIT(LENGTH_MEASURE(0.007500000000000),#15)REPRESENTATION_ITEM('first face offset'));
#5147=(LENGTH_MEASURE_WITH_UNIT()MEASURE_REPRESENTATION_ITEM()MEASURE_WITH_UNIT(LENGTH_MEASURE(0.007500000000000),#15)REPRESENTATION_ITEM('second face offset'));
#5148=SHAPE_REPRESENTATION_WITH_PARAMETERS('',(#5137),#34);
#5149=SHAPE_DEFINITION_REPRESENTATION(#5122,#5148);
#5150=SHAPE_REPRESENTATION_WITH_PARAMETERS('',(#5142),#34);
#5151=SHAPE_DEFINITION_REPRESENTATION(#5122,#5150);
#5152=SHAPE_REPRESENTATION_WITH_PARAMETERS('',(#5147),#34);
#5153=SHAPE_DEFINITION_REPRESENTATION(#5122,#5152);
#5154=EDGE_ROUND('','constant radius',#43,.T.);
#5155=PROPERTY_DEFINITION('','',#5154);
#5156=FACE_SHAPE_REPRESENTATION('edge round face',(#1373),#34);
#5157=PROPERTY_DEFINITION_REPRESENTATION(#5155,#5156);
#5158=FACE_SHAPE_REPRESENTATION('first face shape',(#1249),#34);
#5159=PROPERTY_DEFINITION_REPRESENTATION(#5155,#5158);
#5160=FACE_SHAPE_REPRESENTATION('second face shape',(#604),#34);
#5161=PROPERTY_DEFINITION_REPRESENTATION(#5155,#5160);
#5162=STANDARD_UNCERTAINTY('upper limit','plus',0.002500000000000);
#5163=STANDARD_UNCERTAINTY('lower limit','minus',-0.002500000000000);
#5164=PRECISION_QUALIFIER(4);
#5170=(LENGTH_MEASURE_WITH_UNIT()MEASURE_REPRESENTATION_ITEM()MEASURE_WITH_UNIT(LENGTH_MEASURE(0.007500000000000),#15)QUALIFIED_REPRESENTATION_ITEM((#5162,#5163,#5164))REPRESENTATION_ITEM('radius'));
#5175=(LENGTH_MEASURE_WITH_UNIT()MEASURE_REPRESENTATION_ITEM()MEASURE_WITH_UNIT(LENGTH_MEASURE(0.007500000000000),#15)REPRESENTATION_ITEM('first face offset'));
#5180=(LENGTH_MEASURE_WITH_UNIT()MEASURE_REPRESENTATION_ITEM()MEASURE_WITH_UNIT(LENGTH_MEASURE(0.007500000000000),#15)REPRESENTATION_ITEM('second face offset'));
#5181=SHAPE_REPRESENTATION_WITH_PARAMETERS('',(#5170),#34);
#5182=SHAPE_DEFINITION_REPRESENTATION(#5155,#5181);
#5183=SHAPE_REPRESENTATION_WITH_PARAMETERS('',(#5175),#34);
#5184=SHAPE_DEFINITION_REPRESENTATION(#5155,#5183);
#5185=SHAPE_REPRESENTATION_WITH_PARAMETERS('',(#5180),#34);
#5186=SHAPE_DEFINITION_REPRESENTATION(#5155,#5185);
#5187=SHAPE_ASPECT_RELATIONSHIP('','',#5154,#5121);
#5188=EDGE_ROUND('','constant radius',#43,.T.);
#5189=PROPERTY_DEFINITION('','',#5188);
#5190=FACE_SHAPE_REPRESENTATION('edge round face',(#1401),#34);
#5191=PROPERTY_DEFINITION_REPRESENTATION(#5189,#5190);
#5192=FACE_SHAPE_REPRESENTATION('first face shape',(#764),#34);
#5193=PROPERTY_DEFINITION_REPRESENTATION(#5189,#5192);
#5194=FACE_SHAPE_REPRESENTATION('second face shape',(#1079),#34);
#5195=PROPERTY_DEFINITION_REPRESENTATION(#5189,#5194);
#5196=STANDARD_UNCERTAINTY('upper limit','plus',0.002500000000000);
#5197=STANDARD_UNCERTAINTY('lower limit','minus',-0.002500000000000);
#5198=PRECISION_QUALIFIER(4);
#5204=(LENGTH_MEASURE_WITH_UNIT()MEASURE_REPRESENTATION_ITEM()MEASURE_WITH_UNIT(LENGTH_MEASURE(0.007500000000000),#15)QUALIFIED_REPRESENTATION_ITEM((#5196,#5197,#5198))REPRESENTATION_ITEM('radius'));
#5209=(LENGTH_MEASURE_WITH_UNIT()MEASURE_REPRESENTATION_ITEM()MEASURE_WITH_UNIT(LENGTH_MEASURE(0.007500000000000),#15)REPRESENTATION_ITEM('first face offset'));
#5214=(LENGTH_MEASURE_WITH_UNIT()MEASURE_REPRESENTATION_ITEM()MEASURE_WITH_UNIT(LENGTH_MEASURE(0.007500000000000),#15)REPRESENTATION_ITEM('second face offset'));
#5215=SHAPE_REPRESENTATION_WITH_PARAMETERS('',(#5204),#34);
#5216=SHAPE_DEFINITION_REPRESENTATION(#5189,#5215);
#5217=SHAPE_REPRESENTATION_WITH_PARAMETERS('',(#5209),#34);
#5218=SHAPE_DEFINITION_REPRESENTATION(#5189,#5217);
#5219=SHAPE_REPRESENTATION_WITH_PARAMETERS('',(#5214),#34);
#5220=SHAPE_DEFINITION_REPRESENTATION(#5189,#5219);
#5221=EDGE_ROUND('','constant radius',#43,.T.);
#5222=PROPERTY_DEFINITION('','',#5221);
#5223=FACE_SHAPE_REPRESENTATION('edge round face',(#1417),#34);
#5224=PROPERTY_DEFINITION_REPRESENTATION(#5222,#5223);
#5225=FACE_SHAPE_REPRESENTATION('first face shape',(#575),#34);
#5226=PROPERTY_DEFINITION_REPRESENTATION(#5222,#5225);
#5227=FACE_SHAPE_REPRESENTATION('second face shape',(#1079),#34);
#5228=PROPERTY_DEFINITION_REPRESENTATION(#5222,#5227);
#5229=STANDARD_UNCERTAINTY('upper limit','plus',0.002500000000000);
#5230=STANDARD_UNCERTAINTY('lower limit','minus',-0.002500000000000);
#5231=PRECISION_QUALIFIER(4);
#5237=(LENGTH_MEASURE_WITH_UNIT()MEASURE_REPRESENTATION_ITEM()MEASURE_WITH_UNIT(LENGTH_MEASURE(0.007500000000000),#15)QUALIFIED_REPRESENTATION_ITEM((#5229,#5230,#5231))REPRESENTATION_ITEM('radius'));
#5242=(LENGTH_MEASURE_WITH_UNIT()MEASURE_REPRESENTATION_ITEM()MEASURE_WITH_UNIT(LENGTH_MEASURE(0.007500000000000),#15)REPRESENTATION_ITEM('first face offset'));
#5247=(LENGTH_MEASURE_WITH_UNIT()MEASURE_REPRESENTATION_ITEM()MEASURE_WITH_UNIT(LENGTH_MEASURE(0.007500000000000),#15)REPRESENTATION_ITEM('second face offset'));
#5248=SHAPE_REPRESENTATION_WITH_PARAMETERS('',(#5237),#34);
#5249=SHAPE_DEFINITION_REPRESENTATION(#5222,#5248);
#5250=SHAPE_REPRESENTATION_WITH_PARAMETERS('',(#5242),#34);
#5251=SHAPE_DEFINITION_REPRESENTATION(#5222,#5250);
#5252=SHAPE_REPRESENTATION_WITH_PARAMETERS('',(#5247),#34);
#5253=SHAPE_DEFINITION_REPRESENTATION(#5222,#5252);
#5254=SHAPE_ASPECT_RELATIONSHIP('','',#5221,#5188);
#5255=CHAMFER('','',#43,.T.);
#5256=PROPERTY_DEFINITION('','',#5255);
#5257=FACE_SHAPE_REPRESENTATION('chamfer face',(#3170),#34);
#5258=PROPERTY_DEFINITION_REPRESENTATION(#5256,#5257);
#5259=CHAMFER_OFFSET('','first offset',#43,.F.);
#5260=CHAMFER_OFFSET('','second offset',#43,.F.);
#5261=FEATURE_COMPONENT_RELATIONSHIP('','',#5255,#5259);
#5262=FEATURE_COMPONENT_RELATIONSHIP('','',#5255,#5260);
#5263=PROPERTY_DEFINITION('','',#5259);
#5264=PROPERTY_DEFINITION('','',#5260);
#5269=(LENGTH_MEASURE_WITH_UNIT()MEASURE_REPRESENTATION_ITEM()MEASURE_WITH_UNIT(LENGTH_MEASURE(0.059000000000000),#15)REPRESENTATION_ITEM('offset amount'));
#5270=SHAPE_REPRESENTATION_WITH_PARAMETERS('',(#5269),#34);
#5271=SHAPE_DEFINITION_REPRESENTATION(#5263,#5270);
#5272=FACE_SHAPE_REPRESENTATION('first chamfer face',(#531),#34);
#5273=PROPERTY_DEFINITION_REPRESENTATION(#5263,#5272);
#5274=STANDARD_UNCERTAINTY('upper limit','plus',0.500000000000000);
#5275=STANDARD_UNCERTAINTY('lower limit','minus',-0.500000000000000);
#5276=PRECISION_QUALIFIER(1);
#5282=(MEASURE_REPRESENTATION_ITEM()MEASURE_WITH_UNIT(PLANE_ANGLE_MEASURE(45.0),#24)PLANE_ANGLE_MEASURE_WITH_UNIT()QUALIFIED_REPRESENTATION_ITEM((#5274,#5275,#5276))REPRESENTATION_ITEM('chamfer angle'));
#5283=SHAPE_REPRESENTATION_WITH_PARAMETERS('',(#5282),#34);
#5284=SHAPE_DEFINITION_REPRESENTATION(#5264,#5283);
#5285=FACE_SHAPE_REPRESENTATION('second chamfer face',(#109),#34);
#5286=PROPERTY_DEFINITION_REPRESENTATION(#5264,#5285);
#5287=CHAMFER('','',#43,.T.);
#5288=PROPERTY_DEFINITION('','',#5287);
#5289=FACE_SHAPE_REPRESENTATION('chamfer face',(#3186),#34);
#5290=PROPERTY_DEFINITION_REPRESENTATION(#5288,#5289);
#5291=CHAMFER_OFFSET('','first offset',#43,.F.);
#5292=CHAMFER_OFFSET('','second offset',#43,.F.);
#5293=FEATURE_COMPONENT_RELATIONSHIP('','',#5287,#5291);
#5294=FEATURE_COMPONENT_RELATIONSHIP('','',#5287,#5292);
#5295=PROPERTY_DEFINITION('','',#5291);
#5296=PROPERTY_DEFINITION('','',#5292);
#5301=(LENGTH_MEASURE_WITH_UNIT()MEASURE_REPRESENTATION_ITEM()MEASURE_WITH_UNIT(LENGTH_MEASURE(0.059000000000000),#15)REPRESENTATION_ITEM('offset amount'));
#5302=SHAPE_REPRESENTATION_WITH_PARAMETERS('',(#5301),#34);
#5303=SHAPE_DEFINITION_REPRESENTATION(#5295,#5302);
#5304=FACE_SHAPE_REPRESENTATION('first chamfer face',(#444),#34);
#5305=PROPERTY_DEFINITION_REPRESENTATION(#5295,#5304);
#5306=STANDARD_UNCERTAINTY('upper limit','plus',0.500000000000000);
#5307=STANDARD_UNCERTAINTY('lower limit','minus',-0.500000000000000);
#5308=PRECISION_QUALIFIER(1);
#5314=(MEASURE_REPRESENTATION_ITEM()MEASURE_WITH_UNIT(PLANE_ANGLE_MEASURE(45.0),#24)PLANE_ANGLE_MEASURE_WITH_UNIT()QUALIFIED_REPRESENTATION_ITEM((#5306,#5307,#5308))REPRESENTATION_ITEM('chamfer angle'));
#5315=SHAPE_REPRESENTATION_WITH_PARAMETERS('',(#5314),#34);
#5316=SHAPE_DEFINITION_REPRESENTATION(#5296,#5315);
#5317=FACE_SHAPE_REPRESENTATION('second chamfer face',(#109),#34);
#5318=PROPERTY_DEFINITION_REPRESENTATION(#5296,#5317);
#5319=SHAPE_ASPECT_RELATIONSHIP('','',#5287,#5255);
#5326=(CHARACTERIZED_OBJECT('','thread')FEATURE_DEFINITION()INSTANCED_FEATURE()MACHINING_FEATURE()SHAPE_ASPECT('','thread',#43,.T.)THREAD());
#5327=PROPERTY_DEFINITION('','',#5326);
#5328=CARTESIAN_POINT('',(0.0,0.905640646055110,3.868904287501550));
#5329=DIRECTION('',(0.0,0.500000000000000,0.866025403784440));
#5330=DIRECTION('',(1.540744E-33,0.866025403784439,-0.500000000000000));
#5331=AXIS2_PLACEMENT_3D('orientation',#5328,#5329,#5330);
#5332=DESCRIPTIVE_REPRESENTATION_ITEM('material side','outer');
#5333=DESCRIPTIVE_REPRESENTATION_ITEM('thread system','english');
#5334=DESCRIPTIVE_REPRESENTATION_ITEM('form','UNS');
#5335=DESCRIPTIVE_REPRESENTATION_ITEM('fit class','2B');
#5336=DESCRIPTIVE_REPRESENTATION_ITEM('hand','right');
#5337=MEASURE_REPRESENTATION_ITEM('number of threads',COUNT_MEASURE(12.0),#35);
#5342=(LENGTH_MEASURE_WITH_UNIT()MEASURE_REPRESENTATION_ITEM()MEASURE_WITH_UNIT(LENGTH_MEASURE(1.750000000000000),#15)REPRESENTATION_ITEM('major diameter'));
#5343=SHAPE_REPRESENTATION_WITH_PARAMETERS('',(#5331,#5332,#5333,#5334,#5335,#5336,#5337,#5342),#34);
#5344=SHAPE_DEFINITION_REPRESENTATION(#5327,#5343);
#5345=SHAPE_DEFINING_RELATIONSHIP('applied shape','',#5326,#1933);
#5346=APPLIED_AREA('','',#43,.T.);
#5347=PROPERTY_DEFINITION('','',#5346);
#5348=STANDARD_UNCERTAINTY('upper limit','plus',0.160000000000000);
#5349=STANDARD_UNCERTAINTY('lower limit','minus',0.0);
#5350=PRECISION_QUALIFIER(4);
#5356=(LENGTH_MEASURE_WITH_UNIT()MEASURE_REPRESENTATION_ITEM()MEASURE_WITH_UNIT(LENGTH_MEASURE(0.960000000000000),#15)QUALIFIED_REPRESENTATION_ITEM((#5348,#5349,#5350))REPRESENTATION_ITEM('area length'));
#5357=SHAPE_REPRESENTATION_WITH_PARAMETERS('',(#5331,#5356),#34);
#5358=SHAPE_DEFINITION_REPRESENTATION(#5347,#5357);
#5359=PRODUCT_DEFINITION_SHAPE('','',#5326);
#5360=SHAPE_ASPECT('','partial area occurrence',#5359,.T.);
#5361=SHAPE_DEFINING_RELATIONSHIP('','applied area usage',#5346,#5360);
#5362=DESCRIPTIVE_REPRESENTATION_ITEM('','to BS 1580');
#5363=REPRESENTATION('',(#5362),#34);
#5364=PROPERTY_DEFINITION('part property','surface note',#1933);
#5365=PROPERTY_DEFINITION('part property','surface note',#1933);
#5366=PROPERTY_DEFINITION_REPRESENTATION(#5365,#5363);
#5367=PROPERTY_DEFINITION_RELATIONSHIP('','',#5364,#5365);
#5374=(CHARACTERIZED_OBJECT('','thread')FEATURE_DEFINITION()INSTANCED_FEATURE()MACHINING_FEATURE()SHAPE_ASPECT('','thread',#43,.T.)THREAD());
#5375=PROPERTY_DEFINITION('','',#5374);
#5376=CARTESIAN_POINT('',(0.0,-1.385640646055100,4.700288675134590));
#5377=DIRECTION('',(0.0,0.500000000000000,-0.866025403784440));
#5378=DIRECTION('',(1.540744E-33,0.866025403784439,0.500000000000000));
#5379=AXIS2_PLACEMENT_3D('orientation',#5376,#5377,#5378);
#5380=DESCRIPTIVE_REPRESENTATION_ITEM('material side','outer');
#5381=DESCRIPTIVE_REPRESENTATION_ITEM('thread system','english');
#5382=DESCRIPTIVE_REPRESENTATION_ITEM('form','UNF');
#5383=DESCRIPTIVE_REPRESENTATION_ITEM('fit class','2B');
#5384=DESCRIPTIVE_REPRESENTATION_ITEM('hand','right');
#5385=MEASURE_REPRESENTATION_ITEM('number of threads',COUNT_MEASURE(12.0),#35);
#5390=(LENGTH_MEASURE_WITH_UNIT()MEASURE_REPRESENTATION_ITEM()MEASURE_WITH_UNIT(LENGTH_MEASURE(1.0),#15)REPRESENTATION_ITEM('major diameter'));
#5391=SHAPE_REPRESENTATION_WITH_PARAMETERS('',(#5379,#5380,#5381,#5382,#5383,#5384,#5385,#5390),#34);
#5392=SHAPE_DEFINITION_REPRESENTATION(#5375,#5391);
#5393=SHAPE_DEFINING_RELATIONSHIP('applied shape','',#5374,#2116);
#5394=APPLIED_AREA('','',#43,.T.);
#5395=PROPERTY_DEFINITION('','',#5394);
#5396=STANDARD_UNCERTAINTY('upper limit','plus',0.160000000000000);
#5397=STANDARD_UNCERTAINTY('lower limit','minus',0.0);
#5398=PRECISION_QUALIFIER(4);
#5404=(LENGTH_MEASURE_WITH_UNIT()MEASURE_REPRESENTATION_ITEM()MEASURE_WITH_UNIT(LENGTH_MEASURE(0.690000000000000),#15)QUALIFIED_REPRESENTATION_ITEM((#5396,#5397,#5398))REPRESENTATION_ITEM('area length'));
#5405=SHAPE_REPRESENTATION_WITH_PARAMETERS('',(#5379,#5404),#34);
#5406=SHAPE_DEFINITION_REPRESENTATION(#5395,#5405);
#5407=PRODUCT_DEFINITION_SHAPE('','',#5374);
#5408=SHAPE_ASPECT('','partial area occurrence',#5407,.T.);
#5409=SHAPE_DEFINING_RELATIONSHIP('','applied area usage',#5394,#5408);
#5410=DESCRIPTIVE_REPRESENTATION_ITEM('','to BS 1580');
#5411=REPRESENTATION('',(#5410),#34);
#5412=PROPERTY_DEFINITION('part property','surface note',#2116);
#5413=PROPERTY_DEFINITION('part property','surface note',#2116);
#5414=PROPERTY_DEFINITION_REPRESENTATION(#5413,#5411);
#5415=PROPERTY_DEFINITION_RELATIONSHIP('','',#5412,#5413);
#5422=(CHARACTERIZED_OBJECT('','thread')FEATURE_DEFINITION()INSTANCED_FEATURE()MACHINING_FEATURE()SHAPE_ASPECT('','thread',#43,.T.)THREAD());
#5423=PROPERTY_DEFINITION('','',#5422);
#5424=CARTESIAN_POINT('',(0.0,-0.600000000000000,0.0));
#5425=DIRECTION('',(0.0,0.0,1.0));
#5426=DIRECTION('',(1.0,0.0,0.0));
#5427=AXIS2_PLACEMENT_3D('orientation',#5424,#5425,#5426);
#5428=DESCRIPTIVE_REPRESENTATION_ITEM('material side','outer');
#5429=DESCRIPTIVE_REPRESENTATION_ITEM('thread system','english');
#5430=DESCRIPTIVE_REPRESENTATION_ITEM('form','UNF');
#5431=DESCRIPTIVE_REPRESENTATION_ITEM('fit class','2B');
#5432=DESCRIPTIVE_REPRESENTATION_ITEM('hand','right');
#5433=MEASURE_REPRESENTATION_ITEM('number of threads',COUNT_MEASURE(18.0),#35);
#5438=(LENGTH_MEASURE_WITH_UNIT()MEASURE_REPRESENTATION_ITEM()MEASURE_WITH_UNIT(LENGTH_MEASURE(0.625000000000000),#15)REPRESENTATION_ITEM('major diameter'));
#5439=SHAPE_REPRESENTATION_WITH_PARAMETERS('',(#5427,#5428,#5429,#5430,#5431,#5432,#5433,#5438),#34);
#5440=SHAPE_DEFINITION_REPRESENTATION(#5423,#5439);
#5441=SHAPE_DEFINING_RELATIONSHIP('applied shape','',#5422,#2953);
#5442=APPLIED_AREA('','',#43,.T.);
#5443=PROPERTY_DEFINITION('','',#5442);
#5444=STANDARD_UNCERTAINTY('upper limit','plus',0.120000000000000);
#5445=STANDARD_UNCERTAINTY('lower limit','minus',0.0);
#5446=PRECISION_QUALIFIER(4);
#5452=(LENGTH_MEASURE_WITH_UNIT()MEASURE_REPRESENTATION_ITEM()MEASURE_WITH_UNIT(LENGTH_MEASURE(0.880000000000000),#15)QUALIFIED_REPRESENTATION_ITEM((#5444,#5445,#5446))REPRESENTATION_ITEM('area length'));
#5453=SHAPE_REPRESENTATION_WITH_PARAMETERS('',(#5427,#5452),#34);
#5454=SHAPE_DEFINITION_REPRESENTATION(#5443,#5453);
#5455=PRODUCT_DEFINITION_SHAPE('','',#5422);
#5456=SHAPE_ASPECT('','partial area occurrence',#5455,.T.);
#5457=SHAPE_DEFINING_RELATIONSHIP('','applied area usage',#5442,#5456);
#5458=DESCRIPTIVE_REPRESENTATION_ITEM('','to BS 1580');
#5459=REPRESENTATION('',(#5458),#34);
#5460=PROPERTY_DEFINITION('part property','surface note',#2953);
#5461=PROPERTY_DEFINITION('part property','surface note',#2953);
#5462=PROPERTY_DEFINITION_REPRESENTATION(#5461,#5459);
#5463=PROPERTY_DEFINITION_RELATIONSHIP('','',#5460,#5461);
#5470=(CHARACTERIZED_OBJECT('','thread')FEATURE_DEFINITION()INSTANCED_FEATURE()MACHINING_FEATURE()SHAPE_ASPECT('','thread',#43,.T.)THREAD());
#5471=PROPERTY_DEFINITION('','',#5470);
#5472=CARTESIAN_POINT('',(0.0,0.0,0.0));
#5473=DIRECTION('',(0.0,0.0,1.0));
#5474=DIRECTION('',(1.0,0.0,0.0));
#5475=AXIS2_PLACEMENT_3D('orientation',#5472,#5473,#5474);
#5476=DESCRIPTIVE_REPRESENTATION_ITEM('material side','inner');
#5477=DESCRIPTIVE_REPRESENTATION_ITEM('thread system','english');
#5478=DESCRIPTIVE_REPRESENTATION_ITEM('form','UNF');
#5479=DESCRIPTIVE_REPRESENTATION_ITEM('fit class','2A');
#5480=DESCRIPTIVE_REPRESENTATION_ITEM('hand','right');
#5481=MEASURE_REPRESENTATION_ITEM('number of threads',COUNT_MEASURE(12.0),#35);
#5486=(LENGTH_MEASURE_WITH_UNIT()MEASURE_REPRESENTATION_ITEM()MEASURE_WITH_UNIT(LENGTH_MEASURE(3.750000000000000),#15)REPRESENTATION_ITEM('major diameter'));
#5487=SHAPE_REPRESENTATION_WITH_PARAMETERS('',(#5475,#5476,#5477,#5478,#5479,#5480,#5481,#5486),#34);
#5488=SHAPE_DEFINITION_REPRESENTATION(#5471,#5487);
#5489=SHAPE_DEFINING_RELATIONSHIP('applied shape','',#5470,#532);
#5490=APPLIED_AREA('','',#43,.T.);
#5491=PROPERTY_DEFINITION('','',#5490);
#5492=STANDARD_UNCERTAINTY('upper limit','plus',0.160000000000000);
#5493=STANDARD_UNCERTAINTY('lower limit','minus',0.0);
#5494=PRECISION_QUALIFIER(4);
#5500=(LENGTH_MEASURE_WITH_UNIT()MEASURE_REPRESENTATION_ITEM()MEASURE_WITH_UNIT(LENGTH_MEASURE(1.040000000000000),#15)QUALIFIED_REPRESENTATION_ITEM((#5492,#5493,#5494))REPRESENTATION_ITEM('area length'));
#5501=SHAPE_REPRESENTATION_WITH_PARAMETERS('',(#5475,#5500),#34);
#5502=SHAPE_DEFINITION_REPRESENTATION(#5491,#5501);
#5503=PRODUCT_DEFINITION_SHAPE('','',#5470);
#5504=SHAPE_ASPECT('','partial area occurrence',#5503,.T.);
#5505=SHAPE_DEFINING_RELATIONSHIP('','applied area usage',#5490,#5504);
#5506=DESCRIPTIVE_REPRESENTATION_ITEM('','to BS 1580');
#5507=REPRESENTATION('',(#5506),#34);
#5508=PROPERTY_DEFINITION('part property','surface note',#532);
#5509=PROPERTY_DEFINITION('part property','surface note',#532);
#5510=PROPERTY_DEFINITION_REPRESENTATION(#5509,#5507);
#5511=PROPERTY_DEFINITION_RELATIONSHIP('','',#5508,#5509);
#5518=(CHARACTERIZED_OBJECT('','marking')FEATURE_DEFINITION()INSTANCED_FEATURE()MACHINING_FEATURE()MARKING()SHAPE_ASPECT('','marking',#43,.T.));
#5519=PROPERTY_DEFINITION('','',#5518);
#5520=CARTESIAN_POINT('',(-0.611127881065833,2.683000000000000,0.500000000000000));
#5521=DIRECTION('',(-1.224647E-16,-1.0,0.0));
#5522=DIRECTION('',(1.0,-1.224647E-16,0.0));
#5523=AXIS2_PLACEMENT_3D('orientation',#5520,#5521,#5522);
#5524=DESCRIPTIVE_REPRESENTATION_ITEM('marking text','1023/3415.1/DT1');
#5525=DESCRIPTIVE_REPRESENTATION_ITEM('font name','');
#5530=(LENGTH_MEASURE_WITH_UNIT()MEASURE_REPRESENTATION_ITEM()MEASURE_WITH_UNIT(LENGTH_MEASURE(0.0),#15)REPRESENTATION_ITEM('character height'));
#5535=(LENGTH_MEASURE_WITH_UNIT()MEASURE_REPRESENTATION_ITEM()MEASURE_WITH_UNIT(LENGTH_MEASURE(0.0),#15)REPRESENTATION_ITEM('character spacing'));
#5536=DESCRIPTIVE_REPRESENTATION_ITEM('special instructions','Drg no./issue + manufacturer''s code + serial No.');
#5537=SHAPE_REPRESENTATION_WITH_PARAMETERS('',(#5523,#5524,#5536,#5525,#5530,#5535),#34);
#5538=SHAPE_DEFINITION_REPRESENTATION(#5519,#5537);
#5539=SHAPE_DEFINING_RELATIONSHIP('applied shape','',#5518,#1566);
#5546=(CHARACTERIZED_OBJECT('','marking')FEATURE_DEFINITION()INSTANCED_FEATURE()MACHINING_FEATURE()MARKING()SHAPE_ASPECT('','marking',#43,.T.));
#5547=PROPERTY_DEFINITION('','',#5546);
#5548=CARTESIAN_POINT('',(-2.962168785012782,-2.249987298107781,4.201257902898829));
#5549=DIRECTION('',(3.061617E-17,0.500000000000000,-0.866025403784439));
#5550=DIRECTION('',(5.302876E-17,0.866025403784439,0.500000000000000));
#5551=AXIS2_PLACEMENT_3D('orientation',#5548,#5549,#5550);
#5552=DESCRIPTIVE_REPRESENTATION_ITEM('marking text','DOWN   DOWN');
#5553=DESCRIPTIVE_REPRESENTATION_ITEM('font name','');
#5558=(LENGTH_MEASURE_WITH_UNIT()MEASURE_REPRESENTATION_ITEM()MEASURE_WITH_UNIT(LENGTH_MEASURE(0.375000000000000),#15)REPRESENTATION_ITEM('character height'));
#5563=(LENGTH_MEASURE_WITH_UNIT()MEASURE_REPRESENTATION_ITEM()MEASURE_WITH_UNIT(LENGTH_MEASURE(0.0),#15)REPRESENTATION_ITEM('character spacing'));
#5564=DESCRIPTIVE_REPRESENTATION_ITEM('special instructions','see Drg. No. 1023/3415.1/DT1');
#5565=SHAPE_REPRESENTATION_WITH_PARAMETERS('',(#5551,#5552,#5564,#5553,#5558,#5563),#34);
#5566=SHAPE_DEFINITION_REPRESENTATION(#5547,#5565);
#5567=SHAPE_DEFINING_RELATIONSHIP('applied shape','',#5546,#1771);
#5574=(CHARACTERIZED_OBJECT('','marking')FEATURE_DEFINITION()INSTANCED_FEATURE()MACHINING_FEATURE()MARKING()SHAPE_ASPECT('','marking',#43,.T.));
#5575=PROPERTY_DEFINITION('','',#5574);
#5576=CARTESIAN_POINT('',(2.962168785012782,2.249987298107781,4.201257902898829));
#5577=DIRECTION('',(-3.061617E-17,-0.500000000000000,-0.866025403784439));
#5578=DIRECTION('',(-5.302876E-17,-0.866025403784439,0.500000000000000));
#5579=AXIS2_PLACEMENT_3D('orientation',#5576,#5577,#5578);
#5580=DESCRIPTIVE_REPRESENTATION_ITEM('marking text','''arrows''');
#5581=DESCRIPTIVE_REPRESENTATION_ITEM('font name','');
#5586=(LENGTH_MEASURE_WITH_UNIT()MEASURE_REPRESENTATION_ITEM()MEASURE_WITH_UNIT(LENGTH_MEASURE(0.875000000000000),#15)REPRESENTATION_ITEM('character height'));
#5591=(LENGTH_MEASURE_WITH_UNIT()MEASURE_REPRESENTATION_ITEM()MEASURE_WITH_UNIT(LENGTH_MEASURE(0.0),#15)REPRESENTATION_ITEM('character spacing'));
#5592=DESCRIPTIVE_REPRESENTATION_ITEM('special instructions','see Drg. No. 1023/3415.1/DT1');
#5593=SHAPE_REPRESENTATION_WITH_PARAMETERS('',(#5579,#5580,#5592,#5581,#5586,#5591),#34);
#5594=SHAPE_DEFINITION_REPRESENTATION(#5575,#5593);
#5595=SHAPE_DEFINING_RELATIONSHIP('applied shape','',#5574,#1719);
#5596=DESCRIPTIVE_REPRESENTATION_ITEM('note text','FINISHING INSTRUCTION remove all burrs and sharp edges');
#5597=REPRESENTATION('note text',(#5596),#34);
#5598=PROPERTY_DEFINITION('part property','part note',#42);
#5599=PROPERTY_DEFINITION('part property','part note',#42);
#5600=PROPERTY_DEFINITION_REPRESENTATION(#5599,#5597);
#5601=PROPERTY_DEFINITION_RELATIONSHIP('','',#5598,#5599);
#5602=DESCRIPTIVE_REPRESENTATION_ITEM('note text','TESTING REQUIREMENT Test in accordance with specification 1023/3415.10 and complete test certificate 1023/3415.11 at manufacture and at 10 year intervals');
#5603=REPRESENTATION('note text',(#5602),#34);
#5604=PROPERTY_DEFINITION('part property','part note',#42);
#5605=PROPERTY_DEFINITION('part property','part note',#42);
#5606=PROPERTY_DEFINITION_REPRESENTATION(#5605,#5603);
#5607=PROPERTY_DEFINITION_RELATIONSHIP('','',#5604,#5605);
#5608=DESCRIPTIVE_REPRESENTATION_ITEM('note text','FEATURE DESCRIPTION spotface');
#5609=REPRESENTATION('note text',(#5608),#34);
#5610=PROPERTY_DEFINITION('part property','surface note',#2631);
#5611=PROPERTY_DEFINITION('part property','surface note',#2631);
#5612=PROPERTY_DEFINITION_REPRESENTATION(#5611,#5609);
#5613=PROPERTY_DEFINITION_RELATIONSHIP('','',#5610,#5611);
#5614=PROPERTY_DEFINITION('part property','surface note',#2715);
#5615=PROPERTY_DEFINITION('part property','surface note',#2715);
#5616=PROPERTY_DEFINITION_REPRESENTATION(#5615,#5609);
#5617=PROPERTY_DEFINITION_RELATIONSHIP('','',#5614,#5615);
#5618=MEASURE_WITH_UNIT(COUNT_MEASURE(1.0),#35);
#5619=PRODUCT_DEFINITION('','nickel aluminium bronze to NES 833 Pt 2 Grade 2',#40,#41);
#5620=MATERIAL_DESIGNATION('nickel aluminium bronze to NES 833 Pt 2 Grade 2',(#5619));
#5621=MAKE_FROM_USAGE_OPTION('1','','product material',#42,#5619,1,'primary material',#5618);
#5622=PRODUCT_DEFINITION_SHAPE('base shape','base shape for part',#5619);
#5623=SHAPE_DEFINITION_REPRESENTATION(#5622,#3366);
#5624=VERSIONED_ACTION_REQUEST('','','','');
#5625=ACTION_DIRECTIVE('','','','',(#5624));
#5626=ACTION_METHOD('','','','');
#5627=DIRECTED_ACTION('project order','order for project',#5626,#5625);
#5628=FEATURE_BASED_PP_ACTION_ASSIGNMENT(#5627,(#40));
#5629=APPROVAL_STATUS('approved');
#5630=APPROVAL(#5629,'product version approval');
#5631=FEATURE_BASED_PP_APPROVAL_ASSIGNMENT(#5630,(#40));
#5632=APPROVAL(#5629,'project order approval');
#5633=FEATURE_BASED_PP_APPROVAL_ASSIGNMENT(#5632,(#5627));
#5634=CALENDAR_DATE(1998,12,10);
#5635=APPROVAL_DATE_TIME(#5634,#5630);
#5636=APPROVAL_DATE_TIME(#5634,#5632);
#5637=PERSON('1','Woods','Mr',$,$,$);
#5638=ORGANIZATION($,'LSC: RAMP Consultancy','Producer');
#5639=PERSON_AND_ORGANIZATION(#5637,#5638);
#5640=APPROVAL_ROLE('approval product version');
#5641=APPROVAL_PERSON_ORGANIZATION(#5639,#5630,#5640);
#5642=APPROVAL_PERSON_ORGANIZATION(#5639,#5632,#5640);
#5643=SECURITY_CLASSIFICATION_LEVEL('unclassified');
#5644=SECURITY_CLASSIFICATION('classification','classify product version',#5643);
#5645=FEATURE_BASED_PP_SECURITY_CLASSIFICATION_ASSIGNMENT(#5644,(#40));
#5646=ORDERED_PART(#5627,'quantity','quantity ordered',(#40));
#5647=MEASURE_REPRESENTATION_ITEM('quantity',COUNT_MEASURE(1.0),#35);
#5648=REPRESENTATION('quantity',(#5647),#34);
#5649=PROPERTY_DEFINITION('ordered part property','quantity definition',#5646);
#5650=PROPERTY_DEFINITION_REPRESENTATION(#5649,#5648);
#5651=ORGANIZATION_ROLE('manufacturer');
#5652=FEATURE_BASED_PP_ORGANIZATION_ASSIGNMENT(#5638,#5651,(#40));
#5653=ORGANIZATION_ROLE('owner');
#5654=FEATURE_BASED_PP_ORGANIZATION_ASSIGNMENT(#5638,#5653,(#40));
#5655=PERSON_AND_ORGANIZATION_ROLE('manufacturer');
#5656=FEATURE_BASED_PP_PERSON_AND_ORGANIZATION_ASSIGNMENT(#5639,#5655,(#40));
#5657=PERSON_AND_ORGANIZATION_ROLE('owner');
#5658=FEATURE_BASED_PP_PERSON_AND_ORGANIZATION_ASSIGNMENT(#5639,#5657,(#40));
ENDSEC;
END-ISO-10303-21;
