ISO-10303-21;
HEADER;
FILE_DESCRIPTION(('AP224 File'),'2;1');
FILE_NAME('ka571_995315479_1.224','1998-03-10T16:08:34-05:00',('dummy customer name'),('dummy organization name'),'RPTS MP 6.0','PTC Pro/ENGINEER Version 18.0','dummy customer name');
FILE_SCHEMA(('FEATURE_BASED_PROCESS_PLANNING'));
ENDSEC;
DATA;
#5=DIMENSIONAL_EXPONENTS(1.0,0.0,0.0,0.0,0.0,0.0,0.0);
#6=DIMENSIONAL_EXPONENTS(0.0,0.0,0.0,0.0,0.0,0.0,0.0);
#10=(LENGTH_UNIT()NAMED_UNIT(*)SI_UNIT(.MILLI.,.METRE.));
#11=LENGTH_MEASURE_WITH_UNIT(LENGTH_MEASURE(25.399999999999999),#10);
#15=(CONVERSION_BASED_UNIT('INCH',#11)LENGTH_UNIT()NAMED_UNIT(#5));
#19=(NAMED_UNIT(*)PLANE_ANGLE_UNIT()SI_UNIT($,.RADIAN.));
#20=PLANE_ANGLE_MEASURE_WITH_UNIT(PLANE_ANGLE_MEASURE(0.017453292519943),#19);
#24=(CONVERSION_BASED_UNIT('DEGREE',#20)NAMED_UNIT(#6)PLANE_ANGLE_UNIT());
#28=(NAMED_UNIT(*)SI_UNIT($,.STERADIAN.)SOLID_ANGLE_UNIT());
#29=UNCERTAINTY_MEASURE_WITH_UNIT(LENGTH_MEASURE(0.000001000000000),#15,'closure','maximum model space distance between geometric entities at asserted connectivities');
#34=(GEOMETRIC_REPRESENTATION_CONTEXT(3)GLOBAL_UNCERTAINTY_ASSIGNED_CONTEXT((#29))GLOBAL_UNIT_ASSIGNED_CONTEXT((#15,#24,#28))REPRESENTATION_CONTEXT('ID1','3D'));
#35=CONTEXT_DEPENDENT_UNIT(#6,'COUNT');
#36=APPLICATION_CONTEXT('Mechanical Process Planning with Features');
#37=APPLICATION_PROTOCOL_DEFINITION('Draft International Standard','feature_based_process_planning',1996,#36);
#38=PRODUCT_CONTEXT('Feature Based Process Planning',#36,'Mechanical');
#39=PRODUCT('KA571_995315479','SHIM','',(#38));
#40=PRODUCT_DEFINITION_FORMATION('1','ORIGINAL',#39);
#41=PRODUCT_DEFINITION_CONTEXT('feature definitions',#36,'manufacturing planning');
#42=PRODUCT_DEFINITION('KA571_995315479','product design',#40,#41);
#43=PRODUCT_DEFINITION_SHAPE('product shape','shape for product',#42);
#44=CARTESIAN_POINT('',(0.562500000000000,0.0,0.0));
#45=CARTESIAN_POINT('',(0.562500000000000,-0.300000000000000,0.0));
#46=VERTEX_POINT('',#44);
#47=VERTEX_POINT('',#45);
#48=DIRECTION('',(0.0,-1.0,0.0));
#49=VECTOR('',#48,0.300000000000000);
#50=LINE('',#44,#49);
#51=EDGE_CURVE('',#46,#47,#50,.T.);
#52=ORIENTED_EDGE('',*,*,#51,.T.);
#53=CARTESIAN_POINT('',(10.062500000000000,-0.300000000000000,0.0));
#54=VERTEX_POINT('',#53);
#55=DIRECTION('',(1.0,0.0,0.0));
#56=VECTOR('',#55,9.500000000000000);
#57=LINE('',#45,#56);
#58=EDGE_CURVE('',#47,#54,#57,.T.);
#59=ORIENTED_EDGE('',*,*,#58,.T.);
#60=CARTESIAN_POINT('',(10.062500000000000,0.0,0.0));
#61=VERTEX_POINT('',#60);
#62=DIRECTION('',(0.0,1.0,0.0));
#63=VECTOR('',#62,0.300000000000000);
#64=LINE('',#53,#63);
#65=EDGE_CURVE('',#54,#61,#64,.T.);
#66=ORIENTED_EDGE('',*,*,#65,.T.);
#67=DIRECTION('',(-1.0,0.0,0.0));
#68=VECTOR('',#67,9.500000000000000);
#69=LINE('',#60,#68);
#70=EDGE_CURVE('',#61,#46,#69,.T.);
#71=ORIENTED_EDGE('',*,*,#70,.T.);
#72=EDGE_LOOP('',(#52,#59,#66,#71));
#73=FACE_BOUND('',#72,.F.);
#74=CARTESIAN_POINT('',(0.0,0.0,0.0));
#75=DIRECTION('',(0.0,0.0,1.0));
#76=DIRECTION('',(1.0,0.0,0.0));
#77=AXIS2_PLACEMENT_3D('',#74,#75,#76);
#78=PLANE('',#77);
#79=ADVANCED_FACE('',(#73),#78,.F.);
#80=SHAPE_ASPECT('featured shape: face 1','',#43,.T.);
#81=PROPERTY_DEFINITION('','',#80);
#82=FACE_SHAPE_REPRESENTATION('',(#79),#34);
#83=SHAPE_DEFINITION_REPRESENTATION(#81,#82);
#84=CARTESIAN_POINT('',(0.562500000000000,-0.300000000000000,6.875000000000000));
#85=CARTESIAN_POINT('',(0.562500000000000,0.0,6.875000000000000));
#86=VERTEX_POINT('',#84);
#87=VERTEX_POINT('',#85);
#88=DIRECTION('',(0.0,-1.0,0.0));
#89=VECTOR('',#88,0.300000000000000);
#90=LINE('',#85,#89);
#91=EDGE_CURVE('',#86,#87,#90,.F.);
#92=ORIENTED_EDGE('',*,*,#91,.T.);
#93=CARTESIAN_POINT('',(10.062500000000000,0.0,6.875000000000000));
#94=VERTEX_POINT('',#93);
#95=DIRECTION('',(-1.0,0.0,0.0));
#96=VECTOR('',#95,9.500000000000000);
#97=LINE('',#93,#96);
#98=EDGE_CURVE('',#87,#94,#97,.F.);
#99=ORIENTED_EDGE('',*,*,#98,.T.);
#100=CARTESIAN_POINT('',(10.062500000000000,-0.300000000000000,6.875000000000000));
#101=VERTEX_POINT('',#100);
#102=DIRECTION('',(0.0,1.0,0.0));
#103=VECTOR('',#102,0.300000000000000);
#104=LINE('',#100,#103);
#105=EDGE_CURVE('',#94,#101,#104,.F.);
#106=ORIENTED_EDGE('',*,*,#105,.T.);
#107=DIRECTION('',(1.0,0.0,0.0));
#108=VECTOR('',#107,9.500000000000000);
#109=LINE('',#84,#108);
#110=EDGE_CURVE('',#101,#86,#109,.F.);
#111=ORIENTED_EDGE('',*,*,#110,.T.);
#112=EDGE_LOOP('',(#92,#99,#106,#111));
#113=FACE_BOUND('',#112,.F.);
#114=CARTESIAN_POINT('',(0.0,0.0,6.875000000000000));
#115=DIRECTION('',(0.0,0.0,1.0));
#116=DIRECTION('',(1.0,0.0,0.0));
#117=AXIS2_PLACEMENT_3D('',#114,#115,#116);
#118=PLANE('',#117);
#119=ADVANCED_FACE('',(#113),#118,.T.);
#120=SHAPE_ASPECT('featured shape: face 2','',#43,.T.);
#121=PROPERTY_DEFINITION('','',#120);
#122=FACE_SHAPE_REPRESENTATION('',(#119),#34);
#123=SHAPE_DEFINITION_REPRESENTATION(#121,#122);
#124=CARTESIAN_POINT('',(0.0,-0.300000000000000,0.562500000000000));
#125=CARTESIAN_POINT('',(0.0,0.0,0.562500000000000));
#126=VERTEX_POINT('',#124);
#127=VERTEX_POINT('',#125);
#128=DIRECTION('',(0.0,-1.0,0.0));
#129=VECTOR('',#128,0.300000000000000);
#130=LINE('',#125,#129);
#131=EDGE_CURVE('',#126,#127,#130,.F.);
#132=ORIENTED_EDGE('',*,*,#131,.T.);
#133=CARTESIAN_POINT('',(0.0,0.0,6.312500000000000));
#134=VERTEX_POINT('',#133);
#135=DIRECTION('',(0.0,0.0,1.0));
#136=VECTOR('',#135,5.750000000000000);
#137=LINE('',#125,#136);
#138=EDGE_CURVE('',#127,#134,#137,.T.);
#139=ORIENTED_EDGE('',*,*,#138,.T.);
#140=CARTESIAN_POINT('',(0.0,-0.300000000000000,6.312500000000000));
#141=VERTEX_POINT('',#140);
#142=DIRECTION('',(0.0,-1.0,0.0));
#143=VECTOR('',#142,0.300000000000000);
#144=LINE('',#133,#143);
#145=EDGE_CURVE('',#134,#141,#144,.T.);
#146=ORIENTED_EDGE('',*,*,#145,.T.);
#147=DIRECTION('',(0.0,0.0,1.0));
#148=VECTOR('',#147,5.750000000000000);
#149=LINE('',#124,#148);
#150=EDGE_CURVE('',#141,#126,#149,.F.);
#151=ORIENTED_EDGE('',*,*,#150,.T.);
#152=EDGE_LOOP('',(#132,#139,#146,#151));
#153=FACE_BOUND('',#152,.F.);
#154=CARTESIAN_POINT('',(0.0,0.0,0.0));
#155=DIRECTION('',(-1.0,0.0,0.0));
#156=DIRECTION('',(0.0,-1.0,0.0));
#157=AXIS2_PLACEMENT_3D('',#154,#155,#156);
#158=PLANE('',#157);
#159=ADVANCED_FACE('',(#153),#158,.T.);
#160=SHAPE_ASPECT('featured shape: face 3','',#43,.T.);
#161=PROPERTY_DEFINITION('','',#160);
#162=FACE_SHAPE_REPRESENTATION('',(#159),#34);
#163=SHAPE_DEFINITION_REPRESENTATION(#161,#162);
#164=ORIENTED_EDGE('',*,*,#58,.F.);
#165=CARTESIAN_POINT('',(0.562500000000000,-0.300000000000000,0.562500000000000));
#166=DIRECTION('',(0.0,1.0,0.0));
#167=DIRECTION('',(0.0,0.0,-1.0));
#168=AXIS2_PLACEMENT_3D('',#165,#166,#167);
#169=CIRCLE('',#168,0.562500000000000);
#170=EDGE_CURVE('',#47,#126,#169,.T.);
#171=ORIENTED_EDGE('',*,*,#170,.T.);
#172=ORIENTED_EDGE('',*,*,#150,.F.);
#173=CARTESIAN_POINT('',(0.562500000000000,-0.300000000000000,6.312500000000000));
#174=DIRECTION('',(0.0,-1.0,0.0));
#175=DIRECTION('',(0.0,0.0,1.0));
#176=AXIS2_PLACEMENT_3D('',#173,#174,#175);
#177=CIRCLE('',#176,0.562500000000000);
#178=EDGE_CURVE('',#141,#86,#177,.F.);
#179=ORIENTED_EDGE('',*,*,#178,.T.);
#180=ORIENTED_EDGE('',*,*,#110,.F.);
#181=CARTESIAN_POINT('',(10.625000000000000,-0.300000000000000,6.312500000000000));
#182=VERTEX_POINT('',#181);
#183=CARTESIAN_POINT('',(10.062500000000000,-0.300000000000000,6.312500000000000));
#184=DIRECTION('',(0.0,1.0,0.0));
#185=DIRECTION('',(0.0,0.0,1.0));
#186=AXIS2_PLACEMENT_3D('',#183,#184,#185);
#187=CIRCLE('',#186,0.562500000000000);
#188=EDGE_CURVE('',#101,#182,#187,.T.);
#189=ORIENTED_EDGE('',*,*,#188,.T.);
#190=CARTESIAN_POINT('',(10.625000000000000,-0.300000000000000,0.562500000000000));
#191=VERTEX_POINT('',#190);
#192=DIRECTION('',(0.0,0.0,1.0));
#193=VECTOR('',#192,5.750000000000000);
#194=LINE('',#190,#193);
#195=EDGE_CURVE('',#182,#191,#194,.F.);
#196=ORIENTED_EDGE('',*,*,#195,.T.);
#197=CARTESIAN_POINT('',(10.062500000000000,-0.300000000000000,0.562500000000000));
#198=DIRECTION('',(0.0,-1.0,0.0));
#199=DIRECTION('',(0.0,0.0,-1.0));
#200=AXIS2_PLACEMENT_3D('',#197,#198,#199);
#201=CIRCLE('',#200,0.562500000000000);
#202=EDGE_CURVE('',#191,#54,#201,.F.);
#203=ORIENTED_EDGE('',*,*,#202,.T.);
#204=EDGE_LOOP('',(#164,#171,#172,#179,#180,#189,#196,#203));
#205=FACE_BOUND('',#204,.F.);
#206=CARTESIAN_POINT('',(1.437500000000000,-0.300000000000000,1.750000000000000));
#207=CARTESIAN_POINT('',(1.625000000000000,-0.300000000000000,1.562500000000000));
#208=VERTEX_POINT('',#206);
#209=VERTEX_POINT('',#207);
#210=CARTESIAN_POINT('',(1.625000000000000,-0.300000000000000,1.750000000000000));
#211=DIRECTION('',(0.0,1.0,0.0));
#212=DIRECTION('',(0.0,0.0,-1.0));
#213=AXIS2_PLACEMENT_3D('',#210,#211,#212);
#214=CIRCLE('',#213,0.187500000000000);
#215=EDGE_CURVE('',#208,#209,#214,.F.);
#216=ORIENTED_EDGE('',*,*,#215,.T.);
#217=CARTESIAN_POINT('',(9.0,-0.300000000000000,1.562500000000000));
#218=VERTEX_POINT('',#217);
#219=DIRECTION('',(-1.0,0.0,0.0));
#220=VECTOR('',#219,7.375000000000000);
#221=LINE('',#217,#220);
#222=EDGE_CURVE('',#209,#218,#221,.F.);
#223=ORIENTED_EDGE('',*,*,#222,.T.);
#224=CARTESIAN_POINT('',(9.187500000000000,-0.300000000000000,1.750000000000000));
#225=VERTEX_POINT('',#224);
#226=CARTESIAN_POINT('',(9.0,-0.300000000000000,1.750000000000000));
#227=DIRECTION('',(0.0,1.0,0.0));
#228=DIRECTION('',(1.0,0.0,0.0));
#229=AXIS2_PLACEMENT_3D('',#226,#227,#228);
#230=CIRCLE('',#229,0.187500000000000);
#231=EDGE_CURVE('',#218,#225,#230,.F.);
#232=ORIENTED_EDGE('',*,*,#231,.T.);
#233=CARTESIAN_POINT('',(9.187500000000000,-0.300000000000000,5.125000000000000));
#234=VERTEX_POINT('',#233);
#235=DIRECTION('',(0.0,0.0,-1.0));
#236=VECTOR('',#235,3.375000000000000);
#237=LINE('',#233,#236);
#238=EDGE_CURVE('',#225,#234,#237,.F.);
#239=ORIENTED_EDGE('',*,*,#238,.T.);
#240=CARTESIAN_POINT('',(9.0,-0.300000000000000,5.312500000000000));
#241=VERTEX_POINT('',#240);
#242=CARTESIAN_POINT('',(9.0,-0.300000000000000,5.125000000000000));
#243=DIRECTION('',(0.0,1.0,0.0));
#244=DIRECTION('',(0.0,0.0,1.0));
#245=AXIS2_PLACEMENT_3D('',#242,#243,#244);
#246=CIRCLE('',#245,0.187500000000000);
#247=EDGE_CURVE('',#234,#241,#246,.F.);
#248=ORIENTED_EDGE('',*,*,#247,.T.);
#249=CARTESIAN_POINT('',(1.625000000000000,-0.300000000000000,5.312500000000000));
#250=VERTEX_POINT('',#249);
#251=DIRECTION('',(1.0,0.0,0.0));
#252=VECTOR('',#251,7.375000000000000);
#253=LINE('',#249,#252);
#254=EDGE_CURVE('',#241,#250,#253,.F.);
#255=ORIENTED_EDGE('',*,*,#254,.T.);
#256=CARTESIAN_POINT('',(1.437500000000000,-0.300000000000000,5.125000000000000));
#257=VERTEX_POINT('',#256);
#258=CARTESIAN_POINT('',(1.625000000000000,-0.300000000000000,5.125000000000000));
#259=DIRECTION('',(0.0,1.0,0.0));
#260=DIRECTION('',(-1.0,0.0,0.0));
#261=AXIS2_PLACEMENT_3D('',#258,#259,#260);
#262=CIRCLE('',#261,0.187500000000000);
#263=EDGE_CURVE('',#250,#257,#262,.F.);
#264=ORIENTED_EDGE('',*,*,#263,.T.);
#265=DIRECTION('',(0.0,0.0,1.0));
#266=VECTOR('',#265,3.375000000000000);
#267=LINE('',#206,#266);
#268=EDGE_CURVE('',#257,#208,#267,.F.);
#269=ORIENTED_EDGE('',*,*,#268,.T.);
#270=EDGE_LOOP('',(#216,#223,#232,#239,#248,#255,#264,#269));
#271=FACE_BOUND('',#270,.F.);
#272=CARTESIAN_POINT('',(0.873000000000000,-0.300000000000000,0.562500000000000));
#273=CARTESIAN_POINT('',(0.252000000000000,-0.300000000000000,0.562500000000000));
#274=VERTEX_POINT('',#272);
#275=VERTEX_POINT('',#273);
#276=CARTESIAN_POINT('',(0.562500000000000,-0.300000000000000,0.562500000000000));
#277=DIRECTION('',(0.0,-1.0,0.0));
#278=DIRECTION('',(1.0,0.0,0.0));
#279=AXIS2_PLACEMENT_3D('',#276,#277,#278);
#280=CIRCLE('',#279,0.310500000000000);
#281=EDGE_CURVE('',#274,#275,#280,.T.);
#282=ORIENTED_EDGE('',*,*,#281,.T.);
#283=CARTESIAN_POINT('',(0.562500000000000,-0.300000000000000,0.562500000000000));
#284=DIRECTION('',(0.0,-1.0,0.0));
#285=DIRECTION('',(-1.0,0.0,0.0));
#286=AXIS2_PLACEMENT_3D('',#283,#284,#285);
#287=CIRCLE('',#286,0.310500000000000);
#288=EDGE_CURVE('',#275,#274,#287,.T.);
#289=ORIENTED_EDGE('',*,*,#288,.T.);
#290=EDGE_LOOP('',(#282,#289));
#291=FACE_BOUND('',#290,.F.);
#292=CARTESIAN_POINT('',(4.039666666666666,-0.300000000000000,0.562500000000000));
#293=CARTESIAN_POINT('',(3.418666666666667,-0.300000000000000,0.562500000000000));
#294=VERTEX_POINT('',#292);
#295=VERTEX_POINT('',#293);
#296=CARTESIAN_POINT('',(3.729166666666667,-0.300000000000000,0.562500000000000));
#297=DIRECTION('',(0.0,-1.0,0.0));
#298=DIRECTION('',(1.0,0.0,0.0));
#299=AXIS2_PLACEMENT_3D('',#296,#297,#298);
#300=CIRCLE('',#299,0.310500000000000);
#301=EDGE_CURVE('',#294,#295,#300,.T.);
#302=ORIENTED_EDGE('',*,*,#301,.T.);
#303=CARTESIAN_POINT('',(3.729166666666667,-0.300000000000000,0.562500000000000));
#304=DIRECTION('',(0.0,-1.0,0.0));
#305=DIRECTION('',(-1.0,0.0,0.0));
#306=AXIS2_PLACEMENT_3D('',#303,#304,#305);
#307=CIRCLE('',#306,0.310500000000000);
#308=EDGE_CURVE('',#295,#294,#307,.T.);
#309=ORIENTED_EDGE('',*,*,#308,.T.);
#310=EDGE_LOOP('',(#302,#309));
#311=FACE_BOUND('',#310,.F.);
#312=CARTESIAN_POINT('',(7.206333333333333,-0.300000000000000,0.562500000000000));
#313=CARTESIAN_POINT('',(6.585333333333333,-0.300000000000000,0.562500000000000));
#314=VERTEX_POINT('',#312);
#315=VERTEX_POINT('',#313);
#316=CARTESIAN_POINT('',(6.895833333333333,-0.300000000000000,0.562500000000000));
#317=DIRECTION('',(0.0,-1.0,0.0));
#318=DIRECTION('',(1.0,0.0,0.0));
#319=AXIS2_PLACEMENT_3D('',#316,#317,#318);
#320=CIRCLE('',#319,0.310500000000000);
#321=EDGE_CURVE('',#314,#315,#320,.T.);
#322=ORIENTED_EDGE('',*,*,#321,.T.);
#323=CARTESIAN_POINT('',(6.895833333333333,-0.300000000000000,0.562500000000000));
#324=DIRECTION('',(0.0,-1.0,0.0));
#325=DIRECTION('',(-1.0,0.0,0.0));
#326=AXIS2_PLACEMENT_3D('',#323,#324,#325);
#327=CIRCLE('',#326,0.310500000000000);
#328=EDGE_CURVE('',#315,#314,#327,.T.);
#329=ORIENTED_EDGE('',*,*,#328,.T.);
#330=EDGE_LOOP('',(#322,#329));
#331=FACE_BOUND('',#330,.F.);
#332=CARTESIAN_POINT('',(10.372999999999999,-0.300000000000000,0.562500000000000));
#333=CARTESIAN_POINT('',(9.752000000000001,-0.300000000000000,0.562500000000000));
#334=VERTEX_POINT('',#332);
#335=VERTEX_POINT('',#333);
#336=CARTESIAN_POINT('',(10.062500000000000,-0.300000000000000,0.562500000000000));
#337=DIRECTION('',(0.0,-1.0,0.0));
#338=DIRECTION('',(1.0,0.0,0.0));
#339=AXIS2_PLACEMENT_3D('',#336,#337,#338);
#340=CIRCLE('',#339,0.310500000000000);
#341=EDGE_CURVE('',#334,#335,#340,.T.);
#342=ORIENTED_EDGE('',*,*,#341,.T.);
#343=CARTESIAN_POINT('',(10.062500000000000,-0.300000000000000,0.562500000000000));
#344=DIRECTION('',(0.0,-1.0,0.0));
#345=DIRECTION('',(-1.0,0.0,0.0));
#346=AXIS2_PLACEMENT_3D('',#343,#344,#345);
#347=CIRCLE('',#346,0.310500000000000);
#348=EDGE_CURVE('',#335,#334,#347,.T.);
#349=ORIENTED_EDGE('',*,*,#348,.T.);
#350=EDGE_LOOP('',(#342,#349));
#351=FACE_BOUND('',#350,.F.);
#352=CARTESIAN_POINT('',(0.873000000000000,-0.300000000000000,3.437500000000000));
#353=CARTESIAN_POINT('',(0.252000000000000,-0.300000000000000,3.437500000000000));
#354=VERTEX_POINT('',#352);
#355=VERTEX_POINT('',#353);
#356=CARTESIAN_POINT('',(0.562500000000000,-0.300000000000000,3.437500000000000));
#357=DIRECTION('',(0.0,-1.0,0.0));
#358=DIRECTION('',(1.0,0.0,0.0));
#359=AXIS2_PLACEMENT_3D('',#356,#357,#358);
#360=CIRCLE('',#359,0.310500000000000);
#361=EDGE_CURVE('',#354,#355,#360,.T.);
#362=ORIENTED_EDGE('',*,*,#361,.T.);
#363=CARTESIAN_POINT('',(0.562500000000000,-0.300000000000000,3.437500000000000));
#364=DIRECTION('',(0.0,-1.0,0.0));
#365=DIRECTION('',(-1.0,0.0,0.0));
#366=AXIS2_PLACEMENT_3D('',#363,#364,#365);
#367=CIRCLE('',#366,0.310500000000000);
#368=EDGE_CURVE('',#355,#354,#367,.T.);
#369=ORIENTED_EDGE('',*,*,#368,.T.);
#370=EDGE_LOOP('',(#362,#369));
#371=FACE_BOUND('',#370,.F.);
#372=CARTESIAN_POINT('',(10.372999999999999,-0.300000000000000,3.437500000000000));
#373=CARTESIAN_POINT('',(9.752000000000001,-0.300000000000000,3.437500000000000));
#374=VERTEX_POINT('',#372);
#375=VERTEX_POINT('',#373);
#376=CARTESIAN_POINT('',(10.062500000000000,-0.300000000000000,3.437500000000000));
#377=DIRECTION('',(0.0,-1.0,0.0));
#378=DIRECTION('',(1.0,0.0,0.0));
#379=AXIS2_PLACEMENT_3D('',#376,#377,#378);
#380=CIRCLE('',#379,0.310500000000000);
#381=EDGE_CURVE('',#374,#375,#380,.T.);
#382=ORIENTED_EDGE('',*,*,#381,.T.);
#383=CARTESIAN_POINT('',(10.062500000000000,-0.300000000000000,3.437500000000000));
#384=DIRECTION('',(0.0,-1.0,0.0));
#385=DIRECTION('',(-1.0,0.0,0.0));
#386=AXIS2_PLACEMENT_3D('',#383,#384,#385);
#387=CIRCLE('',#386,0.310500000000000);
#388=EDGE_CURVE('',#375,#374,#387,.T.);
#389=ORIENTED_EDGE('',*,*,#388,.T.);
#390=EDGE_LOOP('',(#382,#389));
#391=FACE_BOUND('',#390,.F.);
#392=CARTESIAN_POINT('',(0.873000000000000,-0.300000000000000,6.312500000000000));
#393=CARTESIAN_POINT('',(0.252000000000000,-0.300000000000000,6.312500000000000));
#394=VERTEX_POINT('',#392);
#395=VERTEX_POINT('',#393);
#396=CARTESIAN_POINT('',(0.562500000000000,-0.300000000000000,6.312500000000000));
#397=DIRECTION('',(0.0,-1.0,0.0));
#398=DIRECTION('',(1.0,0.0,0.0));
#399=AXIS2_PLACEMENT_3D('',#396,#397,#398);
#400=CIRCLE('',#399,0.310500000000000);
#401=EDGE_CURVE('',#394,#395,#400,.T.);
#402=ORIENTED_EDGE('',*,*,#401,.T.);
#403=CARTESIAN_POINT('',(0.562500000000000,-0.300000000000000,6.312500000000000));
#404=DIRECTION('',(0.0,-1.0,0.0));
#405=DIRECTION('',(-1.0,0.0,0.0));
#406=AXIS2_PLACEMENT_3D('',#403,#404,#405);
#407=CIRCLE('',#406,0.310500000000000);
#408=EDGE_CURVE('',#395,#394,#407,.T.);
#409=ORIENTED_EDGE('',*,*,#408,.T.);
#410=EDGE_LOOP('',(#402,#409));
#411=FACE_BOUND('',#410,.F.);
#412=CARTESIAN_POINT('',(4.039666666666666,-0.300000000000000,6.312500000000000));
#413=CARTESIAN_POINT('',(3.418666666666667,-0.300000000000000,6.312500000000000));
#414=VERTEX_POINT('',#412);
#415=VERTEX_POINT('',#413);
#416=CARTESIAN_POINT('',(3.729166666666667,-0.300000000000000,6.312500000000000));
#417=DIRECTION('',(0.0,-1.0,0.0));
#418=DIRECTION('',(1.0,0.0,0.0));
#419=AXIS2_PLACEMENT_3D('',#416,#417,#418);
#420=CIRCLE('',#419,0.310500000000000);
#421=EDGE_CURVE('',#414,#415,#420,.T.);
#422=ORIENTED_EDGE('',*,*,#421,.T.);
#423=CARTESIAN_POINT('',(3.729166666666667,-0.300000000000000,6.312500000000000));
#424=DIRECTION('',(0.0,-1.0,0.0));
#425=DIRECTION('',(-1.0,0.0,0.0));
#426=AXIS2_PLACEMENT_3D('',#423,#424,#425);
#427=CIRCLE('',#426,0.310500000000000);
#428=EDGE_CURVE('',#415,#414,#427,.T.);
#429=ORIENTED_EDGE('',*,*,#428,.T.);
#430=EDGE_LOOP('',(#422,#429));
#431=FACE_BOUND('',#430,.F.);
#432=CARTESIAN_POINT('',(7.206333333333333,-0.300000000000000,6.312500000000000));
#433=CARTESIAN_POINT('',(6.585333333333333,-0.300000000000000,6.312500000000000));
#434=VERTEX_POINT('',#432);
#435=VERTEX_POINT('',#433);
#436=CARTESIAN_POINT('',(6.895833333333333,-0.300000000000000,6.312500000000000));
#437=DIRECTION('',(0.0,-1.0,0.0));
#438=DIRECTION('',(1.0,0.0,0.0));
#439=AXIS2_PLACEMENT_3D('',#436,#437,#438);
#440=CIRCLE('',#439,0.310500000000000);
#441=EDGE_CURVE('',#434,#435,#440,.T.);
#442=ORIENTED_EDGE('',*,*,#441,.T.);
#443=CARTESIAN_POINT('',(6.895833333333333,-0.300000000000000,6.312500000000000));
#444=DIRECTION('',(0.0,-1.0,0.0));
#445=DIRECTION('',(-1.0,0.0,0.0));
#446=AXIS2_PLACEMENT_3D('',#443,#444,#445);
#447=CIRCLE('',#446,0.310500000000000);
#448=EDGE_CURVE('',#435,#434,#447,.T.);
#449=ORIENTED_EDGE('',*,*,#448,.T.);
#450=EDGE_LOOP('',(#442,#449));
#451=FACE_BOUND('',#450,.F.);
#452=CARTESIAN_POINT('',(10.372999999999999,-0.300000000000000,6.312500000000000));
#453=CARTESIAN_POINT('',(9.752000000000001,-0.300000000000000,6.312500000000000));
#454=VERTEX_POINT('',#452);
#455=VERTEX_POINT('',#453);
#456=CARTESIAN_POINT('',(10.062500000000000,-0.300000000000000,6.312500000000000));
#457=DIRECTION('',(0.0,-1.0,0.0));
#458=DIRECTION('',(1.0,0.0,0.0));
#459=AXIS2_PLACEMENT_3D('',#456,#457,#458);
#460=CIRCLE('',#459,0.310500000000000);
#461=EDGE_CURVE('',#454,#455,#460,.T.);
#462=ORIENTED_EDGE('',*,*,#461,.T.);
#463=CARTESIAN_POINT('',(10.062500000000000,-0.300000000000000,6.312500000000000));
#464=DIRECTION('',(0.0,-1.0,0.0));
#465=DIRECTION('',(-1.0,0.0,0.0));
#466=AXIS2_PLACEMENT_3D('',#463,#464,#465);
#467=CIRCLE('',#466,0.310500000000000);
#468=EDGE_CURVE('',#455,#454,#467,.T.);
#469=ORIENTED_EDGE('',*,*,#468,.T.);
#470=EDGE_LOOP('',(#462,#469));
#471=FACE_BOUND('',#470,.F.);
#472=CARTESIAN_POINT('',(0.0,-0.300000000000000,0.0));
#473=DIRECTION('',(0.0,-1.0,0.0));
#474=DIRECTION('',(1.0,0.0,0.0));
#475=AXIS2_PLACEMENT_3D('',#472,#473,#474);
#476=PLANE('',#475);
#477=ADVANCED_FACE('',(#205,#271,#291,#311,#331,#351,#371,#391,#411,#431,#451,#471),#476,.T.);
#478=SHAPE_ASPECT('featured shape: face 4','',#43,.T.);
#479=PROPERTY_DEFINITION('','',#478);
#480=FACE_SHAPE_REPRESENTATION('',(#477),#34);
#481=SHAPE_DEFINITION_REPRESENTATION(#479,#480);
#482=CARTESIAN_POINT('',(10.625000000000000,0.0,0.562500000000000));
#483=VERTEX_POINT('',#482);
#484=DIRECTION('',(0.0,1.0,0.0));
#485=VECTOR('',#484,0.300000000000000);
#486=LINE('',#190,#485);
#487=EDGE_CURVE('',#483,#191,#486,.F.);
#488=ORIENTED_EDGE('',*,*,#487,.T.);
#489=ORIENTED_EDGE('',*,*,#195,.F.);
#490=CARTESIAN_POINT('',(10.625000000000000,0.0,6.312500000000000));
#491=VERTEX_POINT('',#490);
#492=DIRECTION('',(0.0,1.0,0.0));
#493=VECTOR('',#492,0.300000000000000);
#494=LINE('',#181,#493);
#495=EDGE_CURVE('',#182,#491,#494,.T.);
#496=ORIENTED_EDGE('',*,*,#495,.T.);
#497=DIRECTION('',(0.0,0.0,1.0));
#498=VECTOR('',#497,5.750000000000000);
#499=LINE('',#482,#498);
#500=EDGE_CURVE('',#491,#483,#499,.F.);
#501=ORIENTED_EDGE('',*,*,#500,.T.);
#502=EDGE_LOOP('',(#488,#489,#496,#501));
#503=FACE_BOUND('',#502,.F.);
#504=CARTESIAN_POINT('',(10.625000000000000,-0.300000000000000,0.0));
#505=DIRECTION('',(1.0,0.0,0.0));
#506=DIRECTION('',(0.0,1.0,0.0));
#507=AXIS2_PLACEMENT_3D('',#504,#505,#506);
#508=PLANE('',#507);
#509=ADVANCED_FACE('',(#503),#508,.T.);
#510=SHAPE_ASPECT('featured shape: face 5','',#43,.T.);
#511=PROPERTY_DEFINITION('','',#510);
#512=FACE_SHAPE_REPRESENTATION('',(#509),#34);
#513=SHAPE_DEFINITION_REPRESENTATION(#511,#512);
#514=ORIENTED_EDGE('',*,*,#70,.F.);
#515=CARTESIAN_POINT('',(10.062500000000000,0.0,0.562500000000000));
#516=DIRECTION('',(0.0,-1.0,0.0));
#517=DIRECTION('',(0.0,0.0,-1.0));
#518=AXIS2_PLACEMENT_3D('',#515,#516,#517);
#519=CIRCLE('',#518,0.562500000000000);
#520=EDGE_CURVE('',#61,#483,#519,.T.);
#521=ORIENTED_EDGE('',*,*,#520,.T.);
#522=ORIENTED_EDGE('',*,*,#500,.F.);
#523=CARTESIAN_POINT('',(10.062500000000000,0.0,6.312500000000000));
#524=DIRECTION('',(0.0,1.0,0.0));
#525=DIRECTION('',(0.0,0.0,1.0));
#526=AXIS2_PLACEMENT_3D('',#523,#524,#525);
#527=CIRCLE('',#526,0.562500000000000);
#528=EDGE_CURVE('',#491,#94,#527,.F.);
#529=ORIENTED_EDGE('',*,*,#528,.T.);
#530=ORIENTED_EDGE('',*,*,#98,.F.);
#531=CARTESIAN_POINT('',(0.562500000000000,0.0,6.312500000000000));
#532=DIRECTION('',(0.0,-1.0,0.0));
#533=DIRECTION('',(0.0,0.0,1.0));
#534=AXIS2_PLACEMENT_3D('',#531,#532,#533);
#535=CIRCLE('',#534,0.562500000000000);
#536=EDGE_CURVE('',#87,#134,#535,.T.);
#537=ORIENTED_EDGE('',*,*,#536,.T.);
#538=ORIENTED_EDGE('',*,*,#138,.F.);
#539=CARTESIAN_POINT('',(0.562500000000000,0.0,0.562500000000000));
#540=DIRECTION('',(0.0,1.0,0.0));
#541=DIRECTION('',(0.0,0.0,-1.0));
#542=AXIS2_PLACEMENT_3D('',#539,#540,#541);
#543=CIRCLE('',#542,0.562500000000000);
#544=EDGE_CURVE('',#127,#46,#543,.F.);
#545=ORIENTED_EDGE('',*,*,#544,.T.);
#546=EDGE_LOOP('',(#514,#521,#522,#529,#530,#537,#538,#545));
#547=FACE_BOUND('',#546,.F.);
#548=CARTESIAN_POINT('',(1.625000000000000,0.0,1.562500000000000));
#549=CARTESIAN_POINT('',(1.437500000000000,0.0,1.750000000000000));
#550=VERTEX_POINT('',#548);
#551=VERTEX_POINT('',#549);
#552=CARTESIAN_POINT('',(1.625000000000000,0.0,1.750000000000000));
#553=DIRECTION('',(0.0,1.0,0.0));
#554=DIRECTION('',(0.0,0.0,-1.0));
#555=AXIS2_PLACEMENT_3D('',#552,#553,#554);
#556=CIRCLE('',#555,0.187500000000000);
#557=EDGE_CURVE('',#550,#551,#556,.T.);
#558=ORIENTED_EDGE('',*,*,#557,.T.);
#559=CARTESIAN_POINT('',(1.437500000000000,0.0,5.125000000000000));
#560=VERTEX_POINT('',#559);
#561=DIRECTION('',(0.0,0.0,1.0));
#562=VECTOR('',#561,3.375000000000000);
#563=LINE('',#549,#562);
#564=EDGE_CURVE('',#551,#560,#563,.T.);
#565=ORIENTED_EDGE('',*,*,#564,.T.);
#566=CARTESIAN_POINT('',(1.625000000000000,0.0,5.312500000000000));
#567=VERTEX_POINT('',#566);
#568=CARTESIAN_POINT('',(1.625000000000000,0.0,5.125000000000000));
#569=DIRECTION('',(0.0,1.0,0.0));
#570=DIRECTION('',(-1.0,0.0,0.0));
#571=AXIS2_PLACEMENT_3D('',#568,#569,#570);
#572=CIRCLE('',#571,0.187500000000000);
#573=EDGE_CURVE('',#560,#567,#572,.T.);
#574=ORIENTED_EDGE('',*,*,#573,.T.);
#575=CARTESIAN_POINT('',(9.0,0.0,5.312500000000000));
#576=VERTEX_POINT('',#575);
#577=DIRECTION('',(1.0,0.0,0.0));
#578=VECTOR('',#577,7.375000000000000);
#579=LINE('',#566,#578);
#580=EDGE_CURVE('',#567,#576,#579,.T.);
#581=ORIENTED_EDGE('',*,*,#580,.T.);
#582=CARTESIAN_POINT('',(9.187500000000000,0.0,5.125000000000000));
#583=VERTEX_POINT('',#582);
#584=CARTESIAN_POINT('',(9.0,0.0,5.125000000000000));
#585=DIRECTION('',(0.0,1.0,0.0));
#586=DIRECTION('',(0.0,0.0,1.0));
#587=AXIS2_PLACEMENT_3D('',#584,#585,#586);
#588=CIRCLE('',#587,0.187500000000000);
#589=EDGE_CURVE('',#576,#583,#588,.T.);
#590=ORIENTED_EDGE('',*,*,#589,.T.);
#591=CARTESIAN_POINT('',(9.187500000000000,0.0,1.750000000000000));
#592=VERTEX_POINT('',#591);
#593=DIRECTION('',(0.0,0.0,-1.0));
#594=VECTOR('',#593,3.375000000000000);
#595=LINE('',#582,#594);
#596=EDGE_CURVE('',#583,#592,#595,.T.);
#597=ORIENTED_EDGE('',*,*,#596,.T.);
#598=CARTESIAN_POINT('',(9.0,0.0,1.562500000000000));
#599=VERTEX_POINT('',#598);
#600=CARTESIAN_POINT('',(9.0,0.0,1.750000000000000));
#601=DIRECTION('',(0.0,1.0,0.0));
#602=DIRECTION('',(1.0,0.0,0.0));
#603=AXIS2_PLACEMENT_3D('',#600,#601,#602);
#604=CIRCLE('',#603,0.187500000000000);
#605=EDGE_CURVE('',#592,#599,#604,.T.);
#606=ORIENTED_EDGE('',*,*,#605,.T.);
#607=DIRECTION('',(-1.0,0.0,0.0));
#608=VECTOR('',#607,7.375000000000000);
#609=LINE('',#598,#608);
#610=EDGE_CURVE('',#599,#550,#609,.T.);
#611=ORIENTED_EDGE('',*,*,#610,.T.);
#612=EDGE_LOOP('',(#558,#565,#574,#581,#590,#597,#606,#611));
#613=FACE_BOUND('',#612,.F.);
#614=CARTESIAN_POINT('',(0.252000000000001,0.0,0.562500000000000));
#615=CARTESIAN_POINT('',(0.872999999999999,0.0,0.562500000000000));
#616=VERTEX_POINT('',#614);
#617=VERTEX_POINT('',#615);
#618=CARTESIAN_POINT('',(0.562500000000000,0.0,0.562500000000000));
#619=DIRECTION('',(0.0,-1.0,0.0));
#620=DIRECTION('',(1.0,0.0,0.0));
#621=AXIS2_PLACEMENT_3D('',#618,#619,#620);
#622=CIRCLE('',#621,0.310500000000000);
#623=EDGE_CURVE('',#616,#617,#622,.F.);
#624=ORIENTED_EDGE('',*,*,#623,.T.);
#625=CARTESIAN_POINT('',(0.562500000000000,0.0,0.562500000000000));
#626=DIRECTION('',(0.0,-1.0,0.0));
#627=DIRECTION('',(-1.0,0.0,0.0));
#628=AXIS2_PLACEMENT_3D('',#625,#626,#627);
#629=CIRCLE('',#628,0.310500000000000);
#630=EDGE_CURVE('',#617,#616,#629,.F.);
#631=ORIENTED_EDGE('',*,*,#630,.T.);
#632=EDGE_LOOP('',(#624,#631));
#633=FACE_BOUND('',#632,.F.);
#634=CARTESIAN_POINT('',(3.418666666666667,0.0,0.562500000000000));
#635=CARTESIAN_POINT('',(4.039666666666666,0.0,0.562500000000000));
#636=VERTEX_POINT('',#634);
#637=VERTEX_POINT('',#635);
#638=CARTESIAN_POINT('',(3.729166666666667,0.0,0.562500000000000));
#639=DIRECTION('',(0.0,-1.0,0.0));
#640=DIRECTION('',(1.0,0.0,0.0));
#641=AXIS2_PLACEMENT_3D('',#638,#639,#640);
#642=CIRCLE('',#641,0.310500000000000);
#643=EDGE_CURVE('',#636,#637,#642,.F.);
#644=ORIENTED_EDGE('',*,*,#643,.T.);
#645=CARTESIAN_POINT('',(3.729166666666667,0.0,0.562500000000000));
#646=DIRECTION('',(0.0,-1.0,0.0));
#647=DIRECTION('',(-1.0,0.0,0.0));
#648=AXIS2_PLACEMENT_3D('',#645,#646,#647);
#649=CIRCLE('',#648,0.310500000000000);
#650=EDGE_CURVE('',#637,#636,#649,.F.);
#651=ORIENTED_EDGE('',*,*,#650,.T.);
#652=EDGE_LOOP('',(#644,#651));
#653=FACE_BOUND('',#652,.F.);
#654=CARTESIAN_POINT('',(6.585333333333333,0.0,0.562500000000000));
#655=CARTESIAN_POINT('',(7.206333333333333,0.0,0.562500000000000));
#656=VERTEX_POINT('',#654);
#657=VERTEX_POINT('',#655);
#658=CARTESIAN_POINT('',(6.895833333333333,0.0,0.562500000000000));
#659=DIRECTION('',(0.0,-1.0,0.0));
#660=DIRECTION('',(1.0,0.0,0.0));
#661=AXIS2_PLACEMENT_3D('',#658,#659,#660);
#662=CIRCLE('',#661,0.310500000000000);
#663=EDGE_CURVE('',#656,#657,#662,.F.);
#664=ORIENTED_EDGE('',*,*,#663,.T.);
#665=CARTESIAN_POINT('',(6.895833333333333,0.0,0.562500000000000));
#666=DIRECTION('',(0.0,-1.0,0.0));
#667=DIRECTION('',(-1.0,0.0,0.0));
#668=AXIS2_PLACEMENT_3D('',#665,#666,#667);
#669=CIRCLE('',#668,0.310500000000000);
#670=EDGE_CURVE('',#657,#656,#669,.F.);
#671=ORIENTED_EDGE('',*,*,#670,.T.);
#672=EDGE_LOOP('',(#664,#671));
#673=FACE_BOUND('',#672,.F.);
#674=CARTESIAN_POINT('',(9.752000000000001,0.0,0.562500000000000));
#675=CARTESIAN_POINT('',(10.372999999999999,0.0,0.562500000000000));
#676=VERTEX_POINT('',#674);
#677=VERTEX_POINT('',#675);
#678=CARTESIAN_POINT('',(10.062500000000000,0.0,0.562500000000000));
#679=DIRECTION('',(0.0,-1.0,0.0));
#680=DIRECTION('',(1.0,0.0,0.0));
#681=AXIS2_PLACEMENT_3D('',#678,#679,#680);
#682=CIRCLE('',#681,0.310500000000000);
#683=EDGE_CURVE('',#676,#677,#682,.F.);
#684=ORIENTED_EDGE('',*,*,#683,.T.);
#685=CARTESIAN_POINT('',(10.062500000000000,0.0,0.562500000000000));
#686=DIRECTION('',(0.0,-1.0,0.0));
#687=DIRECTION('',(-1.0,0.0,0.0));
#688=AXIS2_PLACEMENT_3D('',#685,#686,#687);
#689=CIRCLE('',#688,0.310500000000000);
#690=EDGE_CURVE('',#677,#676,#689,.F.);
#691=ORIENTED_EDGE('',*,*,#690,.T.);
#692=EDGE_LOOP('',(#684,#691));
#693=FACE_BOUND('',#692,.F.);
#694=CARTESIAN_POINT('',(0.252000000000001,0.0,3.437500000000000));
#695=CARTESIAN_POINT('',(0.872999999999999,0.0,3.437500000000000));
#696=VERTEX_POINT('',#694);
#697=VERTEX_POINT('',#695);
#698=CARTESIAN_POINT('',(0.562500000000000,0.0,3.437500000000000));
#699=DIRECTION('',(0.0,-1.0,0.0));
#700=DIRECTION('',(1.0,0.0,0.0));
#701=AXIS2_PLACEMENT_3D('',#698,#699,#700);
#702=CIRCLE('',#701,0.310500000000000);
#703=EDGE_CURVE('',#696,#697,#702,.F.);
#704=ORIENTED_EDGE('',*,*,#703,.T.);
#705=CARTESIAN_POINT('',(0.562500000000000,0.0,3.437500000000000));
#706=DIRECTION('',(0.0,-1.0,0.0));
#707=DIRECTION('',(-1.0,0.0,0.0));
#708=AXIS2_PLACEMENT_3D('',#705,#706,#707);
#709=CIRCLE('',#708,0.310500000000000);
#710=EDGE_CURVE('',#697,#696,#709,.F.);
#711=ORIENTED_EDGE('',*,*,#710,.T.);
#712=EDGE_LOOP('',(#704,#711));
#713=FACE_BOUND('',#712,.F.);
#714=CARTESIAN_POINT('',(9.752000000000001,0.0,3.437500000000000));
#715=CARTESIAN_POINT('',(10.372999999999999,0.0,3.437500000000000));
#716=VERTEX_POINT('',#714);
#717=VERTEX_POINT('',#715);
#718=CARTESIAN_POINT('',(10.062500000000000,0.0,3.437500000000000));
#719=DIRECTION('',(0.0,-1.0,0.0));
#720=DIRECTION('',(1.0,0.0,0.0));
#721=AXIS2_PLACEMENT_3D('',#718,#719,#720);
#722=CIRCLE('',#721,0.310500000000000);
#723=EDGE_CURVE('',#716,#717,#722,.F.);
#724=ORIENTED_EDGE('',*,*,#723,.T.);
#725=CARTESIAN_POINT('',(10.062500000000000,0.0,3.437500000000000));
#726=DIRECTION('',(0.0,-1.0,0.0));
#727=DIRECTION('',(-1.0,0.0,0.0));
#728=AXIS2_PLACEMENT_3D('',#725,#726,#727);
#729=CIRCLE('',#728,0.310500000000000);
#730=EDGE_CURVE('',#717,#716,#729,.F.);
#731=ORIENTED_EDGE('',*,*,#730,.T.);
#732=EDGE_LOOP('',(#724,#731));
#733=FACE_BOUND('',#732,.F.);
#734=CARTESIAN_POINT('',(0.252000000000001,0.0,6.312500000000000));
#735=CARTESIAN_POINT('',(0.872999999999999,0.0,6.312500000000000));
#736=VERTEX_POINT('',#734);
#737=VERTEX_POINT('',#735);
#738=CARTESIAN_POINT('',(0.562500000000000,0.0,6.312500000000000));
#739=DIRECTION('',(0.0,-1.0,0.0));
#740=DIRECTION('',(1.0,0.0,0.0));
#741=AXIS2_PLACEMENT_3D('',#738,#739,#740);
#742=CIRCLE('',#741,0.310500000000000);
#743=EDGE_CURVE('',#736,#737,#742,.F.);
#744=ORIENTED_EDGE('',*,*,#743,.T.);
#745=CARTESIAN_POINT('',(0.562500000000000,0.0,6.312500000000000));
#746=DIRECTION('',(0.0,-1.0,0.0));
#747=DIRECTION('',(-1.0,0.0,0.0));
#748=AXIS2_PLACEMENT_3D('',#745,#746,#747);
#749=CIRCLE('',#748,0.310500000000000);
#750=EDGE_CURVE('',#737,#736,#749,.F.);
#751=ORIENTED_EDGE('',*,*,#750,.T.);
#752=EDGE_LOOP('',(#744,#751));
#753=FACE_BOUND('',#752,.F.);
#754=CARTESIAN_POINT('',(3.418666666666667,0.0,6.312500000000000));
#755=CARTESIAN_POINT('',(4.039666666666666,0.0,6.312500000000000));
#756=VERTEX_POINT('',#754);
#757=VERTEX_POINT('',#755);
#758=CARTESIAN_POINT('',(3.729166666666667,0.0,6.312500000000000));
#759=DIRECTION('',(0.0,-1.0,0.0));
#760=DIRECTION('',(1.0,0.0,0.0));
#761=AXIS2_PLACEMENT_3D('',#758,#759,#760);
#762=CIRCLE('',#761,0.310500000000000);
#763=EDGE_CURVE('',#756,#757,#762,.F.);
#764=ORIENTED_EDGE('',*,*,#763,.T.);
#765=CARTESIAN_POINT('',(3.729166666666667,0.0,6.312500000000000));
#766=DIRECTION('',(0.0,-1.0,0.0));
#767=DIRECTION('',(-1.0,0.0,0.0));
#768=AXIS2_PLACEMENT_3D('',#765,#766,#767);
#769=CIRCLE('',#768,0.310500000000000);
#770=EDGE_CURVE('',#757,#756,#769,.F.);
#771=ORIENTED_EDGE('',*,*,#770,.T.);
#772=EDGE_LOOP('',(#764,#771));
#773=FACE_BOUND('',#772,.F.);
#774=CARTESIAN_POINT('',(6.585333333333333,0.0,6.312500000000000));
#775=CARTESIAN_POINT('',(7.206333333333333,0.0,6.312500000000000));
#776=VERTEX_POINT('',#774);
#777=VERTEX_POINT('',#775);
#778=CARTESIAN_POINT('',(6.895833333333333,0.0,6.312500000000000));
#779=DIRECTION('',(0.0,-1.0,0.0));
#780=DIRECTION('',(1.0,0.0,0.0));
#781=AXIS2_PLACEMENT_3D('',#778,#779,#780);
#782=CIRCLE('',#781,0.310500000000000);
#783=EDGE_CURVE('',#776,#777,#782,.F.);
#784=ORIENTED_EDGE('',*,*,#783,.T.);
#785=CARTESIAN_POINT('',(6.895833333333333,0.0,6.312500000000000));
#786=DIRECTION('',(0.0,-1.0,0.0));
#787=DIRECTION('',(-1.0,0.0,0.0));
#788=AXIS2_PLACEMENT_3D('',#785,#786,#787);
#789=CIRCLE('',#788,0.310500000000000);
#790=EDGE_CURVE('',#777,#776,#789,.F.);
#791=ORIENTED_EDGE('',*,*,#790,.T.);
#792=EDGE_LOOP('',(#784,#791));
#793=FACE_BOUND('',#792,.F.);
#794=CARTESIAN_POINT('',(9.752000000000001,0.0,6.312500000000000));
#795=CARTESIAN_POINT('',(10.372999999999999,0.0,6.312500000000000));
#796=VERTEX_POINT('',#794);
#797=VERTEX_POINT('',#795);
#798=CARTESIAN_POINT('',(10.062500000000000,0.0,6.312500000000000));
#799=DIRECTION('',(0.0,-1.0,0.0));
#800=DIRECTION('',(1.0,0.0,0.0));
#801=AXIS2_PLACEMENT_3D('',#798,#799,#800);
#802=CIRCLE('',#801,0.310500000000000);
#803=EDGE_CURVE('',#796,#797,#802,.F.);
#804=ORIENTED_EDGE('',*,*,#803,.T.);
#805=CARTESIAN_POINT('',(10.062500000000000,0.0,6.312500000000000));
#806=DIRECTION('',(0.0,-1.0,0.0));
#807=DIRECTION('',(-1.0,0.0,0.0));
#808=AXIS2_PLACEMENT_3D('',#805,#806,#807);
#809=CIRCLE('',#808,0.310500000000000);
#810=EDGE_CURVE('',#797,#796,#809,.F.);
#811=ORIENTED_EDGE('',*,*,#810,.T.);
#812=EDGE_LOOP('',(#804,#811));
#813=FACE_BOUND('',#812,.F.);
#814=CARTESIAN_POINT('',(10.625000000000000,0.0,0.0));
#815=DIRECTION('',(0.0,1.0,0.0));
#816=DIRECTION('',(-1.0,0.0,0.0));
#817=AXIS2_PLACEMENT_3D('',#814,#815,#816);
#818=PLANE('',#817);
#819=ADVANCED_FACE('',(#547,#613,#633,#653,#673,#693,#713,#733,#753,#773,#793,#813),#818,.T.);
#820=SHAPE_ASPECT('featured shape: face 6','',#43,.T.);
#821=PROPERTY_DEFINITION('','',#820);
#822=FACE_SHAPE_REPRESENTATION('',(#819),#34);
#823=SHAPE_DEFINITION_REPRESENTATION(#821,#822);
#827=(LENGTH_UNIT()NAMED_UNIT(*)SI_UNIT(.MICRO.,.METRE.));
#828=LENGTH_MEASURE_WITH_UNIT(LENGTH_MEASURE(0.025400000000000),#827);
#832=(CONVERSION_BASED_UNIT('MICROINCH',#828)LENGTH_UNIT()NAMED_UNIT(#5));
#837=(LENGTH_MEASURE_WITH_UNIT()MEASURE_REPRESENTATION_ITEM()MEASURE_WITH_UNIT(LENGTH_MEASURE(125.0),#832)REPRESENTATION_ITEM('surface finish'));
#838=REPRESENTATION('surface finish value',(#837),#34);
#839=PROPERTY_DEFINITION('surface property','surface finish',#820);
#840=PROPERTY_DEFINITION('surface property','surface finish',#820);
#841=PROPERTY_DEFINITION_REPRESENTATION(#840,#838);
#842=PROPERTY_DEFINITION_RELATIONSHIP('','',#839,#840);
#843=ORIENTED_EDGE('',*,*,#105,.F.);
#844=ORIENTED_EDGE('',*,*,#528,.F.);
#845=ORIENTED_EDGE('',*,*,#495,.F.);
#846=ORIENTED_EDGE('',*,*,#188,.F.);
#847=EDGE_LOOP('',(#843,#844,#845,#846));
#848=FACE_BOUND('',#847,.F.);
#849=CARTESIAN_POINT('',(10.062500000000000,-0.300000000000000,6.312500000000000));
#850=DIRECTION('',(0.0,1.0,0.0));
#851=DIRECTION('',(0.0,0.0,1.0));
#852=AXIS2_PLACEMENT_3D('',#849,#850,#851);
#853=CYLINDRICAL_SURFACE('',#852,0.562500000000000);
#854=ADVANCED_FACE('',(#848),#853,.T.);
#855=SHAPE_ASPECT('featured shape: face 7','',#43,.T.);
#856=PROPERTY_DEFINITION('','',#855);
#857=FACE_SHAPE_REPRESENTATION('',(#854),#34);
#858=SHAPE_DEFINITION_REPRESENTATION(#856,#857);
#859=ORIENTED_EDGE('',*,*,#91,.F.);
#860=ORIENTED_EDGE('',*,*,#178,.F.);
#861=ORIENTED_EDGE('',*,*,#145,.F.);
#862=ORIENTED_EDGE('',*,*,#536,.F.);
#863=EDGE_LOOP('',(#859,#860,#861,#862));
#864=FACE_BOUND('',#863,.F.);
#865=CARTESIAN_POINT('',(0.562500000000000,0.0,6.312500000000000));
#866=DIRECTION('',(0.0,-1.0,0.0));
#867=DIRECTION('',(0.0,0.0,1.0));
#868=AXIS2_PLACEMENT_3D('',#865,#866,#867);
#869=CYLINDRICAL_SURFACE('',#868,0.562500000000000);
#870=ADVANCED_FACE('',(#864),#869,.T.);
#871=SHAPE_ASPECT('featured shape: face 8','',#43,.T.);
#872=PROPERTY_DEFINITION('','',#871);
#873=FACE_SHAPE_REPRESENTATION('',(#870),#34);
#874=SHAPE_DEFINITION_REPRESENTATION(#872,#873);
#875=ORIENTED_EDGE('',*,*,#51,.F.);
#876=ORIENTED_EDGE('',*,*,#544,.F.);
#877=ORIENTED_EDGE('',*,*,#131,.F.);
#878=ORIENTED_EDGE('',*,*,#170,.F.);
#879=EDGE_LOOP('',(#875,#876,#877,#878));
#880=FACE_BOUND('',#879,.F.);
#881=CARTESIAN_POINT('',(0.562500000000000,0.0,0.562500000000000));
#882=DIRECTION('',(0.0,1.0,0.0));
#883=DIRECTION('',(0.0,0.0,-1.0));
#884=AXIS2_PLACEMENT_3D('',#881,#882,#883);
#885=CYLINDRICAL_SURFACE('',#884,0.562500000000000);
#886=ADVANCED_FACE('',(#880),#885,.T.);
#887=SHAPE_ASPECT('featured shape: face 9','',#43,.T.);
#888=PROPERTY_DEFINITION('','',#887);
#889=FACE_SHAPE_REPRESENTATION('',(#886),#34);
#890=SHAPE_DEFINITION_REPRESENTATION(#888,#889);
#891=ORIENTED_EDGE('',*,*,#65,.F.);
#892=ORIENTED_EDGE('',*,*,#202,.F.);
#893=ORIENTED_EDGE('',*,*,#487,.F.);
#894=ORIENTED_EDGE('',*,*,#520,.F.);
#895=EDGE_LOOP('',(#891,#892,#893,#894));
#896=FACE_BOUND('',#895,.F.);
#897=CARTESIAN_POINT('',(10.062500000000000,-0.300000000000000,0.562500000000000));
#898=DIRECTION('',(0.0,-1.0,0.0));
#899=DIRECTION('',(0.0,0.0,-1.0));
#900=AXIS2_PLACEMENT_3D('',#897,#898,#899);
#901=CYLINDRICAL_SURFACE('',#900,0.562500000000000);
#902=ADVANCED_FACE('',(#896),#901,.T.);
#903=SHAPE_ASPECT('featured shape: face 10','',#43,.T.);
#904=PROPERTY_DEFINITION('','',#903);
#905=FACE_SHAPE_REPRESENTATION('',(#902),#34);
#906=SHAPE_DEFINITION_REPRESENTATION(#904,#905);
#907=ORIENTED_EDGE('',*,*,#215,.F.);
#908=DIRECTION('',(0.0,-1.0,0.0));
#909=VECTOR('',#908,0.300000000000000);
#910=LINE('',#549,#909);
#911=EDGE_CURVE('',#208,#551,#910,.F.);
#912=ORIENTED_EDGE('',*,*,#911,.T.);
#913=ORIENTED_EDGE('',*,*,#557,.F.);
#914=DIRECTION('',(0.0,-1.0,0.0));
#915=VECTOR('',#914,0.300000000000000);
#916=LINE('',#548,#915);
#917=EDGE_CURVE('',#550,#209,#916,.T.);
#918=ORIENTED_EDGE('',*,*,#917,.T.);
#919=EDGE_LOOP('',(#907,#912,#913,#918));
#920=FACE_BOUND('',#919,.F.);
#921=CARTESIAN_POINT('',(1.625000000000000,0.0,1.750000000000000));
#922=DIRECTION('',(0.0,1.0,0.0));
#923=DIRECTION('',(1.0,0.0,0.0));
#924=AXIS2_PLACEMENT_3D('',#921,#922,#923);
#925=CYLINDRICAL_SURFACE('',#924,0.187500000000000);
#926=ADVANCED_FACE('',(#920),#925,.F.);
#927=SHAPE_ASPECT('featured shape: face 11','',#43,.T.);
#928=PROPERTY_DEFINITION('','',#927);
#929=FACE_SHAPE_REPRESENTATION('',(#926),#34);
#930=SHAPE_DEFINITION_REPRESENTATION(#928,#929);
#931=ORIENTED_EDGE('',*,*,#268,.F.);
#932=DIRECTION('',(0.0,-1.0,0.0));
#933=VECTOR('',#932,0.300000000000000);
#934=LINE('',#559,#933);
#935=EDGE_CURVE('',#257,#560,#934,.F.);
#936=ORIENTED_EDGE('',*,*,#935,.T.);
#937=ORIENTED_EDGE('',*,*,#564,.F.);
#938=ORIENTED_EDGE('',*,*,#911,.F.);
#939=EDGE_LOOP('',(#931,#936,#937,#938));
#940=FACE_BOUND('',#939,.F.);
#941=CARTESIAN_POINT('',(1.437500000000000,0.0,1.750000000000000));
#942=DIRECTION('',(-1.0,0.0,0.0));
#943=DIRECTION('',(0.0,0.0,1.0));
#944=AXIS2_PLACEMENT_3D('',#941,#942,#943);
#945=PLANE('',#944);
#946=ADVANCED_FACE('',(#940),#945,.F.);
#947=SHAPE_ASPECT('featured shape: face 12','',#43,.T.);
#948=PROPERTY_DEFINITION('','',#947);
#949=FACE_SHAPE_REPRESENTATION('',(#946),#34);
#950=SHAPE_DEFINITION_REPRESENTATION(#948,#949);
#951=ORIENTED_EDGE('',*,*,#263,.F.);
#952=DIRECTION('',(0.0,-1.0,0.0));
#953=VECTOR('',#952,0.300000000000000);
#954=LINE('',#566,#953);
#955=EDGE_CURVE('',#250,#567,#954,.F.);
#956=ORIENTED_EDGE('',*,*,#955,.T.);
#957=ORIENTED_EDGE('',*,*,#573,.F.);
#958=ORIENTED_EDGE('',*,*,#935,.F.);
#959=EDGE_LOOP('',(#951,#956,#957,#958));
#960=FACE_BOUND('',#959,.F.);
#961=CARTESIAN_POINT('',(1.625000000000000,0.0,5.125000000000000));
#962=DIRECTION('',(0.0,1.0,0.0));
#963=DIRECTION('',(1.0,0.0,0.0));
#964=AXIS2_PLACEMENT_3D('',#961,#962,#963);
#965=CYLINDRICAL_SURFACE('',#964,0.187500000000000);
#966=ADVANCED_FACE('',(#960),#965,.F.);
#967=SHAPE_ASPECT('featured shape: face 13','',#43,.T.);
#968=PROPERTY_DEFINITION('','',#967);
#969=FACE_SHAPE_REPRESENTATION('',(#966),#34);
#970=SHAPE_DEFINITION_REPRESENTATION(#968,#969);
#971=ORIENTED_EDGE('',*,*,#254,.F.);
#972=DIRECTION('',(0.0,-1.0,0.0));
#973=VECTOR('',#972,0.300000000000000);
#974=LINE('',#575,#973);
#975=EDGE_CURVE('',#241,#576,#974,.F.);
#976=ORIENTED_EDGE('',*,*,#975,.T.);
#977=ORIENTED_EDGE('',*,*,#580,.F.);
#978=ORIENTED_EDGE('',*,*,#955,.F.);
#979=EDGE_LOOP('',(#971,#976,#977,#978));
#980=FACE_BOUND('',#979,.F.);
#981=CARTESIAN_POINT('',(1.625000000000000,0.0,5.312500000000000));
#982=DIRECTION('',(0.0,0.0,1.0));
#983=DIRECTION('',(1.0,0.0,0.0));
#984=AXIS2_PLACEMENT_3D('',#981,#982,#983);
#985=PLANE('',#984);
#986=ADVANCED_FACE('',(#980),#985,.F.);
#987=SHAPE_ASPECT('featured shape: face 14','',#43,.T.);
#988=PROPERTY_DEFINITION('','',#987);
#989=FACE_SHAPE_REPRESENTATION('',(#986),#34);
#990=SHAPE_DEFINITION_REPRESENTATION(#988,#989);
#991=ORIENTED_EDGE('',*,*,#247,.F.);
#992=DIRECTION('',(0.0,-1.0,0.0));
#993=VECTOR('',#992,0.300000000000000);
#994=LINE('',#582,#993);
#995=EDGE_CURVE('',#234,#583,#994,.F.);
#996=ORIENTED_EDGE('',*,*,#995,.T.);
#997=ORIENTED_EDGE('',*,*,#589,.F.);
#998=ORIENTED_EDGE('',*,*,#975,.F.);
#999=EDGE_LOOP('',(#991,#996,#997,#998));
#1000=FACE_BOUND('',#999,.F.);
#1001=CARTESIAN_POINT('',(9.0,0.0,5.125000000000000));
#1002=DIRECTION('',(0.0,1.0,0.0));
#1003=DIRECTION('',(1.0,0.0,0.0));
#1004=AXIS2_PLACEMENT_3D('',#1001,#1002,#1003);
#1005=CYLINDRICAL_SURFACE('',#1004,0.187500000000000);
#1006=ADVANCED_FACE('',(#1000),#1005,.F.);
#1007=SHAPE_ASPECT('featured shape: face 15','',#43,.T.);
#1008=PROPERTY_DEFINITION('','',#1007);
#1009=FACE_SHAPE_REPRESENTATION('',(#1006),#34);
#1010=SHAPE_DEFINITION_REPRESENTATION(#1008,#1009);
#1011=ORIENTED_EDGE('',*,*,#238,.F.);
#1012=DIRECTION('',(0.0,-1.0,0.0));
#1013=VECTOR('',#1012,0.300000000000000);
#1014=LINE('',#591,#1013);
#1015=EDGE_CURVE('',#225,#592,#1014,.F.);
#1016=ORIENTED_EDGE('',*,*,#1015,.T.);
#1017=ORIENTED_EDGE('',*,*,#596,.F.);
#1018=ORIENTED_EDGE('',*,*,#995,.F.);
#1019=EDGE_LOOP('',(#1011,#1016,#1017,#1018));
#1020=FACE_BOUND('',#1019,.F.);
#1021=CARTESIAN_POINT('',(9.187500000000000,0.0,5.125000000000000));
#1022=DIRECTION('',(1.0,0.0,0.0));
#1023=DIRECTION('',(0.0,0.0,-1.0));
#1024=AXIS2_PLACEMENT_3D('',#1021,#1022,#1023);
#1025=PLANE('',#1024);
#1026=ADVANCED_FACE('',(#1020),#1025,.F.);
#1027=SHAPE_ASPECT('featured shape: face 16','',#43,.T.);
#1028=PROPERTY_DEFINITION('','',#1027);
#1029=FACE_SHAPE_REPRESENTATION('',(#1026),#34);
#1030=SHAPE_DEFINITION_REPRESENTATION(#1028,#1029);
#1031=ORIENTED_EDGE('',*,*,#231,.F.);
#1032=DIRECTION('',(0.0,-1.0,0.0));
#1033=VECTOR('',#1032,0.300000000000000);
#1034=LINE('',#598,#1033);
#1035=EDGE_CURVE('',#218,#599,#1034,.F.);
#1036=ORIENTED_EDGE('',*,*,#1035,.T.);
#1037=ORIENTED_EDGE('',*,*,#605,.F.);
#1038=ORIENTED_EDGE('',*,*,#1015,.F.);
#1039=EDGE_LOOP('',(#1031,#1036,#1037,#1038));
#1040=FACE_BOUND('',#1039,.F.);
#1041=CARTESIAN_POINT('',(9.0,0.0,1.750000000000000));
#1042=DIRECTION('',(0.0,1.0,0.0));
#1043=DIRECTION('',(1.0,0.0,0.0));
#1044=AXIS2_PLACEMENT_3D('',#1041,#1042,#1043);
#1045=CYLINDRICAL_SURFACE('',#1044,0.187500000000000);
#1046=ADVANCED_FACE('',(#1040),#1045,.F.);
#1047=SHAPE_ASPECT('featured shape: face 17','',#43,.T.);
#1048=PROPERTY_DEFINITION('','',#1047);
#1049=FACE_SHAPE_REPRESENTATION('',(#1046),#34);
#1050=SHAPE_DEFINITION_REPRESENTATION(#1048,#1049);
#1051=ORIENTED_EDGE('',*,*,#222,.F.);
#1052=ORIENTED_EDGE('',*,*,#917,.F.);
#1053=ORIENTED_EDGE('',*,*,#610,.F.);
#1054=ORIENTED_EDGE('',*,*,#1035,.F.);
#1055=EDGE_LOOP('',(#1051,#1052,#1053,#1054));
#1056=FACE_BOUND('',#1055,.F.);
#1057=CARTESIAN_POINT('',(9.0,0.0,1.562500000000000));
#1058=DIRECTION('',(0.0,0.0,-1.0));
#1059=DIRECTION('',(-1.0,0.0,0.0));
#1060=AXIS2_PLACEMENT_3D('',#1057,#1058,#1059);
#1061=PLANE('',#1060);
#1062=ADVANCED_FACE('',(#1056),#1061,.F.);
#1063=SHAPE_ASPECT('featured shape: face 18','',#43,.T.);
#1064=PROPERTY_DEFINITION('','',#1063);
#1065=FACE_SHAPE_REPRESENTATION('',(#1062),#34);
#1066=SHAPE_DEFINITION_REPRESENTATION(#1064,#1065);
#1067=ORIENTED_EDGE('',*,*,#281,.F.);
#1068=DIRECTION('',(0.0,-1.0,0.0));
#1069=VECTOR('',#1068,0.300000000000000);
#1070=LINE('',#615,#1069);
#1071=EDGE_CURVE('',#274,#617,#1070,.F.);
#1072=ORIENTED_EDGE('',*,*,#1071,.T.);
#1073=ORIENTED_EDGE('',*,*,#623,.F.);
#1074=DIRECTION('',(0.0,-1.0,0.0));
#1075=VECTOR('',#1074,0.300000000000000);
#1076=LINE('',#614,#1075);
#1077=EDGE_CURVE('',#616,#275,#1076,.T.);
#1078=ORIENTED_EDGE('',*,*,#1077,.T.);
#1079=EDGE_LOOP('',(#1067,#1072,#1073,#1078));
#1080=FACE_BOUND('',#1079,.F.);
#1081=CARTESIAN_POINT('',(0.562500000000000,0.0,0.562500000000000));
#1082=DIRECTION('',(0.0,-1.0,0.0));
#1083=DIRECTION('',(1.0,0.0,0.0));
#1084=AXIS2_PLACEMENT_3D('',#1081,#1082,#1083);
#1085=CYLINDRICAL_SURFACE('',#1084,0.310500000000000);
#1086=ADVANCED_FACE('',(#1080),#1085,.F.);
#1087=SHAPE_ASPECT('featured shape: face 19','',#43,.T.);
#1088=PROPERTY_DEFINITION('','',#1087);
#1089=FACE_SHAPE_REPRESENTATION('',(#1086),#34);
#1090=SHAPE_DEFINITION_REPRESENTATION(#1088,#1089);
#1091=ORIENTED_EDGE('',*,*,#288,.F.);
#1092=ORIENTED_EDGE('',*,*,#1077,.F.);
#1093=ORIENTED_EDGE('',*,*,#630,.F.);
#1094=ORIENTED_EDGE('',*,*,#1071,.F.);
#1095=EDGE_LOOP('',(#1091,#1092,#1093,#1094));
#1096=FACE_BOUND('',#1095,.F.);
#1097=CARTESIAN_POINT('',(0.562500000000000,0.0,0.562500000000000));
#1098=DIRECTION('',(0.0,-1.0,0.0));
#1099=DIRECTION('',(1.0,0.0,0.0));
#1100=AXIS2_PLACEMENT_3D('',#1097,#1098,#1099);
#1101=CYLINDRICAL_SURFACE('',#1100,0.310500000000000);
#1102=ADVANCED_FACE('',(#1096),#1101,.F.);
#1103=SHAPE_ASPECT('featured shape: face 20','',#43,.T.);
#1104=PROPERTY_DEFINITION('','',#1103);
#1105=FACE_SHAPE_REPRESENTATION('',(#1102),#34);
#1106=SHAPE_DEFINITION_REPRESENTATION(#1104,#1105);
#1107=ORIENTED_EDGE('',*,*,#301,.F.);
#1108=DIRECTION('',(0.0,-1.0,0.0));
#1109=VECTOR('',#1108,0.300000000000000);
#1110=LINE('',#635,#1109);
#1111=EDGE_CURVE('',#294,#637,#1110,.F.);
#1112=ORIENTED_EDGE('',*,*,#1111,.T.);
#1113=ORIENTED_EDGE('',*,*,#643,.F.);
#1114=DIRECTION('',(0.0,-1.0,0.0));
#1115=VECTOR('',#1114,0.300000000000000);
#1116=LINE('',#634,#1115);
#1117=EDGE_CURVE('',#636,#295,#1116,.T.);
#1118=ORIENTED_EDGE('',*,*,#1117,.T.);
#1119=EDGE_LOOP('',(#1107,#1112,#1113,#1118));
#1120=FACE_BOUND('',#1119,.F.);
#1121=CARTESIAN_POINT('',(3.729166666666667,0.0,0.562500000000000));
#1122=DIRECTION('',(0.0,-1.0,0.0));
#1123=DIRECTION('',(1.0,0.0,0.0));
#1124=AXIS2_PLACEMENT_3D('',#1121,#1122,#1123);
#1125=CYLINDRICAL_SURFACE('',#1124,0.310500000000000);
#1126=ADVANCED_FACE('',(#1120),#1125,.F.);
#1127=SHAPE_ASPECT('featured shape: face 21','',#43,.T.);
#1128=PROPERTY_DEFINITION('','',#1127);
#1129=FACE_SHAPE_REPRESENTATION('',(#1126),#34);
#1130=SHAPE_DEFINITION_REPRESENTATION(#1128,#1129);
#1131=ORIENTED_EDGE('',*,*,#308,.F.);
#1132=ORIENTED_EDGE('',*,*,#1117,.F.);
#1133=ORIENTED_EDGE('',*,*,#650,.F.);
#1134=ORIENTED_EDGE('',*,*,#1111,.F.);
#1135=EDGE_LOOP('',(#1131,#1132,#1133,#1134));
#1136=FACE_BOUND('',#1135,.F.);
#1137=CARTESIAN_POINT('',(3.729166666666667,0.0,0.562500000000000));
#1138=DIRECTION('',(0.0,-1.0,0.0));
#1139=DIRECTION('',(1.0,0.0,0.0));
#1140=AXIS2_PLACEMENT_3D('',#1137,#1138,#1139);
#1141=CYLINDRICAL_SURFACE('',#1140,0.310500000000000);
#1142=ADVANCED_FACE('',(#1136),#1141,.F.);
#1143=SHAPE_ASPECT('featured shape: face 22','',#43,.T.);
#1144=PROPERTY_DEFINITION('','',#1143);
#1145=FACE_SHAPE_REPRESENTATION('',(#1142),#34);
#1146=SHAPE_DEFINITION_REPRESENTATION(#1144,#1145);
#1147=ORIENTED_EDGE('',*,*,#321,.F.);
#1148=DIRECTION('',(0.0,-1.0,0.0));
#1149=VECTOR('',#1148,0.300000000000000);
#1150=LINE('',#655,#1149);
#1151=EDGE_CURVE('',#314,#657,#1150,.F.);
#1152=ORIENTED_EDGE('',*,*,#1151,.T.);
#1153=ORIENTED_EDGE('',*,*,#663,.F.);
#1154=DIRECTION('',(0.0,-1.0,0.0));
#1155=VECTOR('',#1154,0.300000000000000);
#1156=LINE('',#654,#1155);
#1157=EDGE_CURVE('',#656,#315,#1156,.T.);
#1158=ORIENTED_EDGE('',*,*,#1157,.T.);
#1159=EDGE_LOOP('',(#1147,#1152,#1153,#1158));
#1160=FACE_BOUND('',#1159,.F.);
#1161=CARTESIAN_POINT('',(6.895833333333333,0.0,0.562500000000000));
#1162=DIRECTION('',(0.0,-1.0,0.0));
#1163=DIRECTION('',(1.0,0.0,0.0));
#1164=AXIS2_PLACEMENT_3D('',#1161,#1162,#1163);
#1165=CYLINDRICAL_SURFACE('',#1164,0.310500000000000);
#1166=ADVANCED_FACE('',(#1160),#1165,.F.);
#1167=SHAPE_ASPECT('featured shape: face 23','',#43,.T.);
#1168=PROPERTY_DEFINITION('','',#1167);
#1169=FACE_SHAPE_REPRESENTATION('',(#1166),#34);
#1170=SHAPE_DEFINITION_REPRESENTATION(#1168,#1169);
#1171=ORIENTED_EDGE('',*,*,#328,.F.);
#1172=ORIENTED_EDGE('',*,*,#1157,.F.);
#1173=ORIENTED_EDGE('',*,*,#670,.F.);
#1174=ORIENTED_EDGE('',*,*,#1151,.F.);
#1175=EDGE_LOOP('',(#1171,#1172,#1173,#1174));
#1176=FACE_BOUND('',#1175,.F.);
#1177=CARTESIAN_POINT('',(6.895833333333333,0.0,0.562500000000000));
#1178=DIRECTION('',(0.0,-1.0,0.0));
#1179=DIRECTION('',(1.0,0.0,0.0));
#1180=AXIS2_PLACEMENT_3D('',#1177,#1178,#1179);
#1181=CYLINDRICAL_SURFACE('',#1180,0.310500000000000);
#1182=ADVANCED_FACE('',(#1176),#1181,.F.);
#1183=SHAPE_ASPECT('featured shape: face 24','',#43,.T.);
#1184=PROPERTY_DEFINITION('','',#1183);
#1185=FACE_SHAPE_REPRESENTATION('',(#1182),#34);
#1186=SHAPE_DEFINITION_REPRESENTATION(#1184,#1185);
#1187=ORIENTED_EDGE('',*,*,#341,.F.);
#1188=DIRECTION('',(0.0,-1.0,0.0));
#1189=VECTOR('',#1188,0.300000000000000);
#1190=LINE('',#675,#1189);
#1191=EDGE_CURVE('',#334,#677,#1190,.F.);
#1192=ORIENTED_EDGE('',*,*,#1191,.T.);
#1193=ORIENTED_EDGE('',*,*,#683,.F.);
#1194=DIRECTION('',(0.0,-1.0,0.0));
#1195=VECTOR('',#1194,0.300000000000000);
#1196=LINE('',#674,#1195);
#1197=EDGE_CURVE('',#676,#335,#1196,.T.);
#1198=ORIENTED_EDGE('',*,*,#1197,.T.);
#1199=EDGE_LOOP('',(#1187,#1192,#1193,#1198));
#1200=FACE_BOUND('',#1199,.F.);
#1201=CARTESIAN_POINT('',(10.062500000000000,0.0,0.562500000000000));
#1202=DIRECTION('',(0.0,-1.0,0.0));
#1203=DIRECTION('',(1.0,0.0,0.0));
#1204=AXIS2_PLACEMENT_3D('',#1201,#1202,#1203);
#1205=CYLINDRICAL_SURFACE('',#1204,0.310500000000000);
#1206=ADVANCED_FACE('',(#1200),#1205,.F.);
#1207=SHAPE_ASPECT('featured shape: face 25','',#43,.T.);
#1208=PROPERTY_DEFINITION('','',#1207);
#1209=FACE_SHAPE_REPRESENTATION('',(#1206),#34);
#1210=SHAPE_DEFINITION_REPRESENTATION(#1208,#1209);
#1211=ORIENTED_EDGE('',*,*,#348,.F.);
#1212=ORIENTED_EDGE('',*,*,#1197,.F.);
#1213=ORIENTED_EDGE('',*,*,#690,.F.);
#1214=ORIENTED_EDGE('',*,*,#1191,.F.);
#1215=EDGE_LOOP('',(#1211,#1212,#1213,#1214));
#1216=FACE_BOUND('',#1215,.F.);
#1217=CARTESIAN_POINT('',(10.062500000000000,0.0,0.562500000000000));
#1218=DIRECTION('',(0.0,-1.0,0.0));
#1219=DIRECTION('',(1.0,0.0,0.0));
#1220=AXIS2_PLACEMENT_3D('',#1217,#1218,#1219);
#1221=CYLINDRICAL_SURFACE('',#1220,0.310500000000000);
#1222=ADVANCED_FACE('',(#1216),#1221,.F.);
#1223=SHAPE_ASPECT('featured shape: face 26','',#43,.T.);
#1224=PROPERTY_DEFINITION('','',#1223);
#1225=FACE_SHAPE_REPRESENTATION('',(#1222),#34);
#1226=SHAPE_DEFINITION_REPRESENTATION(#1224,#1225);
#1227=ORIENTED_EDGE('',*,*,#361,.F.);
#1228=DIRECTION('',(0.0,-1.0,0.0));
#1229=VECTOR('',#1228,0.300000000000000);
#1230=LINE('',#695,#1229);
#1231=EDGE_CURVE('',#354,#697,#1230,.F.);
#1232=ORIENTED_EDGE('',*,*,#1231,.T.);
#1233=ORIENTED_EDGE('',*,*,#703,.F.);
#1234=DIRECTION('',(0.0,-1.0,0.0));
#1235=VECTOR('',#1234,0.300000000000000);
#1236=LINE('',#694,#1235);
#1237=EDGE_CURVE('',#696,#355,#1236,.T.);
#1238=ORIENTED_EDGE('',*,*,#1237,.T.);
#1239=EDGE_LOOP('',(#1227,#1232,#1233,#1238));
#1240=FACE_BOUND('',#1239,.F.);
#1241=CARTESIAN_POINT('',(0.562500000000000,0.0,3.437500000000000));
#1242=DIRECTION('',(0.0,-1.0,0.0));
#1243=DIRECTION('',(1.0,0.0,0.0));
#1244=AXIS2_PLACEMENT_3D('',#1241,#1242,#1243);
#1245=CYLINDRICAL_SURFACE('',#1244,0.310500000000000);
#1246=ADVANCED_FACE('',(#1240),#1245,.F.);
#1247=SHAPE_ASPECT('featured shape: face 27','',#43,.T.);
#1248=PROPERTY_DEFINITION('','',#1247);
#1249=FACE_SHAPE_REPRESENTATION('',(#1246),#34);
#1250=SHAPE_DEFINITION_REPRESENTATION(#1248,#1249);
#1251=ORIENTED_EDGE('',*,*,#368,.F.);
#1252=ORIENTED_EDGE('',*,*,#1237,.F.);
#1253=ORIENTED_EDGE('',*,*,#710,.F.);
#1254=ORIENTED_EDGE('',*,*,#1231,.F.);
#1255=EDGE_LOOP('',(#1251,#1252,#1253,#1254));
#1256=FACE_BOUND('',#1255,.F.);
#1257=CARTESIAN_POINT('',(0.562500000000000,0.0,3.437500000000000));
#1258=DIRECTION('',(0.0,-1.0,0.0));
#1259=DIRECTION('',(1.0,0.0,0.0));
#1260=AXIS2_PLACEMENT_3D('',#1257,#1258,#1259);
#1261=CYLINDRICAL_SURFACE('',#1260,0.310500000000000);
#1262=ADVANCED_FACE('',(#1256),#1261,.F.);
#1263=SHAPE_ASPECT('featured shape: face 28','',#43,.T.);
#1264=PROPERTY_DEFINITION('','',#1263);
#1265=FACE_SHAPE_REPRESENTATION('',(#1262),#34);
#1266=SHAPE_DEFINITION_REPRESENTATION(#1264,#1265);
#1267=ORIENTED_EDGE('',*,*,#381,.F.);
#1268=DIRECTION('',(0.0,-1.0,0.0));
#1269=VECTOR('',#1268,0.300000000000000);
#1270=LINE('',#715,#1269);
#1271=EDGE_CURVE('',#374,#717,#1270,.F.);
#1272=ORIENTED_EDGE('',*,*,#1271,.T.);
#1273=ORIENTED_EDGE('',*,*,#723,.F.);
#1274=DIRECTION('',(0.0,-1.0,0.0));
#1275=VECTOR('',#1274,0.300000000000000);
#1276=LINE('',#714,#1275);
#1277=EDGE_CURVE('',#716,#375,#1276,.T.);
#1278=ORIENTED_EDGE('',*,*,#1277,.T.);
#1279=EDGE_LOOP('',(#1267,#1272,#1273,#1278));
#1280=FACE_BOUND('',#1279,.F.);
#1281=CARTESIAN_POINT('',(10.062500000000000,0.0,3.437500000000000));
#1282=DIRECTION('',(0.0,-1.0,0.0));
#1283=DIRECTION('',(1.0,0.0,0.0));
#1284=AXIS2_PLACEMENT_3D('',#1281,#1282,#1283);
#1285=CYLINDRICAL_SURFACE('',#1284,0.310500000000000);
#1286=ADVANCED_FACE('',(#1280),#1285,.F.);
#1287=SHAPE_ASPECT('featured shape: face 29','',#43,.T.);
#1288=PROPERTY_DEFINITION('','',#1287);
#1289=FACE_SHAPE_REPRESENTATION('',(#1286),#34);
#1290=SHAPE_DEFINITION_REPRESENTATION(#1288,#1289);
#1291=ORIENTED_EDGE('',*,*,#388,.F.);
#1292=ORIENTED_EDGE('',*,*,#1277,.F.);
#1293=ORIENTED_EDGE('',*,*,#730,.F.);
#1294=ORIENTED_EDGE('',*,*,#1271,.F.);
#1295=EDGE_LOOP('',(#1291,#1292,#1293,#1294));
#1296=FACE_BOUND('',#1295,.F.);
#1297=CARTESIAN_POINT('',(10.062500000000000,0.0,3.437500000000000));
#1298=DIRECTION('',(0.0,-1.0,0.0));
#1299=DIRECTION('',(1.0,0.0,0.0));
#1300=AXIS2_PLACEMENT_3D('',#1297,#1298,#1299);
#1301=CYLINDRICAL_SURFACE('',#1300,0.310500000000000);
#1302=ADVANCED_FACE('',(#1296),#1301,.F.);
#1303=SHAPE_ASPECT('featured shape: face 30','',#43,.T.);
#1304=PROPERTY_DEFINITION('','',#1303);
#1305=FACE_SHAPE_REPRESENTATION('',(#1302),#34);
#1306=SHAPE_DEFINITION_REPRESENTATION(#1304,#1305);
#1307=ORIENTED_EDGE('',*,*,#401,.F.);
#1308=DIRECTION('',(0.0,-1.0,0.0));
#1309=VECTOR('',#1308,0.300000000000000);
#1310=LINE('',#735,#1309);
#1311=EDGE_CURVE('',#394,#737,#1310,.F.);
#1312=ORIENTED_EDGE('',*,*,#1311,.T.);
#1313=ORIENTED_EDGE('',*,*,#743,.F.);
#1314=DIRECTION('',(0.0,-1.0,0.0));
#1315=VECTOR('',#1314,0.300000000000000);
#1316=LINE('',#734,#1315);
#1317=EDGE_CURVE('',#736,#395,#1316,.T.);
#1318=ORIENTED_EDGE('',*,*,#1317,.T.);
#1319=EDGE_LOOP('',(#1307,#1312,#1313,#1318));
#1320=FACE_BOUND('',#1319,.F.);
#1321=CARTESIAN_POINT('',(0.562500000000000,0.0,6.312500000000000));
#1322=DIRECTION('',(0.0,-1.0,0.0));
#1323=DIRECTION('',(1.0,0.0,0.0));
#1324=AXIS2_PLACEMENT_3D('',#1321,#1322,#1323);
#1325=CYLINDRICAL_SURFACE('',#1324,0.310500000000000);
#1326=ADVANCED_FACE('',(#1320),#1325,.F.);
#1327=SHAPE_ASPECT('featured shape: face 31','',#43,.T.);
#1328=PROPERTY_DEFINITION('','',#1327);
#1329=FACE_SHAPE_REPRESENTATION('',(#1326),#34);
#1330=SHAPE_DEFINITION_REPRESENTATION(#1328,#1329);
#1331=ORIENTED_EDGE('',*,*,#408,.F.);
#1332=ORIENTED_EDGE('',*,*,#1317,.F.);
#1333=ORIENTED_EDGE('',*,*,#750,.F.);
#1334=ORIENTED_EDGE('',*,*,#1311,.F.);
#1335=EDGE_LOOP('',(#1331,#1332,#1333,#1334));
#1336=FACE_BOUND('',#1335,.F.);
#1337=CARTESIAN_POINT('',(0.562500000000000,0.0,6.312500000000000));
#1338=DIRECTION('',(0.0,-1.0,0.0));
#1339=DIRECTION('',(1.0,0.0,0.0));
#1340=AXIS2_PLACEMENT_3D('',#1337,#1338,#1339);
#1341=CYLINDRICAL_SURFACE('',#1340,0.310500000000000);
#1342=ADVANCED_FACE('',(#1336),#1341,.F.);
#1343=SHAPE_ASPECT('featured shape: face 32','',#43,.T.);
#1344=PROPERTY_DEFINITION('','',#1343);
#1345=FACE_SHAPE_REPRESENTATION('',(#1342),#34);
#1346=SHAPE_DEFINITION_REPRESENTATION(#1344,#1345);
#1347=ORIENTED_EDGE('',*,*,#421,.F.);
#1348=DIRECTION('',(0.0,-1.0,0.0));
#1349=VECTOR('',#1348,0.300000000000000);
#1350=LINE('',#755,#1349);
#1351=EDGE_CURVE('',#414,#757,#1350,.F.);
#1352=ORIENTED_EDGE('',*,*,#1351,.T.);
#1353=ORIENTED_EDGE('',*,*,#763,.F.);
#1354=DIRECTION('',(0.0,-1.0,0.0));
#1355=VECTOR('',#1354,0.300000000000000);
#1356=LINE('',#754,#1355);
#1357=EDGE_CURVE('',#756,#415,#1356,.T.);
#1358=ORIENTED_EDGE('',*,*,#1357,.T.);
#1359=EDGE_LOOP('',(#1347,#1352,#1353,#1358));
#1360=FACE_BOUND('',#1359,.F.);
#1361=CARTESIAN_POINT('',(3.729166666666667,0.0,6.312500000000000));
#1362=DIRECTION('',(0.0,-1.0,0.0));
#1363=DIRECTION('',(1.0,0.0,0.0));
#1364=AXIS2_PLACEMENT_3D('',#1361,#1362,#1363);
#1365=CYLINDRICAL_SURFACE('',#1364,0.310500000000000);
#1366=ADVANCED_FACE('',(#1360),#1365,.F.);
#1367=SHAPE_ASPECT('featured shape: face 33','',#43,.T.);
#1368=PROPERTY_DEFINITION('','',#1367);
#1369=FACE_SHAPE_REPRESENTATION('',(#1366),#34);
#1370=SHAPE_DEFINITION_REPRESENTATION(#1368,#1369);
#1371=ORIENTED_EDGE('',*,*,#428,.F.);
#1372=ORIENTED_EDGE('',*,*,#1357,.F.);
#1373=ORIENTED_EDGE('',*,*,#770,.F.);
#1374=ORIENTED_EDGE('',*,*,#1351,.F.);
#1375=EDGE_LOOP('',(#1371,#1372,#1373,#1374));
#1376=FACE_BOUND('',#1375,.F.);
#1377=CARTESIAN_POINT('',(3.729166666666667,0.0,6.312500000000000));
#1378=DIRECTION('',(0.0,-1.0,0.0));
#1379=DIRECTION('',(1.0,0.0,0.0));
#1380=AXIS2_PLACEMENT_3D('',#1377,#1378,#1379);
#1381=CYLINDRICAL_SURFACE('',#1380,0.310500000000000);
#1382=ADVANCED_FACE('',(#1376),#1381,.F.);
#1383=SHAPE_ASPECT('featured shape: face 34','',#43,.T.);
#1384=PROPERTY_DEFINITION('','',#1383);
#1385=FACE_SHAPE_REPRESENTATION('',(#1382),#34);
#1386=SHAPE_DEFINITION_REPRESENTATION(#1384,#1385);
#1387=ORIENTED_EDGE('',*,*,#441,.F.);
#1388=DIRECTION('',(0.0,-1.0,0.0));
#1389=VECTOR('',#1388,0.300000000000000);
#1390=LINE('',#775,#1389);
#1391=EDGE_CURVE('',#434,#777,#1390,.F.);
#1392=ORIENTED_EDGE('',*,*,#1391,.T.);
#1393=ORIENTED_EDGE('',*,*,#783,.F.);
#1394=DIRECTION('',(0.0,-1.0,0.0));
#1395=VECTOR('',#1394,0.300000000000000);
#1396=LINE('',#774,#1395);
#1397=EDGE_CURVE('',#776,#435,#1396,.T.);
#1398=ORIENTED_EDGE('',*,*,#1397,.T.);
#1399=EDGE_LOOP('',(#1387,#1392,#1393,#1398));
#1400=FACE_BOUND('',#1399,.F.);
#1401=CARTESIAN_POINT('',(6.895833333333333,0.0,6.312500000000000));
#1402=DIRECTION('',(0.0,-1.0,0.0));
#1403=DIRECTION('',(1.0,0.0,0.0));
#1404=AXIS2_PLACEMENT_3D('',#1401,#1402,#1403);
#1405=CYLINDRICAL_SURFACE('',#1404,0.310500000000000);
#1406=ADVANCED_FACE('',(#1400),#1405,.F.);
#1407=SHAPE_ASPECT('featured shape: face 35','',#43,.T.);
#1408=PROPERTY_DEFINITION('','',#1407);
#1409=FACE_SHAPE_REPRESENTATION('',(#1406),#34);
#1410=SHAPE_DEFINITION_REPRESENTATION(#1408,#1409);
#1411=ORIENTED_EDGE('',*,*,#448,.F.);
#1412=ORIENTED_EDGE('',*,*,#1397,.F.);
#1413=ORIENTED_EDGE('',*,*,#790,.F.);
#1414=ORIENTED_EDGE('',*,*,#1391,.F.);
#1415=EDGE_LOOP('',(#1411,#1412,#1413,#1414));
#1416=FACE_BOUND('',#1415,.F.);
#1417=CARTESIAN_POINT('',(6.895833333333333,0.0,6.312500000000000));
#1418=DIRECTION('',(0.0,-1.0,0.0));
#1419=DIRECTION('',(1.0,0.0,0.0));
#1420=AXIS2_PLACEMENT_3D('',#1417,#1418,#1419);
#1421=CYLINDRICAL_SURFACE('',#1420,0.310500000000000);
#1422=ADVANCED_FACE('',(#1416),#1421,.F.);
#1423=SHAPE_ASPECT('featured shape: face 36','',#43,.T.);
#1424=PROPERTY_DEFINITION('','',#1423);
#1425=FACE_SHAPE_REPRESENTATION('',(#1422),#34);
#1426=SHAPE_DEFINITION_REPRESENTATION(#1424,#1425);
#1427=ORIENTED_EDGE('',*,*,#461,.F.);
#1428=DIRECTION('',(0.0,-1.0,0.0));
#1429=VECTOR('',#1428,0.300000000000000);
#1430=LINE('',#795,#1429);
#1431=EDGE_CURVE('',#454,#797,#1430,.F.);
#1432=ORIENTED_EDGE('',*,*,#1431,.T.);
#1433=ORIENTED_EDGE('',*,*,#803,.F.);
#1434=DIRECTION('',(0.0,-1.0,0.0));
#1435=VECTOR('',#1434,0.300000000000000);
#1436=LINE('',#794,#1435);
#1437=EDGE_CURVE('',#796,#455,#1436,.T.);
#1438=ORIENTED_EDGE('',*,*,#1437,.T.);
#1439=EDGE_LOOP('',(#1427,#1432,#1433,#1438));
#1440=FACE_BOUND('',#1439,.F.);
#1441=CARTESIAN_POINT('',(10.062500000000000,0.0,6.312500000000000));
#1442=DIRECTION('',(0.0,-1.0,0.0));
#1443=DIRECTION('',(1.0,0.0,0.0));
#1444=AXIS2_PLACEMENT_3D('',#1441,#1442,#1443);
#1445=CYLINDRICAL_SURFACE('',#1444,0.310500000000000);
#1446=ADVANCED_FACE('',(#1440),#1445,.F.);
#1447=SHAPE_ASPECT('featured shape: face 37','',#43,.T.);
#1448=PROPERTY_DEFINITION('','',#1447);
#1449=FACE_SHAPE_REPRESENTATION('',(#1446),#34);
#1450=SHAPE_DEFINITION_REPRESENTATION(#1448,#1449);
#1451=ORIENTED_EDGE('',*,*,#468,.F.);
#1452=ORIENTED_EDGE('',*,*,#1437,.F.);
#1453=ORIENTED_EDGE('',*,*,#810,.F.);
#1454=ORIENTED_EDGE('',*,*,#1431,.F.);
#1455=EDGE_LOOP('',(#1451,#1452,#1453,#1454));
#1456=FACE_BOUND('',#1455,.F.);
#1457=CARTESIAN_POINT('',(10.062500000000000,0.0,6.312500000000000));
#1458=DIRECTION('',(0.0,-1.0,0.0));
#1459=DIRECTION('',(1.0,0.0,0.0));
#1460=AXIS2_PLACEMENT_3D('',#1457,#1458,#1459);
#1461=CYLINDRICAL_SURFACE('',#1460,0.310500000000000);
#1462=ADVANCED_FACE('',(#1456),#1461,.F.);
#1463=SHAPE_ASPECT('featured shape: face 38','',#43,.T.);
#1464=PROPERTY_DEFINITION('','',#1463);
#1465=FACE_SHAPE_REPRESENTATION('',(#1462),#34);
#1466=SHAPE_DEFINITION_REPRESENTATION(#1464,#1465);
#1467=CLOSED_SHELL('',(#79,#119,#159,#477,#509,#819,#854,#870,#886,#902,#926,#946,#966,#986,#1006,#1026,#1046,#1062,#1086,#1102,#1126,#1142,#1166,#1182,#1206,#1222,#1246,#1262,#1286,#1302,#1326,#1342,#1366,#1382,#1406,#1422,#1446,#1462));
#1468=MANIFOLD_SOLID_BREP('',#1467);
#1469=ADVANCED_BREP_SHAPE_REPRESENTATION('',(#1468),#34);
#1470=SHAPE_DEFINITION_REPRESENTATION(#43,#1469);
#1471=CARTESIAN_POINT('',(5.312500000000000,-0.150000000000000,0.0));
#1472=DIRECTION('',(0.0,0.0,1.0));
#1473=DIRECTION('',(1.0,0.0,0.0));
#1474=AXIS2_PLACEMENT_3D('orientation',#1471,#1472,#1473);
#1475=STANDARD_UNCERTAINTY('upper limit','plus',0.031250000000000);
#1476=STANDARD_UNCERTAINTY('lower limit','minus',-0.031250000000000);
#1477=PRECISION_QUALIFIER(4);
#1483=(LENGTH_MEASURE_WITH_UNIT()MEASURE_REPRESENTATION_ITEM()MEASURE_WITH_UNIT(LENGTH_MEASURE(6.875000000000000),#15)QUALIFIED_REPRESENTATION_ITEM((#1475,#1476,#1477))REPRESENTATION_ITEM('length'));
#1484=STANDARD_UNCERTAINTY('upper limit','plus',0.031250000000000);
#1485=STANDARD_UNCERTAINTY('lower limit','minus',-0.031250000000000);
#1486=PRECISION_QUALIFIER(4);
#1492=(LENGTH_MEASURE_WITH_UNIT()MEASURE_REPRESENTATION_ITEM()MEASURE_WITH_UNIT(LENGTH_MEASURE(10.625000000000000),#15)QUALIFIED_REPRESENTATION_ITEM((#1484,#1485,#1486))REPRESENTATION_ITEM('width'));
#1493=STANDARD_UNCERTAINTY('upper limit','plus',0.031250000000000);
#1494=STANDARD_UNCERTAINTY('lower limit','minus',-0.031250000000000);
#1495=PRECISION_QUALIFIER(4);
#1501=(LENGTH_MEASURE_WITH_UNIT()MEASURE_REPRESENTATION_ITEM()MEASURE_WITH_UNIT(LENGTH_MEASURE(0.300000000000000),#15)QUALIFIED_REPRESENTATION_ITEM((#1493,#1494,#1495))REPRESENTATION_ITEM('height'));
#1502=BLOCK_SHAPE_REPRESENTATION('base shape',(#1474,#1483,#1492,#1501),#34);
#1509=(CHARACTERIZED_OBJECT('','closed rectangular')FEATURE_DEFINITION()INSTANCED_FEATURE()MACHINING_FEATURE()POCKET()SHAPE_ASPECT('','closed rectangular',#43,.T.));
#1510=PROPERTY_DEFINITION('','',#1509);
#1511=PRODUCT_DEFINITION_SHAPE('','',#1509);
#1512=CARTESIAN_POINT('',(5.312500000000000,0.0,3.437500000000000));
#1513=DIRECTION('',(0.0,-1.0,0.0));
#1514=DIRECTION('',(-1.0,0.0,0.0));
#1515=AXIS2_PLACEMENT_3D('orientation',#1512,#1513,#1514);
#1516=SHAPE_REPRESENTATION('',(#926,#946,#966,#986,#1006,#1026,#1046,#1062),#34);
#1517=SHAPE_DEFINITION_REPRESENTATION(#1510,#1516);
#1518=SHAPE_REPRESENTATION_WITH_PARAMETERS('',(#1515),#34);
#1519=SHAPE_DEFINITION_REPRESENTATION(#1510,#1518);
#1520=FEATURE_COMPONENT_DEFINITION('','');
#1521=PRODUCT_DEFINITION_SHAPE('','',#1520);
#1522=RECTANGULAR_CLOSED_PROFILE('rectangular profile','boundary',#1521,.F.);
#1523=STANDARD_UNCERTAINTY('upper limit','plus',0.031250000000000);
#1524=STANDARD_UNCERTAINTY('lower limit','minus',-0.031250000000000);
#1525=PRECISION_QUALIFIER(4);
#1531=(LENGTH_MEASURE_WITH_UNIT()MEASURE_REPRESENTATION_ITEM()MEASURE_WITH_UNIT(LENGTH_MEASURE(7.750000000000000),#15)QUALIFIED_REPRESENTATION_ITEM((#1523,#1524,#1525))REPRESENTATION_ITEM('length'));
#1532=STANDARD_UNCERTAINTY('upper limit','plus',0.031250000000000);
#1533=STANDARD_UNCERTAINTY('lower limit','minus',-0.031250000000000);
#1534=PRECISION_QUALIFIER(4);
#1540=(LENGTH_MEASURE_WITH_UNIT()MEASURE_REPRESENTATION_ITEM()MEASURE_WITH_UNIT(LENGTH_MEASURE(3.750000000000000),#15)QUALIFIED_REPRESENTATION_ITEM((#1532,#1533,#1534))REPRESENTATION_ITEM('width'));
#1541=STANDARD_UNCERTAINTY('upper limit','plus',0.031250000000000);
#1542=STANDARD_UNCERTAINTY('lower limit','minus',-0.031250000000000);
#1543=PRECISION_QUALIFIER(4);
#1549=(LENGTH_MEASURE_WITH_UNIT()MEASURE_REPRESENTATION_ITEM()MEASURE_WITH_UNIT(LENGTH_MEASURE(0.187500000000000),#15)QUALIFIED_REPRESENTATION_ITEM((#1541,#1542,#1543))REPRESENTATION_ITEM('corner radius'));
#1550=SHAPE_REPRESENTATION_WITH_PARAMETERS('',(#1515,#1531,#1540,#1549),#34);
#1551=PROPERTY_DEFINITION('','',#1522);
#1552=SHAPE_DEFINITION_REPRESENTATION(#1551,#1550);
#1553=FEATURE_COMPONENT_DEFINITION('','');
#1554=PRODUCT_DEFINITION_SHAPE('','',#1553);
#1555=PATH_FEATURE_COMPONENT('linear path','linear',#1554,.F.);
#1560=(LENGTH_MEASURE_WITH_UNIT()MEASURE_REPRESENTATION_ITEM()MEASURE_WITH_UNIT(LENGTH_MEASURE(0.300000000000000),#15)REPRESENTATION_ITEM('distance'));
#1561=SHAPE_REPRESENTATION_WITH_PARAMETERS('',(#1515,#1560),#34);
#1562=PROPERTY_DEFINITION('','',#1555);
#1563=SHAPE_DEFINITION_REPRESENTATION(#1562,#1561);
#1564=DIRECTION_SHAPE_REPRESENTATION('',(#1513),#34);
#1565=PROPERTY_DEFINITION_REPRESENTATION(#1562,#1564);
#1566=SHAPE_ASPECT('','closed boundary occurrence',#1511,.T.);
#1567=SHAPE_DEFINING_RELATIONSHIP('','profile usage',#1522,#1566);
#1568=SHAPE_ASPECT('','pocket depth occurrence',#1511,.T.);
#1569=SHAPE_DEFINING_RELATIONSHIP('pocket depth','path feature component usage',#1555,#1568);
#1570=FEATURE_COMPONENT_DEFINITION('','');
#1571=PRODUCT_DEFINITION_SHAPE('','',#1570);
#1572=POCKET_BOTTOM('bottom condition','planar',#1571,.F.);
#1573=DESCRIPTIVE_REPRESENTATION_ITEM('pocket bottom orientation','pocket end');
#1574=PROPERTY_DEFINITION('','',#1572);
#1579=(LENGTH_MEASURE_WITH_UNIT()MEASURE_REPRESENTATION_ITEM()MEASURE_WITH_UNIT(LENGTH_MEASURE(0.0),#15)REPRESENTATION_ITEM('floor radius'));
#1580=SHAPE_REPRESENTATION_WITH_PARAMETERS('',(#1573,#1579),#34);
#1581=SHAPE_DEFINITION_REPRESENTATION(#1574,#1580);
#1582=DIRECTION('',(0.0,1.0,0.0));
#1583=DIRECTION_SHAPE_REPRESENTATION('floor normal',(#1582),#34);
#1584=PROPERTY_DEFINITION_REPRESENTATION(#1574,#1583);
#1585=CARTESIAN_POINT('',(5.312500000000000,-0.300000000000000,3.437500000000000));
#1586=LOCATION_SHAPE_REPRESENTATION('floor location',(#1585),#34);
#1587=PROPERTY_DEFINITION_REPRESENTATION(#1574,#1586);
#1588=SHAPE_ASPECT('','bottom condition occurrence',#1511,.T.);
#1589=FEATURE_COMPONENT_RELATIONSHIP('','pocket bottom usage',#1572,#1588);
#1590=DIMENSIONAL_LOCATION('','',#160,#947);
#1591=PRECISION_QUALIFIER(4);
#1597=(LENGTH_MEASURE_WITH_UNIT()MEASURE_REPRESENTATION_ITEM()MEASURE_WITH_UNIT(LENGTH_MEASURE(1.437500000000000),#15)QUALIFIED_REPRESENTATION_ITEM((#1591))REPRESENTATION_ITEM(''));
#1598=SHAPE_DIMENSION_REPRESENTATION('',(#1597),#34);
#1599=PRECISION_QUALIFIER(4);
#1600=MEASURE_WITH_UNIT(LENGTH_MEASURE(0.031250000000000),#15);
#1601=MEASURE_WITH_UNIT(LENGTH_MEASURE(-0.031250000000000),#15);
#1602=MEASURE_QUALIFICATION('','',#1600,(#1599));
#1603=MEASURE_QUALIFICATION('','',#1601,(#1599));
#1604=TOLERANCE_VALUE(#1601,#1600);
#1605=PLUS_MINUS_TOLERANCE(#1604,#1590);
#1606=DIMENSIONAL_CHARACTERISTIC_REPRESENTATION(#1590,#1598);
#1607=DIMENSIONAL_LOCATION('','',#80,#1063);
#1608=PRECISION_QUALIFIER(4);
#1614=(LENGTH_MEASURE_WITH_UNIT()MEASURE_REPRESENTATION_ITEM()MEASURE_WITH_UNIT(LENGTH_MEASURE(1.562500000000000),#15)QUALIFIED_REPRESENTATION_ITEM((#1608))REPRESENTATION_ITEM(''));
#1615=SHAPE_DIMENSION_REPRESENTATION('',(#1614),#34);
#1616=PRECISION_QUALIFIER(4);
#1617=MEASURE_WITH_UNIT(LENGTH_MEASURE(0.010000000000000),#15);
#1618=MEASURE_WITH_UNIT(LENGTH_MEASURE(-0.010000000000000),#15);
#1619=MEASURE_QUALIFICATION('','',#1617,(#1616));
#1620=MEASURE_QUALIFICATION('','',#1618,(#1616));
#1621=TOLERANCE_VALUE(#1618,#1617);
#1622=PLUS_MINUS_TOLERANCE(#1621,#1607);
#1623=DIMENSIONAL_CHARACTERISTIC_REPRESENTATION(#1607,#1615);
#1630=(CHARACTERIZED_OBJECT('','')FEATURE_DEFINITION()INSTANCED_FEATURE()MACHINING_FEATURE()ROUND_HOLE()SHAPE_ASPECT('','',#43,.T.));
#1631=PROPERTY_DEFINITION('','',#1630);
#1632=PRODUCT_DEFINITION_SHAPE('','',#1630);
#1633=CARTESIAN_POINT('',(0.562500000000000,0.0,0.562500000000000));
#1634=DIRECTION('',(0.0,-1.0,0.0));
#1635=DIRECTION('',(1.0,0.0,0.0));
#1636=AXIS2_PLACEMENT_3D('orientation',#1633,#1634,#1635);
#1637=SHAPE_REPRESENTATION('',(#1086,#1102),#34);
#1638=SHAPE_DEFINITION_REPRESENTATION(#1631,#1637);
#1639=SHAPE_REPRESENTATION_WITH_PARAMETERS('',(#1636),#34);
#1640=SHAPE_DEFINITION_REPRESENTATION(#1631,#1639);
#1641=FEATURE_COMPONENT_DEFINITION('','');
#1642=PRODUCT_DEFINITION_SHAPE('','',#1641);
#1643=CIRCULAR_CLOSED_PROFILE('circular profile','',#1642,.F.);
#1644=STANDARD_UNCERTAINTY('upper limit','plus',0.0);
#1645=STANDARD_UNCERTAINTY('lower limit','minus',-0.000500000000000);
#1646=PRECISION_QUALIFIER(4);
#1652=(LENGTH_MEASURE_WITH_UNIT()MEASURE_REPRESENTATION_ITEM()MEASURE_WITH_UNIT(LENGTH_MEASURE(0.621000000000000),#15)QUALIFIED_REPRESENTATION_ITEM((#1644,#1645,#1646))REPRESENTATION_ITEM('diameter'));
#1653=SHAPE_REPRESENTATION_WITH_PARAMETERS('',(#1636,#1652),#34);
#1654=PROPERTY_DEFINITION('','',#1643);
#1655=SHAPE_DEFINITION_REPRESENTATION(#1654,#1653);
#1656=FEATURE_COMPONENT_DEFINITION('','');
#1657=PRODUCT_DEFINITION_SHAPE('','',#1656);
#1658=PATH_FEATURE_COMPONENT('linear path','linear',#1657,.F.);
#1663=(LENGTH_MEASURE_WITH_UNIT()MEASURE_REPRESENTATION_ITEM()MEASURE_WITH_UNIT(LENGTH_MEASURE(0.300000000000000),#15)REPRESENTATION_ITEM('distance'));
#1664=SHAPE_REPRESENTATION_WITH_PARAMETERS('',(#1636,#1663),#34);
#1665=PROPERTY_DEFINITION('','',#1658);
#1666=SHAPE_DEFINITION_REPRESENTATION(#1665,#1664);
#1667=DIRECTION_SHAPE_REPRESENTATION('',(#1634),#34);
#1668=PROPERTY_DEFINITION_REPRESENTATION(#1665,#1667);
#1669=SHAPE_ASPECT('','diameter occurrence',#1632,.T.);
#1670=SHAPE_DEFINING_RELATIONSHIP('diameter','profile usage',#1643,#1669);
#1671=SHAPE_ASPECT('','hole depth occurrence',#1632,.T.);
#1672=SHAPE_DEFINING_RELATIONSHIP('hole depth','path feature component usage',#1658,#1671);
#1673=FEATURE_COMPONENT_DEFINITION('','');
#1674=PRODUCT_DEFINITION_SHAPE('','',#1673);
#1675=HOLE_BOTTOM('bottom condition','through',#1674,.F.);
#1676=SHAPE_ASPECT('','bottom condition occurrence',#1632,.T.);
#1677=FEATURE_COMPONENT_RELATIONSHIP('','hole bottom usage',#1675,#1676);
#1684=(CHARACTERIZED_OBJECT('','')FEATURE_DEFINITION()INSTANCED_FEATURE()MACHINING_FEATURE()ROUND_HOLE()SHAPE_ASPECT('','',#43,.T.));
#1685=PROPERTY_DEFINITION('','',#1684);
#1686=PRODUCT_DEFINITION_SHAPE('','',#1684);
#1687=CARTESIAN_POINT('',(3.729166666666667,0.0,0.562500000000000));
#1688=DIRECTION('',(0.0,-1.0,0.0));
#1689=DIRECTION('',(1.0,0.0,0.0));
#1690=AXIS2_PLACEMENT_3D('orientation',#1687,#1688,#1689);
#1691=SHAPE_REPRESENTATION('',(#1126,#1142),#34);
#1692=SHAPE_DEFINITION_REPRESENTATION(#1685,#1691);
#1693=SHAPE_REPRESENTATION_WITH_PARAMETERS('',(#1690),#34);
#1694=SHAPE_DEFINITION_REPRESENTATION(#1685,#1693);
#1695=FEATURE_COMPONENT_DEFINITION('','');
#1696=PRODUCT_DEFINITION_SHAPE('','',#1695);
#1697=CIRCULAR_CLOSED_PROFILE('circular profile','',#1696,.F.);
#1698=STANDARD_UNCERTAINTY('upper limit','plus',0.0);
#1699=STANDARD_UNCERTAINTY('lower limit','minus',-0.000500000000000);
#1700=PRECISION_QUALIFIER(4);
#1706=(LENGTH_MEASURE_WITH_UNIT()MEASURE_REPRESENTATION_ITEM()MEASURE_WITH_UNIT(LENGTH_MEASURE(0.621000000000000),#15)QUALIFIED_REPRESENTATION_ITEM((#1698,#1699,#1700))REPRESENTATION_ITEM('diameter'));
#1707=SHAPE_REPRESENTATION_WITH_PARAMETERS('',(#1690,#1706),#34);
#1708=PROPERTY_DEFINITION('','',#1697);
#1709=SHAPE_DEFINITION_REPRESENTATION(#1708,#1707);
#1710=FEATURE_COMPONENT_DEFINITION('','');
#1711=PRODUCT_DEFINITION_SHAPE('','',#1710);
#1712=PATH_FEATURE_COMPONENT('linear path','linear',#1711,.F.);
#1717=(LENGTH_MEASURE_WITH_UNIT()MEASURE_REPRESENTATION_ITEM()MEASURE_WITH_UNIT(LENGTH_MEASURE(0.300000000000000),#15)REPRESENTATION_ITEM('distance'));
#1718=SHAPE_REPRESENTATION_WITH_PARAMETERS('',(#1690,#1717),#34);
#1719=PROPERTY_DEFINITION('','',#1712);
#1720=SHAPE_DEFINITION_REPRESENTATION(#1719,#1718);
#1721=DIRECTION_SHAPE_REPRESENTATION('',(#1688),#34);
#1722=PROPERTY_DEFINITION_REPRESENTATION(#1719,#1721);
#1723=SHAPE_ASPECT('','diameter occurrence',#1686,.T.);
#1724=SHAPE_DEFINING_RELATIONSHIP('diameter','profile usage',#1697,#1723);
#1725=SHAPE_ASPECT('','hole depth occurrence',#1686,.T.);
#1726=SHAPE_DEFINING_RELATIONSHIP('hole depth','path feature component usage',#1712,#1725);
#1727=FEATURE_COMPONENT_DEFINITION('','');
#1728=PRODUCT_DEFINITION_SHAPE('','',#1727);
#1729=HOLE_BOTTOM('bottom condition','through',#1728,.F.);
#1730=SHAPE_ASPECT('','bottom condition occurrence',#1686,.T.);
#1731=FEATURE_COMPONENT_RELATIONSHIP('','hole bottom usage',#1729,#1730);
#1738=(CHARACTERIZED_OBJECT('','')FEATURE_DEFINITION()INSTANCED_FEATURE()MACHINING_FEATURE()ROUND_HOLE()SHAPE_ASPECT('','',#43,.T.));
#1739=PROPERTY_DEFINITION('','',#1738);
#1740=PRODUCT_DEFINITION_SHAPE('','',#1738);
#1741=CARTESIAN_POINT('',(6.895833333333333,0.0,0.562500000000000));
#1742=DIRECTION('',(0.0,-1.0,0.0));
#1743=DIRECTION('',(1.0,0.0,0.0));
#1744=AXIS2_PLACEMENT_3D('orientation',#1741,#1742,#1743);
#1745=SHAPE_REPRESENTATION('',(#1166,#1182),#34);
#1746=SHAPE_DEFINITION_REPRESENTATION(#1739,#1745);
#1747=SHAPE_REPRESENTATION_WITH_PARAMETERS('',(#1744),#34);
#1748=SHAPE_DEFINITION_REPRESENTATION(#1739,#1747);
#1749=FEATURE_COMPONENT_DEFINITION('','');
#1750=PRODUCT_DEFINITION_SHAPE('','',#1749);
#1751=CIRCULAR_CLOSED_PROFILE('circular profile','',#1750,.F.);
#1752=STANDARD_UNCERTAINTY('upper limit','plus',0.0);
#1753=STANDARD_UNCERTAINTY('lower limit','minus',-0.000500000000000);
#1754=PRECISION_QUALIFIER(4);
#1760=(LENGTH_MEASURE_WITH_UNIT()MEASURE_REPRESENTATION_ITEM()MEASURE_WITH_UNIT(LENGTH_MEASURE(0.621000000000000),#15)QUALIFIED_REPRESENTATION_ITEM((#1752,#1753,#1754))REPRESENTATION_ITEM('diameter'));
#1761=SHAPE_REPRESENTATION_WITH_PARAMETERS('',(#1744,#1760),#34);
#1762=PROPERTY_DEFINITION('','',#1751);
#1763=SHAPE_DEFINITION_REPRESENTATION(#1762,#1761);
#1764=FEATURE_COMPONENT_DEFINITION('','');
#1765=PRODUCT_DEFINITION_SHAPE('','',#1764);
#1766=PATH_FEATURE_COMPONENT('linear path','linear',#1765,.F.);
#1771=(LENGTH_MEASURE_WITH_UNIT()MEASURE_REPRESENTATION_ITEM()MEASURE_WITH_UNIT(LENGTH_MEASURE(0.300000000000000),#15)REPRESENTATION_ITEM('distance'));
#1772=SHAPE_REPRESENTATION_WITH_PARAMETERS('',(#1744,#1771),#34);
#1773=PROPERTY_DEFINITION('','',#1766);
#1774=SHAPE_DEFINITION_REPRESENTATION(#1773,#1772);
#1775=DIRECTION_SHAPE_REPRESENTATION('',(#1742),#34);
#1776=PROPERTY_DEFINITION_REPRESENTATION(#1773,#1775);
#1777=SHAPE_ASPECT('','diameter occurrence',#1740,.T.);
#1778=SHAPE_DEFINING_RELATIONSHIP('diameter','profile usage',#1751,#1777);
#1779=SHAPE_ASPECT('','hole depth occurrence',#1740,.T.);
#1780=SHAPE_DEFINING_RELATIONSHIP('hole depth','path feature component usage',#1766,#1779);
#1781=FEATURE_COMPONENT_DEFINITION('','');
#1782=PRODUCT_DEFINITION_SHAPE('','',#1781);
#1783=HOLE_BOTTOM('bottom condition','through',#1782,.F.);
#1784=SHAPE_ASPECT('','bottom condition occurrence',#1740,.T.);
#1785=FEATURE_COMPONENT_RELATIONSHIP('','hole bottom usage',#1783,#1784);
#1792=(CHARACTERIZED_OBJECT('','')FEATURE_DEFINITION()INSTANCED_FEATURE()MACHINING_FEATURE()ROUND_HOLE()SHAPE_ASPECT('','',#43,.T.));
#1793=PROPERTY_DEFINITION('','',#1792);
#1794=PRODUCT_DEFINITION_SHAPE('','',#1792);
#1795=CARTESIAN_POINT('',(10.062500000000000,0.0,0.562500000000000));
#1796=DIRECTION('',(0.0,-1.0,0.0));
#1797=DIRECTION('',(1.0,0.0,0.0));
#1798=AXIS2_PLACEMENT_3D('orientation',#1795,#1796,#1797);
#1799=SHAPE_REPRESENTATION('',(#1206,#1222),#34);
#1800=SHAPE_DEFINITION_REPRESENTATION(#1793,#1799);
#1801=SHAPE_REPRESENTATION_WITH_PARAMETERS('',(#1798),#34);
#1802=SHAPE_DEFINITION_REPRESENTATION(#1793,#1801);
#1803=FEATURE_COMPONENT_DEFINITION('','');
#1804=PRODUCT_DEFINITION_SHAPE('','',#1803);
#1805=CIRCULAR_CLOSED_PROFILE('circular profile','',#1804,.F.);
#1806=STANDARD_UNCERTAINTY('upper limit','plus',0.0);
#1807=STANDARD_UNCERTAINTY('lower limit','minus',-0.000500000000000);
#1808=PRECISION_QUALIFIER(4);
#1814=(LENGTH_MEASURE_WITH_UNIT()MEASURE_REPRESENTATION_ITEM()MEASURE_WITH_UNIT(LENGTH_MEASURE(0.621000000000000),#15)QUALIFIED_REPRESENTATION_ITEM((#1806,#1807,#1808))REPRESENTATION_ITEM('diameter'));
#1815=SHAPE_REPRESENTATION_WITH_PARAMETERS('',(#1798,#1814),#34);
#1816=PROPERTY_DEFINITION('','',#1805);
#1817=SHAPE_DEFINITION_REPRESENTATION(#1816,#1815);
#1818=FEATURE_COMPONENT_DEFINITION('','');
#1819=PRODUCT_DEFINITION_SHAPE('','',#1818);
#1820=PATH_FEATURE_COMPONENT('linear path','linear',#1819,.F.);
#1825=(LENGTH_MEASURE_WITH_UNIT()MEASURE_REPRESENTATION_ITEM()MEASURE_WITH_UNIT(LENGTH_MEASURE(0.300000000000000),#15)REPRESENTATION_ITEM('distance'));
#1826=SHAPE_REPRESENTATION_WITH_PARAMETERS('',(#1798,#1825),#34);
#1827=PROPERTY_DEFINITION('','',#1820);
#1828=SHAPE_DEFINITION_REPRESENTATION(#1827,#1826);
#1829=DIRECTION_SHAPE_REPRESENTATION('',(#1796),#34);
#1830=PROPERTY_DEFINITION_REPRESENTATION(#1827,#1829);
#1831=SHAPE_ASPECT('','diameter occurrence',#1794,.T.);
#1832=SHAPE_DEFINING_RELATIONSHIP('diameter','profile usage',#1805,#1831);
#1833=SHAPE_ASPECT('','hole depth occurrence',#1794,.T.);
#1834=SHAPE_DEFINING_RELATIONSHIP('hole depth','path feature component usage',#1820,#1833);
#1835=FEATURE_COMPONENT_DEFINITION('','');
#1836=PRODUCT_DEFINITION_SHAPE('','',#1835);
#1837=HOLE_BOTTOM('bottom condition','through',#1836,.F.);
#1838=SHAPE_ASPECT('','bottom condition occurrence',#1794,.T.);
#1839=FEATURE_COMPONENT_RELATIONSHIP('','hole bottom usage',#1837,#1838);
#1846=(CHARACTERIZED_OBJECT('','')FEATURE_DEFINITION()INSTANCED_FEATURE()MACHINING_FEATURE()ROUND_HOLE()SHAPE_ASPECT('','',#43,.T.));
#1847=PROPERTY_DEFINITION('','',#1846);
#1848=PRODUCT_DEFINITION_SHAPE('','',#1846);
#1849=CARTESIAN_POINT('',(0.562500000000000,0.0,3.437500000000000));
#1850=DIRECTION('',(0.0,-1.0,0.0));
#1851=DIRECTION('',(1.0,0.0,0.0));
#1852=AXIS2_PLACEMENT_3D('orientation',#1849,#1850,#1851);
#1853=SHAPE_REPRESENTATION('',(#1246,#1262),#34);
#1854=SHAPE_DEFINITION_REPRESENTATION(#1847,#1853);
#1855=SHAPE_REPRESENTATION_WITH_PARAMETERS('',(#1852),#34);
#1856=SHAPE_DEFINITION_REPRESENTATION(#1847,#1855);
#1857=FEATURE_COMPONENT_DEFINITION('','');
#1858=PRODUCT_DEFINITION_SHAPE('','',#1857);
#1859=CIRCULAR_CLOSED_PROFILE('circular profile','',#1858,.F.);
#1860=STANDARD_UNCERTAINTY('upper limit','plus',0.0);
#1861=STANDARD_UNCERTAINTY('lower limit','minus',-0.000500000000000);
#1862=PRECISION_QUALIFIER(4);
#1868=(LENGTH_MEASURE_WITH_UNIT()MEASURE_REPRESENTATION_ITEM()MEASURE_WITH_UNIT(LENGTH_MEASURE(0.621000000000000),#15)QUALIFIED_REPRESENTATION_ITEM((#1860,#1861,#1862))REPRESENTATION_ITEM('diameter'));
#1869=SHAPE_REPRESENTATION_WITH_PARAMETERS('',(#1852,#1868),#34);
#1870=PROPERTY_DEFINITION('','',#1859);
#1871=SHAPE_DEFINITION_REPRESENTATION(#1870,#1869);
#1872=FEATURE_COMPONENT_DEFINITION('','');
#1873=PRODUCT_DEFINITION_SHAPE('','',#1872);
#1874=PATH_FEATURE_COMPONENT('linear path','linear',#1873,.F.);
#1879=(LENGTH_MEASURE_WITH_UNIT()MEASURE_REPRESENTATION_ITEM()MEASURE_WITH_UNIT(LENGTH_MEASURE(0.300000000000000),#15)REPRESENTATION_ITEM('distance'));
#1880=SHAPE_REPRESENTATION_WITH_PARAMETERS('',(#1852,#1879),#34);
#1881=PROPERTY_DEFINITION('','',#1874);
#1882=SHAPE_DEFINITION_REPRESENTATION(#1881,#1880);
#1883=DIRECTION_SHAPE_REPRESENTATION('',(#1850),#34);
#1884=PROPERTY_DEFINITION_REPRESENTATION(#1881,#1883);
#1885=SHAPE_ASPECT('','diameter occurrence',#1848,.T.);
#1886=SHAPE_DEFINING_RELATIONSHIP('diameter','profile usage',#1859,#1885);
#1887=SHAPE_ASPECT('','hole depth occurrence',#1848,.T.);
#1888=SHAPE_DEFINING_RELATIONSHIP('hole depth','path feature component usage',#1874,#1887);
#1889=FEATURE_COMPONENT_DEFINITION('','');
#1890=PRODUCT_DEFINITION_SHAPE('','',#1889);
#1891=HOLE_BOTTOM('bottom condition','through',#1890,.F.);
#1892=SHAPE_ASPECT('','bottom condition occurrence',#1848,.T.);
#1893=FEATURE_COMPONENT_RELATIONSHIP('','hole bottom usage',#1891,#1892);
#1900=(CHARACTERIZED_OBJECT('','')FEATURE_DEFINITION()INSTANCED_FEATURE()MACHINING_FEATURE()ROUND_HOLE()SHAPE_ASPECT('','',#43,.T.));
#1901=PROPERTY_DEFINITION('','',#1900);
#1902=PRODUCT_DEFINITION_SHAPE('','',#1900);
#1903=CARTESIAN_POINT('',(10.062500000000000,0.0,3.437500000000000));
#1904=DIRECTION('',(0.0,-1.0,0.0));
#1905=DIRECTION('',(1.0,0.0,0.0));
#1906=AXIS2_PLACEMENT_3D('orientation',#1903,#1904,#1905);
#1907=SHAPE_REPRESENTATION('',(#1286,#1302),#34);
#1908=SHAPE_DEFINITION_REPRESENTATION(#1901,#1907);
#1909=SHAPE_REPRESENTATION_WITH_PARAMETERS('',(#1906),#34);
#1910=SHAPE_DEFINITION_REPRESENTATION(#1901,#1909);
#1911=FEATURE_COMPONENT_DEFINITION('','');
#1912=PRODUCT_DEFINITION_SHAPE('','',#1911);
#1913=CIRCULAR_CLOSED_PROFILE('circular profile','',#1912,.F.);
#1914=STANDARD_UNCERTAINTY('upper limit','plus',0.0);
#1915=STANDARD_UNCERTAINTY('lower limit','minus',-0.000500000000000);
#1916=PRECISION_QUALIFIER(4);
#1922=(LENGTH_MEASURE_WITH_UNIT()MEASURE_REPRESENTATION_ITEM()MEASURE_WITH_UNIT(LENGTH_MEASURE(0.621000000000000),#15)QUALIFIED_REPRESENTATION_ITEM((#1914,#1915,#1916))REPRESENTATION_ITEM('diameter'));
#1923=SHAPE_REPRESENTATION_WITH_PARAMETERS('',(#1906,#1922),#34);
#1924=PROPERTY_DEFINITION('','',#1913);
#1925=SHAPE_DEFINITION_REPRESENTATION(#1924,#1923);
#1926=FEATURE_COMPONENT_DEFINITION('','');
#1927=PRODUCT_DEFINITION_SHAPE('','',#1926);
#1928=PATH_FEATURE_COMPONENT('linear path','linear',#1927,.F.);
#1933=(LENGTH_MEASURE_WITH_UNIT()MEASURE_REPRESENTATION_ITEM()MEASURE_WITH_UNIT(LENGTH_MEASURE(0.300000000000000),#15)REPRESENTATION_ITEM('distance'));
#1934=SHAPE_REPRESENTATION_WITH_PARAMETERS('',(#1906,#1933),#34);
#1935=PROPERTY_DEFINITION('','',#1928);
#1936=SHAPE_DEFINITION_REPRESENTATION(#1935,#1934);
#1937=DIRECTION_SHAPE_REPRESENTATION('',(#1904),#34);
#1938=PROPERTY_DEFINITION_REPRESENTATION(#1935,#1937);
#1939=SHAPE_ASPECT('','diameter occurrence',#1902,.T.);
#1940=SHAPE_DEFINING_RELATIONSHIP('diameter','profile usage',#1913,#1939);
#1941=SHAPE_ASPECT('','hole depth occurrence',#1902,.T.);
#1942=SHAPE_DEFINING_RELATIONSHIP('hole depth','path feature component usage',#1928,#1941);
#1943=FEATURE_COMPONENT_DEFINITION('','');
#1944=PRODUCT_DEFINITION_SHAPE('','',#1943);
#1945=HOLE_BOTTOM('bottom condition','through',#1944,.F.);
#1946=SHAPE_ASPECT('','bottom condition occurrence',#1902,.T.);
#1947=FEATURE_COMPONENT_RELATIONSHIP('','hole bottom usage',#1945,#1946);
#1954=(CHARACTERIZED_OBJECT('','')FEATURE_DEFINITION()INSTANCED_FEATURE()MACHINING_FEATURE()ROUND_HOLE()SHAPE_ASPECT('','',#43,.T.));
#1955=PROPERTY_DEFINITION('','',#1954);
#1956=PRODUCT_DEFINITION_SHAPE('','',#1954);
#1957=CARTESIAN_POINT('',(0.562500000000000,0.0,6.312500000000000));
#1958=DIRECTION('',(0.0,-1.0,0.0));
#1959=DIRECTION('',(1.0,0.0,0.0));
#1960=AXIS2_PLACEMENT_3D('orientation',#1957,#1958,#1959);
#1961=SHAPE_REPRESENTATION('',(#1326,#1342),#34);
#1962=SHAPE_DEFINITION_REPRESENTATION(#1955,#1961);
#1963=SHAPE_REPRESENTATION_WITH_PARAMETERS('',(#1960),#34);
#1964=SHAPE_DEFINITION_REPRESENTATION(#1955,#1963);
#1965=FEATURE_COMPONENT_DEFINITION('','');
#1966=PRODUCT_DEFINITION_SHAPE('','',#1965);
#1967=CIRCULAR_CLOSED_PROFILE('circular profile','',#1966,.F.);
#1968=STANDARD_UNCERTAINTY('upper limit','plus',0.0);
#1969=STANDARD_UNCERTAINTY('lower limit','minus',-0.000500000000000);
#1970=PRECISION_QUALIFIER(4);
#1976=(LENGTH_MEASURE_WITH_UNIT()MEASURE_REPRESENTATION_ITEM()MEASURE_WITH_UNIT(LENGTH_MEASURE(0.621000000000000),#15)QUALIFIED_REPRESENTATION_ITEM((#1968,#1969,#1970))REPRESENTATION_ITEM('diameter'));
#1977=SHAPE_REPRESENTATION_WITH_PARAMETERS('',(#1960,#1976),#34);
#1978=PROPERTY_DEFINITION('','',#1967);
#1979=SHAPE_DEFINITION_REPRESENTATION(#1978,#1977);
#1980=FEATURE_COMPONENT_DEFINITION('','');
#1981=PRODUCT_DEFINITION_SHAPE('','',#1980);
#1982=PATH_FEATURE_COMPONENT('linear path','linear',#1981,.F.);
#1987=(LENGTH_MEASURE_WITH_UNIT()MEASURE_REPRESENTATION_ITEM()MEASURE_WITH_UNIT(LENGTH_MEASURE(0.300000000000000),#15)REPRESENTATION_ITEM('distance'));
#1988=SHAPE_REPRESENTATION_WITH_PARAMETERS('',(#1960,#1987),#34);
#1989=PROPERTY_DEFINITION('','',#1982);
#1990=SHAPE_DEFINITION_REPRESENTATION(#1989,#1988);
#1991=DIRECTION_SHAPE_REPRESENTATION('',(#1958),#34);
#1992=PROPERTY_DEFINITION_REPRESENTATION(#1989,#1991);
#1993=SHAPE_ASPECT('','diameter occurrence',#1956,.T.);
#1994=SHAPE_DEFINING_RELATIONSHIP('diameter','profile usage',#1967,#1993);
#1995=SHAPE_ASPECT('','hole depth occurrence',#1956,.T.);
#1996=SHAPE_DEFINING_RELATIONSHIP('hole depth','path feature component usage',#1982,#1995);
#1997=FEATURE_COMPONENT_DEFINITION('','');
#1998=PRODUCT_DEFINITION_SHAPE('','',#1997);
#1999=HOLE_BOTTOM('bottom condition','through',#1998,.F.);
#2000=SHAPE_ASPECT('','bottom condition occurrence',#1956,.T.);
#2001=FEATURE_COMPONENT_RELATIONSHIP('','hole bottom usage',#1999,#2000);
#2008=(CHARACTERIZED_OBJECT('','')FEATURE_DEFINITION()INSTANCED_FEATURE()MACHINING_FEATURE()ROUND_HOLE()SHAPE_ASPECT('','',#43,.T.));
#2009=PROPERTY_DEFINITION('','',#2008);
#2010=PRODUCT_DEFINITION_SHAPE('','',#2008);
#2011=CARTESIAN_POINT('',(3.729166666666667,0.0,6.312500000000000));
#2012=DIRECTION('',(0.0,-1.0,0.0));
#2013=DIRECTION('',(1.0,0.0,0.0));
#2014=AXIS2_PLACEMENT_3D('orientation',#2011,#2012,#2013);
#2015=SHAPE_REPRESENTATION('',(#1366,#1382),#34);
#2016=SHAPE_DEFINITION_REPRESENTATION(#2009,#2015);
#2017=SHAPE_REPRESENTATION_WITH_PARAMETERS('',(#2014),#34);
#2018=SHAPE_DEFINITION_REPRESENTATION(#2009,#2017);
#2019=FEATURE_COMPONENT_DEFINITION('','');
#2020=PRODUCT_DEFINITION_SHAPE('','',#2019);
#2021=CIRCULAR_CLOSED_PROFILE('circular profile','',#2020,.F.);
#2022=STANDARD_UNCERTAINTY('upper limit','plus',0.0);
#2023=STANDARD_UNCERTAINTY('lower limit','minus',-0.000500000000000);
#2024=PRECISION_QUALIFIER(4);
#2030=(LENGTH_MEASURE_WITH_UNIT()MEASURE_REPRESENTATION_ITEM()MEASURE_WITH_UNIT(LENGTH_MEASURE(0.621000000000000),#15)QUALIFIED_REPRESENTATION_ITEM((#2022,#2023,#2024))REPRESENTATION_ITEM('diameter'));
#2031=SHAPE_REPRESENTATION_WITH_PARAMETERS('',(#2014,#2030),#34);
#2032=PROPERTY_DEFINITION('','',#2021);
#2033=SHAPE_DEFINITION_REPRESENTATION(#2032,#2031);
#2034=FEATURE_COMPONENT_DEFINITION('','');
#2035=PRODUCT_DEFINITION_SHAPE('','',#2034);
#2036=PATH_FEATURE_COMPONENT('linear path','linear',#2035,.F.);
#2041=(LENGTH_MEASURE_WITH_UNIT()MEASURE_REPRESENTATION_ITEM()MEASURE_WITH_UNIT(LENGTH_MEASURE(0.300000000000000),#15)REPRESENTATION_ITEM('distance'));
#2042=SHAPE_REPRESENTATION_WITH_PARAMETERS('',(#2014,#2041),#34);
#2043=PROPERTY_DEFINITION('','',#2036);
#2044=SHAPE_DEFINITION_REPRESENTATION(#2043,#2042);
#2045=DIRECTION_SHAPE_REPRESENTATION('',(#2012),#34);
#2046=PROPERTY_DEFINITION_REPRESENTATION(#2043,#2045);
#2047=SHAPE_ASPECT('','diameter occurrence',#2010,.T.);
#2048=SHAPE_DEFINING_RELATIONSHIP('diameter','profile usage',#2021,#2047);
#2049=SHAPE_ASPECT('','hole depth occurrence',#2010,.T.);
#2050=SHAPE_DEFINING_RELATIONSHIP('hole depth','path feature component usage',#2036,#2049);
#2051=FEATURE_COMPONENT_DEFINITION('','');
#2052=PRODUCT_DEFINITION_SHAPE('','',#2051);
#2053=HOLE_BOTTOM('bottom condition','through',#2052,.F.);
#2054=SHAPE_ASPECT('','bottom condition occurrence',#2010,.T.);
#2055=FEATURE_COMPONENT_RELATIONSHIP('','hole bottom usage',#2053,#2054);
#2062=(CHARACTERIZED_OBJECT('','')FEATURE_DEFINITION()INSTANCED_FEATURE()MACHINING_FEATURE()ROUND_HOLE()SHAPE_ASPECT('','',#43,.T.));
#2063=PROPERTY_DEFINITION('','',#2062);
#2064=PRODUCT_DEFINITION_SHAPE('','',#2062);
#2065=CARTESIAN_POINT('',(6.895833333333333,0.0,6.312500000000000));
#2066=DIRECTION('',(0.0,-1.0,0.0));
#2067=DIRECTION('',(1.0,0.0,0.0));
#2068=AXIS2_PLACEMENT_3D('orientation',#2065,#2066,#2067);
#2069=SHAPE_REPRESENTATION('',(#1406,#1422),#34);
#2070=SHAPE_DEFINITION_REPRESENTATION(#2063,#2069);
#2071=SHAPE_REPRESENTATION_WITH_PARAMETERS('',(#2068),#34);
#2072=SHAPE_DEFINITION_REPRESENTATION(#2063,#2071);
#2073=FEATURE_COMPONENT_DEFINITION('','');
#2074=PRODUCT_DEFINITION_SHAPE('','',#2073);
#2075=CIRCULAR_CLOSED_PROFILE('circular profile','',#2074,.F.);
#2076=STANDARD_UNCERTAINTY('upper limit','plus',0.0);
#2077=STANDARD_UNCERTAINTY('lower limit','minus',-0.000500000000000);
#2078=PRECISION_QUALIFIER(4);
#2084=(LENGTH_MEASURE_WITH_UNIT()MEASURE_REPRESENTATION_ITEM()MEASURE_WITH_UNIT(LENGTH_MEASURE(0.621000000000000),#15)QUALIFIED_REPRESENTATION_ITEM((#2076,#2077,#2078))REPRESENTATION_ITEM('diameter'));
#2085=SHAPE_REPRESENTATION_WITH_PARAMETERS('',(#2068,#2084),#34);
#2086=PROPERTY_DEFINITION('','',#2075);
#2087=SHAPE_DEFINITION_REPRESENTATION(#2086,#2085);
#2088=FEATURE_COMPONENT_DEFINITION('','');
#2089=PRODUCT_DEFINITION_SHAPE('','',#2088);
#2090=PATH_FEATURE_COMPONENT('linear path','linear',#2089,.F.);
#2095=(LENGTH_MEASURE_WITH_UNIT()MEASURE_REPRESENTATION_ITEM()MEASURE_WITH_UNIT(LENGTH_MEASURE(0.300000000000000),#15)REPRESENTATION_ITEM('distance'));
#2096=SHAPE_REPRESENTATION_WITH_PARAMETERS('',(#2068,#2095),#34);
#2097=PROPERTY_DEFINITION('','',#2090);
#2098=SHAPE_DEFINITION_REPRESENTATION(#2097,#2096);
#2099=DIRECTION_SHAPE_REPRESENTATION('',(#2066),#34);
#2100=PROPERTY_DEFINITION_REPRESENTATION(#2097,#2099);
#2101=SHAPE_ASPECT('','diameter occurrence',#2064,.T.);
#2102=SHAPE_DEFINING_RELATIONSHIP('diameter','profile usage',#2075,#2101);
#2103=SHAPE_ASPECT('','hole depth occurrence',#2064,.T.);
#2104=SHAPE_DEFINING_RELATIONSHIP('hole depth','path feature component usage',#2090,#2103);
#2105=FEATURE_COMPONENT_DEFINITION('','');
#2106=PRODUCT_DEFINITION_SHAPE('','',#2105);
#2107=HOLE_BOTTOM('bottom condition','through',#2106,.F.);
#2108=SHAPE_ASPECT('','bottom condition occurrence',#2064,.T.);
#2109=FEATURE_COMPONENT_RELATIONSHIP('','hole bottom usage',#2107,#2108);
#2116=(CHARACTERIZED_OBJECT('','')FEATURE_DEFINITION()INSTANCED_FEATURE()MACHINING_FEATURE()ROUND_HOLE()SHAPE_ASPECT('','',#43,.T.));
#2117=PROPERTY_DEFINITION('','',#2116);
#2118=PRODUCT_DEFINITION_SHAPE('','',#2116);
#2119=CARTESIAN_POINT('',(10.062500000000000,0.0,6.312500000000000));
#2120=DIRECTION('',(0.0,-1.0,0.0));
#2121=DIRECTION('',(1.0,0.0,0.0));
#2122=AXIS2_PLACEMENT_3D('orientation',#2119,#2120,#2121);
#2123=SHAPE_REPRESENTATION('',(#1446,#1462),#34);
#2124=SHAPE_DEFINITION_REPRESENTATION(#2117,#2123);
#2125=SHAPE_REPRESENTATION_WITH_PARAMETERS('',(#2122),#34);
#2126=SHAPE_DEFINITION_REPRESENTATION(#2117,#2125);
#2127=FEATURE_COMPONENT_DEFINITION('','');
#2128=PRODUCT_DEFINITION_SHAPE('','',#2127);
#2129=CIRCULAR_CLOSED_PROFILE('circular profile','',#2128,.F.);
#2130=STANDARD_UNCERTAINTY('upper limit','plus',0.0);
#2131=STANDARD_UNCERTAINTY('lower limit','minus',-0.000500000000000);
#2132=PRECISION_QUALIFIER(4);
#2138=(LENGTH_MEASURE_WITH_UNIT()MEASURE_REPRESENTATION_ITEM()MEASURE_WITH_UNIT(LENGTH_MEASURE(0.621000000000000),#15)QUALIFIED_REPRESENTATION_ITEM((#2130,#2131,#2132))REPRESENTATION_ITEM('diameter'));
#2139=SHAPE_REPRESENTATION_WITH_PARAMETERS('',(#2122,#2138),#34);
#2140=PROPERTY_DEFINITION('','',#2129);
#2141=SHAPE_DEFINITION_REPRESENTATION(#2140,#2139);
#2142=FEATURE_COMPONENT_DEFINITION('','');
#2143=PRODUCT_DEFINITION_SHAPE('','',#2142);
#2144=PATH_FEATURE_COMPONENT('linear path','linear',#2143,.F.);
#2149=(LENGTH_MEASURE_WITH_UNIT()MEASURE_REPRESENTATION_ITEM()MEASURE_WITH_UNIT(LENGTH_MEASURE(0.300000000000000),#15)REPRESENTATION_ITEM('distance'));
#2150=SHAPE_REPRESENTATION_WITH_PARAMETERS('',(#2122,#2149),#34);
#2151=PROPERTY_DEFINITION('','',#2144);
#2152=SHAPE_DEFINITION_REPRESENTATION(#2151,#2150);
#2153=DIRECTION_SHAPE_REPRESENTATION('',(#2120),#34);
#2154=PROPERTY_DEFINITION_REPRESENTATION(#2151,#2153);
#2155=SHAPE_ASPECT('','diameter occurrence',#2118,.T.);
#2156=SHAPE_DEFINING_RELATIONSHIP('diameter','profile usage',#2129,#2155);
#2157=SHAPE_ASPECT('','hole depth occurrence',#2118,.T.);
#2158=SHAPE_DEFINING_RELATIONSHIP('hole depth','path feature component usage',#2144,#2157);
#2159=FEATURE_COMPONENT_DEFINITION('','');
#2160=PRODUCT_DEFINITION_SHAPE('','',#2159);
#2161=HOLE_BOTTOM('bottom condition','through',#2160,.F.);
#2162=SHAPE_ASPECT('','bottom condition occurrence',#2118,.T.);
#2163=FEATURE_COMPONENT_RELATIONSHIP('','hole bottom usage',#2161,#2162);
#2164=EDGE_ROUND('','constant radius',#43,.T.);
#2165=PROPERTY_DEFINITION('','',#2164);
#2166=FACE_SHAPE_REPRESENTATION('edge round face',(#854),#34);
#2167=PROPERTY_DEFINITION_REPRESENTATION(#2165,#2166);
#2168=FACE_SHAPE_REPRESENTATION('first face shape',(#119),#34);
#2169=PROPERTY_DEFINITION_REPRESENTATION(#2165,#2168);
#2170=FACE_SHAPE_REPRESENTATION('second face shape',(#509),#34);
#2171=PROPERTY_DEFINITION_REPRESENTATION(#2165,#2170);
#2172=STANDARD_UNCERTAINTY('upper limit','plus',0.031250000000000);
#2173=STANDARD_UNCERTAINTY('lower limit','minus',-0.031250000000000);
#2174=PRECISION_QUALIFIER(4);
#2180=(LENGTH_MEASURE_WITH_UNIT()MEASURE_REPRESENTATION_ITEM()MEASURE_WITH_UNIT(LENGTH_MEASURE(0.562500000000000),#15)QUALIFIED_REPRESENTATION_ITEM((#2172,#2173,#2174))REPRESENTATION_ITEM('radius'));
#2185=(LENGTH_MEASURE_WITH_UNIT()MEASURE_REPRESENTATION_ITEM()MEASURE_WITH_UNIT(LENGTH_MEASURE(0.562500000000000),#15)REPRESENTATION_ITEM('first face offset'));
#2190=(LENGTH_MEASURE_WITH_UNIT()MEASURE_REPRESENTATION_ITEM()MEASURE_WITH_UNIT(LENGTH_MEASURE(0.562500000000000),#15)REPRESENTATION_ITEM('second face offset'));
#2191=SHAPE_REPRESENTATION_WITH_PARAMETERS('',(#2180),#34);
#2192=SHAPE_DEFINITION_REPRESENTATION(#2165,#2191);
#2193=SHAPE_REPRESENTATION_WITH_PARAMETERS('',(#2185),#34);
#2194=SHAPE_DEFINITION_REPRESENTATION(#2165,#2193);
#2195=SHAPE_REPRESENTATION_WITH_PARAMETERS('',(#2190),#34);
#2196=SHAPE_DEFINITION_REPRESENTATION(#2165,#2195);
#2197=EDGE_ROUND('','constant radius',#43,.T.);
#2198=PROPERTY_DEFINITION('','',#2197);
#2199=FACE_SHAPE_REPRESENTATION('edge round face',(#870),#34);
#2200=PROPERTY_DEFINITION_REPRESENTATION(#2198,#2199);
#2201=FACE_SHAPE_REPRESENTATION('first face shape',(#119),#34);
#2202=PROPERTY_DEFINITION_REPRESENTATION(#2198,#2201);
#2203=FACE_SHAPE_REPRESENTATION('second face shape',(#159),#34);
#2204=PROPERTY_DEFINITION_REPRESENTATION(#2198,#2203);
#2205=STANDARD_UNCERTAINTY('upper limit','plus',0.031250000000000);
#2206=STANDARD_UNCERTAINTY('lower limit','minus',-0.031250000000000);
#2207=PRECISION_QUALIFIER(4);
#2213=(LENGTH_MEASURE_WITH_UNIT()MEASURE_REPRESENTATION_ITEM()MEASURE_WITH_UNIT(LENGTH_MEASURE(0.562500000000000),#15)QUALIFIED_REPRESENTATION_ITEM((#2205,#2206,#2207))REPRESENTATION_ITEM('radius'));
#2218=(LENGTH_MEASURE_WITH_UNIT()MEASURE_REPRESENTATION_ITEM()MEASURE_WITH_UNIT(LENGTH_MEASURE(0.562500000000000),#15)REPRESENTATION_ITEM('first face offset'));
#2223=(LENGTH_MEASURE_WITH_UNIT()MEASURE_REPRESENTATION_ITEM()MEASURE_WITH_UNIT(LENGTH_MEASURE(0.562500000000000),#15)REPRESENTATION_ITEM('second face offset'));
#2224=SHAPE_REPRESENTATION_WITH_PARAMETERS('',(#2213),#34);
#2225=SHAPE_DEFINITION_REPRESENTATION(#2198,#2224);
#2226=SHAPE_REPRESENTATION_WITH_PARAMETERS('',(#2218),#34);
#2227=SHAPE_DEFINITION_REPRESENTATION(#2198,#2226);
#2228=SHAPE_REPRESENTATION_WITH_PARAMETERS('',(#2223),#34);
#2229=SHAPE_DEFINITION_REPRESENTATION(#2198,#2228);
#2230=EDGE_ROUND('','constant radius',#43,.T.);
#2231=PROPERTY_DEFINITION('','',#2230);
#2232=FACE_SHAPE_REPRESENTATION('edge round face',(#886),#34);
#2233=PROPERTY_DEFINITION_REPRESENTATION(#2231,#2232);
#2234=FACE_SHAPE_REPRESENTATION('first face shape',(#79),#34);
#2235=PROPERTY_DEFINITION_REPRESENTATION(#2231,#2234);
#2236=FACE_SHAPE_REPRESENTATION('second face shape',(#159),#34);
#2237=PROPERTY_DEFINITION_REPRESENTATION(#2231,#2236);
#2238=STANDARD_UNCERTAINTY('upper limit','plus',0.031250000000000);
#2239=STANDARD_UNCERTAINTY('lower limit','minus',-0.031250000000000);
#2240=PRECISION_QUALIFIER(4);
#2246=(LENGTH_MEASURE_WITH_UNIT()MEASURE_REPRESENTATION_ITEM()MEASURE_WITH_UNIT(LENGTH_MEASURE(0.562500000000000),#15)QUALIFIED_REPRESENTATION_ITEM((#2238,#2239,#2240))REPRESENTATION_ITEM('radius'));
#2251=(LENGTH_MEASURE_WITH_UNIT()MEASURE_REPRESENTATION_ITEM()MEASURE_WITH_UNIT(LENGTH_MEASURE(0.562500000000000),#15)REPRESENTATION_ITEM('first face offset'));
#2256=(LENGTH_MEASURE_WITH_UNIT()MEASURE_REPRESENTATION_ITEM()MEASURE_WITH_UNIT(LENGTH_MEASURE(0.562500000000000),#15)REPRESENTATION_ITEM('second face offset'));
#2257=SHAPE_REPRESENTATION_WITH_PARAMETERS('',(#2246),#34);
#2258=SHAPE_DEFINITION_REPRESENTATION(#2231,#2257);
#2259=SHAPE_REPRESENTATION_WITH_PARAMETERS('',(#2251),#34);
#2260=SHAPE_DEFINITION_REPRESENTATION(#2231,#2259);
#2261=SHAPE_REPRESENTATION_WITH_PARAMETERS('',(#2256),#34);
#2262=SHAPE_DEFINITION_REPRESENTATION(#2231,#2261);
#2263=EDGE_ROUND('','constant radius',#43,.T.);
#2264=PROPERTY_DEFINITION('','',#2263);
#2265=FACE_SHAPE_REPRESENTATION('edge round face',(#902),#34);
#2266=PROPERTY_DEFINITION_REPRESENTATION(#2264,#2265);
#2267=FACE_SHAPE_REPRESENTATION('first face shape',(#79),#34);
#2268=PROPERTY_DEFINITION_REPRESENTATION(#2264,#2267);
#2269=FACE_SHAPE_REPRESENTATION('second face shape',(#509),#34);
#2270=PROPERTY_DEFINITION_REPRESENTATION(#2264,#2269);
#2271=STANDARD_UNCERTAINTY('upper limit','plus',0.031250000000000);
#2272=STANDARD_UNCERTAINTY('lower limit','minus',-0.031250000000000);
#2273=PRECISION_QUALIFIER(4);
#2279=(LENGTH_MEASURE_WITH_UNIT()MEASURE_REPRESENTATION_ITEM()MEASURE_WITH_UNIT(LENGTH_MEASURE(0.562500000000000),#15)QUALIFIED_REPRESENTATION_ITEM((#2271,#2272,#2273))REPRESENTATION_ITEM('radius'));
#2284=(LENGTH_MEASURE_WITH_UNIT()MEASURE_REPRESENTATION_ITEM()MEASURE_WITH_UNIT(LENGTH_MEASURE(0.562500000000000),#15)REPRESENTATION_ITEM('first face offset'));
#2289=(LENGTH_MEASURE_WITH_UNIT()MEASURE_REPRESENTATION_ITEM()MEASURE_WITH_UNIT(LENGTH_MEASURE(0.562500000000000),#15)REPRESENTATION_ITEM('second face offset'));
#2290=SHAPE_REPRESENTATION_WITH_PARAMETERS('',(#2279),#34);
#2291=SHAPE_DEFINITION_REPRESENTATION(#2264,#2290);
#2292=SHAPE_REPRESENTATION_WITH_PARAMETERS('',(#2284),#34);
#2293=SHAPE_DEFINITION_REPRESENTATION(#2264,#2292);
#2294=SHAPE_REPRESENTATION_WITH_PARAMETERS('',(#2289),#34);
#2295=SHAPE_DEFINITION_REPRESENTATION(#2264,#2294);
#2302=(CHARACTERIZED_OBJECT('','marking')FEATURE_DEFINITION()INSTANCED_FEATURE()MACHINING_FEATURE()MARKING()SHAPE_ASPECT('','marking',#43,.T.));
#2303=PROPERTY_DEFINITION('','',#2302);
#2304=CARTESIAN_POINT('',(10.125000000000000,0.0,0.500000000000000));
#2305=DIRECTION('',(0.0,1.0,0.0));
#2306=DIRECTION('',(-1.0,0.0,0.0));
#2307=AXIS2_PLACEMENT_3D('orientation',#2304,#2305,#2306);
#2308=DESCRIPTIVE_REPRESENTATION_ITEM('marking text','85/133/3/5/11010');
#2309=DESCRIPTIVE_REPRESENTATION_ITEM('font name','');
#2314=(LENGTH_MEASURE_WITH_UNIT()MEASURE_REPRESENTATION_ITEM()MEASURE_WITH_UNIT(LENGTH_MEASURE(0.0),#15)REPRESENTATION_ITEM('character height'));
#2319=(LENGTH_MEASURE_WITH_UNIT()MEASURE_REPRESENTATION_ITEM()MEASURE_WITH_UNIT(LENGTH_MEASURE(0.0),#15)REPRESENTATION_ITEM('character spacing'));
#2320=DESCRIPTIVE_REPRESENTATION_ITEM('special instructions','stamp or mark drg No.');
#2321=SHAPE_REPRESENTATION_WITH_PARAMETERS('',(#2307,#2308,#2320,#2309,#2314,#2319),#34);
#2322=SHAPE_DEFINITION_REPRESENTATION(#2303,#2321);
#2323=SHAPE_DEFINING_RELATIONSHIP('applied shape','',#2302,#820);
#2324=DESCRIPTIVE_REPRESENTATION_ITEM('note text','MACHINING INSTRUCTION flash grind (1/2 plate)');
#2325=REPRESENTATION('note text',(#2324),#34);
#2326=PROPERTY_DEFINITION('part property','surface note',#478);
#2327=PROPERTY_DEFINITION('part property','surface note',#478);
#2328=PROPERTY_DEFINITION_REPRESENTATION(#2327,#2325);
#2329=PROPERTY_DEFINITION_RELATIONSHIP('','',#2326,#2327);
#2330=DESCRIPTIVE_REPRESENTATION_ITEM('note text','FEATURE DIMENSION 10 holes 0.6210/0.6205 dia ream on assembly');
#2331=REPRESENTATION('note text',(#2330),#34);
#2332=PROPERTY_DEFINITION('part property','surface note',#1103);
#2333=PROPERTY_DEFINITION('part property','surface note',#1103);
#2334=PROPERTY_DEFINITION_REPRESENTATION(#2333,#2331);
#2335=PROPERTY_DEFINITION_RELATIONSHIP('','',#2332,#2333);
#2336=PROPERTY_DEFINITION('part property','surface note',#1143);
#2337=PROPERTY_DEFINITION('part property','surface note',#1143);
#2338=PROPERTY_DEFINITION_REPRESENTATION(#2337,#2331);
#2339=PROPERTY_DEFINITION_RELATIONSHIP('','',#2336,#2337);
#2340=PROPERTY_DEFINITION('part property','surface note',#1183);
#2341=PROPERTY_DEFINITION('part property','surface note',#1183);
#2342=PROPERTY_DEFINITION_REPRESENTATION(#2341,#2331);
#2343=PROPERTY_DEFINITION_RELATIONSHIP('','',#2340,#2341);
#2344=PROPERTY_DEFINITION('part property','surface note',#1223);
#2345=PROPERTY_DEFINITION('part property','surface note',#1223);
#2346=PROPERTY_DEFINITION_REPRESENTATION(#2345,#2331);
#2347=PROPERTY_DEFINITION_RELATIONSHIP('','',#2344,#2345);
#2348=PROPERTY_DEFINITION('part property','surface note',#1263);
#2349=PROPERTY_DEFINITION('part property','surface note',#1263);
#2350=PROPERTY_DEFINITION_REPRESENTATION(#2349,#2331);
#2351=PROPERTY_DEFINITION_RELATIONSHIP('','',#2348,#2349);
#2352=PROPERTY_DEFINITION('part property','surface note',#1303);
#2353=PROPERTY_DEFINITION('part property','surface note',#1303);
#2354=PROPERTY_DEFINITION_REPRESENTATION(#2353,#2331);
#2355=PROPERTY_DEFINITION_RELATIONSHIP('','',#2352,#2353);
#2356=PROPERTY_DEFINITION('part property','surface note',#1343);
#2357=PROPERTY_DEFINITION('part property','surface note',#1343);
#2358=PROPERTY_DEFINITION_REPRESENTATION(#2357,#2331);
#2359=PROPERTY_DEFINITION_RELATIONSHIP('','',#2356,#2357);
#2360=PROPERTY_DEFINITION('part property','surface note',#1383);
#2361=PROPERTY_DEFINITION('part property','surface note',#1383);
#2362=PROPERTY_DEFINITION_REPRESENTATION(#2361,#2331);
#2363=PROPERTY_DEFINITION_RELATIONSHIP('','',#2360,#2361);
#2364=PROPERTY_DEFINITION('part property','surface note',#1423);
#2365=PROPERTY_DEFINITION('part property','surface note',#1423);
#2366=PROPERTY_DEFINITION_REPRESENTATION(#2365,#2331);
#2367=PROPERTY_DEFINITION_RELATIONSHIP('','',#2364,#2365);
#2368=PROPERTY_DEFINITION('part property','surface note',#1463);
#2369=PROPERTY_DEFINITION('part property','surface note',#1463);
#2370=PROPERTY_DEFINITION_REPRESENTATION(#2369,#2331);
#2371=PROPERTY_DEFINITION_RELATIONSHIP('','',#2368,#2369);
#2372=DESCRIPTIVE_REPRESENTATION_ITEM('note text','FINISHING INSTRUCTION machined corners to have .025 rad outside, .02 rad inside or equivalent chamfers');
#2373=REPRESENTATION('note text',(#2372),#34);
#2374=PROPERTY_DEFINITION('part property','part note',#42);
#2375=PROPERTY_DEFINITION('part property','part note',#42);
#2376=PROPERTY_DEFINITION_REPRESENTATION(#2375,#2373);
#2377=PROPERTY_DEFINITION_RELATIONSHIP('','',#2374,#2375);
#2378=DESCRIPTIVE_REPRESENTATION_ITEM('note text','FINISHING INSTRUCTION phosphate to MoD DEF 29(A) Class 2 and paint to BS 2523 Type B');
#2379=REPRESENTATION('note text',(#2378),#34);
#2380=PROPERTY_DEFINITION('part property','part note',#42);
#2381=PROPERTY_DEFINITION('part property','part note',#42);
#2382=PROPERTY_DEFINITION_REPRESENTATION(#2381,#2379);
#2383=PROPERTY_DEFINITION_RELATIONSHIP('','',#2380,#2381);
#2384=DESCRIPTIVE_REPRESENTATION_ITEM('note text','SURFACE ROUGHNESS to BS 1134');
#2385=REPRESENTATION('note text',(#2384),#34);
#2386=PROPERTY_DEFINITION('part property','part note',#42);
#2387=PROPERTY_DEFINITION('part property','part note',#42);
#2388=PROPERTY_DEFINITION_REPRESENTATION(#2387,#2385);
#2389=PROPERTY_DEFINITION_RELATIONSHIP('','',#2386,#2387);
#2390=MEASURE_WITH_UNIT(COUNT_MEASURE(1.0),#35);
#2391=PRODUCT_DEFINITION('','steel to MoD DEF 13(B) Group 2',#40,#41);
#2392=MATERIAL_DESIGNATION('steel to MoD DEF 13(B) Group 2',(#2391));
#2393=MAKE_FROM_USAGE_OPTION('1','','product material',#42,#2391,1,'primary material',#2390);
#2394=PRODUCT_DEFINITION_SHAPE('base shape','base shape for part',#2391);
#2395=SHAPE_DEFINITION_REPRESENTATION(#2394,#1502);
#2396=VERSIONED_ACTION_REQUEST('','','','');
#2397=ACTION_DIRECTIVE('','','','',(#2396));
#2398=ACTION_METHOD('','','','');
#2399=DIRECTED_ACTION('project order','order for project',#2398,#2397);
#2400=FEATURE_BASED_PP_ACTION_ASSIGNMENT(#2399,(#40));
#2401=APPROVAL_STATUS('approved');
#2402=APPROVAL(#2401,'product version approval');
#2403=FEATURE_BASED_PP_APPROVAL_ASSIGNMENT(#2402,(#40));
#2404=APPROVAL(#2401,'project order approval');
#2405=FEATURE_BASED_PP_APPROVAL_ASSIGNMENT(#2404,(#2399));
#2406=CALENDAR_DATE(1998,10,3);
#2407=APPROVAL_DATE_TIME(#2406,#2402);
#2408=APPROVAL_DATE_TIME(#2406,#2404);
#2409=PERSON('1','name','dummy',$,$,$);
#2410=ORGANIZATION($,'dummy organization name','Producer');
#2411=PERSON_AND_ORGANIZATION(#2409,#2410);
#2412=APPROVAL_ROLE('approval product version');
#2413=APPROVAL_PERSON_ORGANIZATION(#2411,#2402,#2412);
#2414=APPROVAL_PERSON_ORGANIZATION(#2411,#2404,#2412);
#2415=SECURITY_CLASSIFICATION_LEVEL('unclassified');
#2416=SECURITY_CLASSIFICATION('classification','classify product version',#2415);
#2417=FEATURE_BASED_PP_SECURITY_CLASSIFICATION_ASSIGNMENT(#2416,(#40));
#2418=ORDERED_PART(#2399,'quantity','quantity ordered',(#40));
#2419=MEASURE_REPRESENTATION_ITEM('quantity',COUNT_MEASURE(1.0),#35);
#2420=REPRESENTATION('quantity',(#2419),#34);
#2421=PROPERTY_DEFINITION('ordered part property','quantity definition',#2418);
#2422=PROPERTY_DEFINITION_REPRESENTATION(#2421,#2420);
#2423=ORGANIZATION_ROLE('manufacturer');
#2424=FEATURE_BASED_PP_ORGANIZATION_ASSIGNMENT(#2410,#2423,(#40));
#2425=ORGANIZATION_ROLE('owner');
#2426=FEATURE_BASED_PP_ORGANIZATION_ASSIGNMENT(#2410,#2425,(#40));
#2427=PERSON_AND_ORGANIZATION_ROLE('manufacturer');
#2428=FEATURE_BASED_PP_PERSON_AND_ORGANIZATION_ASSIGNMENT(#2411,#2427,(#40));
#2429=PERSON_AND_ORGANIZATION_ROLE('owner');
#2430=FEATURE_BASED_PP_PERSON_AND_ORGANIZATION_ASSIGNMENT(#2411,#2429,(#40));
ENDSEC;
END-ISO-10303-21;

