ISO-10303-21;
HEADER;
FILE_DESCRIPTION (( 'STEP AP214' ), '1' );
FILE_NAME ('nissan.step', '2024-01-04T00:00:00', ( '' ), ( '' ), 'STEP Test', 'Test Generator', '' );
FILE_SCHEMA (( 'AUTOMOTIVE_DESIGN' ));
ENDSEC;

DATA;
/* ============================================ */
/* AP214 Required Product Structure             */
/* ============================================ */
#1 = APPLICATION_CONTEXT ( 'automotive_design' );
#2 = APPLICATION_PROTOCOL_DEFINITION ( 'draft international standard', 'automotive_design', 1998, #1 );
#3 = PRODUCT_CONTEXT ( 'NONE', #1, 'mechanical' );
#4 = PRODUCT ( 'nissan', 'nissan', '', ( #3 ) );
#5 = PRODUCT_DEFINITION_FORMATION_WITH_SPECIFIED_SOURCE ( 'ANY', '', #4, .NOT_KNOWN. );
#6 = PRODUCT_DEFINITION_CONTEXT ( 'detailed design', #1, 'design' );
#7 = PRODUCT_DEFINITION ( 'UNKNOWN', '', #5, #6 );
#8 = PRODUCT_DEFINITION_SHAPE ( 'NONE', 'NONE', #7 );
#9 = PRODUCT_RELATED_PRODUCT_CATEGORY ( 'part', '', ( #4 ) );

/* Units and context */
#10 = ( GEOMETRIC_REPRESENTATION_CONTEXT ( 3 ) GLOBAL_UNCERTAINTY_ASSIGNED_CONTEXT ( ( #13 ) ) GLOBAL_UNIT_ASSIGNED_CONTEXT ( ( #14, #15, #16 ) ) REPRESENTATION_CONTEXT ( 'NONE', 'WORKASPACE' ) );
#13 = UNCERTAINTY_MEASURE_WITH_UNIT ( LENGTH_MEASURE( 1.0E-05 ), #14, 'distance_accuracy_value', 'NONE' );
#14 = ( LENGTH_UNIT ( ) NAMED_UNIT ( * ) SI_UNIT ( .MILLI., .METRE. ) );
#15 = ( NAMED_UNIT ( * ) PLANE_ANGLE_UNIT ( ) SI_UNIT ( $, .RADIAN. ) );
#16 = ( NAMED_UNIT ( * ) SOLID_ANGLE_UNIT ( ) SI_UNIT ( $, .STERADIAN. ) );

/* Origin placement */
#20 = CARTESIAN_POINT ( 'NONE', ( 0.0, 0.0, 0.0 ) );
#21 = DIRECTION ( 'NONE', ( 0.0, 0.0, 1.0 ) );
#22 = DIRECTION ( 'NONE', ( 1.0, 0.0, 0.0 ) );
#23 = AXIS2_PLACEMENT_3D ( 'NONE', #20, #21, #22 );

/* ============================================ */
/* Geometry (remapped from original file)       */
/* ============================================ */
#25 = CARTESIAN_POINT ( 'NONE',  ( -328.5000000000000600, 30.80236133250206600, -158.6139418524084600 ) ) ;
#26 = DIRECTION ( 'NONE',  ( -0.0000000000000000000, -0.0000000000000000000, 1.000000000000000000 ) ) ;
#27 = ( LENGTH_UNIT ( ) NAMED_UNIT ( * ) SI_UNIT ( .MILLI., .METRE. ) );
#28 = CARTESIAN_POINT ( 'NONE',  ( -63.91020197242970400, 50.79759420238618600, 114.2566589982909400 ) ) ;
#29 = ADVANCED_FACE ( 'NONE', ( #636919 ), #1096349, .F. ) ;
#30 = VECTOR ( 'NONE', #69698, 1000.000000000000000 ) ;
#31 = CARTESIAN_POINT ( 'NONE',  ( 34.53522276997305300, -20.96624669552055700, -34.06873324344152800 ) ) ;
#32 = ORIENTED_EDGE ( 'NONE', *, *, #1257948, .T. ) ;
#33 = EDGE_LOOP ( 'NONE', ( #1299658, #1299671, #1299682, #1299694, #1299705, #1299717, #1299729 ) ) ;
#34 = VERTEX_POINT ( 'NONE', #1096289 ) ;
#35 = CARTESIAN_POINT ( 'NONE',  ( 0.3967596363064100900, 90.28455898973616900, 128.0346127101687400 ) ) ;
#36 = DIRECTION ( 'NONE',  ( 1.000000000000000000, 0.0000000000000000000, 0.0000000000000000000 ) ) ;
#37 = CARTESIAN_POINT ( 'NONE',  ( -572.4653771328839900, 38.00000000000000000, -109.8574951376592100 ) ) ;
#38 = ( NAMED_UNIT ( * ) PLANE_ANGLE_UNIT ( ) SI_UNIT ( $, .RADIAN. ) );
#39 = CARTESIAN_POINT ( 'NONE',  ( -64.92132698385518100, 49.49516557138756700, 114.2330480607722100 ) ) ;
#40 = CARTESIAN_POINT ( 'NONE',  ( 34.50000000000000000, -21.39877247275289600, -33.79485961887329600 ) ) ;
#41 = CIRCLE ( 'NONE', #1051061, 1.000000000000000900 ) ;
#42 = ORIENTED_EDGE ( 'NONE', *, *, #1256562, .T. ) ;
#43 = VERTEX_POINT ( 'NONE', #1096370 ) ;
#44 = ADVANCED_FACE ( 'NONE', ( #636964 ), #1096333, .T. ) ;
#45 = CARTESIAN_POINT ( 'NONE',  ( -724.8765937105538300, 34.27899999999997500, 16.17424200735407400 ) ) ;
#46 = CARTESIAN_POINT ( 'NONE',  ( 1.202775844947706400, 90.26881054524508800, 127.9037383054076300 ) ) ;
#47 = VERTEX_POINT ( 'NONE', #1096342 ) ;
#48 = CARTESIAN_POINT ( 'NONE',  ( 299.0000000000027300, 37.50000000000059000, -4.000000000000000000 ) ) ;
#49 = DIRECTION ( 'NONE',  ( 0.0000000000000000000, 1.000000000000000000, 0.0000000000000000000 ) ) ;
#50 = ( NAMED_UNIT ( * ) SI_UNIT ( $, .STERADIAN. ) SOLID_ANGLE_UNIT ( ) );
#51 = CARTESIAN_POINT ( 'NONE',  ( -717.0549885691026500, 20.59938051533944400, 91.19375541594860100 ) ) ;
#52 = CARTESIAN_POINT ( 'NONE',  ( 2.007009924286199600, 90.25170423708360100, 127.7727861471280300 ) ) ;
#53 = LINE ( 'NONE', #69753, #64 ) ;
#54 = ORIENTED_EDGE ( 'NONE', *, *, #1257963, .T. ) ;
#55 = ORIENTED_EDGE ( 'NONE', *, *, #548037, .T. ) ;
#56 = VERTEX_POINT ( 'NONE', #1096414 ) ;
#57 = DIRECTION ( 'NONE',  ( 0.0000000000000000000, 0.0000000000000000000, -1.000000000000000000 ) ) ;
#58 = DIRECTION ( 'NONE',  ( 0.0000000000000000000, 0.0000000000000000000, 1.000000000000000000 ) ) ;
#59 = CARTESIAN_POINT ( 'NONE',  ( -66.28871622266908000, 49.46172349211697400, 115.8561856722813700 ) ) ;
#60 = ADVANCED_FACE ( 'NONE', ( #636974 ), #637001, .T. ) ;
#61 = CARTESIAN_POINT ( 'NONE',  ( 109.2733315698848900, 51.21238317761628200, -90.00000000000002800 ) ) ;
#62 = CARTESIAN_POINT ( 'NONE',  ( -417.7230215765907200, 30.50000000000000000, -46.97928424849820300 ) ) ;
#63 = CARTESIAN_POINT ( 'NONE',  ( 2.810994654643971000, 90.23160743384600800, 127.6416634785115700 ) ) ;
#64 = VECTOR ( 'NONE', #69919, 1000.000000000000000 ) ;
#65 = ORIENTED_EDGE ( 'NONE', *, *, #1252281, .T. ) ;
#66 = ORIENTED_EDGE ( 'NONE', *, *, #1631665, .T. ) ;
#67 = DIRECTION ( 'NONE',  ( -1.000000000000000000, 0.0000000000000000000, 0.0000000000000000000 ) ) ;
#68 = CARTESIAN_POINT ( 'NONE',  ( -703.0000000000000000, 22.85518051464693900, -109.7422835533724600 ) ) ;
#69 = ORIENTED_EDGE ( 'NONE', *, *, #1281399, .T. ) ;
#70 = ADVANCED_FACE ( 'NONE', ( #636930 ), #1096428, .T. ) ;
#71 = DIRECTION ( 'NONE',  ( 0.0000000000000000000, 1.000000000000000000, 0.0000000000000000000 ) ) ;
#72 = CARTESIAN_POINT ( 'NONE',  ( 4.418964115359513800, 90.19141382737079500, 127.3794181412786200 ) ) ;
#73 = CIRCLE ( 'NONE', #1051075, 0.9999999999999870100 ) ;
#74 = CARTESIAN_POINT ( 'NONE',  ( 83.19652772141184000, 8.825533454449214300, -114.2146316729961900 ) ) ;
#75 = DIRECTION ( 'NONE',  ( 0.0000000000000000000, -0.7071067811865479100, 0.7071067811865472400 ) ) ;
#76 = CARTESIAN_POINT ( 'NONE',  ( -67.60364098870785200, 49.42849248830990700, 117.5227816408806900 ) ) ;
#77 = ORIENTED_EDGE ( 'NONE', *, *, #1257982, .T. ) ;
#78 = VERTEX_POINT ( 'NONE', #1096446 ) ;
#79 = VERTEX_POINT ( 'NONE', #1096473 ) ;
#80 = DIRECTION ( 'NONE',  ( 0.0000000000000000000, 0.0000000000000000000, 1.000000000000000000 ) ) ;
#81 = DIRECTION ( 'NONE',  ( 0.0000000000000000000, 0.0000000000000000000, 1.000000000000000000 ) ) ;
#82 = CARTESIAN_POINT ( 'NONE',  ( 6.026394563379134300, 90.14046529976805300, 127.1165640159622400 ) ) ;
#83 = DIRECTION ( 'NONE',  ( 0.0000000000000000000, 0.6427876096865347000, -0.7660444431189819000 ) ) ;
#84 = CARTESIAN_POINT ( 'NONE',  ( -1.052398908759262500E-014, 45.50000000000000000, -20.00000000000000000 ) ) ;
#85 = DIRECTION ( 'NONE',  ( 0.0000000000000000000, -0.7071067811865472400, -0.7071067811865479100 ) ) ;
#86 = CARTESIAN_POINT ( 'NONE',  ( -68.85998342691692600, 49.39518372061479600, 119.2333393152332500 ) ) ;
#87 = ADVANCED_FACE ( 'NONE', ( #637021 ), #1096487, .T. ) ;
#88 = VECTOR ( 'NONE', #69955, 1000.000000000000000 ) ;
#89 = ORIENTED_EDGE ( 'NONE', *, *, #1252209, .T. ) ;
#90 = EDGE_LOOP ( 'NONE', ( #1299045, #1299058, #1299071, #1299082, #1299091, #1299103 ) ) ;
#91 = CARTESIAN_POINT ( 'NONE',  ( 45.05046254607793100, 53.01346652052693300, -99.65841976488336200 ) ) ;
#92 = CARTESIAN_POINT ( 'NONE',  ( -30.29469615874769800, -17.07331009553002600, 16.69999999999999900 ) ) ;
#93 = VERTEX_POINT ( 'NONE', #1096469 ) ;
#94 = DIRECTION ( 'NONE',  ( 0.2368995076403067100, 0.9715341596051989500, 1.156482317325472900E-016 ) ) ;
#95 = CARTESIAN_POINT ( 'NONE',  ( 7.633211592865922800, 90.07917543047047100, 126.8531521968213100 ) ) ;
#96 = DIRECTION ( 'NONE',  ( -2.312964634635742000E-016, 1.000000000000000000, 0.0000000000000000000 ) ) ;
#97 = FILL_AREA_STYLE ('',( #138 ) ) ;
#98 = CARTESIAN_POINT ( 'NONE',  ( -46.36772543492111300, 68.85799182147820800, 121.6230716618352500 ) ) ;
#99 = LINE ( 'NONE', #70325, #158 ) ;
#100 = DIRECTION ( 'NONE',  ( 0.8181818177386442900, -0.5749595752067165900, -2.812822226665713100E-015 ) ) ;
#101 = ORIENTED_EDGE ( 'NONE', *, *, #1257997, .F. ) ;
#102 = ORIENTED_EDGE ( 'NONE', *, *, #1419570, .T. ) ;
#103 = VERTEX_POINT ( 'NONE', #1096508 ) ;
#104 = ADVANCED_FACE ( 'NONE', ( #636987 ), #1096517, .F. ) ;
#105 = CARTESIAN_POINT ( 'NONE',  ( 10.84684565183950900, 89.95659569187533600, 126.3263285585394600 ) ) ;
#106 = CARTESIAN_POINT ( 'NONE',  ( 82.78388507872209300, 8.656255330360378900, -114.7473325052411900 ) ) ;
#107 = DIRECTION ( 'NONE',  ( -1.000000000000000000, 0.0000000000000000000, 0.0000000000000000000 ) ) ;
#108 = DIRECTION ( 'NONE',  ( 1.000000000000000000, 0.0000000000000000000, 0.0000000000000000000 ) ) ;
#109 = CARTESIAN_POINT ( 'NONE',  ( -40.91767633281087800, 71.43947449096710000, 121.9400378778869200 ) ) ;
#110 = CARTESIAN_POINT ( 'NONE',  ( 107.3293231111590000, 53.07634214521453200, 14.69375334507080800 ) ) ;
#111 = DIRECTION ( 'NONE',  ( 0.5749595752067170300, 0.8181818177386439600, 0.0000000000000000000 ) ) ;
#112 = CIRCLE ( 'NONE', #1051092, 1.000000000000000900 ) ;
#113 = ORIENTED_EDGE ( 'NONE', *, *, #1252129, .T. ) ;
#114 = ORIENTED_EDGE ( 'NONE', *, *, #548054, .T. ) ;
#115 = CARTESIAN_POINT ( 'NONE',  ( -720.9507977886651100, 16.27150257669730500, -10.19375541594860500 ) ) ;
#116 = CARTESIAN_POINT ( 'NONE',  ( 14.05811294442813700, 89.79309179318316600, 125.7973063193931400 ) ) ;
#117 = VERTEX_POINT ( 'NONE', #1096572 ) ;
#118 = CARTESIAN_POINT ( 'NONE',  ( 297.7700000000027100, 37.50000000000059000, 4.000000000000000000 ) ) ;
#119 = CARTESIAN_POINT ( 'NONE',  ( -40.91767633281087800, 71.43947449096710000, 121.9400378778869200 ) ) ;
#120 = ADVANCED_FACE ( 'NONE', ( #636953 ), #637052, .T. ) ;
#121 = CARTESIAN_POINT ( 'NONE',  ( 105.5201897371116400, 54.64030317589345000, 16.25771437574972500 ) ) ;
#122 = CARTESIAN_POINT ( 'NONE',  ( 17.26563349567253500, 89.59006054666004100, 125.2663409425346700 ) ) ;
#123 = LINE ( 'NONE', #70179, #133 ) ;
#124 = ORIENTED_EDGE ( 'NONE', *, *, #1258016, .T. ) ;
#125 = VERTEX_POINT ( 'NONE', #1096597 ) ;
#126 = ORIENTED_EDGE ( 'NONE', *, *, #96946, .F. ) ;
#127 = CARTESIAN_POINT ( 'NONE',  ( -54.99999999999999300, 58.49998331650419900, -24.33282292341035100 ) ) ;
#128 = DIRECTION ( 'NONE',  ( -0.0000000000000000000, -0.0000000000000000000, 1.000000000000000000 ) ) ;
#129 = CARTESIAN_POINT ( 'NONE',  ( -51.49239204970837800, 65.77760747869437800, 121.2448480228943300 ) ) ;
#130 = CARTESIAN_POINT ( 'NONE',  ( 21.62624773757650900, 57.45069234602596700, 4.000000000000000000 ) ) ;
#131 = ADVANCED_FACE ( 'NONE', ( #637041 ), #1096558, .T. ) ;
#132 = CARTESIAN_POINT ( 'NONE',  ( 23.68067459816132800, 89.18399805361377700, 124.2044101888177500 ) ) ;
#133 = VECTOR ( 'NONE', #70340, 1000.000000000000000 ) ;
#134 = ORIENTED_EDGE ( 'NONE', *, *, #1026071, .F. ) ;
#135 = ORIENTED_EDGE ( 'NONE', *, *, #1634405, .F. ) ;
#136 = DIRECTION ( 'NONE',  ( -0.0000000000000000000, -0.0000000000000000000, -1.000000000000000000 ) ) ;
#137 = CARTESIAN_POINT ( 'NONE',  ( -572.4653771328839900, 38.00000000000000000, -109.8574951376592100 ) ) ;
#138 = FILL_AREA_STYLE_COLOUR ( '', #18402 ) ;
#139 = CARTESIAN_POINT ( 'NONE',  ( -57.45424488127947200, 61.24638179957607100, 120.6884834675318200 ) ) ;
#140 = VERTEX_POINT ( 'NONE', #1096640 ) ;
#141 = CARTESIAN_POINT ( 'NONE',  ( 34.50000000000000000, 0.0000000000000000000, 0.0000000000000000000 ) ) ;
#142 = CARTESIAN_POINT ( 'NONE',  ( -431.9352011868241400, 30.50000000000000000, -161.7186840297064200 ) ) ;
#143 = CARTESIAN_POINT ( 'NONE',  ( 30.08130567422819400, 88.61850667967354400, 123.1346268142744700 ) ) ;
#144 = LINE ( 'NONE', #70646, #207 ) ;
#145 = CARTESIAN_POINT ( 'NONE',  ( 83.54309974663732400, 8.989382699917204200, -113.6435132445198000 ) ) ;
#146 = DIRECTION ( 'NONE',  ( 0.0000000000000000000, 1.000000000000000000, 0.0000000000000000000 ) ) ;
#147 = CARTESIAN_POINT ( 'NONE',  ( -58.62444765674813900, 60.30614728701280600, 120.5730371857609800 ) ) ;
#148 = ORIENTED_EDGE ( 'NONE', *, *, #1258034, .F. ) ;
#149 = EDGE_LOOP ( 'NONE', ( #1299407, #1299418, #1299429, #1299442 ) ) ;
#150 = ADVANCED_FACE ( 'NONE', ( #637065 ), #637087, .F. ) ;
#151 = VERTEX_POINT ( 'NONE', #1096660 ) ;
#152 = DIRECTION ( 'NONE',  ( -1.000000000000000000, -0.0000000000000000000, -0.0000000000000000000 ) ) ;
#153 = CARTESIAN_POINT ( 'NONE',  ( -420.3624545018438400, 30.49999999999999300, -47.30836744019148200 ) ) ;
#154 = CARTESIAN_POINT ( 'NONE',  ( 36.46196401771429400, 87.89491571572901300, 122.0582614013841700 ) ) ;
#155 = CARTESIAN_POINT ( 'NONE',  ( 83.85838085439331700, 9.146500637124425700, -112.8513066442336700 ) ) ;
#156 = DIRECTION ( 'NONE',  ( 0.0000000000000000000, 0.0000000000000000000, 1.000000000000000000 ) ) ;
#157 = CARTESIAN_POINT ( 'NONE',  ( -60.34270046008012400, 58.83898549870559000, 120.3928923698101800 ) ) ;
#158 = VECTOR ( 'NONE', #70372, 1000.000000000000000 ) ;
#159 = ORIENTED_EDGE ( 'NONE', *, *, #70881, .T. ) ;
#160 = VERTEX_POINT ( 'NONE', #1096674 ) ;
#161 = DIRECTION ( 'NONE',  ( 0.0000000000000000000, 0.0000000000000000000, -1.000000000000000000 ) ) ;
#162 = ORIENTED_EDGE ( 'NONE', *, *, #1281429, .T. ) ;
#163 = ADVANCED_FACE ( 'NONE', ( #637011 ), #1096654, .F. ) ;
#164 = DIRECTION ( 'NONE',  ( -0.0000000000000000000, 1.000000000000000000, -0.0000000000000000000 ) ) ;
#165 = CARTESIAN_POINT ( 'NONE',  ( 49.22328070468647400, 86.44773378783995100, 119.9055305756036300 ) ) ;
#166 = CARTESIAN_POINT ( 'NONE',  ( 83.91543973290185900, 9.175484267441651900, -112.6883134593059000 ) ) ;
#167 = PLANE ( 'NONE',  #1813125 ) ;
#168 = CARTESIAN_POINT ( 'NONE',  ( -60.90926917439512800, 58.34045250974092100, 120.3316802156645900 ) ) ;
#169 = VECTOR ( 'NONE', #71537, 1000.000000000000000 ) ;
#170 = CARTESIAN_POINT ( 'NONE',  ( 107.3293231111590000, 53.07634214521453200, -90.00000000000002800 ) ) ;
#171 = DIRECTION ( 'NONE',  ( 0.7071067811865455700, -0.7071067811865494600, 0.0000000000000000000 ) ) ;
#172 = ORIENTED_EDGE ( 'NONE', *, *, #1258049, .T. ) ;
#173 = ORIENTED_EDGE ( 'NONE', *, *, #815734, .T. ) ;
#174 = VERTEX_POINT ( 'NONE', #1096727 ) ;
#175 = DIRECTION ( 'NONE',  ( 0.0000000000000000000, 0.0000000000000000000, 1.000000000000000000 ) ) ;
#176 = CARTESIAN_POINT ( 'NONE',  ( 61.90468646906266800, 84.36813267825617400, 117.7265446108586800 ) ) ;
#177 = CARTESIAN_POINT ( 'NONE',  ( 84.01374876057246900, 9.226006809586113600, -112.3604509370695000 ) ) ;
#178 = SURFACE_SIDE_STYLE ('',( #18410 ) ) ;
#179 = CARTESIAN_POINT ( 'NONE',  ( -62.02931880124646100, 57.32331929875026300, 120.2067919609732900 ) ) ;
#180 = ADVANCED_FACE ( 'NONE', ( #637077 ), #1096633, .F. ) ;
#181 = CARTESIAN_POINT ( 'NONE',  ( -721.0151656908506100, 19.36739999999998200, 91.82575799264591900 ) ) ;
#182 = DIRECTION ( 'NONE',  ( 0.7071067811865494600, 0.7071067811865455700, 0.0000000000000000000 ) ) ;
#183 = CIRCLE ( 'NONE', #1051108, 1.000000000000000900 ) ;
#184 = ORIENTED_EDGE ( 'NONE', *, *, #70811, .T. ) ;
#185 = EDGE_LOOP ( 'NONE', ( #1299229, #1299242, #1299253, #1299264, #1299276, #1299289 ) ) ;
#186 = CARTESIAN_POINT ( 'NONE',  ( 74.46178817201631300, 81.66704121001510000, 115.5301928789362900 ) ) ;
#187 = VERTEX_POINT ( 'NONE', #1096681 ) ;
#188 = CARTESIAN_POINT ( 'NONE',  ( 84.05534973607390700, 9.247716333248721600, -112.1948185188100400 ) ) ;
#189 = SURFACE_STYLE_USAGE ( .BOTH. , #178 ) ;
#190 = CARTESIAN_POINT ( 'NONE',  ( -62.58575757162410000, 56.80559530085414400, 120.1432234472227500 ) ) ;
#191 = CARTESIAN_POINT ( 'NONE',  ( 105.5201897371116400, 54.64030317589345700, 10.74228148249465200 ) ) ;
#192 = CARTESIAN_POINT ( 'NONE',  ( 34.53092392540450800, -31.45393632250748800, -24.71169098298279100 ) ) ;
#193 = ADVANCED_FACE ( 'NONE', ( #637030 ), #637133, .T. ) ;
#194 = CARTESIAN_POINT ( 'NONE',  ( -146109.4625594214900, 500004.2090913207500, 26.99999999999999600 ) ) ;
#195 = CARTESIAN_POINT ( 'NONE',  ( 77.60106359775473100, 80.99176834295484200, 114.9811049459556900 ) ) ;
#196 = LINE ( 'NONE', #70983, #268 ) ;
#197 = ORIENTED_EDGE ( 'NONE', *, *, #1258066, .T. ) ;
#198 = ORIENTED_EDGE ( 'NONE', *, *, #548069, .T. ) ;
#199 = VERTEX_POINT ( 'NONE', #1096802 ) ;
#200 = CARTESIAN_POINT ( 'NONE',  ( 84.15637370725639200, 9.300808264777540300, -111.6924853856055600 ) ) ;
#201 = ( LENGTH_UNIT ( ) NAMED_UNIT ( * ) SI_UNIT ( .MILLI., .METRE. ) );
#202 = CARTESIAN_POINT ( 'NONE',  ( -63.66202642772178400, 55.74634366761691200, 120.0131637005500000 ) ) ;
#203 = DIRECTION ( 'NONE',  ( 0.0000000000000000000, 0.0000000000000000000, 1.000000000000000000 ) ) ;
#204 = CARTESIAN_POINT ( 'NONE',  ( 34.51478921130600200, -31.37123920941237300, -24.81659253654160200 ) ) ;
#205 = CARTESIAN_POINT ( 'NONE',  ( 55.50112011329133600, 23.97933526856377300, 26.99999999999999600 ) ) ;
#206 = CARTESIAN_POINT ( 'NONE',  ( 80.73257150212197100, 80.27765408862947500, 114.4309255276438600 ) ) ;
#207 = VECTOR ( 'NONE', #70749, 1000.000000000000000 ) ;
#208 = ORIENTED_EDGE ( 'NONE', *, *, #1021117, .T. ) ;
#209 = ORIENTED_EDGE ( 'NONE', *, *, #1634343, .F. ) ;
#210 = CARTESIAN_POINT ( 'NONE',  ( 84.19212680332941500, 9.320099433418956600, -111.3496429403122500 ) ) ;
#211 = DIRECTION ( 'NONE',  ( 0.0000000000000000000, 0.0000000000000000000, 1.000000000000000000 ) ) ;
#212 = ( NAMED_UNIT ( * ) PLANE_ANGLE_UNIT ( ) SI_UNIT ( $, .RADIAN. ) );
#213 = CARTESIAN_POINT ( 'NONE',  ( -64.18154306865443500, 55.20316389142631400, 119.9464696102391600 ) ) ;
#214 = VERTEX_POINT ( 'NONE', #1096787 ) ;
#215 = ADVANCED_FACE ( 'NONE', ( #637120 ), #1096794, .T. ) ;
#216 = CARTESIAN_POINT ( 'NONE',  ( 106.1358128700091500, 54.13365276520655600, 11.24893189318156000 ) ) ;
#217 = DIRECTION ( 'NONE',  ( -2.220036693093834000E-016, -6.490319579132117400E-017, 1.000000000000000000 ) ) ;
#218 = CARTESIAN_POINT ( 'NONE',  ( 83.85562201494099100, 79.52487280587381200, 113.8797829352237300 ) ) ;
#219 = LINE ( 'NONE', #71389, #169 ) ;
#220 = CARTESIAN_POINT ( 'NONE',  ( 84.19212680332940100, 9.320099433418958400, -111.0000000000000000 ) ) ;
#221 = CARTESIAN_POINT ( 'NONE',  ( -572.4653771328839900, 38.00000000000000000, -109.8574951376592100 ) ) ;
#222 = ( NAMED_UNIT ( * ) SI_UNIT ( $, .STERADIAN. ) SOLID_ANGLE_UNIT ( ) );
#223 = CARTESIAN_POINT ( 'NONE',  ( -65.18688123466468200, 54.09227391363972300, 119.8100694721051700 ) ) ;
#224 = ORIENTED_EDGE ( 'NONE', *, *, #1258085, .T. ) ;
#225 = VERTEX_POINT ( 'NONE', #1096711 ) ;
#226 = ORIENTED_EDGE ( 'NONE', *, *, #1281460, .T. ) ;
#227 = ADVANCED_FACE ( 'NONE', ( #637097 ), #678499, .F. ) ;
#228 = DIRECTION ( 'NONE',  ( -1.000000000000000000, 0.0000000000000000000, 0.0000000000000000000 ) ) ;
#229 = CARTESIAN_POINT ( 'NONE',  ( 85.41714727135051500, 79.14848216449596000, 113.6042116390136600 ) ) ;
#230 = CARTESIAN_POINT ( 'NONE',  ( -723.5073159843534500, 30.14044147635095800, -56.23641651629497300 ) ) ;
#231 = DIRECTION ( 'NONE',  ( -0.0000000000000000000, -1.000000000000000000, -0.0000000000000000000 ) ) ;
#232 = CARTESIAN_POINT ( 'NONE',  ( -65.67107373352263300, 53.52337776253286700, 119.7402178079920700 ) ) ;
#233 = LINE ( 'NONE', #70849, #244 ) ;
#234 = ORIENTED_EDGE ( 'NONE', *, *, #1020925, .T. ) ;
#235 = EDGE_LOOP ( 'NONE', ( #1299911, #1299921, #1299933, #1299947, #1299957, #1299968, #1299978 ) ) ;
#236 = CARTESIAN_POINT ( 'NONE',  ( 106.7389754514584900, 53.61223030620890700, 11.77035435217919700 ) ) ;
#237 = VERTEX_POINT ( 'NONE', #1096876 ) ;
#238 = CARTESIAN_POINT ( 'NONE',  ( -720.8662558027793900, 31.18310257669730100, 16.80624458405139200 ) ) ;
#239 = CARTESIAN_POINT ( 'NONE',  ( 86.97732040752605100, 78.76356566114718300, 113.3284930857824100 ) ) ;
#240 = DIRECTION ( 'NONE',  ( 0.0000000000000000000, 0.0000000000000000000, 1.000000000000000000 ) ) ;
#241 = CARTESIAN_POINT ( 'NONE',  ( -703.0000000000000000, 22.85518051464693900, -109.7422835533724600 ) ) ;
#242 = CARTESIAN_POINT ( 'NONE',  ( -67.09408403367366700, 51.79516405583661500, 119.5280198468689700 ) ) ;
#243 = ADVANCED_FACE ( 'NONE', ( #678463 ), #678529, .T. ) ;
#244 = VECTOR ( 'NONE', #70963, 1000.000000000000000 ) ;
#245 = CARTESIAN_POINT ( 'NONE',  ( -33.31925868121089000, 8.036787349971154600, 16.69999999999999900 ) ) ;
#246 = ORIENTED_EDGE ( 'NONE', *, *, #1258098, .T. ) ;
#247 = ORIENTED_EDGE ( 'NONE', *, *, #815745, .F. ) ;
#248 = VERTEX_POINT ( 'NONE', #1096910 ) ;
#249 = DIRECTION ( 'NONE',  ( 0.9497403992168772500, 0.0000000000000000000, -0.3130386143838596600 ) ) ;
#250 = CARTESIAN_POINT ( 'NONE',  ( 88.52996854327283000, 78.36565476295660900, 113.0521217376234900 ) ) ;
#251 = CARTESIAN_POINT ( 'NONE',  ( -723.4793628709832100, 29.61914154601837600, -56.75771644662752600 ) ) ;
#252 = DIRECTION ( 'NONE',  ( 0.0000000000000000000, 0.7071067811865474600, 0.7071067811865475700 ) ) ;
#253 = CARTESIAN_POINT ( 'NONE',  ( -67.99805136115222100, 50.61047496118106900, 119.3825583165753300 ) ) ;
#254 = CARTESIAN_POINT ( 'NONE',  ( 107.3293231111590000, 53.07634214521453200, 12.30624251317358300 ) ) ;
#255 = DIRECTION ( 'NONE',  ( -0.1827956989247439000, 0.9831509204870911800, 0.0000000000000000000 ) ) ;
#256 = LINE ( 'NONE', #70920, #289 ) ;
#257 = ORIENTED_EDGE ( 'NONE', *, *, #1011932, .T. ) ;
#258 = VERTEX_POINT ( 'NONE', #1096893 ) ;
#259 = ADVANCED_FACE ( 'NONE', ( #636941 ), #678482, .T. ) ;
#260 = CARTESIAN_POINT ( 'NONE',  ( -724.9757215387617200, 26.82319999999999300, -7.174242007354073400 ) ) ;
#261 = CARTESIAN_POINT ( 'NONE',  ( 88.91813057720951000, 78.26617703840896900, 112.9830289005837800 ) ) ;
#262 = VERTEX_POINT ( 'NONE', #1096919 ) ;
#263 = CARTESIAN_POINT ( 'NONE',  ( 114.0539563228464500, 51.96396588322982500, 60.20612131574739600 ) ) ;
#264 = DIRECTION ( 'NONE',  ( 0.0000000000000000000, -0.7071067811865475700, 0.7071067811865474600 ) ) ;
#265 = CARTESIAN_POINT ( 'NONE',  ( -68.85998342691692600, 49.39518372061479600, 119.2333393152332500 ) ) ;
#266 = DIRECTION ( 'NONE',  ( -0.9831509204870910700, -0.1827956989247433200, 0.0000000000000000000 ) ) ;
#267 = CARTESIAN_POINT ( 'NONE',  ( 89.30510876735024800, 78.16636026612117400, 112.9138782456975500 ) ) ;
#268 = VECTOR ( 'NONE', #71055, 999.9999999999998900 ) ;
#269 = ORIENTED_EDGE ( 'NONE', *, *, #1417256, .T. ) ;
#270 = ORIENTED_EDGE ( 'NONE', *, *, #548085, .T. ) ;
#271 = VERTEX_POINT ( 'NONE', #1096959 ) ;
#272 = CARTESIAN_POINT ( 'NONE',  ( 0.0000000000000000000, 0.0000000000000000000, -19.62730351189084700 ) ) ;
#273 = FILL_AREA_STYLE_COLOUR ( '', #18563 ) ;
#274 = ADVANCED_FACE ( 'NONE', ( #678547 ), #678610, .T. ) ;
#275 = CARTESIAN_POINT ( 'NONE',  ( 34.50000000000000000, -31.28784906393664000, -24.92128610149001800 ) ) ;
#276 = CARTESIAN_POINT ( 'NONE',  ( -417.7230215765907200, 30.50000000000000000, -46.97928424849820300 ) ) ;
#277 = CARTESIAN_POINT ( 'NONE',  ( 89.68705272953170000, 78.06496411398951800, 112.8444322693012500 ) ) ;
#278 = CIRCLE ( 'NONE', #1051133, 1.999999999999974000 ) ;
#279 = ORIENTED_EDGE ( 'NONE', *, *, #1011746, .T. ) ;
#280 = ORIENTED_EDGE ( 'NONE', *, *, #1634259, .F. ) ;
#281 = DIRECTION ( 'NONE',  ( -0.0000000000000000000, -0.0000000000000000000, 1.000000000000000000 ) ) ;
#282 = CARTESIAN_POINT ( 'NONE',  ( 43.60237291946863500, 68.37698186535679700, -199.0000000000000000 ) ) ;
#283 = CARTESIAN_POINT ( 'NONE',  ( -40.72898126568016900, 71.52885222619289600, 121.9510120838610900 ) ) ;
#284 = ORIENTED_EDGE ( 'NONE', *, *, #96398, .T. ) ;
#285 = CARTESIAN_POINT ( 'NONE',  ( 34.54821926347506900, -31.53596658916721300, -24.60656033026414800 ) ) ;
#286 = ADVANCED_FACE ( 'NONE', ( #678564 ), #678594, .T. ) ;
#287 = DIRECTION ( 'NONE',  ( 0.0000000000000000000, 1.000000000000000000, 0.0000000000000000000 ) ) ;
#288 = CARTESIAN_POINT ( 'NONE',  ( 90.06899669171316700, 77.96356796185784800, 112.7749862929049700 ) ) ;
#289 = VECTOR ( 'NONE', #71151, 1000.000000000000000 ) ;
#290 = CARTESIAN_POINT ( 'NONE',  ( -723.5348839806955500, 30.66176191474739500, -55.71509607789852200 ) ) ;
#291 = DIRECTION ( 'NONE',  ( 1.000000000000000000, 0.0000000000000000000, 0.0000000000000000000 ) ) ;
#292 = DIRECTION ( 'NONE',  ( 0.9659258262890705300, -0.2588190451025128000, -0.0000000000000000000 ) ) ;
#293 = CARTESIAN_POINT ( 'NONE',  ( -38.35355512646015800, 74.80730221729078300, 152.6688064186158700 ) ) ;
#294 = ORIENTED_EDGE ( 'NONE', *, *, #1417273, .F. ) ;
#295 = EDGE_LOOP ( 'NONE', ( #1300076, #1300085, #1300095, #1300107, #1300119, #1300129, #1300138, #1300147, #1300158, #1300169 ) ) ;
#296 = VERTEX_POINT ( 'NONE', #1097010 ) ;
#297 = CARTESIAN_POINT ( 'NONE',  ( 103.5168225113110100, 56.20426420657238300, 12.30624251317357800 ) ) ;
#298 = CARTESIAN_POINT ( 'NONE',  ( 19.00000000000017800, 54.82444460844965300, 4.000000000000000000 ) ) ;
#299 = DIRECTION ( 'NONE',  ( 0.0000000000000000000, 0.0000000000000000000, 1.000000000000000000 ) ) ;
#300 = CARTESIAN_POINT ( 'NONE',  ( 90.44572263593664700, 77.86028354942315800, 112.7052237670697100 ) ) ;
#301 = CARTESIAN_POINT ( 'NONE',  ( -723.5620668449643100, 31.18310257669730500, -55.19375541594860100 ) ) ;
#302 = FILL_AREA_STYLE_COLOUR ( '', #18667 ) ;
#303 = CARTESIAN_POINT ( 'NONE',  ( -40.54540804617582200, 71.61852031158277000, 121.9815998727243500 ) ) ;
#304 = ADVANCED_FACE ( 'NONE', ( #678638 ), #678670, .T. ) ;
#305 = LINE ( 'NONE', #71370, #352 ) ;
#306 = ORIENTED_EDGE ( 'NONE', *, *, #68137, .T. ) ;
#307 = VERTEX_POINT ( 'NONE', #1097041 ) ;
#308 = CARTESIAN_POINT ( 'NONE',  ( 1.324421389288262400, -19.29579265582116700, 16.09481726883193900 ) ) ;
#309 = PLANE ( 'NONE',  #1827813 ) ;
#310 = VERTEX_POINT ( 'NONE', #1097050 ) ;
#311 = DIRECTION ( 'NONE',  ( 0.2806060880457101900, -0.9598230166815563400, -0.0000000000000000000 ) ) ;
#312 = CARTESIAN_POINT ( 'NONE',  ( 90.82140987809017900, 77.75244664042064400, 112.6352534867438600 ) ) ;
#313 = CARTESIAN_POINT ( 'NONE',  ( 13.34314575050763100, 45.50000000000000700, -700.0000000000002300 ) ) ;
#314 = SURFACE_SIDE_STYLE ('',( #18552 ) ) ;
#315 = CARTESIAN_POINT ( 'NONE',  ( -40.18745072658089200, 71.79793111519175900, 122.0788411412671500 ) ) ;
#316 = LINE ( 'NONE', #71203, #329 ) ;
#317 = CARTESIAN_POINT ( 'NONE',  ( -721.0699309104180700, 1.959902576697308400, 91.19375541594861500 ) ) ;
#318 = ORIENTED_EDGE ( 'NONE', *, *, #1417285, .T. ) ;
#319 = ORIENTED_EDGE ( 'NONE', *, *, #815753, .T. ) ;
#320 = VERTEX_POINT ( 'NONE', #1097031 ) ;
#321 = ADVANCED_FACE ( 'NONE', ( #678653 ), #678514, .T. ) ;
#322 = CARTESIAN_POINT ( 'NONE',  ( -720.8761262077507600, 34.27899999999997500, 16.17424200735407400 ) ) ;
#323 = CARTESIAN_POINT ( 'NONE',  ( 91.57278436239722900, 77.53677282241561400, 112.4953129260921700 ) ) ;
#324 = CARTESIAN_POINT ( 'NONE',  ( -572.4653771328839900, 38.00000000000000000, -109.8574951376592100 ) ) ;
#325 = SURFACE_STYLE_USAGE ( .BOTH. , #314 ) ;
#326 = CARTESIAN_POINT ( 'NONE',  ( -40.01186503092856100, 71.88831820826672500, 122.1461523028233100 ) ) ;
#327 = CARTESIAN_POINT ( 'NONE',  ( 104.1979690892407000, 55.70020655476700700, 11.80218486136819300 ) ) ;
#328 = DIRECTION ( 'NONE',  ( 1.000000000000000000, 0.0000000000000000000, -0.0000000000000000000 ) ) ;
#329 = VECTOR ( 'NONE', #71350, 1000.000000000000000 ) ;
#330 = ORIENTED_EDGE ( 'NONE', *, *, #68059, .T. ) ;
#331 = VERTEX_POINT ( 'NONE', #1097091 ) ;
#332 = CARTESIAN_POINT ( 'NONE',  ( 92.31778807737177300, 77.30494145386042200, 112.3545177601076400 ) ) ;
#333 = VERTEX_POINT ( 'NONE', #1097098 ) ;
#334 = DIRECTION ( 'NONE',  ( -0.0000000000000000000, -1.000000000000000000, -0.0000000000000000000 ) ) ;
#335 = ( LENGTH_UNIT ( ) NAMED_UNIT ( * ) SI_UNIT ( .MILLI., .METRE. ) );
#336 = CARTESIAN_POINT ( 'NONE',  ( -39.67561646112656600, 72.06589289431845200, 122.3151893162084500 ) ) ;
#337 = ADVANCED_FACE ( 'NONE', ( #678711 ), #678728, .T. ) ;
#338 = DIRECTION ( 'NONE',  ( -0.0000000000000000000, 0.0000000000000000000, -1.000000000000000000 ) ) ;
#339 = CARTESIAN_POINT ( 'NONE',  ( 93.05606105546068800, 77.05737011331693500, 112.2129751984088700 ) ) ;
#340 = LINE ( 'NONE', #71766, #431 ) ;
#341 = ORIENTED_EDGE ( 'NONE', *, *, #1417305, .F. ) ;
#342 = EDGE_LOOP ( 'NONE', ( #1299300, #1299311, #1299321, #1299333, #1299344, #1299353, #1299363, #1299374, #1299382, #1299394 ) ) ;
#343 = ORIENTED_EDGE ( 'NONE', *, *, #1281485, .T. ) ;
#344 = DIRECTION ( 'NONE',  ( 0.0000000000000000000, 0.0000000000000000000, 1.000000000000000000 ) ) ;
#345 = ( NAMED_UNIT ( * ) PLANE_ANGLE_UNIT ( ) SI_UNIT ( $, .RADIAN. ) );
#346 = CARTESIAN_POINT ( 'NONE',  ( -39.51710928632845600, 72.15190386375267900, 122.4155069518642000 ) ) ;
#347 = DIRECTION ( 'NONE',  ( -0.0000000000000000000, -0.0000000000000000000, -1.000000000000000000 ) ) ;
#348 = CARTESIAN_POINT ( 'NONE',  ( 34.63624143416308200, -31.95344799970936800, -24.07151278043398800 ) ) ;
#349 = ADVANCED_FACE ( 'NONE', ( #678624 ), #678686, .T. ) ;
#350 = DIRECTION ( 'NONE',  ( 0.9880982040443596600, 0.0000000000000000000, -0.1538243776659303000 ) ) ;
#351 = CARTESIAN_POINT ( 'NONE',  ( 96.00915296781630600, 76.06708475114304200, 111.6468049516137600 ) ) ;
#352 = VECTOR ( 'NONE', #71444, 1000.000000000000100 ) ;
#353 = ORIENTED_EDGE ( 'NONE', *, *, #67979, .T. ) ;
#354 = ORIENTED_EDGE ( 'NONE', *, *, #548101, .F. ) ;
#355 = DIRECTION ( 'NONE',  ( 0.8660254037844409300, 1.060575238724909600E-016, -0.4999999999999960000 ) ) ;
#356 = ( NAMED_UNIT ( * ) SI_UNIT ( $, .STERADIAN. ) SOLID_ANGLE_UNIT ( ) );
#357 = CARTESIAN_POINT ( 'NONE',  ( -39.21863942538257700, 72.31843237753055600, 122.6467164439735600 ) ) ;
#358 = VERTEX_POINT ( 'NONE', #1097160 ) ;
#359 = CARTESIAN_POINT ( 'NONE',  ( 104.8659059139297200, 55.17877086823102700, 11.28074917483221500 ) ) ;
#360 = CARTESIAN_POINT ( 'NONE',  ( 34.54821926347506900, -31.53596658916721300, -24.60656033026414800 ) ) ;
#361 = CARTESIAN_POINT ( 'NONE',  ( 98.85462361817640400, 74.82487047020954700, 111.0686947641347500 ) ) ;
#362 = CIRCLE ( 'NONE', #1051146, 2.000000000000015500 ) ;
#363 = DIRECTION ( 'NONE',  ( 1.000000000000000000, 0.0000000000000000000, 0.0000000000000000000 ) ) ;
#364 = CARTESIAN_POINT ( 'NONE',  ( -39.07743816054016200, 72.39970570455778900, 122.7791595417943000 ) ) ;
#365 = ORIENTED_EDGE ( 'NONE', *, *, #1417323, .T. ) ;
#366 = ORIENTED_EDGE ( 'NONE', *, *, #1634173, .F. ) ;
#367 = ADVANCED_FACE ( 'NONE', ( #678742 ), #678578, .T. ) ;
#368 = VERTEX_POINT ( 'NONE', #1097116 ) ;
#369 = CARTESIAN_POINT ( 'NONE',  ( 105.5201897371116400, 54.64030317589345700, 10.74228148249465200 ) ) ;
#370 = CARTESIAN_POINT ( 'NONE',  ( -9.938152223316148300, 147.3744478791436200, 4.000000000000000000 ) ) ;
#371 = CARTESIAN_POINT ( 'NONE',  ( -146123.8599046717600, 500000.0000000000600, 26.99999999999999300 ) ) ;
#372 = CARTESIAN_POINT ( 'NONE',  ( 101.5687243077972700, 73.35813049273004100, 110.4852836681996700 ) ) ;
#373 = DIRECTION ( 'NONE',  ( 0.2588190451025121900, 0.9659258262890706400, 0.0000000000000000000 ) ) ;
#374 = CARTESIAN_POINT ( 'NONE',  ( -38.82235796179081400, 72.55199947173082400, 123.0682270906147800 ) ) ;
#375 = LINE ( 'NONE', #71856, #458 ) ;
#376 = ORIENTED_EDGE ( 'NONE', *, *, #70962, .T. ) ;
#377 = VERTEX_POINT ( 'NONE', #1097191 ) ;
#378 = VERTEX_POINT ( 'NONE', #1097196 ) ;
#379 = ADVANCED_FACE ( 'NONE', ( #678761 ), #678795, .T. ) ;
#380 = DIRECTION ( 'NONE',  ( 0.2806060880457101900, -0.9598230166815563400, -0.0000000000000000000 ) ) ;
#381 = CARTESIAN_POINT ( 'NONE',  ( 101.9079868939998800, 73.17478799554510300, 110.4123572812077800 ) ) ;
#382 = CARTESIAN_POINT ( 'NONE',  ( -328.5000000000000600, 11.99999999999998000, 39.99999999999992900 ) ) ;
#383 = CARTESIAN_POINT ( 'NONE',  ( -38.70832367467024000, 72.62303834429899000, 123.2243376476765800 ) ) ;
#384 = LINE ( 'NONE', #71521, #394 ) ;
#385 = ORIENTED_EDGE ( 'NONE', *, *, #1417341, .T. ) ;
#386 = EDGE_LOOP ( 'NONE', ( #1300356, #1300366, #1300377, #1300391, #1300403, #1300419 ) ) ;
#387 = VERTEX_POINT ( 'NONE', #1097232 ) ;
#388 = CARTESIAN_POINT ( 'NONE',  ( -420.3624545018438400, 30.49999999999999300, -154.3118933044276000 ) ) ;
#389 = CARTESIAN_POINT ( 'NONE',  ( 102.2451181947423500, 72.98799591242135400, 110.3393585402880900 ) ) ;
#390 = DIRECTION ( 'NONE',  ( -1.000000000000000000, 0.0000000000000000000, 0.0000000000000000000 ) ) ;
#391 = CARTESIAN_POINT ( 'NONE',  ( -38.50758851110610700, 72.75507824862511100, 123.5598569648978000 ) ) ;
#392 = ADVANCED_FACE ( 'NONE', ( #678825, #678701 ), #678779, .T. ) ;
#393 = CARTESIAN_POINT ( 'NONE',  ( -34.42966520592591500, 21.20106204194891600, 16.69999999999999900 ) ) ;
#394 = VECTOR ( 'NONE', #71596, 1000.000000000000000 ) ;
#395 = ORIENTED_EDGE ( 'NONE', *, *, #1012175, .T. ) ;
#396 = ORIENTED_EDGE ( 'NONE', *, *, #815745, .T. ) ;
#397 = CARTESIAN_POINT ( 'NONE',  ( -724.9347886091673000, 25.89126360737623500, -11.75771644662753700 ) ) ;
#398 = CARTESIAN_POINT ( 'NONE',  ( 102.5799069968198900, 72.79778122000321600, 110.2661791447309400 ) ) ;
#399 = ORIENTED_EDGE ( 'NONE', *, *, #1281513, .F. ) ;
#400 = DIRECTION ( 'NONE',  ( 0.0000000000000000000, 0.0000000000000000000, 1.000000000000000000 ) ) ;
#401 = CARTESIAN_POINT ( 'NONE',  ( -572.4653771328839900, 38.00000000000000000, -109.8574951376592100 ) ) ;
#402 = PLANE ( 'NONE',  #1813265 ) ;
#403 = CARTESIAN_POINT ( 'NONE',  ( -38.42030035399307100, 72.81659486967308200, 123.7413507512026700 ) ) ;
#404 = CARTESIAN_POINT ( 'NONE',  ( 103.5168225113110100, 56.20426420657239000, -90.00000000000002800 ) ) ;
#405 = DIRECTION ( 'NONE',  ( 0.5735294118149549800, 0.8191849692121993000, -0.0000000000000000000 ) ) ;
#406 = ADVANCED_FACE ( 'NONE', ( #678862 ), #678843, .T. ) ;
#407 = CARTESIAN_POINT ( 'NONE',  ( 102.9146957988974400, 72.60756652758507800, 110.1929997491737900 ) ) ;
#408 = LINE ( 'NONE', #71933, #482 ) ;
#409 = ORIENTED_EDGE ( 'NONE', *, *, #1417361, .T. ) ;
#410 = VERTEX_POINT ( 'NONE', #1097291 ) ;
#411 = VERTEX_POINT ( 'NONE', #1097297 ) ;
#412 = DIRECTION ( 'NONE',  ( -0.0000000000000000000, -1.000000000000000000, -0.0000000000000000000 ) ) ;
#413 = CARTESIAN_POINT ( 'NONE',  ( 33.12981607913004500, 73.82628855025095000, -201.6158712588352800 ) ) ;
#414 = CARTESIAN_POINT ( 'NONE',  ( -38.28133932478702000, 72.92483530295540100, 124.1155067887590500 ) ) ;
#415 = CARTESIAN_POINT ( 'NONE',  ( 105.5201897371116400, 54.64030317589345000, 16.25771437574972500 ) ) ;
#416 = DIRECTION ( 'NONE',  ( -0.8191849692122004100, 0.5735294118149533200, 0.0000000000000000000 ) ) ;
#417 = CARTESIAN_POINT ( 'NONE',  ( -724.9285619060543700, 29.91914154601837300, 12.30624458405139200 ) ) ;
#418 = CARTESIAN_POINT ( 'NONE',  ( 103.2471386291542400, 72.41391549473505100, 110.1196208949701300 ) ) ;
#419 = CIRCLE ( 'NONE', #1051175, 1.000000000000000900 ) ;
#420 = ORIENTED_EDGE ( 'NONE', *, *, #1020787, .T. ) ;
#421 = ORIENTED_EDGE ( 'NONE', *, *, #548119, .F. ) ;
#422 = CARTESIAN_POINT ( 'NONE',  ( 114.5109180622392000, 51.44257947389076000, 60.72750772508645400 ) ) ;
#423 = DIRECTION ( 'NONE',  ( 0.0000000000000000000, 0.0000000000000000000, 1.000000000000000000 ) ) ;
#424 = FILL_AREA_STYLE ('',( #302 ) ) ;
#425 = CARTESIAN_POINT ( 'NONE',  ( -38.22882643343846400, 72.97201764038894100, 124.3087815294873600 ) ) ;
#426 = VERTEX_POINT ( 'NONE', #1097286 ) ;
#427 = ADVANCED_FACE ( 'NONE', ( #678878 ), #678938, .T. ) ;
#428 = CARTESIAN_POINT ( 'NONE',  ( 108.2075056921355800, 52.26735430793769400, 15.75126931197439900 ) ) ;
#429 = DIRECTION ( 'NONE',  ( -1.000000000000000000, 0.0000000000000000000, 0.0000000000000000000 ) ) ;
#430 = CARTESIAN_POINT ( 'NONE',  ( 103.5773498647975800, 72.21671825600151400, 110.0460060945323300 ) ) ;
#431 = VECTOR ( 'NONE', #71837, 1000.000000000000100 ) ;
#432 = CARTESIAN_POINT ( 'NONE',  ( 114.9576279306427900, 50.91238317761626300, 61.25770402136092200 ) ) ;
#433 = SURFACE_SIDE_STYLE ('',( #18699 ) ) ;
#434 = CARTESIAN_POINT ( 'NONE',  ( -38.15913008574767700, 73.05250957777462900, 124.7080946911918300 ) ) ;
#435 = ORIENTED_EDGE ( 'NONE', *, *, #1417379, .T. ) ;
#436 = ORIENTED_EDGE ( 'NONE', *, *, #1634087, .F. ) ;
#437 = ORIENTED_EDGE ( 'NONE', *, *, #96331, .T. ) ;
#438 = CARTESIAN_POINT ( 'NONE',  ( 104.8659059139297500, 55.17877086823103400, 15.71924668341216600 ) ) ;
#439 = CARTESIAN_POINT ( 'NONE',  ( 34.72018646439146700, -32.35718055280865000, -23.52601609456369400 ) ) ;
#440 = ADVANCED_FACE ( 'NONE', ( #678907 ), #678922, .T. ) ;
#441 = CARTESIAN_POINT ( 'NONE',  ( -720.8899908570389200, 29.61914154601837600, 15.24228355337246100 ) ) ;
#442 = CARTESIAN_POINT ( 'NONE',  ( 104.2377723360842500, 71.82232377853443900, 109.8987764936567300 ) ) ;
#443 = CARTESIAN_POINT ( 'NONE',  ( -29.48191065394939500, 7.842873542207128100, -1.601706471972463600 ) ) ;
#444 = SURFACE_STYLE_USAGE ( .BOTH. , #433 ) ;
#445 = CARTESIAN_POINT ( 'NONE',  ( -38.14218764550361100, 73.08585222877313500, 124.9152271171004100 ) ) ;
#446 = CIRCLE ( 'NONE', #1051159, 1.000000000000000900 ) ;
#447 = ORIENTED_EDGE ( 'NONE', *, *, #1020589, .T. ) ;
#448 = EDGE_LOOP ( 'NONE', ( #1299535, #1299545, #1299556, #1299566, #1299577, #1299588, #1299602, #1299613, #1299624, #1299633, #1299646 ) ) ;
#449 = CARTESIAN_POINT ( 'NONE',  ( 34.79999999999998300, -32.74690283282397000, -22.97042348015346400 ) ) ;
#450 = VERTEX_POINT ( 'NONE', #1097364 ) ;
#451 = DIRECTION ( 'NONE',  ( 0.0000000000000000000, -1.000000000000000000, 0.0000000000000000000 ) ) ;
#452 = CARTESIAN_POINT ( 'NONE',  ( 104.8891416721939400, 71.41387221494949200, 109.7506572939329600 ) ) ;
#453 = CARTESIAN_POINT ( 'NONE',  ( -29.68786621799110400, 7.885239220007471200, -1.909904843942763700 ) ) ;
#454 = CARTESIAN_POINT ( 'NONE',  ( -54.20906427872801500, 61.96992501135223100, -29.95513527353348900 ) ) ;
#455 = ( LENGTH_UNIT ( ) NAMED_UNIT ( * ) SI_UNIT ( .MILLI., .METRE. ) );
#456 = CARTESIAN_POINT ( 'NONE',  ( -38.14525242804504000, 73.11081287951648700, 125.1228908829657200 ) ) ;
#457 = ADVANCED_FACE ( 'NONE', ( #678968 ), #678997, .T. ) ;
#458 = VECTOR ( 'NONE', #71913, 1000.000000000000000 ) ;
#459 = CARTESIAN_POINT ( 'NONE',  ( 108.7464316548183200, 51.74594363543899100, 16.27267998447309300 ) ) ;
#460 = ORIENTED_EDGE ( 'NONE', *, *, #1417394, .T. ) ;
#461 = VERTEX_POINT ( 'NONE', #1097400 ) ;
#462 = VERTEX_POINT ( 'NONE', #1097406 ) ;
#463 = CARTESIAN_POINT ( 'NONE',  ( -435.0000000000000000, -19.50000000000000400, -163.7085122761138800 ) ) ;
#464 = CARTESIAN_POINT ( 'NONE',  ( 105.5310342876433700, 70.99168884407117700, 109.6017654259500800 ) ) ;
#465 = CARTESIAN_POINT ( 'NONE',  ( -30.40572237817216100, 8.023351993347370500, -2.663947438211093900 ) ) ;
#466 = DIRECTION ( 'NONE',  ( 0.4297719267398295600, 0.8326840043206857900, -0.3491896904761123700 ) ) ;
#467 = ( NAMED_UNIT ( * ) PLANE_ANGLE_UNIT ( ) SI_UNIT ( $, .RADIAN. ) );
#468 = CARTESIAN_POINT ( 'NONE',  ( 104.1979690892407000, 55.70020655476700700, 15.19781099687618700 ) ) ;
#469 = LINE ( 'NONE', #71877, #504 ) ;
#470 = ORIENTED_EDGE ( 'NONE', *, *, #1020390, .T. ) ;
#471 = ORIENTED_EDGE ( 'NONE', *, *, #815762, .T. ) ;
#472 = ADVANCED_FACE ( 'NONE', ( #678953 ), #679025, .T. ) ;
#473 = CARTESIAN_POINT ( 'NONE',  ( 106.8148195185422100, 70.14732210231450400, 109.3039816899842800 ) ) ;
#474 = VERTEX_POINT ( 'NONE', #1097435 ) ;
#475 = CARTESIAN_POINT ( 'NONE',  ( -31.26318617298548500, 8.174263482714978900, -3.000000000000002200 ) ) ;
#476 = DIRECTION ( 'NONE',  ( -0.8631001183024996600, 0.2652438062849819500, -0.4297719267398303300 ) ) ;
#477 = ( NAMED_UNIT ( * ) SI_UNIT ( $, .STERADIAN. ) SOLID_ANGLE_UNIT ( ) );
#478 = CARTESIAN_POINT ( 'NONE',  ( -38.34460079610050800, 74.73437504881133000, 148.0642803841904000 ) ) ;
#479 = CARTESIAN_POINT ( 'NONE',  ( 103.5168225113110100, 56.20426420657238300, 14.69375334507080300 ) ) ;
#480 = CARTESIAN_POINT ( 'NONE',  ( -720.9846500538075100, 18.13546360737623400, -5.693755415948604800 ) ) ;
#481 = CARTESIAN_POINT ( 'NONE',  ( 108.0606971958933400, 69.24802806058903600, 109.0031077880405200 ) ) ;
#482 = VECTOR ( 'NONE', #72009, 1000.000000000000100 ) ;
#483 = ORIENTED_EDGE ( 'NONE', *, *, #1417413, .F. ) ;
#484 = EDGE_LOOP ( 'NONE', ( #1300179, #1300190, #1300203, #1300217, #1300229, #1300243 ) ) ;
#485 = CARTESIAN_POINT ( 'NONE',  ( -31.94203268134444000, 8.292722443045581900, -3.000000000000002200 ) ) ;
#486 = VERTEX_POINT ( 'NONE', #1097454 ) ;
#487 = CARTESIAN_POINT ( 'NONE',  ( 18.31858428704215000, 11.49999999999988100, 4.000000000000000000 ) ) ;
#488 = ADVANCED_FACE ( 'NONE', ( #679038 ), #678810, .T. ) ;
#489 = DIRECTION ( 'NONE',  ( -0.0000000000000000000, -0.0000000000000000000, -1.000000000000000000 ) ) ;
#490 = CARTESIAN_POINT ( 'NONE',  ( 50.70200502984789600, 22.57630482841932500, 26.99999999999999300 ) ) ;
#491 = CARTESIAN_POINT ( 'NONE',  ( 109.2652847959178600, 68.29641320613261300, 108.7000770646727000 ) ) ;
#492 = CIRCLE ( 'NONE', #1051224, 9.999999999999994700 ) ;
#493 = CARTESIAN_POINT ( 'NONE',  ( -29.03008138787412000, 7.468525223275387100, 0.0000000000000000000 ) ) ;
#494 = ORIENTED_EDGE ( 'NONE', *, *, #1020195, .T. ) ;
#495 = ORIENTED_EDGE ( 'NONE', *, *, #548137, .F. ) ;
#496 = CARTESIAN_POINT ( 'NONE',  ( 63.90000000000001300, 7.825493046551589500E-015, -22.09807621135333000 ) ) ;
#497 = CARTESIAN_POINT ( 'NONE',  ( -703.0000000000000000, 24.41914154532586800, -113.6937554159486000 ) ) ;
#498 = CARTESIAN_POINT ( 'NONE',  ( -38.32451548782663100, 74.57079334011622500, 143.4656044424272600 ) ) ;
#499 = ORIENTED_EDGE ( 'NONE', *, *, #1281543, .T. ) ;
#500 = ADVANCED_FACE ( 'NONE', ( #679010 ), #679079, .T. ) ;
#501 = DIRECTION ( 'NONE',  ( -2.220036693093834000E-016, -6.490319579132117400E-017, 1.000000000000000000 ) ) ;
#502 = CARTESIAN_POINT ( 'NONE',  ( 111.6744599959669100, 66.39318349721975200, 108.0940156179370900 ) ) ;
#503 = CARTESIAN_POINT ( 'NONE',  ( -29.02704050961588700, 7.494502588965970900, -0.5310080972730774100 ) ) ;
#504 = VECTOR ( 'NONE', #72112, 1000.000000000000000 ) ;
#505 = CARTESIAN_POINT ( 'NONE',  ( 128.9999999999999700, -15.14009742330268600, -61.80624458405138500 ) ) ;
#506 = CARTESIAN_POINT ( 'NONE',  ( -572.4653771328839900, 38.00000000000000000, -109.8574951376592100 ) ) ;
#507 = DIRECTION ( 'NONE',  ( 0.0000000000000000000, 1.000000000000000000, 0.0000000000000000000 ) ) ;
#508 = CARTESIAN_POINT ( 'NONE',  ( -38.27488342472494100, 74.16657262428087400, 136.5778412729983700 ) ) ;
#509 = ORIENTED_EDGE ( 'NONE', *, *, #1417431, .T. ) ;
#510 = VERTEX_POINT ( 'NONE', #1097519 ) ;
#511 = VERTEX_POINT ( 'NONE', #1097529 ) ;
#512 = DIRECTION ( 'NONE',  ( -1.000000000000000000, 6.938893903907232300E-016, 0.0000000000000000000 ) ) ;
#513 = CARTESIAN_POINT ( 'NONE',  ( 113.9184607821386200, 64.28068779776464200, 107.4793462419852800 ) ) ;
#514 = CARTESIAN_POINT ( 'NONE',  ( -29.19945467425145600, 7.528224847199946400, -1.050748548493776600 ) ) ;
#515 = CARTESIAN_POINT ( 'NONE',  ( 299.0000000000000000, 49.49999999999999300, 4.000000000000000000 ) ) ;
#516 = DIRECTION ( 'NONE',  ( -0.0000000000000000000, -1.000000000000000000, -0.0000000000000000000 ) ) ;
#517 = DIRECTION ( 'NONE',  ( 0.0000000000000000000, -0.0000000000000000000, 1.000000000000000000 ) ) ;
#518 = CARTESIAN_POINT ( 'NONE',  ( -38.25503028035995400, 74.00488173888756200, 134.2836593878929200 ) ) ;
#519 = ADVANCED_FACE ( 'NONE', ( #679095 ), #625057, .T. ) ;
#520 = CIRCLE ( 'NONE', #1051187, 0.9999999999999870100 ) ;
#521 = ORIENTED_EDGE ( 'NONE', *, *, #1019999, .T. ) ;
#522 = ORIENTED_EDGE ( 'NONE', *, *, #1634002, .F. ) ;
#523 = CARTESIAN_POINT ( 'NONE',  ( 44.02201032840395800, 53.01346652052693300, -100.5870133444225900 ) ) ;
#524 = CARTESIAN_POINT ( 'NONE',  ( 7.999999999999983100, 48.99648950017980600, 4.000000000000000000 ) ) ;
#525 = VERTEX_POINT ( 'NONE', #1097710 ) ;
#526 = DIRECTION ( 'NONE',  ( 0.7229235090475070200, -0.6909280715576977500, 1.156482317325325700E-016 ) ) ;
#527 = CARTESIAN_POINT ( 'NONE',  ( 115.9703745419293200, 61.97969489353040700, 106.8633777609681200 ) ) ;
#528 = CARTESIAN_POINT ( 'NONE',  ( -29.52893559223212300, 7.578375853012267300, -1.604365210684903800 ) ) ;
#529 = DIRECTION ( 'NONE',  ( 0.0000000000000000000, 0.0000000000000000000, -1.000000000000000000 ) ) ;
#530 = DIRECTION ( 'NONE',  ( 0.0000000000000000000, 0.0000000000000000000, 1.000000000000000000 ) ) ;
#531 = DIRECTION ( 'NONE',  ( 1.000000000000000000, 0.0000000000000000000, 0.0000000000000000000 ) ) ;
#532 = CARTESIAN_POINT ( 'NONE',  ( -38.20707382642191900, 73.61430776455905800, 129.6996316455961800 ) ) ;
#533 = LINE ( 'NONE', #72146, #547 ) ;
#534 = CARTESIAN_POINT ( 'NONE',  ( -717.0549885691021900, 19.99938051533945700, 91.19375541594860100 ) ) ;
#535 = ORIENTED_EDGE ( 'NONE', *, *, #1417448, .F. ) ;
#536 = EDGE_LOOP ( 'NONE', ( #1299740, #1299750, #1299760, #1299770 ) ) ;
#537 = VERTEX_POINT ( 'NONE', #1097695 ) ;
#538 = ADVANCED_FACE ( 'NONE', ( #679065 ), #625080, .T. ) ;
#539 = CARTESIAN_POINT ( 'NONE',  ( -435.0000000000000000, -4.499999999999992900, -167.9571756729846800 ) ) ;
#540 = CARTESIAN_POINT ( 'NONE',  ( 116.4833529818770000, 61.40444666747184500, 106.7093856407138300 ) ) ;
#541 = CARTESIAN_POINT ( 'NONE',  ( -29.73956633356664600, 7.608751402267852600, -1.912621890008176000 ) ) ;
#542 = DIRECTION ( 'NONE',  ( -1.000000000000000000, 0.0000000000000000000, 0.0000000000000000000 ) ) ;
#543 = DIRECTION ( 'NONE',  ( 0.4297719267398302800, 0.8326840043206840100, -0.3491896904761149800 ) ) ;
#544 = CARTESIAN_POINT ( 'NONE',  ( -62.03793152194245400, 131.1816489155211800, 33.99999999999999300 ) ) ;
#545 = CARTESIAN_POINT ( 'NONE',  ( -38.17900305918320900, 73.38568971166844800, 127.4097686851752200 ) ) ;
#546 = CARTESIAN_POINT ( 'NONE',  ( 105.8812010861046500, 54.34030317675521400, 16.80624044143473800 ) ) ;
#547 = VECTOR ( 'NONE', #72330, 1000.000000000000000 ) ;
#548 = ORIENTED_EDGE ( 'NONE', *, *, #1012914, .T. ) ;
#549 = VERTEX_POINT ( 'NONE', #1097841 ) ;
#550 = CARTESIAN_POINT ( 'NONE',  ( 116.9842957438960600, 60.81745299616682800, 106.5553117167353300 ) ) ;
#551 = VERTEX_POINT ( 'NONE', #1097848 ) ;
#552 = CARTESIAN_POINT ( 'NONE',  ( -30.47470723927942500, 7.703084659268175600, -2.665785217935252600 ) ) ;
#553 = DIRECTION ( 'NONE',  ( -0.0000000000000000000, -0.0000000000000000000, -1.000000000000000000 ) ) ;
#554 = DIRECTION ( 'NONE',  ( -0.0000000000000000000, -0.0000000000000000000, 1.000000000000000000 ) ) ;
#555 = CARTESIAN_POINT ( 'NONE',  ( -38.14525242804504000, 73.11081287951648700, 125.1228908829657200 ) ) ;
#556 = ADVANCED_FACE ( 'NONE', ( #679157 ), #625103, .T. ) ;
#557 = CARTESIAN_POINT ( 'NONE',  ( 107.6568337716755900, 52.77634420829520000, 15.24227941161689900 ) ) ;
#558 = CARTESIAN_POINT ( 'NONE',  ( 35.50000000000000700, -32.74690283282397000, -22.97042348015346400 ) ) ;
#559 = CARTESIAN_POINT ( 'NONE',  ( 46.27883081988670700, 19.88735537713637300, 26.99999999999999300 ) ) ;
#560 = CARTESIAN_POINT ( 'NONE',  ( 117.4727268229284900, 60.21900153637746900, 106.4012274436052600 ) ) ;
#561 = CIRCLE ( 'NONE', #1051213, 1.000000000000000900 ) ;
#562 = ORIENTED_EDGE ( 'NONE', *, *, #1417470, .T. ) ;
#563 = ORIENTED_EDGE ( 'NONE', *, *, #1423544, .F. ) ;
#564 = CARTESIAN_POINT ( 'NONE',  ( -31.35317960454247900, 7.798682088761653500, -2.999999999999999600 ) ) ;
#565 = ORIENTED_EDGE ( 'NONE', *, *, #97148, .T. ) ;
#566 = FILL_AREA_STYLE_COLOUR ( '', #18849 ) ;
#567 = CARTESIAN_POINT ( 'NONE',  ( -38.35394350094887300, 74.81046527367051600, 152.8685176613867300 ) ) ;
#568 = CARTESIAN_POINT ( 'NONE',  ( -721.0699309104176100, 19.99938051533945700, 91.19375541594860100 ) ) ;
#569 = DIRECTION ( 'NONE',  ( -1.000000000000000000, -0.0000000000000000000, -0.0000000000000000000 ) ) ;
#570 = ADVANCED_FACE ( 'NONE', ( #679172 ), #625128, .T. ) ;
#571 = CARTESIAN_POINT ( 'NONE',  ( 117.5948345926866000, 60.06938867143013300, 106.3627063753227400 ) ) ;
#572 = LINE ( 'NONE', #72381, #583 ) ;
#573 = CARTESIAN_POINT ( 'NONE',  ( -32.04827419568815800, 7.872176514737993200, -2.999999999999998200 ) ) ;
#574 = ORIENTED_EDGE ( 'NONE', *, *, #1012727, .T. ) ;
#575 = ORIENTED_EDGE ( 'NONE', *, *, #548152, .F. ) ;
#576 = CARTESIAN_POINT ( 'NONE',  ( -38.35355512646015800, 74.80730221729078300, 152.6688064186158700 ) ) ;
#577 = VERTEX_POINT ( 'NONE', #1098157 ) ;
#578 = CARTESIAN_POINT ( 'NONE',  ( 109.2733315698848900, 51.21238317761627500, 16.80624044229582000 ) ) ;
#579 = CARTESIAN_POINT ( 'NONE',  ( -31.29100717812059100, 14.36534973951759600, 16.69999999999999900 ) ) ;
#580 = CARTESIAN_POINT ( 'NONE',  ( -724.9847079789699400, 18.13546360737623400, -5.693755415948604800 ) ) ;
#581 = CARTESIAN_POINT ( 'NONE',  ( 117.7161604155433600, 59.91905966472443600, 106.3241846613831900 ) ) ;
#582 = CARTESIAN_POINT ( 'NONE',  ( -29.05387671801418000, 7.229744404324172500, 0.0000000000000000000 ) ) ;
#583 = VECTOR ( 'NONE', #72526, 1000.000000000000000 ) ;
#584 = CARTESIAN_POINT ( 'NONE',  ( -53.32044342047657200, 61.51128248140056300, -29.95513527353348900 ) ) ;
#585 = PLANE ( 'NONE',  #1813369 ) ;
#586 = ORIENTED_EDGE ( 'NONE', *, *, #1417488, .T. ) ;
#587 = ORIENTED_EDGE ( 'NONE', *, *, #60186, .T. ) ;
#588 = ADVANCED_FACE ( 'NONE', ( #679201 ), #625150, .T. ) ;
#589 = VERTEX_POINT ( 'NONE', #1097719 ) ;
#590 = DIRECTION ( 'NONE',  ( -0.2504494165486014800, 0.9681296864317638900, 0.0000000000000000000 ) ) ;
#591 = CARTESIAN_POINT ( 'NONE',  ( -435.0000000000000600, -8.430394531379167900, -166.7103531384963700 ) ) ;
#592 = CARTESIAN_POINT ( 'NONE',  ( 117.8366969044144500, 59.76801896809094900, 106.2856634238184600 ) ) ;
#593 = CARTESIAN_POINT ( 'NONE',  ( -29.04983240303354500, 7.249443875793526000, -0.5310681219051437400 ) ) ;
#594 = CARTESIAN_POINT ( 'NONE',  ( 300.2300000000000200, 49.49999999999999300, 4.000000000000000000 ) ) ;
#595 = CARTESIAN_POINT ( 'NONE',  ( -572.4653771328839900, 38.00000000000000000, -109.8574951376592100 ) ) ;
#596 = FILL_AREA_STYLE ('',( #741 ) ) ;
#597 = CARTESIAN_POINT ( 'NONE',  ( -38.37327357092636500, 74.80764567424228100, 153.0648729566361500 ) ) ;
#598 = CIRCLE ( 'NONE', #1051201, 1.000000000000000900 ) ;
#599 = ORIENTED_EDGE ( 'NONE', *, *, #1012541, .T. ) ;
#600 = VERTEX_POINT ( 'NONE', #1098342 ) ;
#601 = DIRECTION ( 'NONE',  ( -0.9681296864317638900, -0.2504494165486004200, 0.0000000000000000000 ) ) ;
#602 = VERTEX_POINT ( 'NONE', #1098351 ) ;
#603 = ADVANCED_FACE ( 'NONE', ( #679216 ), #625180, .T. ) ;
#604 = CARTESIAN_POINT ( 'NONE',  ( -435.0000000000000000, -4.499999999999993800, -163.7596196340545900 ) ) ;
#605 = CARTESIAN_POINT ( 'NONE',  ( 117.9572333932855500, 59.61697827145745500, 106.2471421862537500 ) ) ;
#606 = CARTESIAN_POINT ( 'NONE',  ( -29.22709418011419300, 7.270827046485410800, -1.052267605036567600 ) ) ;
#607 = CARTESIAN_POINT ( 'NONE',  ( -328.5000000000000600, 11.99999999999997500, 78.00000000000024200 ) ) ;
#608 = DIRECTION ( 'NONE',  ( -0.0000000000000000000, -1.000000000000000000, -0.0000000000000000000 ) ) ;
#609 = FILL_AREA_STYLE ('',( #566 ) ) ;
#610 = CARTESIAN_POINT ( 'NONE',  ( -38.44779824376075800, 74.79069934870111100, 153.4512300663051000 ) ) ;
#611 = LINE ( 'NONE', #72506, #624 ) ;
#612 = ORIENTED_EDGE ( 'NONE', *, *, #1417504, .T. ) ;
#613 = EDGE_LOOP ( 'NONE', ( #1299783, #1299794, #1299804, #1299815, #1299829, #1299840, #1299853, #1299868, #1299883, #1299891, #1299902 ) ) ;
#614 = VERTEX_POINT ( 'NONE', #1098481 ) ;
#615 = CARTESIAN_POINT ( 'NONE',  ( 118.0769801294740400, 59.46522435909024300, 106.2086197304520900 ) ) ;
#616 = CARTESIAN_POINT ( 'NONE',  ( -29.56478088420611900, 7.299534417466865000, -1.606152163574989100 ) ) ;
#617 = DIRECTION ( 'NONE',  ( -1.000000000000000000, 0.0000000000000000000, 0.0000000000000000000 ) ) ;
#618 = DIRECTION ( 'NONE',  ( 0.0000000000000000000, 0.0000000000000000000, 1.000000000000000000 ) ) ;
#619 = SURFACE_SIDE_STYLE ('',( #18862 ) ) ;
#620 = CARTESIAN_POINT ( 'NONE',  ( -38.50387146320407100, 74.77632987396602000, 153.6431899232941900 ) ) ;
#621 = ADVANCED_FACE ( 'NONE', ( #679108 ), #625208, .T. ) ;
#622 = CARTESIAN_POINT ( 'NONE',  ( 106.1358128700091300, 54.13365276520656300, 20.24892982230379700 ) ) ;
#623 = PLANE ( 'NONE',  #1827942 ) ;
#624 = VECTOR ( 'NONE', #72718, 1000.000000000000000 ) ;
#625 = ORIENTED_EDGE ( 'NONE', *, *, #1012355, .T. ) ;
#626 = ORIENTED_EDGE ( 'NONE', *, *, #815772, .T. ) ;
#627 = CARTESIAN_POINT ( 'NONE',  ( -434.9999999999998300, -12.29765731674947400, -165.2938159036938000 ) ) ;
#628 = CARTESIAN_POINT ( 'NONE',  ( 118.1959575824618400, 59.31273568016528900, 106.1701051976543100 ) ) ;
#629 = ORIENTED_EDGE ( 'NONE', *, *, #1281566, .T. ) ;
#630 = CARTESIAN_POINT ( 'NONE',  ( -29.78095094392861600, 7.316499604033528400, -1.914448031590410400 ) ) ;
#631 = DIRECTION ( 'NONE',  ( 0.0000000000000000000, 0.0000000000000000000, 1.000000000000000000 ) ) ;
#632 = SURFACE_STYLE_USAGE ( .BOTH. , #619 ) ;
#633 = CARTESIAN_POINT ( 'NONE',  ( -38.64950863475659300, 74.73680251147473500, 154.0097181039532500 ) ) ;
#634 = ADVANCED_FACE ( 'NONE', ( #679277 ), #679304, .T. ) ;
#635 = CARTESIAN_POINT ( 'NONE',  ( -434.9999999999999400, -16.10214111465484900, -163.7085122761138500 ) ) ;
#636 = CARTESIAN_POINT ( 'NONE',  ( 118.4339124884374700, 59.00775832231540400, 106.0930761320587300 ) ) ;
#637 = VECTOR ( 'NONE', #73525, 1000.000000000000100 ) ;
#638 = ORIENTED_EDGE ( 'NONE', *, *, #1417522, .T. ) ;
#639 = VERTEX_POINT ( 'NONE', #1098691 ) ;
#640 = CARTESIAN_POINT ( 'NONE',  ( -30.53578567406346500, 7.366255348919040100, -2.667020399780714700 ) ) ;
#641 = VERTEX_POINT ( 'NONE', #1098698 ) ;
#642 = CARTESIAN_POINT ( 'NONE',  ( 67.92708718850283800, 17.50390752239417600, -142.9999999999998900 ) ) ;
#643 = ( LENGTH_UNIT ( ) NAMED_UNIT ( * ) SI_UNIT ( .MILLI., .METRE. ) );
#644 = CARTESIAN_POINT ( 'NONE',  ( -38.73833345156077700, 74.71186627235252300, 154.1837303643901600 ) ) ;
#645 = DIRECTION ( 'NONE',  ( -1.000000000000000000, 0.0000000000000000000, 0.0000000000000000000 ) ) ;
#646 = CARTESIAN_POINT ( 'NONE',  ( 118.6687708851827900, 58.69987157076171500, 106.0160825724638600 ) ) ;
#647 = LINE ( 'NONE', #72835, #663 ) ;
#648 = CARTESIAN_POINT ( 'NONE',  ( -31.43687113774845800, 7.411777721422216900, -3.000000000000002200 ) ) ;
#649 = ORIENTED_EDGE ( 'NONE', *, *, #70507, .T. ) ;
#650 = EDGE_LOOP ( 'NONE', ( #1300509, #1300516, #1300526, #1300534, #1300548, #1300558, #1300571 ) ) ;
#651 = CARTESIAN_POINT ( 'NONE',  ( 67.92708718850282400, 17.50390752239419000, -143.1680720687250800 ) ) ;
#652 = CARTESIAN_POINT ( 'NONE',  ( -1.052398908759262500E-014, 45.50000000000000000, -80.00000000000000000 ) ) ;
#653 = ( NAMED_UNIT ( * ) PLANE_ANGLE_UNIT ( ) SI_UNIT ( $, .RADIAN. ) );
#654 = CARTESIAN_POINT ( 'NONE',  ( -38.94730889313572700, 74.65178051290450900, 154.5136346574291800 ) ) ;
#655 = VERTEX_POINT ( 'NONE', #1098332 ) ;
#656 = ADVANCED_FACE ( 'NONE', ( #679290 ), #625236, .T. ) ;
#657 = CARTESIAN_POINT ( 'NONE',  ( 106.4855261650395200, 53.83323016063891200, 16.29916675697678500 ) ) ;
#658 = DIRECTION ( 'NONE',  ( 0.0000000000000000000, 0.0000000000000000000, 1.000000000000000000 ) ) ;
#659 = CARTESIAN_POINT ( 'NONE',  ( -724.8904060288865600, 29.61914154601837600, 15.24228355337246100 ) ) ;
#660 = CARTESIAN_POINT ( 'NONE',  ( 118.9005410354046900, 58.38913203151539500, 105.9392230562267100 ) ) ;
#661 = ORIENTED_EDGE ( 'NONE', *, *, #789795, .F. ) ;
#662 = CARTESIAN_POINT ( 'NONE',  ( -32.15006940945741600, 7.445700683802098900, -3.000000000000001300 ) ) ;
#663 = VECTOR ( 'NONE', #72919, 1000.000000000000000 ) ;
#664 = CARTESIAN_POINT ( 'NONE',  ( 67.92131743454601200, 17.49018677691901800, -143.3382676402450800 ) ) ;
#665 = DIRECTION ( 'NONE',  ( -2.312964634635742000E-016, 1.000000000000000000, 0.0000000000000000000 ) ) ;
#666 = ( NAMED_UNIT ( * ) SI_UNIT ( $, .STERADIAN. ) SOLID_ANGLE_UNIT ( ) );
#667 = CARTESIAN_POINT ( 'NONE',  ( -39.06855639228758300, 74.61629551221749100, 154.6701870837243000 ) ) ;
#668 = ORIENTED_EDGE ( 'NONE', *, *, #1417540, .T. ) ;
#669 = ORIENTED_EDGE ( 'NONE', *, *, #548165, .F. ) ;
#670 = VERTEX_POINT ( 'NONE', #1098681 ) ;
#671 = ADVANCED_FACE ( 'NONE', ( #679322 ), #625261, .T. ) ;
#672 = DIRECTION ( 'NONE',  ( -0.0000000000000000000, -0.0000000000000000000, 1.000000000000000000 ) ) ;
#673 = CARTESIAN_POINT ( 'NONE',  ( 119.1323111856265900, 58.07839249226908200, 105.8623635399895400 ) ) ;
#674 = CARTESIAN_POINT ( 'NONE',  ( -29.05875583826411200, 7.075307142447630100, 0.0000000000000000000 ) ) ;
#675 = VERTEX_POINT ( 'NONE', #1098846 ) ;
#676 = CARTESIAN_POINT ( 'NONE',  ( 67.89936055578469600, 17.43785367383679500, -143.6716586231371800 ) ) ;
#677 = DIRECTION ( 'NONE',  ( -1.000000000000000000, 0.0000000000000000000, 0.0000000000000000000 ) ) ;
#678 = CARTESIAN_POINT ( 'NONE',  ( -39.33294201259542400, 74.53774026649550400, 154.9522958130427000 ) ) ;
#679 = CIRCLE ( 'NONE', #1051236, 2.000000000000001800 ) ;
#680 = ORIENTED_EDGE ( 'NONE', *, *, #1017872, .T. ) ;
#681 = ORIENTED_EDGE ( 'NONE', *, *, #1636653, .T. ) ;
#682 = CARTESIAN_POINT ( 'NONE',  ( 107.0775172274825200, 53.31181053433923000, 15.77774644342606300 ) ) ;
#683 = CARTESIAN_POINT ( 'NONE',  ( 35.36375856583691000, -31.95344799970938600, -24.07151278043398100 ) ) ;
#684 = VERTEX_POINT ( 'NONE', #1098981 ) ;
#685 = CARTESIAN_POINT ( 'NONE',  ( 119.3609930679530600, 57.76480013507486400, 105.7856380915998800 ) ) ;
#686 = CARTESIAN_POINT ( 'NONE',  ( -29.05686099177469100, 7.083497437670970100, -0.5310832494962854900 ) ) ;
#687 = CARTESIAN_POINT ( 'NONE',  ( 67.88339961986520200, 17.39978377649136100, -143.8339234016718300 ) ) ;
#688 = CARTESIAN_POINT ( 'NONE',  ( -703.0000000000000000, 22.85518051480456200, -115.2577164464699000 ) ) ;
#689 = CARTESIAN_POINT ( 'NONE',  ( -39.47693135029111700, 74.49443304152229900, 155.0795973077354100 ) ) ;
#690 = ORIENTED_EDGE ( 'NONE', *, *, #1079888, .F. ) ;
#691 = ADVANCED_FACE ( 'NONE', ( #679366 ), #625286, .T. ) ;
#692 = LINE ( 'NONE', #73315, #766 ) ;
#693 = CARTESIAN_POINT ( 'NONE',  ( 107.6568337716755900, 52.77634420829520000, 15.24227941161689900 ) ) ;
#694 = CARTESIAN_POINT ( 'NONE',  ( 35.27981353560852500, -32.35718055280865700, -23.52601609456369000 ) ) ;
#695 = ORIENTED_EDGE ( 'NONE', *, *, #1417558, .F. ) ;
#696 = VERTEX_POINT ( 'NONE', #1099150 ) ;
#697 = ORIENTED_EDGE ( 'NONE', *, *, #1281593, .F. ) ;
#698 = CARTESIAN_POINT ( 'NONE',  ( -724.8667605614302800, 28.05518051533944800, 16.80624458405139200 ) ) ;
#699 = CARTESIAN_POINT ( 'NONE',  ( 119.5865918524897200, 57.44841226960551200, 105.7091436630801300 ) ) ;
#700 = CARTESIAN_POINT ( 'NONE',  ( -29.23823037608839600, 7.091756948984505400, -1.052650442307030600 ) ) ;
#701 = CARTESIAN_POINT ( 'NONE',  ( 67.82419567238388000, 17.25786008465061600, -144.3104385834060100 ) ) ;
#702 = DIRECTION ( 'NONE',  ( 0.0000000000000000000, 0.7071067811865475700, -0.7071067811865475700 ) ) ;
#703 = CARTESIAN_POINT ( 'NONE',  ( -39.78880518118622000, 74.39952637134274500, 155.3063012080128800 ) ) ;
#704 = VERTEX_POINT ( 'NONE', #1099165 ) ;
#705 = CARTESIAN_POINT ( 'NONE',  ( -30.26947346167945700, -28.39029722198558800, 12.00000000000000000 ) ) ;
#706 = LINE ( 'NONE', #73375, #791 ) ;
#707 = ORIENTED_EDGE ( 'NONE', *, *, #1017661, .T. ) ;
#708 = EDGE_LOOP ( 'NONE', ( #1299991, #1300003, #1300015, #1300025, #1300036, #1300049, #1300064 ) ) ;
#709 = ADVANCED_FACE ( 'NONE', ( #679398 ), #625312, .T. ) ;
#710 = DIRECTION ( 'NONE',  ( -0.9598230166815563400, -0.2806060880457101300, 2.312964634635743000E-016 ) ) ;
#711 = CARTESIAN_POINT ( 'NONE',  ( 119.6993912447580500, 57.29021833687083600, 105.6708964488202400 ) ) ;
#712 = VERTEX_POINT ( 'NONE', #1099173 ) ;
#713 = CARTESIAN_POINT ( 'NONE',  ( -29.58236063185302500, 7.102289208488538300, -1.606602516901290300 ) ) ;
#714 = CARTESIAN_POINT ( 'NONE',  ( 67.76954811666881500, 17.12634777170982400, -144.6155000491020000 ) ) ;
#715 = CARTESIAN_POINT ( 'NONE',  ( -572.4653771328839900, 38.00000000000000000, -109.8574951376592100 ) ) ;
#716 = DIRECTION ( 'NONE',  ( 0.0000000000000000000, 0.7071067811865474600, 0.7071067811865474600 ) ) ;
#717 = CARTESIAN_POINT ( 'NONE',  ( -39.95525347479107100, 74.34835266650345900, 155.4042080639357000 ) ) ;
#718 = DIRECTION ( 'NONE',  ( -0.0000000000000000000, -0.0000000000000000000, -1.000000000000000000 ) ) ;
#719 = ORIENTED_EDGE ( 'NONE', *, *, #1216911, .F. ) ;
#720 = CARTESIAN_POINT ( 'NONE',  ( 52.10803577753238600, 18.46595833133470400, 26.99999999999999300 ) ) ;
#721 = CARTESIAN_POINT ( 'NONE',  ( 119.8115599720565700, 57.13115809431904100, 105.6327043305295900 ) ) ;
#722 = LINE ( 'NONE', #73162, #735 ) ;
#723 = ORIENTED_EDGE ( 'NONE', *, *, #1417577, .T. ) ;
#724 = ORIENTED_EDGE ( 'NONE', *, *, #1423733, .T. ) ;
#725 = CARTESIAN_POINT ( 'NONE',  ( -29.80284845620095200, 7.108429590918029300, -1.914908261370624100 ) ) ;
#726 = VERTEX_POINT ( 'NONE', #1099282 ) ;
#727 = CARTESIAN_POINT ( 'NONE',  ( 67.64821901015454800, 16.82431183009108700, -145.2068103056356300 ) ) ;
#728 = DIRECTION ( 'NONE',  ( -0.0000000000000000000, -1.000000000000000000, -0.0000000000000000000 ) ) ;
#729 = FILL_AREA_STYLE ('',( #856 ) ) ;
#730 = CARTESIAN_POINT ( 'NONE',  ( -40.47060271854712700, 74.18831398744002600, 155.6441511359540200 ) ) ;
#731 = ADVANCED_FACE ( 'NONE', ( #679411 ), #625335, .T. ) ;
#732 = ORIENTED_EDGE ( 'NONE', *, *, #899548, .T. ) ;
#733 = DIRECTION ( 'NONE',  ( -2.220036693093834000E-016, -6.490319579132117400E-017, 1.000000000000000000 ) ) ;
#734 = CARTESIAN_POINT ( 'NONE',  ( 119.9224869282852400, 56.97199945731763600, 105.5945932751802000 ) ) ;
#735 = VECTOR ( 'NONE', #73302, 1000.000000000000000 ) ;
#736 = CARTESIAN_POINT ( 'NONE',  ( -30.57248887173221900, 7.125843423716751200, -2.667331694082749400 ) ) ;
#737 = ORIENTED_EDGE ( 'NONE', *, *, #70727, .T. ) ;
#738 = VERTEX_POINT ( 'NONE', #1099479 ) ;
#739 = CARTESIAN_POINT ( 'NONE',  ( 67.58199245247580200, 16.65484367702546500, -145.4913319691858900 ) ) ;
#740 = DIRECTION ( 'NONE',  ( 0.0000000000000000000, 0.0000000000000000000, 1.000000000000000000 ) ) ;
#741 = FILL_AREA_STYLE_COLOUR ( '', #19025 ) ;
#742 = CARTESIAN_POINT ( 'NONE',  ( -40.84580287235579000, 74.06970960723280900, 155.7370098582911500 ) ) ;
#743 = ORIENTED_EDGE ( 'NONE', *, *, #1281622, .T. ) ;
#744 = CARTESIAN_POINT ( 'NONE',  ( -1.324421389288528600, -19.29579265582114900, 16.09481726884100200 ) ) ;
#745 = CARTESIAN_POINT ( 'NONE',  ( 35.20000000000001000, -32.74690283282397000, -22.97042348015346400 ) ) ;
#746 = ADVANCED_FACE ( 'NONE', ( #679455 ), #625365, .T. ) ;
#747 = DIRECTION ( 'NONE',  ( -1.000000000000000000, -1.156482317317870300E-015, 0.0000000000000000000 ) ) ;
#748 = CARTESIAN_POINT ( 'NONE',  ( 120.0334138845139100, 56.81284082031623200, 105.5564822198308000 ) ) ;
#749 = VERTEX_POINT ( 'NONE', #1099487 ) ;
#750 = CARTESIAN_POINT ( 'NONE',  ( -31.48962135652363900, 7.140723301768559800, -3.000000000000001300 ) ) ;
#751 = CIRCLE ( 'NONE', #1051288, 1.000000000000000900 ) ;
#752 = CARTESIAN_POINT ( 'NONE',  ( 67.45217514821015900, 16.29641938153089600, -146.0481676964219300 ) ) ;
#753 = CARTESIAN_POINT ( 'NONE',  ( -41.22560660157785900, 73.94736527543301500, 155.7520318533500800 ) ) ;
#754 = ORIENTED_EDGE ( 'NONE', *, *, #1417593, .F. ) ;
#755 = ORIENTED_EDGE ( 'NONE', *, *, #548181, .F. ) ;
#756 = VERTEX_POINT ( 'NONE', #1099613 ) ;
#757 = CARTESIAN_POINT ( 'NONE',  ( 105.8812010860862200, 54.34030317677073200, -89.99999999999452900 ) ) ;
#758 = CARTESIAN_POINT ( 'NONE',  ( 35.45178073652491700, -31.53596658916722000, -24.60656033026414800 ) ) ;
#759 = CARTESIAN_POINT ( 'NONE',  ( 120.1430340633997400, 56.65361643374829700, 105.5184497011627200 ) ) ;
#760 = CARTESIAN_POINT ( 'NONE',  ( -32.21613330297294200, 7.151559804507118500, -3.000000000000000000 ) ) ;
#761 = ORIENTED_EDGE ( 'NONE', *, *, #222890, .F. ) ;
#762 = CARTESIAN_POINT ( 'NONE',  ( 67.38855791678177800, 16.10737789758083900, -146.3202147549743600 ) ) ;
#763 = DIRECTION ( 'NONE',  ( -0.6852049763945656800, 0.6003329516707689400, -0.4124251295233900500 ) ) ;
#764 = CARTESIAN_POINT ( 'NONE',  ( -44.30652106487727300, 72.92881444493929200, 155.8770941698295200 ) ) ;
#765 = ADVANCED_FACE ( 'NONE', ( #679491 ), #625388, .T. ) ;
#766 = VECTOR ( 'NONE', #73362, 1000.000000000000100 ) ;
#767 = ORIENTED_EDGE ( 'NONE', *, *, #70656, .T. ) ;
#768 = ORIENTED_EDGE ( 'NONE', *, *, #1636569, .T. ) ;
#769 = CARTESIAN_POINT ( 'NONE',  ( 107.0775172274791500, 53.31181053434236400, 20.22224527305964900 ) ) ;
#770 = VERTEX_POINT ( 'NONE', #1099791 ) ;
#771 = CARTESIAN_POINT ( 'NONE',  ( 120.2514031687832400, 56.49380539453520100, 105.4804676663235500 ) ) ;
#772 = CARTESIAN_POINT ( 'NONE',  ( -29.05875583826410800, 6.881395149340059800, 0.0000000000000000000 ) ) ;
#773 = CARTESIAN_POINT ( 'NONE',  ( 67.33169249242399700, 15.91137816919568900, -146.5890795278848500 ) ) ;
#774 = SURFACE_SIDE_STYLE ('',( #19015 ) ) ;
#775 = CARTESIAN_POINT ( 'NONE',  ( -45.83386902738062900, 72.38471474713361400, 155.9439012123119700 ) ) ;
#776 = ORIENTED_EDGE ( 'NONE', *, *, #914097, .T. ) ;
#777 = LINE ( 'NONE', #73332, #637 ) ;
#778 = DIRECTION ( 'NONE',  ( -0.0000000000000000000, -0.0000000000000000000, -1.000000000000000000 ) ) ;
#779 = ORIENTED_EDGE ( 'NONE', *, *, #1417609, .T. ) ;
#780 = EDGE_LOOP ( 'NONE', ( #1300774, #1300784, #1300795, #1300807, #1300816, #1300828 ) ) ;
#781 = VERTEX_POINT ( 'NONE', #1099622 ) ;
#782 = ADVANCED_FACE ( 'NONE', ( #679265 ), #679546, .T. ) ;
#783 = CARTESIAN_POINT ( 'NONE',  ( 47.96246734816440900, 14.12841727706343100, 24.00000000000000000 ) ) ;
#784 = CARTESIAN_POINT ( 'NONE',  ( 120.6848795903172900, 55.85456123768283000, 105.3285395269668200 ) ) ;
#785 = CARTESIAN_POINT ( 'NONE',  ( -29.06174012341541200, 6.868495857155903800, -0.5310832494962854900 ) ) ;
#786 = CARTESIAN_POINT ( 'NONE',  ( -719.5293265682927300, 30.66176176009418700, -55.71509623255173700 ) ) ;
#787 = SURFACE_STYLE_USAGE ( .BOTH. , #774 ) ;
#788 = CARTESIAN_POINT ( 'NONE',  ( -45.83386902738062900, 72.38471474713361400, 155.9439012123119700 ) ) ;
#789 = VERTEX_POINT ( 'NONE', #1099823 ) ;
#790 = CARTESIAN_POINT ( 'NONE',  ( 106.4855261650325800, 53.83323016064503000, 19.70082495950594000 ) ) ;
#791 = VECTOR ( 'NONE', #73445, 1000.000000000000000 ) ;
#792 = ORIENTED_EDGE ( 'NONE', *, *, #70583, .T. ) ;
#793 = VERTEX_POINT ( 'NONE', #1099835 ) ;
#794 = DIRECTION ( 'NONE',  ( 0.0000000000000000000, -1.000000000000000000, 0.0000000000000000000 ) ) ;
#795 = CARTESIAN_POINT ( 'NONE',  ( 121.1055449631331000, 55.19538750224600700, 105.1770974597967400 ) ) ;
#796 = VERTEX_POINT ( 'NONE', #1099844 ) ;
#797 = CARTESIAN_POINT ( 'NONE',  ( -29.24898009141056900, 6.855487554315979900, -1.052650442307030600 ) ) ;
#798 = ( LENGTH_UNIT ( ) NAMED_UNIT ( * ) SI_UNIT ( .MILLI., .METRE. ) );
#799 = CARTESIAN_POINT ( 'NONE',  ( -42.77044691864479400, 73.44973336245500700, 155.8131333692762400 ) ) ;
#800 = ADVANCED_FACE ( 'NONE', ( #679532 ), #679570, .T. ) ;
#801 = VERTEX_POINT ( 'NONE', #1099876 ) ;
#802 = CARTESIAN_POINT ( 'NONE',  ( -435.0000000000000000, -1.499999999999993600, -163.7596196340545900 ) ) ;
#803 = CARTESIAN_POINT ( 'NONE',  ( 121.5213790798700600, 54.52355671432214700, 105.0264267595911700 ) ) ;
#804 = CIRCLE ( 'NONE', #1051250, 2.000000000000015500 ) ;
#805 = ORIENTED_EDGE ( 'NONE', *, *, #1417629, .T. ) ;
#806 = ORIENTED_EDGE ( 'NONE', *, *, #815784, .T. ) ;
#807 = CARTESIAN_POINT ( 'NONE',  ( -29.60202256728492300, 6.838899790703806000, -1.606602516901290300 ) ) ;
#808 = ORIENTED_EDGE ( 'NONE', *, *, #1281653, .T. ) ;
#809 = CARTESIAN_POINT ( 'NONE',  ( -719.5566126875708100, 31.18310257669730500, -55.19375541594860100 ) ) ;
#810 = CARTESIAN_POINT ( 'NONE',  ( -572.4653771328839900, 38.00000000000000000, -109.8574951376592100 ) ) ;
#811 = ( NAMED_UNIT ( * ) PLANE_ANGLE_UNIT ( ) SI_UNIT ( $, .RADIAN. ) );
#812 = CARTESIAN_POINT ( 'NONE',  ( -41.22560660157785900, 73.94736527543301500, 155.7520318533500800 ) ) ;
#813 = CARTESIAN_POINT ( 'NONE',  ( 107.6568337716756200, 52.77634420829520000, 20.75771230487196900 ) ) ;
#814 = DIRECTION ( 'NONE',  ( -0.0000000000000000000, -0.0000000000000000000, -1.000000000000000000 ) ) ;
#815 = ORIENTED_EDGE ( 'NONE', *, *, #1074770, .F. ) ;
#816 = ADVANCED_FACE ( 'NONE', ( #679517 ), #625411, .T. ) ;
#817 = CARTESIAN_POINT ( 'NONE',  ( 121.9372131966070000, 53.85172592639828100, 104.8757560593856100 ) ) ;
#818 = LINE ( 'NONE', #75873, #1077 ) ;
#819 = CARTESIAN_POINT ( 'NONE',  ( -29.82846647410570300, 6.829229006178663600, -1.914908261370624100 ) ) ;
#820 = ORIENTED_EDGE ( 'NONE', *, *, #1016701, .F. ) ;
#821 = EDGE_LOOP ( 'NONE', ( #1301224, #1301233, #1301245, #1301256 ) ) ;
#822 = DIRECTION ( 'NONE',  ( -0.0000000000000000000, -1.000000000000000000, -0.0000000000000000000 ) ) ;
#823 = ( NAMED_UNIT ( * ) SI_UNIT ( $, .STERADIAN. ) SOLID_ANGLE_UNIT ( ) );
#824 = CARTESIAN_POINT ( 'NONE',  ( 30.93641023737702500, 76.72866128429434700, 169.2749976158655200 ) ) ;
#825 = VERTEX_POINT ( 'NONE', #1100014 ) ;
#826 = CARTESIAN_POINT ( 'NONE',  ( 105.8812010860862400, 54.34030317675486500, 19.19375127505443900 ) ) ;
#827 = CARTESIAN_POINT ( 'NONE',  ( -27.98096237349513900, -23.33454615065866400, 12.00000000000000000 ) ) ;
#828 = CARTESIAN_POINT ( 'NONE',  ( -724.9751532710471300, 16.57150257669730200, -7.257716446627536100 ) ) ;
#829 = CARTESIAN_POINT ( 'NONE',  ( 122.3501052636554900, 53.16586664585297900, 104.7258247259066200 ) ) ;
#830 = ORIENTED_EDGE ( 'NONE', *, *, #1216989, .F. ) ;
#831 = CARTESIAN_POINT ( 'NONE',  ( -30.61818866801431900, 6.801803120789743100, -2.667331694082749400 ) ) ;
#832 = LINE ( 'NONE', #73460, #846 ) ;
#833 = DIRECTION ( 'NONE',  ( 0.0000000000000000000, 0.0000000000000000000, 1.000000000000000000 ) ) ;
#834 = CARTESIAN_POINT ( 'NONE',  ( -45.84640731031461800, 72.40658565710793900, 158.7357769069829500 ) ) ;
#835 = ORIENTED_EDGE ( 'NONE', *, *, #1417649, .T. ) ;
#836 = VERTEX_POINT ( 'NONE', #1100007 ) ;
#837 = ADVANCED_FACE ( 'NONE', ( #679583 ), #679629, .T. ) ;
#838 = VERTEX_POINT ( 'NONE', #1100053 ) ;
#839 = CARTESIAN_POINT ( 'NONE',  ( -5.659719228465795600, 192.6355408509990900, 4.000000000000000000 ) ) ;
#840 = CARTESIAN_POINT ( 'NONE',  ( 122.7611541518330000, 52.47968574365349800, 104.5771765085764700 ) ) ;
#841 = CARTESIAN_POINT ( 'NONE',  ( -31.55645230230044600, 6.778368082980117400, -3.000000000000001300 ) ) ;
#842 = ORIENTED_EDGE ( 'NONE', *, *, #805525, .T. ) ;
#843 = DIRECTION ( 'NONE',  ( 1.000000000000000000, 0.0000000000000000000, 0.0000000000000000000 ) ) ;
#844 = DIRECTION ( 'NONE',  ( -0.6589885326747179100, -0.7521529856373782000, 0.0000000000000000000 ) ) ;
#845 = CARTESIAN_POINT ( 'NONE',  ( -24.77688726743067000, 78.04939238245988500, 171.9153531141093400 ) ) ;
#846 = VECTOR ( 'NONE', #73605, 1000.000000000000000 ) ;
#847 = ORIENTED_EDGE ( 'NONE', *, *, #1016936, .F. ) ;
#848 = ORIENTED_EDGE ( 'NONE', *, *, #548198, .T. ) ;
#849 = DIRECTION ( 'NONE',  ( -1.000000000000000000, 0.0000000000000000000, 0.0000000000000000000 ) ) ;
#850 = VERTEX_POINT ( 'NONE', #1100044 ) ;
#851 = ADVANCED_FACE ( 'NONE', ( #679615 ), #625436, .T. ) ;
#852 = DIRECTION ( 'NONE',  ( 2.638336578492548000E-017, -9.024523278972836700E-017, 1.000000000000000000 ) ) ;
#853 = CARTESIAN_POINT ( 'NONE',  ( 123.1722030400105000, 51.79350484145403000, 104.4285282912463100 ) ) ;
#854 = CARTESIAN_POINT ( 'NONE',  ( -32.30084315264043900, 6.761301152027734900, -3.000000000000000000 ) ) ;
#855 = CARTESIAN_POINT ( 'NONE',  ( -719.5016538539471200, 30.14044132097602400, -56.23641667166989300 ) ) ;
#856 = FILL_AREA_STYLE_COLOUR ( '', #19145 ) ;
#857 = CARTESIAN_POINT ( 'NONE',  ( -45.83276444811438200, 72.38350864813809000, 161.5271492588500500 ) ) ;
#858 = VERTEX_POINT ( 'NONE', #1100077 ) ;
#859 = CIRCLE ( 'NONE', #1051300, 0.9999999999999870100 ) ;
#860 = CARTESIAN_POINT ( 'NONE',  ( 27.30106311305836900, -51.40406089715984500, 12.00000000000000000 ) ) ;
#861 = ORIENTED_EDGE ( 'NONE', *, *, #1417664, .T. ) ;
#862 = ORIENTED_EDGE ( 'NONE', *, *, #60390, .T. ) ;
#863 = VERTEX_POINT ( 'NONE', #1100219 ) ;
#864 = CARTESIAN_POINT ( 'NONE',  ( -720.9750591524306200, 16.57150257669730200, -7.257716446627536100 ) ) ;
#865 = CARTESIAN_POINT ( 'NONE',  ( 123.5803583856650400, 51.10554950429111900, 104.2810967171059200 ) ) ;
#866 = CARTESIAN_POINT ( 'NONE',  ( -29.04666238324396900, 6.645216162190005900, 0.0000000000000000000 ) ) ;
#867 = CARTESIAN_POINT ( 'NONE',  ( -719.4735945597512900, 29.61914154601837600, -56.75771644662752600 ) ) ;
#868 = CARTESIAN_POINT ( 'NONE',  ( 0.0000000000000000000, 0.0000000000000000000, -22.09807621135333000 ) ) ;
#869 = CARTESIAN_POINT ( 'NONE',  ( -63.95907426479037400, 125.7613971936573600, 33.99999999999999300 ) ) ;
#870 = CARTESIAN_POINT ( 'NONE',  ( -45.75701738746240500, 72.24792144761681800, 167.1089097380353800 ) ) ;
#871 = ADVANCED_FACE ( 'NONE', ( #679661 ), #625462, .F. ) ;
#872 = VERTEX_POINT ( 'NONE', #1100213 ) ;
#873 = CARTESIAN_POINT ( 'NONE',  ( 109.2733315698848900, 51.21238317761627500, 19.19375127419305100 ) ) ;
#874 = DIRECTION ( 'NONE',  ( -0.0000000000000000000, -0.0000000000000000000, 1.000000000000000000 ) ) ;
#875 = LINE ( 'NONE', #73755, #889 ) ;
#876 = ORIENTED_EDGE ( 'NONE', *, *, #1017154, .F. ) ;
#877 = VERTEX_POINT ( 'NONE', #1100347 ) ;
#878 = CARTESIAN_POINT ( 'NONE',  ( 57.37242590489695700, 16.87943659352667000, 24.00000000000000000 ) ) ;
#879 = CARTESIAN_POINT ( 'NONE',  ( 123.9855924636641300, 50.41582071299730200, 104.1348789018472200 ) ) ;
#880 = ORIENTED_EDGE ( 'NONE', *, *, #1281685, .T. ) ;
#881 = CARTESIAN_POINT ( 'NONE',  ( -29.05213782264486600, 6.626882349065585500, -0.5443951858380413600 ) ) ;
#882 = DIRECTION ( 'NONE',  ( -0.0000000000000000000, -0.0000000000000000000, 1.000000000000000000 ) ) ;
#883 = CARTESIAN_POINT ( 'NONE',  ( -45.69528539657032000, 72.13617254937513200, 169.8975712162065900 ) ) ;
#884 = DIRECTION ( 'NONE',  ( -1.000000000000000000, 0.0000000000000000000, 0.0000000000000000000 ) ) ;
#885 = ORIENTED_EDGE ( 'NONE', *, *, #395149, .F. ) ;
#886 = ADVANCED_FACE ( 'NONE', ( #679695 ), #625490, .F. ) ;
#887 = CARTESIAN_POINT ( 'NONE',  ( -720.8662558027793900, 28.05518051533944800, 16.80624458405139200 ) ) ;
#888 = CARTESIAN_POINT ( 'NONE',  ( 124.7960606196623000, 49.03636313040965400, 103.8424432713298400 ) ) ;
#889 = VECTOR ( 'NONE', #73911, 1000.000000000000100 ) ;
#890 = ORIENTED_EDGE ( 'NONE', *, *, #1417685, .T. ) ;
#891 = EDGE_LOOP ( 'NONE', ( #1301602, #1301614, #1301625, #1301636 ) ) ;
#892 = CARTESIAN_POINT ( 'NONE',  ( -29.24478154988521100, 6.598298314585087500, -1.075817743783429100 ) ) ;
#893 = VERTEX_POINT ( 'NONE', #1100609 ) ;
#894 = DIRECTION ( 'NONE',  ( 1.000000000000000000, 0.0000000000000000000, 0.0000000000000000000 ) ) ;
#895 = PLANE ( 'NONE',  #1813511 ) ;
#896 = CARTESIAN_POINT ( 'NONE',  ( -45.61576821356076300, 71.97650037640603700, 172.6838559341856300 ) ) ;
#897 = CARTESIAN_POINT ( 'NONE',  ( -721.2733788763574700, 19.99938051533945000, 88.80624458405139900 ) ) ;
#898 = CARTESIAN_POINT ( 'NONE',  ( 35.46907607459548500, -31.45393632250745200, -24.71169098298284100 ) ) ;
#899 = ORIENTED_EDGE ( 'NONE', *, *, #913905, .F. ) ;
#900 = CARTESIAN_POINT ( 'NONE',  ( 60.30023519669475700, 25.38236570879104500, 23.99999999999999600 ) ) ;
#901 = CARTESIAN_POINT ( 'NONE',  ( 125.5948418806465700, 47.64981471099785200, 103.5548626152029900 ) ) ;
#902 = CIRCLE ( 'NONE', #1051262, 1.999999999999974000 ) ;
#903 = CARTESIAN_POINT ( 'NONE',  ( -29.61398987370486700, 6.552648647129381700, -1.635607619385055700 ) ) ;
#904 = ORIENTED_EDGE ( 'NONE', *, *, #1017366, .F. ) ;
#905 = ORIENTED_EDGE ( 'NONE', *, *, #815796, .F. ) ;
#906 = CARTESIAN_POINT ( 'NONE',  ( -43.60237291946863500, 68.37698186535679700, -199.0000000000000000 ) ) ;
#907 = VERTEX_POINT ( 'NONE', #1100363 ) ;
#908 = ADVANCED_FACE ( 'NONE', ( #679645 ), #679754, .F. ) ;
#909 = CARTESIAN_POINT ( 'NONE',  ( 108.7464316548183400, 51.74594363543897700, 19.72731173201573500 ) ) ;
#910 = CARTESIAN_POINT ( 'NONE',  ( 35.45178073652491700, -31.53596658916722000, -24.60656033026414800 ) ) ;
#911 = CARTESIAN_POINT ( 'NONE',  ( 126.3817208587637000, 46.25617388126455200, 103.2721151724490100 ) ) ;
#912 = VERTEX_POINT ( 'NONE', #1100642 ) ;
#913 = CARTESIAN_POINT ( 'NONE',  ( -29.85095564718820400, 6.524666139046841500, -1.945993384011139900 ) ) ;
#914 = LINE ( 'NONE', #73927, #930 ) ;
#915 = DIRECTION ( 'NONE',  ( 0.0000000000000000000, 0.0000000000000000000, 1.000000000000000000 ) ) ;
#916 = SURFACE_SIDE_STYLE ('',( #19171 ) ) ;
#917 = CARTESIAN_POINT ( 'NONE',  ( -28.34136644245275600, 77.33500591145200100, 172.0468051006718000 ) ) ;
#918 = ORIENTED_EDGE ( 'NONE', *, *, #1417705, .F. ) ;
#919 = ORIENTED_EDGE ( 'NONE', *, *, #548210, .T. ) ;
#920 = VERTEX_POINT ( 'NONE', #1100665 ) ;
#921 = DIRECTION ( 'NONE',  ( 0.0000000000000000000, 0.0000000000000000000, 1.000000000000000000 ) ) ;
#922 = ADVANCED_FACE ( 'NONE', ( #679711 ), #625517, .F. ) ;
#923 = CARTESIAN_POINT ( 'NONE',  ( -435.0000000000000000, -1.499999999999993600, -163.7596196340545900 ) ) ;
#924 = CARTESIAN_POINT ( 'NONE',  ( 127.9554788149979500, 43.46889222179795100, 102.7066202869410200 ) ) ;
#925 = CARTESIAN_POINT ( 'NONE',  ( -30.68260274779339600, 6.432726647219809000, -2.685164621516364900 ) ) ;
#926 = VERTEX_POINT ( 'NONE', #1100656 ) ;
#927 = CARTESIAN_POINT ( 'NONE',  ( -572.4653771328839900, 38.00000000000000000, -109.8574951376592100 ) ) ;
#928 = SURFACE_STYLE_USAGE ( .BOTH. , #916 ) ;
#929 = CARTESIAN_POINT ( 'NONE',  ( 26.38874523517301200, 77.84688606005933300, 169.6155653622995500 ) ) ;
#930 = VECTOR ( 'NONE', #74363, 999.9999999999998900 ) ;
#931 = ORIENTED_EDGE ( 'NONE', *, *, #1017514, .F. ) ;
#932 = VERTEX_POINT ( 'NONE', #1100794 ) ;
#933 = CARTESIAN_POINT ( 'NONE',  ( 108.2075056921356000, 52.26735430793767300, 20.24872240451442500 ) ) ;
#934 = VERTEX_POINT ( 'NONE', #1100801 ) ;
#935 = DIRECTION ( 'NONE',  ( -0.0000000000000000000, -0.0000000000000000000, 1.000000000000000000 ) ) ;
#936 = CARTESIAN_POINT ( 'NONE',  ( 129.4817539417477700, 40.65304915482083500, 102.1604559532316300 ) ) ;
#937 = CARTESIAN_POINT ( 'NONE',  ( -31.64471049496195900, 6.345028406703606900, -2.999999999999998700 ) ) ;
#938 = DIRECTION ( 'NONE',  ( -0.0000000000000000000, -1.000000000000000000, -0.0000000000000000000 ) ) ;
#939 = ( LENGTH_UNIT ( ) NAMED_UNIT ( * ) SI_UNIT ( .MILLI., .METRE. ) );
#940 = CARTESIAN_POINT ( 'NONE',  ( -31.85925092418026600, 76.46871118310573900, 172.1765387534480300 ) ) ;
#941 = ORIENTED_EDGE ( 'NONE', *, *, #783608, .T. ) ;
#942 = ADVANCED_FACE ( 'NONE', ( #679777 ), #625543, .F. ) ;
#943 = CIRCLE ( 'NONE', #1051274, 1.000000000000000900 ) ;
#944 = CARTESIAN_POINT ( 'NONE',  ( 107.6568337716756200, 52.77634420829520000, 20.75771230487196900 ) ) ;
#945 = DIRECTION ( 'NONE',  ( -0.0000000000000000000, -0.0000000000000000000, -1.000000000000000000 ) ) ;
#946 = ORIENTED_EDGE ( 'NONE', *, *, #1417724, .T. ) ;
#947 = ORIENTED_EDGE ( 'NONE', *, *, #60323, .T. ) ;
#948 = ORIENTED_EDGE ( 'NONE', *, *, #1281716, .T. ) ;
#949 = DIRECTION ( 'NONE',  ( -2.312964634635749000E-015, -5.782411586589371400E-016, -1.000000000000000000 ) ) ;
#950 = CARTESIAN_POINT ( 'NONE',  ( 130.9599275764637100, 37.81011959859662900, 101.6337523417778500 ) ) ;
#951 = CARTESIAN_POINT ( 'NONE',  ( -32.39970725331818400, 6.280292034802175600, -2.999999999999996900 ) ) ;
#952 = CARTESIAN_POINT ( 'NONE',  ( 113.5869164197165700, 52.47634420829519500, -90.00000000000002800 ) ) ;
#953 = DIRECTION ( 'NONE',  ( 0.0000000000000000000, 0.0000000000000000000, 1.000000000000000000 ) ) ;
#954 = ( NAMED_UNIT ( * ) PLANE_ANGLE_UNIT ( ) SI_UNIT ( $, .RADIAN. ) );
#955 = CARTESIAN_POINT ( 'NONE',  ( -37.06670012352427100, 74.94308413453744300, 172.3685807064418000 ) ) ;
#956 = ORIENTED_EDGE ( 'NONE', *, *, #1217080, .F. ) ;
#957 = CARTESIAN_POINT ( 'NONE',  ( 35.48521078869400500, -31.37123920941228800, -24.81659253654169500 ) ) ;
#958 = LINE ( 'NONE', #75223, #984 ) ;
#959 = ORIENTED_EDGE ( 'NONE', *, *, #1016491, .F. ) ;
#960 = EDGE_LOOP ( 'NONE', ( #1300254, #1300262, #1300273, #1300283, #1300294, #1300305, #1300315, #1300325, #1300336, #1300347 ) ) ;
#961 = ADVANCED_FACE ( 'NONE', ( #679810 ), #625568, .F. ) ;
#962 = CARTESIAN_POINT ( 'NONE',  ( -724.9847079789701600, 15.00754154601838200, -5.693755415948607500 ) ) ;
#963 = CARTESIAN_POINT ( 'NONE',  ( -157.1419939985864600, 93.17833736920570700, 153.3136827727540800 ) ) ;
#964 = VERTEX_POINT ( 'NONE', #1101054 ) ;
#965 = CARTESIAN_POINT ( 'NONE',  ( -28.99385747433118600, 6.300101184071545300, 0.0000000000000000000 ) ) ;
#966 = CARTESIAN_POINT ( 'NONE',  ( -328.5000000000000600, 11.99999999999997300, 97.00000000000024200 ) ) ;
#967 = ( NAMED_UNIT ( * ) SI_UNIT ( $, .STERADIAN. ) SOLID_ANGLE_UNIT ( ) );
#968 = CARTESIAN_POINT ( 'NONE',  ( -38.79054303158564900, 74.39550574608345800, 172.4321531285713400 ) ) ;
#969 = CARTESIAN_POINT ( 'NONE',  ( 35.50000000000000700, -31.28784906393652300, -24.92128610149016400 ) ) ;
#970 = ORIENTED_EDGE ( 'NONE', *, *, #805547, .T. ) ;
#971 = CARTESIAN_POINT ( 'NONE',  ( 52.94985404166951100, 15.58648928129002800, 23.99999999999998600 ) ) ;
#972 = CARTESIAN_POINT ( 'NONE',  ( -131.2869074340410400, 92.70761918168238900, 149.0891683458061700 ) ) ;
#973 = LINE ( 'NONE', #75311, #1051 ) ;
#974 = ORIENTED_EDGE ( 'NONE', *, *, #1417742, .F. ) ;
#975 = VERTEX_POINT ( 'NONE', #1101254 ) ;
#976 = CARTESIAN_POINT ( 'NONE',  ( -28.99718283856275700, 6.303372278474931500, -0.5843309948633111900 ) ) ;
#977 = VERTEX_POINT ( 'NONE', #1101067 ) ;
#978 = DIRECTION ( 'NONE',  ( -1.000000000000000000, 0.0000000000000000000, 0.0000000000000000000 ) ) ;
#979 = CARTESIAN_POINT ( 'NONE',  ( -42.21847925090848000, 73.23596123269990700, 172.5585696409744100 ) ) ;
#980 = ADVANCED_FACE ( 'NONE', ( #679742 ), #679864, .F. ) ;
#981 = VERTEX_POINT ( 'NONE', #1101286 ) ;
#982 = CARTESIAN_POINT ( 'NONE',  ( -724.8262120522553000, 28.05518051533944400, 19.19375541594860500 ) ) ;
#983 = CARTESIAN_POINT ( 'NONE',  ( -105.4327865382930400, 92.23738741184783400, 144.8644737533049100 ) ) ;
#984 = VECTOR ( 'NONE', #75276, 1000.000000000000000 ) ;
#985 = CARTESIAN_POINT ( 'NONE',  ( -29.19484961471445700, 6.265813942334945700, -1.145319648212628200 ) ) ;
#986 = ORIENTED_EDGE ( 'NONE', *, *, #66315, .T. ) ;
#987 = ORIENTED_EDGE ( 'NONE', *, *, #815804, .T. ) ;
#988 = DIRECTION ( 'NONE',  ( 0.0000000000000000000, 0.0000000000000000000, 1.000000000000000000 ) ) ;
#989 = CARTESIAN_POINT ( 'NONE',  ( -703.0000000000000000, 21.92319999999998400, -114.3257359302803000 ) ) ;
#990 = CARTESIAN_POINT ( 'NONE',  ( -43.92224215887805600, 72.62291792526870900, 172.6214015465310800 ) ) ;
#991 = VERTEX_POINT ( 'NONE', #1101310 ) ;
#992 = CARTESIAN_POINT ( 'NONE',  ( 109.2733315698848900, 51.21238317761628200, -90.00000000000002800 ) ) ;
#993 = ADVANCED_FACE ( 'NONE', ( #679850 ), #679895, .F. ) ;
#994 = CARTESIAN_POINT ( 'NONE',  ( -79.57980387344942100, 91.76862153747745800, 140.6404150138888300 ) ) ;
#995 = VERTEX_POINT ( 'NONE', #1101333 ) ;
#996 = CARTESIAN_POINT ( 'NONE',  ( -29.59621547499428500, 6.180644859068005200, -1.722622926836358000 ) ) ;
#997 = VECTOR ( 'NONE', #77507, 1000.000000000000000 ) ;
#998 = DIRECTION ( 'NONE',  ( 0.0000000000000000000, -0.7071067817119610600, -0.7071067806611340800 ) ) ;
#999 = CARTESIAN_POINT ( 'NONE',  ( -45.61576821356076300, 71.97650037640603700, 172.6838559341856300 ) ) ;
#1000 = ORIENTED_EDGE ( 'NONE', *, *, #1417761, .T. ) ;
#1001 = EDGE_LOOP ( 'NONE', ( #1300431, #1300443, #1300453, #1300463, #1300474, #1300486, #1300499 ) ) ;
#1002 = VERTEX_POINT ( 'NONE', #1101353 ) ;
#1003 = PLANE ( 'NONE',  #1828059 ) ;
#1004 = CARTESIAN_POINT ( 'NONE',  ( -434.9999999999998900, 10.13938527383465500, -171.7686361897626200 ) ) ;
#1005 = CARTESIAN_POINT ( 'NONE',  ( -53.72682120860577700, 91.29985566310708100, 136.4163562744727500 ) ) ;
#1006 = CARTESIAN_POINT ( 'NONE',  ( -29.85415726309745900, 6.125354749747132600, -2.039248751932694900 ) ) ;
#1007 = ORIENTED_EDGE ( 'NONE', *, *, #222911, .T. ) ;
#1008 = DIRECTION ( 'NONE',  ( 0.0000000000000000000, 0.7071067806611340800, -0.7071067817119610600 ) ) ;
#1009 = ADVANCED_FACE ( 'NONE', ( #679837 ), #679793, .F. ) ;
#1010 = LINE ( 'NONE', #75376, #1022 ) ;
#1011 = ORIENTED_EDGE ( 'NONE', *, *, #66240, .T. ) ;
#1012 = ORIENTED_EDGE ( 'NONE', *, *, #548229, .T. ) ;
#1013 = CARTESIAN_POINT ( 'NONE',  ( 37.48077513454230600, 53.01346652052692600, -100.6012495215488700 ) ) ;
#1014 = CARTESIAN_POINT ( 'NONE',  ( -12.00000000000001800, 47.39570622000000100, 4.000000000000000000 ) ) ;
#1015 = ORIENTED_EDGE ( 'NONE', *, *, #1281741, .F. ) ;
#1016 = CARTESIAN_POINT ( 'NONE',  ( -435.0000000000000000, 12.50000000000001400, -172.2039580810572700 ) ) ;
#1017 = CARTESIAN_POINT ( 'NONE',  ( -27.87516336281278100, 90.83189747458702400, 132.1928710711771900 ) ) ;
#1018 = CARTESIAN_POINT ( 'NONE',  ( -30.77716247660227100, 5.917948317856581000, -2.738663403817222600 ) ) ;
#1019 = FILL_AREA_STYLE_COLOUR ( '', #19336 ) ;
#1020 = CARTESIAN_POINT ( 'NONE',  ( 142.5970764495928300, -9.248258453981613100, 65.75771644662755500 ) ) ;
#1021 = ORIENTED_EDGE ( 'NONE', *, *, #1819691, .F. ) ;
#1022 = VECTOR ( 'NONE', #75436, 1000.000000000000000 ) ;
#1023 = CARTESIAN_POINT ( 'NONE',  ( 106.7389754514585300, 53.61223030620887900, 24.22963943518740500 ) ) ;
#1024 = ORIENTED_EDGE ( 'NONE', *, *, #1417774, .T. ) ;
#1025 = ORIENTED_EDGE ( 'NONE', *, *, #60254, .T. ) ;
#1026 = VERTEX_POINT ( 'NONE', #1101396 ) ;
#1027 = ADVANCED_FACE ( 'NONE', ( #679882 ), #625593, .F. ) ;
#1028 = CARTESIAN_POINT ( 'NONE',  ( -2.025098757461957400, 90.35397879097008900, 127.9698962364387600 ) ) ;
#1029 = CARTESIAN_POINT ( 'NONE',  ( -31.77586371945038100, 5.704261459397975500, -3.000000000000004900 ) ) ;
#1030 = CARTESIAN_POINT ( 'NONE',  ( 67.33169249242399700, 15.91137816919568900, -146.5890795278848500 ) ) ;
#1031 = DIRECTION ( 'NONE',  ( 1.000000000000000000, 0.0000000000000000000, 0.0000000000000000000 ) ) ;
#1032 = CARTESIAN_POINT ( 'NONE',  ( 43.11831547632394300, 73.12485387838074800, 168.2673393684523000 ) ) ;
#1033 = VERTEX_POINT ( 'NONE', #1101361 ) ;
#1034 = CARTESIAN_POINT ( 'NONE',  ( -717.2592128001906500, 19.99938051533945000, 88.80624458405139900 ) ) ;
#1035 = DIRECTION ( 'NONE',  ( 1.000000000000000000, -3.222310704651613600E-016, 0.0000000000000000000 ) ) ;
#1036 = LINE ( 'NONE', #76461, #1105 ) ;
#1037 = ORIENTED_EDGE ( 'NONE', *, *, #1010227, .T. ) ;
#1038 = VERTEX_POINT ( 'NONE', #1101925 ) ;
#1039 = CARTESIAN_POINT ( 'NONE',  ( -435.0000000000000000, 7.789645663722784400, -171.2724755556153900 ) ) ;
#1040 = CARTESIAN_POINT ( 'NONE',  ( -1.217284238544745100, 90.33904383210705200, 127.8379282728531800 ) ) ;
#1041 = VERTEX_POINT ( 'NONE', #1101934 ) ;
#1042 = CARTESIAN_POINT ( 'NONE',  ( -32.53363125854366400, 5.545440332840945200, -3.000000000000004900 ) ) ;
#1043 = CARTESIAN_POINT ( 'NONE',  ( 128.9999999999999700, -16.70405845398160900, -60.24228355337246700 ) ) ;
#1044 = CARTESIAN_POINT ( 'NONE',  ( 21.79958401157077200, 78.72068231860681900, 169.9202900067186900 ) ) ;
#1045 = ADVANCED_FACE ( 'NONE', ( #679936 ), #625615, .F. ) ;
#1046 = CARTESIAN_POINT ( 'NONE',  ( 106.1358128700091900, 54.13365276520652000, 24.75106189418504200 ) ) ;
#1047 = DIRECTION ( 'NONE',  ( 3.222310704651613600E-016, 1.000000000000000000, 0.0000000000000000000 ) ) ;
#1048 = VERTEX_POINT ( 'NONE', #1101916 ) ;
#1049 = CARTESIAN_POINT ( 'NONE',  ( -435.0000000000000000, 3.122763639479615400, -170.1618230490553600 ) ) ;
#1050 = CARTESIAN_POINT ( 'NONE',  ( -0.4093468174220313800, 90.32439280852440800, 127.7059767931771600 ) ) ;
#1051 = VECTOR ( 'NONE', #75909, 1000.000000000000000 ) ;
#1052 = ORIENTED_EDGE ( 'NONE', *, *, #1417793, .F. ) ;
#1053 = EDGE_LOOP ( 'NONE', ( #1300840, #1300850, #1300863, #1300876 ) ) ;
#1054 = CARTESIAN_POINT ( 'NONE',  ( -28.90921134679265200, 5.969333900686021500, 0.0000000000000000000 ) ) ;
#1055 = ORIENTED_EDGE ( 'NONE', *, *, #1281767, .T. ) ;
#1056 = CARTESIAN_POINT ( 'NONE',  ( 299.0000000000000000, 49.49999999999999300, -4.000000000000000000 ) ) ;
#1057 = DIRECTION ( 'NONE',  ( -0.0000000000000000000, -0.0000000000000000000, 1.000000000000000000 ) ) ;
#1058 = CARTESIAN_POINT ( 'NONE',  ( 14.85230105190616200, 79.65725942081071800, 170.3220855236765800 ) ) ;
#1059 = CARTESIAN_POINT ( 'NONE',  ( 107.3293231111590000, 53.07634214521453200, 23.69375127419304400 ) ) ;
#1060 = CARTESIAN_POINT ( 'NONE',  ( -16.99999999999999600, -5.999999999999998200, 4.000000000000000000 ) ) ;
#1061 = ORIENTED_EDGE ( 'NONE', *, *, #778647, .T. ) ;
#1062 = ADVANCED_FACE ( 'NONE', ( #679971 ), #625636, .F. ) ;
#1063 = CARTESIAN_POINT ( 'NONE',  ( -435.0000000000000600, 0.8040117694089575800, -169.5469009146008300 ) ) ;
#1064 = CARTESIAN_POINT ( 'NONE',  ( 0.3968503627474939700, 90.30869672516021800, 127.5739699783986800 ) ) ;
#1065 = LINE ( 'NONE', #76888, #1186 ) ;
#1066 = CARTESIAN_POINT ( 'NONE',  ( -28.90889465191003200, 5.992679509323789200, -0.6242668038885793600 ) ) ;
#1067 = ORIENTED_EDGE ( 'NONE', *, *, #1010038, .T. ) ;
#1068 = ORIENTED_EDGE ( 'NONE', *, *, #815796, .T. ) ;
#1069 = DIRECTION ( 'NONE',  ( 0.0000000000000000000, 0.0000000000000000000, -1.000000000000000000 ) ) ;
#1070 = CARTESIAN_POINT ( 'NONE',  ( 12.52594851885263300, 79.90708631312598700, 170.4468128773794400 ) ) ;
#1071 = VERTEX_POINT ( 'NONE', #1102262 ) ;
#1072 = DIRECTION ( 'NONE',  ( -1.000000000000000000, 0.0000000000000000000, 0.0000000000000000000 ) ) ;
#1073 = CARTESIAN_POINT ( 'NONE',  ( -435.0000000000000000, -1.499999999999994900, -168.8721761528388800 ) ) ;
#1074 = CARTESIAN_POINT ( 'NONE',  ( 1.203047542917019300, 90.29300064179602700, 127.4419631636201900 ) ) ;
#1075 = ORIENTED_EDGE ( 'NONE', *, *, #1217139, .F. ) ;
#1076 = CARTESIAN_POINT ( 'NONE',  ( -29.11060159751388100, 5.943651257551177700, -1.214821552641824000 ) ) ;
#1077 = VECTOR ( 'NONE', #76403, 1000.000000000000000 ) ;
#1078 = DIRECTION ( 'NONE',  ( -1.000000000000000000, 0.0000000000000000000, 0.0000000000000000000 ) ) ;
#1079 = PLANE ( 'NONE',  #1813610 ) ;
#1080 = CARTESIAN_POINT ( 'NONE',  ( 7.851721333317488700, 80.28005379524407200, 170.6774576107545700 ) ) ;
#1081 = ORIENTED_EDGE ( 'NONE', *, *, #1254595, .F. ) ;
#1082 = VERTEX_POINT ( 'NONE', #1102083 ) ;
#1083 = ADVANCED_FACE ( 'NONE', ( #679912 ), #625663, .F. ) ;
#1084 = VERTEX_POINT ( 'NONE', #1102066 ) ;
#1085 = CARTESIAN_POINT ( 'NONE',  ( 105.5201897371116600, 54.64030317589345000, 25.25771230487196200 ) ) ;
#1086 = DIRECTION ( 'NONE',  ( -0.0000000000000000000, -0.0000000000000000000, -1.000000000000000000 ) ) ;
#1087 = CARTESIAN_POINT ( 'NONE',  ( -720.9846500538077400, 15.00754154601838200, -5.693755415948607500 ) ) ;
#1088 = CARTESIAN_POINT ( 'NONE',  ( 2.007472976059966100, 90.27595226090096500, 127.3098834111647500 ) ) ;
#1089 = CARTESIAN_POINT ( 'NONE',  ( -29.54396006435644000, 5.814830319652684500, -1.809638234287654700 ) ) ;
#1090 = ORIENTED_EDGE ( 'NONE', *, *, #385274, .T. ) ;
#1091 = FILL_AREA_STYLE ('',( #1229 ) ) ;
#1092 = CARTESIAN_POINT ( 'NONE',  ( 5.511612030265295600, 80.40251867654809800, 170.7828963889460900 ) ) ;
#1093 = LINE ( 'NONE', #76672, #1134 ) ;
#1094 = ORIENTED_EDGE ( 'NONE', *, *, #911721, .T. ) ;
#1095 = ORIENTED_EDGE ( 'NONE', *, *, #548243, .T. ) ;
#1096 = VERTEX_POINT ( 'NONE', #1102430 ) ;
#1097 = ADVANCED_FACE ( 'NONE', ( #680013 ), #625684, .F. ) ;
#1098 = DIRECTION ( 'NONE',  ( -2.638336578492548300E-017, 9.024523278972836700E-017, -1.000000000000000000 ) ) ;
#1099 = CARTESIAN_POINT ( 'NONE',  ( 2.811652135246741400, 90.25592578509136400, 127.1776447667116200 ) ) ;
#1100 = CARTESIAN_POINT ( 'NONE',  ( -29.82344486098504900, 5.729498979229096500, -2.132504119854243400 ) ) ;
#1101 = CARTESIAN_POINT ( 'NONE',  ( 67.24675300017257500, 15.61861472640995700, -146.9906809852420500 ) ) ;
#1102 = FILL_AREA_STYLE ('',( #1019 ) ) ;
#1103 = CARTESIAN_POINT ( 'NONE',  ( 0.8312318804152377700, 80.51868806988224500, 170.9723367470081700 ) ) ;
#1104 = VERTEX_POINT ( 'NONE', #1102454 ) ;
#1105 = VECTOR ( 'NONE', #76626, 1000.000000000000000 ) ;
#1106 = ORIENTED_EDGE ( 'NONE', *, *, #1417811, .T. ) ;
#1107 = ORIENTED_EDGE ( 'NONE', *, *, #61081, .T. ) ;
#1108 = VERTEX_POINT ( 'NONE', #1102695 ) ;
#1109 = DIRECTION ( 'NONE',  ( 0.0000000000000000000, 0.0000000000000000000, 1.000000000000000000 ) ) ;
#1110 = CARTESIAN_POINT ( 'NONE',  ( 4.420010453620292000, 90.21587283347217600, 126.9131674778053700 ) ) ;
#1111 = CARTESIAN_POINT ( 'NONE',  ( -30.84235239542911700, 5.398320857785942700, -2.792162186118068800 ) ) ;
#1112 = CARTESIAN_POINT ( 'NONE',  ( 18.31858428704215300, -11.49999999999988500, 0.0000000000000000000 ) ) ;
#1113 = SURFACE_SIDE_STYLE ('',( #19346 ) ) ;
#1114 = CARTESIAN_POINT ( 'NONE',  ( -1.510011773376408500, 80.51238072703525000, 171.0559349092413000 ) ) ;
#1115 = ADVANCED_FACE ( 'NONE', ( #680051 ), #625713, .F. ) ;
#1116 = ORIENTED_EDGE ( 'NONE', *, *, #390277, .T. ) ;
#1117 = CARTESIAN_POINT ( 'NONE',  ( 0.5000000000000000000, 0.0000000000000000000, 0.0000000000000000000 ) ) ;
#1118 = LINE ( 'NONE', #76873, #1158 ) ;
#1119 = ORIENTED_EDGE ( 'NONE', *, *, #911555, .T. ) ;
#1120 = EDGE_LOOP ( 'NONE', ( #1300582, #1300595, #1300607, #1300615, #1300627, #1300641, #1300652, #1300663, #1300673, #1300685, #1300695 ) ) ;
#1121 = CARTESIAN_POINT ( 'NONE',  ( -720.8255536560157000, 28.05518051533944400, 19.19375541594860500 ) ) ;
#1122 = CARTESIAN_POINT ( 'NONE',  ( 6.027839886084132500, 90.16510934363537900, 126.6481225569974200 ) ) ;
#1123 = ORIENTED_EDGE ( 'NONE', *, *, #1281795, .T. ) ;
#1124 = CARTESIAN_POINT ( 'NONE',  ( -31.88503877268322700, 5.051726804353303500, -2.999999999999997800 ) ) ;
#1125 = DIRECTION ( 'NONE',  ( -1.000000000000000000, -0.0000000000000000000, -0.0000000000000000000 ) ) ;
#1126 = SURFACE_STYLE_USAGE ( .BOTH. , #1113 ) ;
#1127 = CARTESIAN_POINT ( 'NONE',  ( -6.193479063896153200, 80.37006842623966900, 171.2290913235805500 ) ) ;
#1128 = CARTESIAN_POINT ( 'NONE',  ( -721.3263241283099200, 19.36739999999998200, 88.17424200735406700 ) ) ;
#1129 = DIRECTION ( 'NONE',  ( -1.000000000000000000, -0.0000000000000000000, -0.0000000000000000000 ) ) ;
#1130 = VERTEX_POINT ( 'NONE', #1102437 ) ;
#1131 = ADVANCED_FACE ( 'NONE', ( #680025 ), #625737, .F. ) ;
#1132 = DIRECTION ( 'NONE',  ( 0.2806060880457101900, -0.9598230166815563400, -0.0000000000000000000 ) ) ;
#1133 = CARTESIAN_POINT ( 'NONE',  ( 7.635067273530356900, 90.10404483718203000, 126.3825589455421000 ) ) ;
#1134 = VECTOR ( 'NONE', #76860, 1000.000000000000000 ) ;
#1135 = ORIENTED_EDGE ( 'NONE', *, *, #1256508, .F. ) ;
#1136 = VERTEX_POINT ( 'NONE', #1103008 ) ;
#1137 = CARTESIAN_POINT ( 'NONE',  ( -32.65288819680954900, 4.794333339715557900, -2.999999999999996900 ) ) ;
#1138 = VERTEX_POINT ( 'NONE', #1103019 ) ;
#1139 = ( LENGTH_UNIT ( ) NAMED_UNIT ( * ) SI_UNIT ( .MILLI., .METRE. ) );
#1140 = CARTESIAN_POINT ( 'NONE',  ( -8.538077356453252200, 80.23382768132249500, 171.3157414027973600 ) ) ;
#1141 = CARTESIAN_POINT ( 'NONE',  ( -5.204753185761063600, -26.59363535977179500, 18.91989594274575400 ) ) ;
#1142 = DIRECTION ( 'NONE',  ( 0.0000000000000000000, 0.0000000000000000000, -1.000000000000000000 ) ) ;
#1143 = ORIENTED_EDGE ( 'NONE', *, *, #789828, .F. ) ;
#1144 = CARTESIAN_POINT ( 'NONE',  ( 10.84952204842281500, 89.98191582427533300, 125.8514317226314500 ) ) ;
#1145 = LINE ( 'NONE', #77021, #1212 ) ;
#1146 = CARTESIAN_POINT ( 'NONE',  ( -28.83397750055660700, 5.761143802750057200, 0.0000000000000000000 ) ) ;
#1147 = ORIENTED_EDGE ( 'NONE', *, *, #1646782, .T. ) ;
#1148 = ORIENTED_EDGE ( 'NONE', *, *, #815815, .T. ) ;
#1149 = ( NAMED_UNIT ( * ) PLANE_ANGLE_UNIT ( ) SI_UNIT ( $, .RADIAN. ) );
#1150 = CARTESIAN_POINT ( 'NONE',  ( -15.54038536534530700, 79.63128303496449700, 171.5744385222500300 ) ) ;
#1151 = VERTEX_POINT ( 'NONE', #1102863 ) ;
#1152 = ADVANCED_FACE ( 'NONE', ( #680089 ), #625762, .F. ) ;
#1153 = DIRECTION ( 'NONE',  ( 0.0000000000000000000, 0.0000000000000000000, 1.000000000000000000 ) ) ;
#1154 = CARTESIAN_POINT ( 'NONE',  ( -435.0000000000000000, 12.50000000000001100, -187.8642516809547700 ) ) ;
#1155 = CARTESIAN_POINT ( 'NONE',  ( 14.06165478247024600, 89.81902034555300000, 125.3182593879048900 ) ) ;
#1156 = VERTEX_POINT ( 'NONE', #1102999 ) ;
#1157 = CARTESIAN_POINT ( 'NONE',  ( -28.83309414467852200, 5.776030982923523500, -0.6375787402303361200 ) ) ;
#1158 = VECTOR ( 'NONE', #76930, 1000.000000000000200 ) ;
#1159 = CARTESIAN_POINT ( 'NONE',  ( -328.5000000000000600, 12.00000000000000000, 8.643741738538282400E-014 ) ) ;
#1160 = ( NAMED_UNIT ( * ) SI_UNIT ( $, .STERADIAN. ) SOLID_ANGLE_UNIT ( ) );
#1161 = CARTESIAN_POINT ( 'NONE',  ( -20.17548226567063800, 78.97159942287615300, 171.7455610423153600 ) ) ;
#1162 = ORIENTED_EDGE ( 'NONE', *, *, #1417828, .T. ) ;
#1163 = VERTEX_POINT ( 'NONE', #1103252 ) ;
#1164 = VERTEX_POINT ( 'NONE', #1103263 ) ;
#1165 = CARTESIAN_POINT ( 'NONE',  ( 107.3293231111590000, 53.07634214521453200, -90.00000000000002800 ) ) ;
#1166 = CARTESIAN_POINT ( 'NONE',  ( -17.00000000000000000, -13.99999999999999800, 4.000000000000000000 ) ) ;
#1167 = ADVANCED_FACE ( 'NONE', ( #680116 ), #680141, .F. ) ;
#1168 = CARTESIAN_POINT ( 'NONE',  ( 17.27010232136662500, 89.61673827790899300, 124.7832912597027800 ) ) ;
#1169 = CARTESIAN_POINT ( 'NONE',  ( -29.03816524325384700, 5.706472650626879300, -1.237988854118224000 ) ) ;
#1170 = ORIENTED_EDGE ( 'NONE', *, *, #778334, .T. ) ;
#1171 = DIRECTION ( 'NONE',  ( -1.000000000000000000, 0.0000000000000000000, 0.0000000000000000000 ) ) ;
#1172 = CARTESIAN_POINT ( 'NONE',  ( -24.77688726743067000, 78.04939238245988500, 171.9153531141093400 ) ) ;
#1173 = LINE ( 'NONE', #77085, #1239 ) ;
#1174 = ORIENTED_EDGE ( 'NONE', *, *, #1646740, .T. ) ;
#1175 = EDGE_LOOP ( 'NONE', ( #1300706, #1300716, #1300727, #1300740, #1300752, #1300761 ) ) ;
#1176 = CARTESIAN_POINT ( 'NONE',  ( 105.5201897371116100, 54.64030317589345700, 19.74227941161688800 ) ) ;
#1177 = CARTESIAN_POINT ( 'NONE',  ( -30.65589909058643400, -21.97634382421506100, 12.00000000000000000 ) ) ;
#1178 = VERTEX_POINT ( 'NONE', #1103319 ) ;
#1179 = CARTESIAN_POINT ( 'NONE',  ( 23.68699739915938100, 89.21217414262096700, 123.7133550032985300 ) ) ;
#1180 = CARTESIAN_POINT ( 'NONE',  ( -29.48726581692284700, 5.540371815187858000, -1.838643336771422100 ) ) ;
#1181 = DIRECTION ( 'NONE',  ( 0.0000000000000000000, 0.0000000000000000000, 1.000000000000000000 ) ) ;
#1182 = CARTESIAN_POINT ( 'NONE',  ( -703.0000000000000000, 21.92324412202318800, -114.3257359312880700 ) ) ;
#1183 = CARTESIAN_POINT ( 'NONE',  ( 50.93491461421161400, 67.99999999999998600, 129.7012628563055000 ) ) ;
#1184 = VERTEX_POINT ( 'NONE', #1103330 ) ;
#1185 = ADVANCED_FACE ( 'NONE', ( #680129 ), #625787, .F. ) ;
#1186 = VECTOR ( 'NONE', #77007, 1000.000000000000000 ) ;
#1187 = DIRECTION ( 'NONE',  ( 0.0000000000000000000, 0.0000000000000000000, -1.000000000000000000 ) ) ;
#1188 = ORIENTED_EDGE ( 'NONE', *, *, #1417848, .F. ) ;
#1189 = ORIENTED_EDGE ( 'NONE', *, *, #548255, .T. ) ;
#1190 = ORIENTED_EDGE ( 'NONE', *, *, #1281824, .F. ) ;
#1191 = CARTESIAN_POINT ( 'NONE',  ( -146109.4625594214900, 500004.2090913207500, 23.99999999999999600 ) ) ;
#1192 = CARTESIAN_POINT ( 'NONE',  ( 30.08972363715801600, 88.64875512789376400, 122.6361626836689900 ) ) ;
#1193 = CARTESIAN_POINT ( 'NONE',  ( -29.77835165293385000, 5.431288865907265300, -2.163589242494761600 ) ) ;
#1194 = DIRECTION ( 'NONE',  ( 0.0000000000000000000, -1.000000000000000000, -0.0000000000000000000 ) ) ;
#1195 = CARTESIAN_POINT ( 'NONE',  ( 41.11476776731408500, 73.81218870739971300, 168.4488351176914900 ) ) ;
#1196 = ORIENTED_EDGE ( 'NONE', *, *, #1216731, .F. ) ;
#1197 = DIRECTION ( 'NONE',  ( -1.000000000000000000, 0.0000000000000000000, 0.0000000000000000000 ) ) ;
#1198 = LINE ( 'NONE', #77248, #1293 ) ;
#1199 = ORIENTED_EDGE ( 'NONE', *, *, #1646696, .T. ) ;
#1200 = ORIENTED_EDGE ( 'NONE', *, *, #1638570, .T. ) ;
#1201 = ADVANCED_FACE ( 'NONE', ( #680181 ), #680214, .F. ) ;
#1202 = DIRECTION ( 'NONE',  ( 0.2806060880457101900, -0.9598230166815563400, -0.0000000000000000000 ) ) ;
#1203 = CARTESIAN_POINT ( 'NONE',  ( 36.47280434975898800, 87.92775641867965000, 121.5529876216478700 ) ) ;
#1204 = VERTEX_POINT ( 'NONE', #1103490 ) ;
#1205 = CARTESIAN_POINT ( 'NONE',  ( -30.84811570777912600, 5.019065945503076200, -2.809995113551688300 ) ) ;
#1206 = CARTESIAN_POINT ( 'NONE',  ( 67.17729242533454200, 15.31179492463308700, -147.3835023729492100 ) ) ;
#1207 = DIRECTION ( 'NONE',  ( 0.0000000000000000000, 0.0000000000000000000, -1.000000000000000000 ) ) ;
#1208 = CARTESIAN_POINT ( 'NONE',  ( 106.7389754514584900, 53.61223030620890700, 20.77035228130144900 ) ) ;
#1209 = ORIENTED_EDGE ( 'NONE', *, *, #383286, .T. ) ;
#1210 = DIRECTION ( 'NONE',  ( 0.0000000000000000000, -1.000000000000000000, 0.0000000000000000000 ) ) ;
#1211 = CARTESIAN_POINT ( 'NONE',  ( 49.23896577496092400, 86.48575900025144800, 119.3866374976056500 ) ) ;
#1212 = VECTOR ( 'NONE', #77073, 1000.000000000000200 ) ;
#1213 = ORIENTED_EDGE ( 'NONE', *, *, #1417867, .F. ) ;
#1214 = VERTEX_POINT ( 'NONE', #1103518 ) ;
#1215 = CARTESIAN_POINT ( 'NONE',  ( -31.92929270696264500, 4.594439836875031000, -3.000000000000000400 ) ) ;
#1216 = VERTEX_POINT ( 'NONE', #1103480 ) ;
#1217 = CARTESIAN_POINT ( 'NONE',  ( 67.10170112429527500, 14.67034513657701900, -148.1566615881407900 ) ) ;
#1218 = FILL_AREA_STYLE_COLOUR ( '', #19627 ) ;
#1219 = CARTESIAN_POINT ( 'NONE',  ( 39.09925167890419600, 74.46096969274532300, 168.6235259447715300 ) ) ;
#1220 = ADVANCED_FACE ( 'NONE', ( #680077 ), #625805, .F. ) ;
#1221 = CARTESIAN_POINT ( 'NONE',  ( 0.4211696427271494600, -20.53039507481117100, -34.33308861512563900 ) ) ;
#1222 = VERTEX_POINT ( 'NONE', #1103508 ) ;
#1223 = CARTESIAN_POINT ( 'NONE',  ( 61.92652596009566000, 84.41342250367890200, 117.1964304720266800 ) ) ;
#1224 = LINE ( 'NONE', #77047, #1265 ) ;
#1225 = CARTESIAN_POINT ( 'NONE',  ( -32.72226826041381300, 4.280452696464083200, -3.000000000000000000 ) ) ;
#1226 = ORIENTED_EDGE ( 'NONE', *, *, #66382, .T. ) ;
#1227 = EDGE_LOOP ( 'NONE', ( #1300981, #1300993, #1301005, #1301016 ) ) ;
#1228 = CARTESIAN_POINT ( 'NONE',  ( 67.09630157711562500, 14.33683899393704000, -148.5345463452049200 ) ) ;
#1229 = FILL_AREA_STYLE_COLOUR ( '', #19505 ) ;
#1230 = CARTESIAN_POINT ( 'NONE',  ( 35.04009923255375000, 75.66725558800537500, 168.9593940267102400 ) ) ;
#1231 = VERTEX_POINT ( 'NONE', #1103728 ) ;
#1232 = CARTESIAN_POINT ( 'NONE',  ( 107.3293231111590000, 53.07634214521453200, 21.30624044229581700 ) ) ;
#1233 = CARTESIAN_POINT ( 'NONE',  ( 0.4647786653492332900, -20.96626432087744600, -34.06872208313472300 ) ) ;
#1234 = ADVANCED_FACE ( 'NONE', ( #680168 ), #625833, .F. ) ;
#1235 = CARTESIAN_POINT ( 'NONE',  ( -435.0000000000000000, 15.50000000000001100, -163.7596196340545900 ) ) ;
#1236 = CARTESIAN_POINT ( 'NONE',  ( 74.49177038568579700, 81.72123493760601300, 114.9912654353902500 ) ) ;
#1237 = ORIENTED_EDGE ( 'NONE', *, *, #395149, .T. ) ;
#1238 = CARTESIAN_POINT ( 'NONE',  ( -28.76823024937244700, 5.602415897252502200, 0.0000000000000000000 ) ) ;
#1239 = VECTOR ( 'NONE', #77145, 1000.000000000000000 ) ;
#1240 = CARTESIAN_POINT ( 'NONE',  ( 67.17449066197156100, 13.65208050167976200, -149.2530370836086000 ) ) ;
#1241 = CARTESIAN_POINT ( 'NONE',  ( 32.99573852378034600, 76.22229663379123100, 169.1206261799510500 ) ) ;
#1242 = ORIENTED_EDGE ( 'NONE', *, *, #1417882, .T. ) ;
#1243 = ORIENTED_EDGE ( 'NONE', *, *, #815828, .F. ) ;
#1244 = VERTEX_POINT ( 'NONE', #1103713 ) ;
#1245 = CARTESIAN_POINT ( 'NONE',  ( -724.9948437359256600, 15.00754154601837200, -3.306244584051392100 ) ) ;
#1246 = CARTESIAN_POINT ( 'NONE',  ( 77.63308149208333500, 81.04818804608778700, 114.4399741762311500 ) ) ;
#1247 = CARTESIAN_POINT ( 'NONE',  ( -28.76874155323627500, 5.593798908017551400, -0.6375787402303361200 ) ) ;
#1248 = ORIENTED_EDGE ( 'NONE', *, *, #913981, .F. ) ;
#1249 = CARTESIAN_POINT ( 'NONE',  ( 67.25744628917367200, 13.29910835460918500, -149.5955488043694300 ) ) ;
#1250 = DIRECTION ( 'NONE',  ( -0.9659258262890705300, -0.2588190451025128000, -0.0000000000000000000 ) ) ;
#1251 = CARTESIAN_POINT ( 'NONE',  ( 30.93641023737702500, 76.72866128429434700, 169.2749976158655200 ) ) ;
#1252 = ADVANCED_FACE ( 'NONE', ( #680230 ), #625853, .F. ) ;
#1253 = LINE ( 'NONE', #77304, #1319 ) ;
#1254 = ORIENTED_EDGE ( 'NONE', *, *, #911948, .T. ) ;
#1255 = VERTEX_POINT ( 'NONE', #1104235 ) ;
#1256 = CARTESIAN_POINT ( 'NONE',  ( 0.5000000000000000000, -21.39877247275304800, -33.79485961887319700 ) ) ;
#1257 = ORIENTED_EDGE ( 'NONE', *, *, #1281855, .T. ) ;
#1258 = CARTESIAN_POINT ( 'NONE',  ( -720.9948242045267100, 15.00754154601837200, -3.306244584051392100 ) ) ;
#1259 = CARTESIAN_POINT ( 'NONE',  ( 80.76674927895288600, 80.33640218250180000, 113.8877418319970200 ) ) ;
#1260 = CARTESIAN_POINT ( 'NONE',  ( -28.97723644250076400, 5.498532418539149100, -1.237988854118224000 ) ) ;
#1261 = CARTESIAN_POINT ( 'NONE',  ( 67.53378316762240300, 12.56631717338467200, -150.2382697934160900 ) ) ;
#1262 = SURFACE_SIDE_STYLE ('',( #19492 ) ) ;
#1263 = CARTESIAN_POINT ( 'NONE',  ( 43.11831522797826500, 73.31140295671708900, 154.6364450595209500 ) ) ;
#1264 = VERTEX_POINT ( 'NONE', #1104256 ) ;
#1265 = VECTOR ( 'NONE', #77232, 1000.000000000000000 ) ;
#1266 = CARTESIAN_POINT ( 'NONE',  ( 0.3705809396794372800, -20.09109710841397200, -34.58826125985923700 ) ) ;
#1267 = ORIENTED_EDGE ( 'NONE', *, *, #1254849, .F. ) ;
#1268 = ORIENTED_EDGE ( 'NONE', *, *, #548289, .T. ) ;
#1269 = VERTEX_POINT ( 'NONE', #1104051 ) ;
#1270 = ADVANCED_FACE ( 'NONE', ( #680198 ), #680318, .F. ) ;
#1271 = CARTESIAN_POINT ( 'NONE',  ( -724.7967339107623300, 29.61914154601837600, 20.75771644662753700 ) ) ;
#1272 = CARTESIAN_POINT ( 'NONE',  ( 83.89209433977208600, 79.58604475415292300, 113.3346966821257400 ) ) ;
#1273 = CARTESIAN_POINT ( 'NONE',  ( -29.43437208633999400, 5.297648980601637800, -1.838643336771422100 ) ) ;
#1274 = CARTESIAN_POINT ( 'NONE',  ( 67.72174419391115000, 12.20132063651721100, -150.5252282985611600 ) ) ;
#1275 = SURFACE_STYLE_USAGE ( .BOTH. , #1262 ) ;
#1276 = CARTESIAN_POINT ( 'NONE',  ( 45.84355895802904300, 72.35635287441552100, 151.9112013294701700 ) ) ;
#1277 = ORIENTED_EDGE ( 'NONE', *, *, #778165, .F. ) ;
#1278 = CARTESIAN_POINT ( 'NONE',  ( 103.5168225113110100, 56.20426420657238300, 21.30624044229581700 ) ) ;
#1279 = LINE ( 'NONE', #77462, #997 ) ;
#1280 = ORIENTED_EDGE ( 'NONE', *, *, #1009916, .T. ) ;
#1281 = ORIENTED_EDGE ( 'NONE', *, *, #1638475, .T. ) ;
#1282 = CARTESIAN_POINT ( 'NONE',  ( -146123.8599046717600, 500000.0000000000600, 24.00000000000000000 ) ) ;
#1283 = CARTESIAN_POINT ( 'NONE',  ( 85.45476687018167200, 79.21086603997849800, 113.0581741071901100 ) ) ;
#1284 = VERTEX_POINT ( 'NONE', #1104274 ) ;
#1285 = CARTESIAN_POINT ( 'NONE',  ( -29.73227232101966100, 5.167604749808356600, -2.163589242494761600 ) ) ;
#1286 = CARTESIAN_POINT ( 'NONE',  ( 68.07841660522649400, 11.65976864204581900, -150.9023531989277000 ) ) ;
#1287 = ( LENGTH_UNIT ( ) NAMED_UNIT ( * ) SI_UNIT ( .MILLI., .METRE. ) );
#1288 = ADVANCED_FACE ( 'NONE', ( #680307 ), #625881, .F. ) ;
#1289 = CARTESIAN_POINT ( 'NONE',  ( 38.56012303262237100, 53.01346652052692600, -99.73233749210624000 ) ) ;
#1290 = VERTEX_POINT ( 'NONE', #1104310 ) ;
#1291 = DIRECTION ( 'NONE',  ( 0.0000000000000000000, 0.0000000000000000000, 1.000000000000000000 ) ) ;
#1292 = CARTESIAN_POINT ( 'NONE',  ( 87.01612904228825600, 78.82719783531149500, 112.7815427006698500 ) ) ;
#1293 = VECTOR ( 'NONE', #77290, 1000.000000000000000 ) ;
#1294 = ORIENTED_EDGE ( 'NONE', *, *, #1417898, .T. ) ;
#1295 = EDGE_LOOP ( 'NONE', ( #1301028, #1301039, #1301049, #1301060 ) ) ;
#1296 = CARTESIAN_POINT ( 'NONE',  ( -30.83062061299532200, 4.694775496183815700, -2.809995113551688300 ) ) ;
#1297 = VERTEX_POINT ( 'NONE', #1104804 ) ;
#1298 = CARTESIAN_POINT ( 'NONE',  ( 68.21004175446324800, 11.47990244018705600, -151.0194176340659500 ) ) ;
#1299 = ( NAMED_UNIT ( * ) PLANE_ANGLE_UNIT ( ) SI_UNIT ( $, .RADIAN. ) );
#1300 = CARTESIAN_POINT ( 'NONE',  ( 48.53390067748885200, 71.27337933868112400, 149.2208596100103400 ) ) ;
#1301 = CARTESIAN_POINT ( 'NONE',  ( 103.5168225113110100, 56.20426420657239000, -90.00000000000002800 ) ) ;
#1302 = DIRECTION ( 'NONE',  ( -0.0000000000000000000, -0.0000000000000000000, -1.000000000000000000 ) ) ;
#1303 = ORIENTED_EDGE ( 'NONE', *, *, #1448197, .T. ) ;
#1304 = ADVANCED_FACE ( 'NONE', ( #680342 ), #625907, .F. ) ;
#1305 = CARTESIAN_POINT ( 'NONE',  ( 88.56994594620060500, 78.43051761736691700, 112.5042962241358700 ) ) ;
#1306 = VECTOR ( 'NONE', #77992, 1000.000000000000000 ) ;
#1307 = CARTESIAN_POINT ( 'NONE',  ( -31.94743711189024900, 4.218739358656361700, -3.000000000000000400 ) ) ;
#1308 = ORIENTED_EDGE ( 'NONE', *, *, #1009739, .T. ) ;
#1309 = VERTEX_POINT ( 'NONE', #1104940 ) ;
#1310 = CARTESIAN_POINT ( 'NONE',  ( 68.49877371889161300, 11.12320106878762300, -151.2352345614014300 ) ) ;
#1311 = ( NAMED_UNIT ( * ) SI_UNIT ( $, .STERADIAN. ) SOLID_ANGLE_UNIT ( ) );
#1312 = CARTESIAN_POINT ( 'NONE',  ( 51.17229300711672800, 70.00000000000000000, 146.5824672803824500 ) ) ;
#1313 = VERTEX_POINT ( 'NONE', #1104950 ) ;
#1314 = CARTESIAN_POINT ( 'NONE',  ( 104.1979690892406900, 55.70020655476701400, 20.80218279049043100 ) ) ;
#1315 = DIRECTION ( 'NONE',  ( -1.000000000000000000, 0.0000000000000000000, 0.0000000000000000000 ) ) ;
#1316 = CARTESIAN_POINT ( 'NONE',  ( 88.95840017217868500, 78.33134756288076500, 112.4349846050023800 ) ) ;
#1317 = ORIENTED_EDGE ( 'NONE', *, *, #385074, .F. ) ;
#1318 = CARTESIAN_POINT ( 'NONE',  ( -32.77282502448171200, 3.868474606674758800, -3.000000000000000000 ) ) ;
#1319 = VECTOR ( 'NONE', #77363, 1000.000000000000000 ) ;
#1320 = CARTESIAN_POINT ( 'NONE',  ( 68.65448032344498600, 10.94823548450680800, -151.3328012301423100 ) ) ;
#1321 = CARTESIAN_POINT ( 'NONE',  ( 50.69047489666424200, 69.99999999999998600, 143.6206845737604600 ) ) ;
#1322 = ORIENTED_EDGE ( 'NONE', *, *, #922537, .F. ) ;
#1323 = ORIENTED_EDGE ( 'NONE', *, *, #815839, .T. ) ;
#1324 = ADVANCED_FACE ( 'NONE', ( #680366 ), #680391, .F. ) ;
#1325 = ORIENTED_EDGE ( 'NONE', *, *, #1281880, .T. ) ;
#1326 = CARTESIAN_POINT ( 'NONE',  ( 0.5000000000000000000, -18.50000000000000400, -35.46477125261066700 ) ) ;
#1327 = CARTESIAN_POINT ( 'NONE',  ( -435.0000000000000000, 15.50000000000001100, -187.8642516809547700 ) ) ;
#1328 = CARTESIAN_POINT ( 'NONE',  ( 89.34566210067509900, 78.23184115215458700, 112.3656187581778700 ) ) ;
#1329 = CARTESIAN_POINT ( 'NONE',  ( -28.71829703639524200, 5.490716481542822400, 0.0000000000000000000 ) ) ;
#1330 = VERTEX_POINT ( 'NONE', #1104984 ) ;
#1331 = CARTESIAN_POINT ( 'NONE',  ( 69.14665427690266600, 10.44167101568104000, -151.5924327967577500 ) ) ;
#1332 = DIRECTION ( 'NONE',  ( 0.2588190451025121900, -0.9659258262890706400, 0.0000000000000000000 ) ) ;
#1333 = CARTESIAN_POINT ( 'NONE',  ( 51.17229300711672800, 70.00000000000000000, 146.5824672803824500 ) ) ;
#1334 = LINE ( 'NONE', #77409, #1399 ) ;
#1335 = ORIENTED_EDGE ( 'NONE', *, *, #1009561, .T. ) ;
#1336 = EDGE_LOOP ( 'NONE', ( #1300890, #1300899, #1300911, #1300924 ) ) ;
#1337 = CARTESIAN_POINT ( 'NONE',  ( 104.8659059139297100, 55.17877086823103400, 20.28074710395444700 ) ) ;
#1338 = CARTESIAN_POINT ( 'NONE',  ( 14.25557285278104100, 0.0000000000000000000, 12.00000000000000000 ) ) ;
#1339 = VERTEX_POINT ( 'NONE', #1104999 ) ;
#1340 = ADVANCED_FACE ( 'NONE', ( #680329 ), #625930, .F. ) ;
#1341 = DIRECTION ( 'NONE',  ( 2.312964634635749000E-015, 5.782411586589376400E-016, 1.000000000000000000 ) ) ;
#1342 = CARTESIAN_POINT ( 'NONE',  ( 89.72784146477236800, 78.13074098860919000, 112.2959629045465400 ) ) ;
#1343 = CARTESIAN_POINT ( 'NONE',  ( -28.72032214117253400, 5.478724494127226000, -0.6507875844377207800 ) ) ;
#1344 = CARTESIAN_POINT ( 'NONE',  ( 69.51022737852166200, 10.12526261657231400, -151.7236314657977500 ) ) ;
#1345 = CARTESIAN_POINT ( 'NONE',  ( -65.74452816307918100, 118.9393722983380700, 33.99999999999999300 ) ) ;
#1346 = ORIENTED_EDGE ( 'NONE', *, *, #222876, .T. ) ;
#1347 = LINE ( 'NONE', #77378, #1361 ) ;
#1348 = CARTESIAN_POINT ( 'NONE',  ( 105.5201897371116100, 54.64030317589345700, 19.74227941161688800 ) ) ;
#1349 = DIRECTION ( 'NONE',  ( -0.0000000000000000000, -0.0000000000000000000, 1.000000000000000000 ) ) ;
#1350 = ORIENTED_EDGE ( 'NONE', *, *, #1417912, .F. ) ;
#1351 = ORIENTED_EDGE ( 'NONE', *, *, #548320, .F. ) ;
#1352 = VERTEX_POINT ( 'NONE', #1104976 ) ;
#1353 = CARTESIAN_POINT ( 'NONE',  ( -720.7959638149408200, 29.61914154601837600, 20.75771644662753700 ) ) ;
#1354 = CARTESIAN_POINT ( 'NONE',  ( 90.11002082886963600, 78.02964082506376500, 112.2263070509152200 ) ) ;
#1355 = CARTESIAN_POINT ( 'NONE',  ( -28.93896252907678200, 5.368046381668571100, -1.262043477647191400 ) ) ;
#1356 = CARTESIAN_POINT ( 'NONE',  ( 70.10583566390423000, 9.682633832493369400, -151.8651770017697800 ) ) ;
#1357 = CARTESIAN_POINT ( 'NONE',  ( 50.04836638991649500, 70.00000000000001400, 140.7006778673303700 ) ) ;
#1358 = ADVANCED_FACE ( 'NONE', ( #680404 ), #625955, .F. ) ;
#1359 = ORIENTED_EDGE ( 'NONE', *, *, #789866, .F. ) ;
#1360 = DIRECTION ( 'NONE',  ( -1.000000000000000000, 0.0000000000000000000, 0.0000000000000000000 ) ) ;
#1361 = VECTOR ( 'NONE', #77262, 1000.000000000000000 ) ;
#1362 = ORIENTED_EDGE ( 'NONE', *, *, #1009378, .T. ) ;
#1363 = VERTEX_POINT ( 'NONE', #1105417 ) ;
#1364 = CARTESIAN_POINT ( 'NONE',  ( 90.48693177483203000, 77.92663500133366500, 112.1563397547108600 ) ) ;
#1365 = ORIENTED_EDGE ( 'NONE', *, *, #1281910, .T. ) ;
#1366 = CARTESIAN_POINT ( 'NONE',  ( -29.41359604855824700, 5.138758231969011300, -1.861631835304556200 ) ) ;
#1367 = CARTESIAN_POINT ( 'NONE',  ( 70.31338922856180300, 9.540187720393161500, -151.9030573802691300 ) ) ;
#1368 = PLANE ( 'NONE',  #1813768 ) ;
#1369 = CARTESIAN_POINT ( 'NONE',  ( 48.52219027100044000, 70.00000000000000000, 134.9237255228068500 ) ) ;
#1370 = CARTESIAN_POINT ( 'NONE',  ( 0.3102744239726094000, -19.56741240976630500, -34.89245117145016200 ) ) ;
#1371 = VERTEX_POINT ( 'NONE', #1105402 ) ;
#1372 = ADVANCED_FACE ( 'NONE', ( #680428 ), #625979, .F. ) ;
#1373 = CARTESIAN_POINT ( 'NONE',  ( 45.90288994644448200, 21.17327438819205200, 26.99999999999999300 ) ) ;
#1374 = CARTESIAN_POINT ( 'NONE',  ( 90.86279599491265900, 77.81903790461044000, 112.0861626886219500 ) ) ;
#1375 = LINE ( 'NONE', #77614, #1428 ) ;
#1376 = ORIENTED_EDGE ( 'NONE', *, *, #1417926, .T. ) ;
#1377 = ORIENTED_EDGE ( 'NONE', *, *, #1638380, .T. ) ;
#1378 = CARTESIAN_POINT ( 'NONE',  ( -29.72261087212706700, 4.990708578242312400, -2.183621736158296100 ) ) ;
#1379 = VERTEX_POINT ( 'NONE', #1105557 ) ;
#1380 = CARTESIAN_POINT ( 'NONE',  ( 70.73749709068872000, 9.271172875341539700, -151.9599211745651500 ) ) ;
#1381 = CARTESIAN_POINT ( 'NONE',  ( 47.63838711693267000, 70.00000000000000000, 132.0667109598002500 ) ) ;
#1382 = CARTESIAN_POINT ( 'NONE',  ( 0.3705809396794372800, -20.09109710841397200, -34.58826125985923700 ) ) ;
#1383 = VERTEX_POINT ( 'NONE', #1105567 ) ;
#1384 = CARTESIAN_POINT ( 'NONE',  ( -435.0000000000000000, 24.89985985647031400, -173.9221905906659300 ) ) ;
#1385 = CARTESIAN_POINT ( 'NONE',  ( 91.61452443507391800, 77.60384371116396100, 111.9458085564441500 ) ) ;
#1386 = LINE ( 'NONE', #77672, #1458 ) ;
#1387 = CARTESIAN_POINT ( 'NONE',  ( -30.84911059328701900, 4.461613390344162200, -2.807354874527189900 ) ) ;
#1388 = ORIENTED_EDGE ( 'NONE', *, *, #1009192, .T. ) ;
#1389 = EDGE_LOOP ( 'NONE', ( #1300934, #1300946, #1300958, #1300967 ) ) ;
#1390 = CARTESIAN_POINT ( 'NONE',  ( 70.95317642271443500, 9.145001413906474100, -151.9789389547978800 ) ) ;
#1391 = FILL_AREA_STYLE ('',( #1218 ) ) ;
#1392 = CARTESIAN_POINT ( 'NONE',  ( 46.65727435235907400, 70.00000000000000000, 129.2350579056620200 ) ) ;
#1393 = VERTEX_POINT ( 'NONE', #1105536 ) ;
#1394 = ADVANCED_FACE ( 'NONE', ( #680445 ), #1565540, .F. ) ;
#1395 = CARTESIAN_POINT ( 'NONE',  ( -721.4037031175120100, 18.43546360737623100, 87.24228355337244500 ) ) ;
#1396 = CARTESIAN_POINT ( 'NONE',  ( 92.35982779596854200, 77.37235440089938300, 111.8045963986897200 ) ) ;
#1397 = ORIENTED_EDGE ( 'NONE', *, *, #783645, .F. ) ;
#1398 = CARTESIAN_POINT ( 'NONE',  ( -31.97389114656983700, 3.943291015230022000, -3.000000000000000900 ) ) ;
#1399 = VECTOR ( 'NONE', #77597, 1000.000000000000000 ) ;
#1400 = CARTESIAN_POINT ( 'NONE',  ( 71.61026140493871100, 8.789539030731360100, -152.0109399241065900 ) ) ;
#1401 = SURFACE_SIDE_STYLE ('',( #19658 ) ) ;
#1402 = CARTESIAN_POINT ( 'NONE',  ( 47.86699730165740600, 69.21788196360583400, 128.0253349563628500 ) ) ;
#1403 = ORIENTED_EDGE ( 'NONE', *, *, #1417945, .T. ) ;
#1404 = VERTEX_POINT ( 'NONE', #1105645 ) ;
#1405 = VERTEX_POINT ( 'NONE', #1105651 ) ;
#1406 = CARTESIAN_POINT ( 'NONE',  ( -27.96121077398440500, 20.65776319476215100, 12.00000000000000000 ) ) ;
#1407 = ADVANCED_FACE ( 'NONE', ( #680499 ), #1565225, .F. ) ;
#1408 = CARTESIAN_POINT ( 'NONE',  ( -435.0000000000000000, 21.75138510501550800, -173.6284242669457000 ) ) ;
#1409 = CARTESIAN_POINT ( 'NONE',  ( 93.09834296957978900, 77.12499166918627200, 111.6626347362619800 ) ) ;
#1410 = CARTESIAN_POINT ( 'NONE',  ( -32.80856147853075600, 3.559978002769722800, -3.000000000000001300 ) ) ;
#1411 = ORIENTED_EDGE ( 'NONE', *, *, #1448336, .T. ) ;
#1412 = CARTESIAN_POINT ( 'NONE',  ( 72.06165280863615400, 8.583155675629273100, -151.9991063953027900 ) ) ;
#1413 = SURFACE_STYLE_USAGE ( .BOTH. , #1401 ) ;
#1414 = CARTESIAN_POINT ( 'NONE',  ( 48.46282114356905900, 68.79999999999999700, 127.4295111144511900 ) ) ;
#1415 = LINE ( 'NONE', #77736, #1482 ) ;
#1416 = ORIENTED_EDGE ( 'NONE', *, *, #1002205, .T. ) ;
#1417 = ORIENTED_EDGE ( 'NONE', *, *, #815828, .T. ) ;
#1418 = CARTESIAN_POINT ( 'NONE',  ( 108.2075056921356000, 52.26735430793768000, 24.75126724109665900 ) ) ;
#1419 = DIRECTION ( 'NONE',  ( -1.000000000000000000, -0.0000000000000000000, -0.0000000000000000000 ) ) ;
#1420 = VERTEX_POINT ( 'NONE', #1105576 ) ;
#1421 = CARTESIAN_POINT ( 'NONE',  ( 46.27883081988670000, 19.88735537713637000, 24.00000000000000000 ) ) ;
#1422 = CARTESIAN_POINT ( 'NONE',  ( 96.05240366402475200, 76.13554074233376000, 111.0947880865509500 ) ) ;
#1423 = CARTESIAN_POINT ( 'NONE',  ( -28.63899946525625500, 5.335124067558862000, 0.0000000000000000000 ) ) ;
#1424 = CARTESIAN_POINT ( 'NONE',  ( 72.98882933005717200, 8.226192293771850600, -151.9181095422140100 ) ) ;
#1425 = ( LENGTH_UNIT ( ) NAMED_UNIT ( * ) SI_UNIT ( .MILLI., .METRE. ) );
#1426 = ORIENTED_EDGE ( 'NONE', *, *, #805567, .F. ) ;
#1427 = ADVANCED_FACE ( 'NONE', ( #680461 ), #1105638, .F. ) ;
#1428 = VECTOR ( 'NONE', #77657, 1000.000000000000000 ) ;
#1429 = DIRECTION ( 'NONE',  ( -0.0000000000000000000, -0.0000000000000000000, -1.000000000000000000 ) ) ;
#1430 = CARTESIAN_POINT ( 'NONE',  ( 0.2534043353547716400, -19.03695552680429500, -35.18467139872682700 ) ) ;
#1431 = ORIENTED_EDGE ( 'NONE', *, *, #1417964, .F. ) ;
#1432 = ORIENTED_EDGE ( 'NONE', *, *, #548354, .F. ) ;
#1433 = ORIENTED_EDGE ( 'NONE', *, *, #1281939, .T. ) ;
#1434 = DIRECTION ( 'NONE',  ( -0.7229235090475070200, 0.6909280715576977500, 1.156482317325325000E-016 ) ) ;
#1435 = CARTESIAN_POINT ( 'NONE',  ( 98.89792614556392900, 74.89202544317261400, 110.5149686972616800 ) ) ;
#1436 = CARTESIAN_POINT ( 'NONE',  ( -28.64307862119908400, 5.338129115219328600, -0.6904141170598743200 ) ) ;
#1437 = CARTESIAN_POINT ( 'NONE',  ( 73.46873217828485300, 8.074930018531564000, -151.8478075033983400 ) ) ;
#1438 = ( NAMED_UNIT ( * ) PLANE_ANGLE_UNIT ( ) SI_UNIT ( $, .RADIAN. ) );
#1439 = CARTESIAN_POINT ( 'NONE',  ( 47.26483262604324400, 69.61740715452586400, 128.6274996319770000 ) ) ;
#1440 = VERTEX_POINT ( 'NONE', #1105728 ) ;
#1441 = CARTESIAN_POINT ( 'NONE',  ( 105.5201897371116600, 54.64030317589345000, 25.25771230487196200 ) ) ;
#1442 = CARTESIAN_POINT ( 'NONE',  ( 0.2000000000000018200, -18.50000000000000400, -35.46477125261066700 ) ) ;
#1443 = LINE ( 'NONE', #77789, #1510 ) ;
#1444 = ORIENTED_EDGE ( 'NONE', *, *, #1002047, .T. ) ;
#1445 = ORIENTED_EDGE ( 'NONE', *, *, #1638282, .T. ) ;
#1446 = ADVANCED_FACE ( 'NONE', ( #680486 ), #1566363, .F. ) ;
#1447 = CARTESIAN_POINT ( 'NONE',  ( -435.0000000000000000, 18.61811890469492400, -173.2287310953293800 ) ) ;
#1448 = CARTESIAN_POINT ( 'NONE',  ( 101.6109405002606500, 73.42211160992209800, 109.9298909204798900 ) ) ;
#1449 = VERTEX_POINT ( 'NONE', #1105768 ) ;
#1450 = CARTESIAN_POINT ( 'NONE',  ( -28.88745800989247000, 5.208398794935761500, -1.334207348234092600 ) ) ;
#1451 = CARTESIAN_POINT ( 'NONE',  ( 74.42204452847936100, 7.833643024355962900, -151.6587669823497000 ) ) ;
#1452 = ( NAMED_UNIT ( * ) SI_UNIT ( $, .STERADIAN. ) SOLID_ANGLE_UNIT ( ) );
#1453 = CARTESIAN_POINT ( 'NONE',  ( 46.65727435235907400, 70.00000000000000000, 129.2350579056620200 ) ) ;
#1454 = CARTESIAN_POINT ( 'NONE',  ( 104.8659059139297400, 55.17877086823100500, 24.71924461253440700 ) ) ;
#1455 = VERTEX_POINT ( 'NONE', #1105857 ) ;
#1456 = CARTESIAN_POINT ( 'NONE',  ( -434.9999999999999400, 15.50000000000001800, -172.7235377175713300 ) ) ;
#1457 = CARTESIAN_POINT ( 'NONE',  ( 101.9500672945977400, 73.23837238076578200, 109.8567561983821600 ) ) ;
#1458 = VECTOR ( 'NONE', #77723, 1000.000000000000000 ) ;
#1459 = ORIENTED_EDGE ( 'NONE', *, *, #1417979, .T. ) ;
#1460 = VERTEX_POINT ( 'NONE', #1105874 ) ;
#1461 = CARTESIAN_POINT ( 'NONE',  ( -29.40481670356570000, 4.930406206647833600, -1.930597330903956400 ) ) ;
#1462 = VERTEX_POINT ( 'NONE', #1105885 ) ;
#1463 = CARTESIAN_POINT ( 'NONE',  ( 74.89757927171257300, 7.742286211047394700, -151.5402591557171700 ) ) ;
#1464 = ADVANCED_FACE ( 'NONE', ( #680542 ), #1105852, .F. ) ;
#1465 = CARTESIAN_POINT ( 'NONE',  ( 108.7464316548183500, 51.74594363543898400, 25.27267791359534500 ) ) ;
#1466 = ORIENTED_EDGE ( 'NONE', *, *, #222840, .F. ) ;
#1467 = CARTESIAN_POINT ( 'NONE',  ( 102.2870734492165400, 73.05113264149056800, 109.7835511063626700 ) ) ;
#1468 = LINE ( 'NONE', #77954, #1306 ) ;
#1469 = CARTESIAN_POINT ( 'NONE',  ( -29.73932690986501000, 4.750249553193750500, -2.243719217148896700 ) ) ;
#1470 = ORIENTED_EDGE ( 'NONE', *, *, #912275, .T. ) ;
#1471 = EDGE_LOOP ( 'NONE', ( #1301510, #1301522, #1301535, #1301546 ) ) ;
#1472 = CARTESIAN_POINT ( 'NONE',  ( 75.84629783455757500, 7.611435008339240600, -151.2593777699106000 ) ) ;
#1473 = CARTESIAN_POINT ( 'NONE',  ( -703.0000000000000000, 28.74706360668372400, -113.6937554159486000 ) ) ;
#1474 = CARTESIAN_POINT ( 'NONE',  ( 49.90150174077723500, 67.99999999999998600, 127.1497965039038400 ) ) ;
#1475 = VERTEX_POINT ( 'NONE', #1105949 ) ;
#1476 = CARTESIAN_POINT ( 'NONE',  ( 104.1979690892407000, 55.70020655476700000, 24.19780892599842300 ) ) ;
#1477 = ADVANCED_FACE ( 'NONE', ( #680414 ), #1566525, .F. ) ;
#1478 = CARTESIAN_POINT ( 'NONE',  ( -724.9985681348908900, 16.57150257669730200, -1.742283553372462800 ) ) ;
#1479 = CARTESIAN_POINT ( 'NONE',  ( 102.6218062238799400, 72.86043897432314500, 109.7101593948761100 ) ) ;
#1480 = ORIENTED_EDGE ( 'NONE', *, *, #914020, .T. ) ;
#1481 = CARTESIAN_POINT ( 'NONE',  ( -30.91873163626835100, 4.115497340223565300, -2.799434157453688500 ) ) ;
#1482 = VECTOR ( 'NONE', #77773, 1000.000000000000100 ) ;
#1483 = CARTESIAN_POINT ( 'NONE',  ( 76.32236805482089900, 7.571961996017597200, -151.0957880521460200 ) ) ;
#1484 = DIRECTION ( 'NONE',  ( 0.0000000000000000000, -0.7071067811865475700, -0.7071067811865475700 ) ) ;
#1485 = CARTESIAN_POINT ( 'NONE',  ( 56.71998478996147200, 62.78504789338776200, 123.2134398558061000 ) ) ;
#1486 = ORIENTED_EDGE ( 'NONE', *, *, #1417997, .F. ) ;
#1487 = ORIENTED_EDGE ( 'NONE', *, *, #815848, .T. ) ;
#1488 = VERTEX_POINT ( 'NONE', #1105931 ) ;
#1489 = CARTESIAN_POINT ( 'NONE',  ( 103.5168225113110100, 56.20426420657238300, 23.69375127419304100 ) ) ;
#1490 = CARTESIAN_POINT ( 'NONE',  ( -435.0000000000000600, 29.72151377196560100, -175.6554051873249600 ) ) ;
#1491 = CARTESIAN_POINT ( 'NONE',  ( 102.9565389985433500, 72.66974530715572200, 109.6367676833895800 ) ) ;
#1492 = CARTESIAN_POINT ( 'NONE',  ( -32.02916106255089800, 3.523806136078308600, -2.999999999999999100 ) ) ;
#1493 = VERTEX_POINT ( 'NONE', #957991 ) ;
#1494 = CARTESIAN_POINT ( 'NONE',  ( 77.25653750790108600, 7.541463904199843200, -150.7302619770989100 ) ) ;
#1495 = DIRECTION ( 'NONE',  ( 0.0000000000000000000, 0.7071067811865474600, -0.7071067811865474600 ) ) ;
#1496 = CARTESIAN_POINT ( 'NONE',  ( 51.88669889975462700, 67.99999999999997200, 132.2759728094036400 ) ) ;
#1497 = ADVANCED_FACE ( 'NONE', ( #680514 ), #958022, .F. ) ;
#1498 = LINE ( 'NONE', #78042, #1617 ) ;
#1499 = ORIENTED_EDGE ( 'NONE', *, *, #912114, .T. ) ;
#1500 = VERTEX_POINT ( 'NONE', #958007 ) ;
#1501 = CARTESIAN_POINT ( 'NONE',  ( 32.00000000000017800, 53.04268857688632700, 4.000000000000000000 ) ) ;
#1502 = ORIENTED_EDGE ( 'NONE', *, *, #1281963, .F. ) ;
#1503 = CARTESIAN_POINT ( 'NONE',  ( -724.8262120522553000, 31.18310257669729400, 19.19375541594860100 ) ) ;
#1504 = CARTESIAN_POINT ( 'NONE',  ( 103.2889976815066600, 72.47559041969746800, 109.5631691728697200 ) ) ;
#1505 = CARTESIAN_POINT ( 'NONE',  ( -32.85725815184824200, 3.079134185376301700, -3.000000000000000000 ) ) ;
#1506 = CARTESIAN_POINT ( 'NONE',  ( 77.71287102607838900, 7.550131870809701200, -150.5293504741102600 ) ) ;
#1507 = FILL_AREA_STYLE_COLOUR ( '', #19819 ) ;
#1508 = CARTESIAN_POINT ( 'NONE',  ( 53.59379232244710800, 67.99999999999998600, 137.4813386778414200 ) ) ;
#1509 = VERTEX_POINT ( 'NONE', #958079 ) ;
#1510 = VECTOR ( 'NONE', #77847, 1000.000000000000000 ) ;
#1511 = DIRECTION ( 'NONE',  ( -0.0000000000000000000, -0.0000000000000000000, -1.000000000000000000 ) ) ;
#1512 = ORIENTED_EDGE ( 'NONE', *, *, #1418014, .T. ) ;
#1513 = EDGE_LOOP ( 'NONE', ( #1301071, #1301081, #1301092, #1301102 ) ) ;
#1514 = VERTEX_POINT ( 'NONE', #958054 ) ;
#1515 = ADVANCED_FACE ( 'NONE', ( #680555 ), #1566732, .F. ) ;
#1516 = CARTESIAN_POINT ( 'NONE',  ( -435.0000000000000000, 30.49999999999997200, -176.3506831062240700 ) ) ;
#1517 = CARTESIAN_POINT ( 'NONE',  ( 103.6192247194945100, 72.27793193079504900, 109.4893226307874700 ) ) ;
#1518 = CARTESIAN_POINT ( 'NONE',  ( -28.55588185669989400, 5.189974805487763000, 0.0000000000000000000 ) ) ;
#1519 = CARTESIAN_POINT ( 'NONE',  ( 78.60453025857751200, 7.608132581933086900, -150.0912334612382300 ) ) ;
#1520 = DIRECTION ( 'NONE',  ( 1.000000000000000000, 0.0000000000000000000, 0.0000000000000000000 ) ) ;
#1521 = CARTESIAN_POINT ( 'NONE',  ( 54.34904753446686200, 67.99999999999998600, 140.1120099482695900 ) ) ;
#1522 = ORIENTED_EDGE ( 'NONE', *, *, #1074000, .T. ) ;
#1523 = LINE ( 'NONE', #77896, #1589 ) ;
#1524 = ORIENTED_EDGE ( 'NONE', *, *, #65928, .T. ) ;
#1525 = ORIENTED_EDGE ( 'NONE', *, *, #548386, .F. ) ;
#1526 = CARTESIAN_POINT ( 'NONE',  ( 52.10803577753238600, 18.46595833133470100, 24.00000000000000000 ) ) ;
#1527 = CARTESIAN_POINT ( 'NONE',  ( 104.2796787954702000, 71.88261495299025200, 109.3416295466229500 ) ) ;
#1528 = VERTEX_POINT ( 'NONE', #958070 ) ;
#1529 = CARTESIAN_POINT ( 'NONE',  ( -28.56012556085744000, 5.206561976276956800, -0.7300406496820284200 ) ) ;
#1530 = CARTESIAN_POINT ( 'NONE',  ( 79.03985796442226800, 7.657520208663254600, -149.8540394443923600 ) ) ;
#1531 = CARTESIAN_POINT ( 'NONE',  ( 54.97536397401689400, 67.99999999999998600, 142.7793963134823200 ) ) ;
#1532 = ADVANCED_FACE ( 'NONE', ( #680579 ), #958154, .F. ) ;
#1533 = CARTESIAN_POINT ( 'NONE',  ( 107.0775172274788600, 53.31181053434264100, 29.22224320218161600 ) ) ;
#1534 = ORIENTED_EDGE ( 'NONE', *, *, #1448439, .T. ) ;
#1535 = DIRECTION ( 'NONE',  ( -2.220036693093832500E-016, -6.490319579132113700E-017, -1.000000000000000000 ) ) ;
#1536 = CARTESIAN_POINT ( 'NONE',  ( 104.9311350087646000, 71.47335193720367400, 109.1930032186371900 ) ) ;
#1537 = LINE ( 'NONE', #77862, #1549 ) ;
#1538 = ORIENTED_EDGE ( 'NONE', *, *, #1418029, .F. ) ;
#1539 = ORIENTED_EDGE ( 'NONE', *, *, #1638198, .T. ) ;
#1540 = CARTESIAN_POINT ( 'NONE',  ( -28.82839762377903600, 5.055637704521467800, -1.406371218820994300 ) ) ;
#1541 = VERTEX_POINT ( 'NONE', #958085 ) ;
#1542 = CARTESIAN_POINT ( 'NONE',  ( 79.88806696913026400, 7.791263242022629300, -149.3397092373787400 ) ) ;
#1543 = DIRECTION ( 'NONE',  ( -0.0000000000000000000, -0.0000000000000000000, 1.000000000000000000 ) ) ;
#1544 = DIRECTION ( 'NONE',  ( 0.0000000000000000000, 0.0000000000000000000, -1.000000000000000000 ) ) ;
#1545 = ORIENTED_EDGE ( 'NONE', *, *, #899577, .F. ) ;
#1546 = ADVANCED_FACE ( 'NONE', ( #680475 ), #1557102, .F. ) ;
#1547 = DIRECTION ( 'NONE',  ( 1.000000000000000000, -1.156482317317870300E-015, 0.0000000000000000000 ) ) ;
#1548 = CARTESIAN_POINT ( 'NONE',  ( 105.5731758009185500, 71.05045816241725700, 109.0435602561192400 ) ) ;
#1549 = VECTOR ( 'NONE', #77746, 1000.000000000000100 ) ;
#1550 = CARTESIAN_POINT ( 'NONE',  ( -29.38664135981475300, 4.725503675054334900, -1.999562826503356900 ) ) ;
#1551 = ORIENTED_EDGE ( 'NONE', *, *, #1006096, .T. ) ;
#1552 = VERTEX_POINT ( 'NONE', #958267 ) ;
#1553 = CARTESIAN_POINT ( 'NONE',  ( 80.30174474537342600, 7.876083799715707400, -149.0616448128270700 ) ) ;
#1554 = CARTESIAN_POINT ( 'NONE',  ( 54.57026400732829800, 64.71279525063408800, 124.4544882874340900 ) ) ;
#1555 = VERTEX_POINT ( 'NONE', #958275 ) ;
#1556 = CARTESIAN_POINT ( 'NONE',  ( 107.6568337716756200, 52.77634420829520000, 24.24227734073913600 ) ) ;
#1557 = DIRECTION ( 'NONE',  ( -1.000000000000000000, 0.0000000000000000000, 0.0000000000000000000 ) ) ;
#1558 = CARTESIAN_POINT ( 'NONE',  ( 106.8572573852264600, 70.20467061284441000, 108.7446743310833000 ) ) ;
#1559 = VERTEX_POINT ( 'NONE', #958284 ) ;
#1560 = CARTESIAN_POINT ( 'NONE',  ( -29.74595265981874800, 4.510982085908620000, -2.303816698139497600 ) ) ;
#1561 = LINE ( 'NONE', #78209, #1670 ) ;
#1562 = CARTESIAN_POINT ( 'NONE',  ( 81.08467087374080500, 8.069394142335815100, -148.4725407481215900 ) ) ;
#1563 = PLANE ( 'NONE',  #1813861 ) ;
#1564 = CARTESIAN_POINT ( 'NONE',  ( 143.0202872270083400, 2.235463607376253500, 59.69375541594860800 ) ) ;
#1565 = ORIENTED_EDGE ( 'NONE', *, *, #1418049, .T. ) ;
#1566 = EDGE_LOOP ( 'NONE', ( #1301268, #1301281, #1301293, #1301303 ) ) ;
#1567 = ADVANCED_FACE ( 'NONE', ( #680621 ), #958259, .F. ) ;
#1568 = ORIENTED_EDGE ( 'NONE', *, *, #1281995, .T. ) ;
#1569 = CARTESIAN_POINT ( 'NONE',  ( 109.2733315698848900, 51.21238317761627500, 25.80623837141805800 ) ) ;
#1570 = CARTESIAN_POINT ( 'NONE',  ( -0.2534043353547910700, -19.03695552680427000, -35.18467139872684900 ) ) ;
#1571 = CARTESIAN_POINT ( 'NONE',  ( 108.1036765668128100, 69.30435999195698600, 108.4425223992201200 ) ) ;
#1572 = CARTESIAN_POINT ( 'NONE',  ( -30.97807724942617500, 3.763630358014482100, -2.791513440380188900 ) ) ;
#1573 = VERTEX_POINT ( 'NONE', #958290 ) ;
#1574 = CARTESIAN_POINT ( 'NONE',  ( 81.45648701701654200, 8.178246287795587900, -148.1602093131791100 ) ) ;
#1575 = FILL_AREA_STYLE ('',( #1703 ) ) ;
#1576 = CARTESIAN_POINT ( 'NONE',  ( 52.29330273340010400, 66.44475208189784600, 125.7689935202602200 ) ) ;
#1577 = LINE ( 'NONE', #78129, #1643 ) ;
#1578 = ORIENTED_EDGE ( 'NONE', *, *, #1005927, .T. ) ;
#1579 = ORIENTED_EDGE ( 'NONE', *, *, #1423801, .F. ) ;
#1580 = VERTEX_POINT ( 'NONE', #958322 ) ;
#1581 = ADVANCED_FACE ( 'NONE', ( #680565 ), #1567215, .F. ) ;
#1582 = CARTESIAN_POINT ( 'NONE',  ( -434.9999999999999400, 28.85410324937031800, -175.1021694337775600 ) ) ;
#1583 = CARTESIAN_POINT ( 'NONE',  ( 109.3090997591729500, 68.35205241148287300, 108.1380349054810500 ) ) ;
#1584 = CARTESIAN_POINT ( 'NONE',  ( -32.07609708249584900, 3.092543429354202900, -2.999999999999997800 ) ) ;
#1585 = CARTESIAN_POINT ( 'NONE',  ( 82.15598168424250500, 8.410058752049494000, -147.4911736883577800 ) ) ;
#1586 = FILL_AREA_STYLE ('',( #1507 ) ) ;
#1587 = CARTESIAN_POINT ( 'NONE',  ( 49.90150174077723500, 67.99999999999998600, 127.1497965039038400 ) ) ;
#1588 = ORIENTED_EDGE ( 'NONE', *, *, #395173, .F. ) ;
#1589 = VECTOR ( 'NONE', #78070, 1000.000000000000100 ) ;
#1590 = ORIENTED_EDGE ( 'NONE', *, *, #1418066, .F. ) ;
#1591 = VERTEX_POINT ( 'NONE', #958420 ) ;
#1592 = VERTEX_POINT ( 'NONE', #958428 ) ;
#1593 = CARTESIAN_POINT ( 'NONE',  ( -435.0000000000000600, 27.42184696962258900, -174.4817915163483200 ) ) ;
#1594 = CARTESIAN_POINT ( 'NONE',  ( 111.7199461438932200, 66.44743725053464800, 107.5290599180028400 ) ) ;
#1595 = CARTESIAN_POINT ( 'NONE',  ( -32.90010114095267100, 2.582343987334766700, -3.000000000000000400 ) ) ;
#1596 = CARTESIAN_POINT ( 'NONE',  ( 82.48382287521231100, 8.533161006930775700, -147.1346976706371400 ) ) ;
#1597 = SURFACE_SIDE_STYLE ('',( #19830 ) ) ;
#1598 = CARTESIAN_POINT ( 'NONE',  ( 36.50000000000000700, 73.61726856199986500, 113.3634703018146000 ) ) ;
#1599 = ADVANCED_FACE ( 'NONE', ( #680646 ), #1564812, .F. ) ;
#1600 = ORIENTED_EDGE ( 'NONE', *, *, #913774, .F. ) ;
#1601 = CARTESIAN_POINT ( 'NONE',  ( 17.99999999999999600, -7.333333333333333000, 4.000000000000000000 ) ) ;
#1602 = LINE ( 'NONE', #78476, #1777 ) ;
#1603 = ORIENTED_EDGE ( 'NONE', *, *, #66145, .T. ) ;
#1604 = ORIENTED_EDGE ( 'NONE', *, *, #548414, .F. ) ;
#1605 = CARTESIAN_POINT ( 'NONE',  ( -435.0000000000000600, 26.92907808628066100, -174.3140822772712700 ) ) ;
#1606 = CARTESIAN_POINT ( 'NONE',  ( 113.9667943566597800, 64.33485197876702000, 106.9107622902327300 ) ) ;
#1607 = VERTEX_POINT ( 'NONE', #958341 ) ;
#1608 = CARTESIAN_POINT ( 'NONE',  ( -28.49822713459734300, 5.099396119327200200, 0.0000000000000000000 ) ) ;
#1609 = CARTESIAN_POINT ( 'NONE',  ( 82.78388507872209300, 8.656255330360378900, -146.7473325052412200 ) ) ;
#1610 = SURFACE_STYLE_USAGE ( .BOTH. , #1597 ) ;
#1611 = CARTESIAN_POINT ( 'NONE',  ( 142.7101618711209600, -10.81221948466054500, 64.19375541594861500 ) ) ;
#1612 = CARTESIAN_POINT ( 'NONE',  ( 105.8812010861046800, 54.34030317675521400, 25.80623837055697600 ) ) ;
#1613 = VERTEX_POINT ( 'NONE', #958482 ) ;
#1614 = ADVANCED_FACE ( 'NONE', ( #680594 ), #958411, .F. ) ;
#1615 = CARTESIAN_POINT ( 'NONE',  ( -435.0000000000000000, 25.92902361908605300, -174.0589036349847700 ) ) ;
#1616 = CARTESIAN_POINT ( 'NONE',  ( 116.0231289112797800, 62.03441603620619600, 106.2904237278100100 ) ) ;
#1617 = VECTOR ( 'NONE', #78116, 1000.000000000000000 ) ;
#1618 = ORIENTED_EDGE ( 'NONE', *, *, #1418083, .F. ) ;
#1619 = ORIENTED_EDGE ( 'NONE', *, *, #61369, .T. ) ;
#1620 = CARTESIAN_POINT ( 'NONE',  ( -28.50021686961490300, 5.109828738803800600, -0.7432494938894129700 ) ) ;
#1621 = VERTEX_POINT ( 'NONE', #958548 ) ;
#1622 = CARTESIAN_POINT ( 'NONE',  ( 297.7699999999999800, 49.49999999999999300, 4.000000000000000000 ) ) ;
#1623 = ( LENGTH_UNIT ( ) NAMED_UNIT ( * ) SI_UNIT ( .MILLI., .METRE. ) );
#1624 = CARTESIAN_POINT ( 'NONE',  ( 56.71998478996147200, 62.78504789338776200, 123.2134398558061000 ) ) ;
#1625 = CARTESIAN_POINT ( 'NONE',  ( -11.13398021971164900, -16.56594770567499000, 16.48825739634395800 ) ) ;
#1626 = CARTESIAN_POINT ( 'NONE',  ( -0.3102744239726279400, -19.56741240976628800, -34.89245117145018300 ) ) ;
#1627 = VERTEX_POINT ( 'NONE', #958557 ) ;
#1628 = CARTESIAN_POINT ( 'NONE',  ( -435.0000000000001100, 25.41933054985350200, -173.9706511985658600 ) ) ;
#1629 = CARTESIAN_POINT ( 'NONE',  ( 116.5372125499347900, 61.45930705056598200, 106.1353390872043300 ) ) ;
#1630 = LINE ( 'NONE', #78394, #1683 ) ;
#1631 = CARTESIAN_POINT ( 'NONE',  ( -28.77495301390259600, 4.939259627536765500, -1.430425842349961600 ) ) ;
#1632 = ORIENTED_EDGE ( 'NONE', *, *, #66075, .T. ) ;
#1633 = EDGE_LOOP ( 'NONE', ( #1301113, #1301121, #1301133, #1301145 ) ) ;
#1634 = CARTESIAN_POINT ( 'NONE',  ( -716.9847907645810200, 33.04706360737623100, -48.30624458405139900 ) ) ;
#1635 = ( NAMED_UNIT ( * ) PLANE_ANGLE_UNIT ( ) SI_UNIT ( $, .RADIAN. ) );
#1636 = CARTESIAN_POINT ( 'NONE',  ( 57.73502212677694700, 62.43364733315500100, 124.1314113309438200 ) ) ;
#1637 = ORIENTED_EDGE ( 'NONE', *, *, #1282026, .T. ) ;
#1638 = ADVANCED_FACE ( 'NONE', ( #680605, #680634 ), #958490, .F. ) ;
#1639 = CARTESIAN_POINT ( 'NONE',  ( -435.0000000000000000, 24.89985985647031400, -173.9221905906659300 ) ) ;
#1640 = CARTESIAN_POINT ( 'NONE',  ( 117.0393655759248500, 60.87248491137864900, 105.9801261445821200 ) ) ;
#1641 = ORIENTED_EDGE ( 'NONE', *, *, #1079904, .F. ) ;
#1642 = CARTESIAN_POINT ( 'NONE',  ( -29.34702864593120000, 4.573910789789149300, -2.022551325036490600 ) ) ;
#1643 = VECTOR ( 'NONE', #78193, 1000.000000000000100 ) ;
#1644 = DIRECTION ( 'NONE',  ( -0.0000000000000000000, -0.0000000000000000000, -1.000000000000000000 ) ) ;
#1645 = ( NAMED_UNIT ( * ) SI_UNIT ( $, .STERADIAN. ) SOLID_ANGLE_UNIT ( ) );
#1646 = CARTESIAN_POINT ( 'NONE',  ( 58.75344776755667900, 62.07434360922095400, 125.0426904995546800 ) ) ;
#1647 = ORIENTED_EDGE ( 'NONE', *, *, #1418102, .F. ) ;
#1648 = VERTEX_POINT ( 'NONE', #958597 ) ;
#1649 = VERTEX_POINT ( 'NONE', #958602 ) ;
#1650 = CARTESIAN_POINT ( 'NONE',  ( 106.4855261650395200, 53.83323016063891200, 25.29916468609901200 ) ) ;
#1651 = CARTESIAN_POINT ( 'NONE',  ( -30.65589909058644100, 21.97634382421505400, 12.00000000000000000 ) ) ;
#1652 = ADVANCED_FACE ( 'NONE', ( #680686, #680657 ), #958593, .F. ) ;
#1653 = CARTESIAN_POINT ( 'NONE',  ( 117.5291312572785100, 60.27423622905947600, 105.8248526416969900 ) ) ;
#1654 = CARTESIAN_POINT ( 'NONE',  ( -29.71607429686889600, 4.336905220543020100, -2.323849191803032200 ) ) ;
#1655 = ORIENTED_EDGE ( 'NONE', *, *, #896061, .T. ) ;
#1656 = CARTESIAN_POINT ( 'NONE',  ( 60.78444233891244900, 61.35356597982407600, 126.8708510550055300 ) ) ;
#1657 = LINE ( 'NONE', #78286, #1698 ) ;
#1658 = ORIENTED_EDGE ( 'NONE', *, *, #66004, .T. ) ;
#1659 = ORIENTED_EDGE ( 'NONE', *, *, #815859, .T. ) ;
#1660 = CARTESIAN_POINT ( 'NONE',  ( 38.34729709051119800, 53.01346652052692600, -98.36313877812622800 ) ) ;
#1661 = DIRECTION ( 'NONE',  ( 0.0000000000000000000, 0.0000000000000000000, -1.000000000000000000 ) ) ;
#1662 = VERTEX_POINT ( 'NONE', #958542 ) ;
#1663 = CARTESIAN_POINT ( 'NONE',  ( -720.8255536560154700, 31.18310257669729400, 19.19375541594860100 ) ) ;
#1664 = CARTESIAN_POINT ( 'NONE',  ( 117.6515726776169300, 60.12467405847967700, 105.7860342659757300 ) ) ;
#1665 = CARTESIAN_POINT ( 'NONE',  ( -30.97600388900610500, 3.519509320137480700, -2.788873201355688700 ) ) ;
#1666 = CARTESIAN_POINT ( 'NONE',  ( -703.0000000000000000, 28.74706360668372400, -111.3062445840513700 ) ) ;
#1667 = CARTESIAN_POINT ( 'NONE',  ( 61.79646877614742100, 60.99270038846827900, 127.7885563401884600 ) ) ;
#1668 = ORIENTED_EDGE ( 'NONE', *, *, #383153, .T. ) ;
#1669 = ADVANCED_FACE ( 'NONE', ( #680704, #680671 ), #958611, .F. ) ;
#1670 = VECTOR ( 'NONE', #78273, 1000.000000000000000 ) ;
#1671 = CARTESIAN_POINT ( 'NONE',  ( 107.0775172274825200, 53.31181053433923000, 24.77774437254828400 ) ) ;
#1672 = DIRECTION ( 'NONE',  ( -1.000000000000000000, 0.0000000000000000000, 0.0000000000000000000 ) ) ;
#1673 = ORIENTED_EDGE ( 'NONE', *, *, #1418117, .F. ) ;
#1674 = EDGE_LOOP ( 'NONE', ( #1301156, #1301166, #1301178, #1301189, #1301201, #1301212 ) ) ;
#1675 = ORIENTED_EDGE ( 'NONE', *, *, #1282052, .F. ) ;
#1676 = CARTESIAN_POINT ( 'NONE',  ( 117.7732399182044100, 59.97439770373298300, 105.7472121062513800 ) ) ;
#1677 = CARTESIAN_POINT ( 'NONE',  ( -32.08589165330154500, 2.794175466488237000, -2.999999999999997300 ) ) ;
#1678 = DIRECTION ( 'NONE',  ( 0.0000000000000000000, -1.000000000000000000, -0.0000000000000000000 ) ) ;
#1679 = CARTESIAN_POINT ( 'NONE',  ( 63.81369867937991800, 60.26621803839469700, 129.6296557398274600 ) ) ;
#1680 = VERTEX_POINT ( 'NONE', #958689 ) ;
#1681 = CARTESIAN_POINT ( 'NONE',  ( 107.6568337716756200, 52.77634420829520000, 24.24227734073913600 ) ) ;
#1682 = CARTESIAN_POINT ( 'NONE',  ( -0.2000000000000167800, -18.50000000000000400, -35.46477125261066700 ) ) ;
#1683 = VECTOR ( 'NONE', #78461, 1000.000000000000000 ) ;
#1684 = ORIENTED_EDGE ( 'NONE', *, *, #1005152, .F. ) ;
#1685 = VERTEX_POINT ( 'NONE', #958674 ) ;
#1686 = ADVANCED_FACE ( 'NONE', ( #680732 ), #1565199, .F. ) ;
#1687 = CARTESIAN_POINT ( 'NONE',  ( -720.9985627111519800, 16.57150257669730200, -1.742283553372462800 ) ) ;
#1688 = CARTESIAN_POINT ( 'NONE',  ( 117.8941258887279100, 59.82341160571923000, 105.7083872261488200 ) ) ;
#1689 = VERTEX_POINT ( 'NONE', #958696 ) ;
#1690 = CARTESIAN_POINT ( 'NONE',  ( -32.92415407210186400, 2.242660084543206500, -3.000000000000000000 ) ) ;
#1691 = CARTESIAN_POINT ( 'NONE',  ( 114.5109180622392000, 51.44257947389076000, 56.27246742438033800 ) ) ;
#1692 = DIRECTION ( 'NONE',  ( 0.0000000000000000000, 0.0000000000000000000, -1.000000000000000000 ) ) ;
#1693 = CARTESIAN_POINT ( 'NONE',  ( 64.81891378267987100, 59.90057126332133200, 130.5530257867681300 ) ) ;
#1694 = CARTESIAN_POINT ( 'NONE',  ( -0.3705809396794580400, -20.09109710841396900, -34.58826125985924400 ) ) ;
#1695 = ORIENTED_EDGE ( 'NONE', *, *, #222864, .T. ) ;
#1696 = CARTESIAN_POINT ( 'NONE',  ( -435.0000000000000000, 24.89985985647031400, -176.9221905906659300 ) ) ;
#1697 = CARTESIAN_POINT ( 'NONE',  ( 118.0150118592514200, 59.67242550770548300, 105.6695623460462500 ) ) ;
#1698 = VECTOR ( 'NONE', #78322, 1000.000000000000000 ) ;
#1699 = ORIENTED_EDGE ( 'NONE', *, *, #1418130, .F. ) ;
#1700 = ORIENTED_EDGE ( 'NONE', *, *, #548447, .F. ) ;
#1701 = CARTESIAN_POINT ( 'NONE',  ( -28.43459365788371000, 5.004161891379135700, 0.0000000000000000000 ) ) ;
#1702 = VERTEX_POINT ( 'NONE', #958748 ) ;
#1703 = FILL_AREA_STYLE_COLOUR ( '', #19998 ) ;
#1704 = CARTESIAN_POINT ( 'NONE',  ( 66.07227457200092100, 59.43663051014840400, 131.7081067493618600 ) ) ;
#1705 = ADVANCED_FACE ( 'NONE', ( #680755 ), #958785, .F. ) ;
#1706 = VERTEX_POINT ( 'NONE', #958775 ) ;
#1707 = CARTESIAN_POINT ( 'NONE',  ( 118.1351163563566900, 59.52072900049280000, 105.6307329316136900 ) ) ;
#1708 = VECTOR ( 'NONE', #78730, 1000.000000000000000 ) ;
#1709 = CARTESIAN_POINT ( 'NONE',  ( -28.43226617884659300, 4.991958405528230000, -0.7432494938894129700 ) ) ;
#1710 = ORIENTED_EDGE ( 'NONE', *, *, #1005332, .F. ) ;
#1711 = ORIENTED_EDGE ( 'NONE', *, *, #61294, .T. ) ;
#1712 = CARTESIAN_POINT ( 'NONE',  ( 114.0539563228464200, 51.96396588322983200, 56.79385383371940300 ) ) ;
#1713 = CARTESIAN_POINT ( 'NONE',  ( -33.12981607913004500, 73.82628855025095000, -201.6158712588352800 ) ) ;
#1714 = CARTESIAN_POINT ( 'NONE',  ( 66.32279212640402500, 59.34349365540513300, 131.9391606113886700 ) ) ;
#1715 = VERTEX_POINT ( 'NONE', #958843 ) ;
#1716 = ADVANCED_FACE ( 'NONE', ( #680742 ), #1560368, .F. ) ;
#1717 = CARTESIAN_POINT ( 'NONE',  ( -435.0000000000000000, 21.75138510501915700, -176.6284242669460400 ) ) ;
#1718 = CARTESIAN_POINT ( 'NONE',  ( 118.2544474714611200, 59.36831141241978600, 105.5919090710851000 ) ) ;
#1719 = ORIENTED_EDGE ( 'NONE', *, *, #1819757, .F. ) ;
#1720 = CARTESIAN_POINT ( 'NONE',  ( -28.70442411292615500, 4.794897284639516100, -1.430425842349961600 ) ) ;
#1721 = LINE ( 'NONE', #78258, #1735 ) ;
#1722 = DIRECTION ( 'NONE',  ( 0.6852049763945656800, 0.6003329516707689400, -0.4124251295233900500 ) ) ;
#1723 = CARTESIAN_POINT ( 'NONE',  ( 66.69838454242618300, 59.20317314444353200, 132.2857486836499800 ) ) ;
#1724 = ORIENTED_EDGE ( 'NONE', *, *, #1418148, .F. ) ;
#1725 = VERTEX_POINT ( 'NONE', #959051 ) ;
#1726 = VERTEX_POINT ( 'NONE', #959061 ) ;
#1727 = CARTESIAN_POINT ( 'NONE',  ( 105.8812010860846600, 54.34030317677203200, -89.99999999999452900 ) ) ;
#1728 = CARTESIAN_POINT ( 'NONE',  ( 118.4931097016699400, 59.06347623627376500, 105.5142613500278900 ) ) ;
#1729 = CARTESIAN_POINT ( 'NONE',  ( -29.27761832099654500, 4.392132640805474600, -2.022551325036490600 ) ) ;
#1730 = VERTEX_POINT ( 'NONE', #958758 ) ;
#1731 = CARTESIAN_POINT ( 'NONE',  ( -328.5000000000000600, 11.99999999999998200, 19.00000000000008500 ) ) ;
#1732 = FILL_AREA_STYLE ('',( #1826 ) ) ;
#1733 = CARTESIAN_POINT ( 'NONE',  ( 66.82543566120922700, 59.15443098436622900, 132.3992770377084000 ) ) ;
#1734 = ADVANCED_FACE ( 'NONE', ( #680720 ), #959030, .F. ) ;
#1735 = VECTOR ( 'NONE', #78299, 1000.000000000000000 ) ;
#1736 = ORIENTED_EDGE ( 'NONE', *, *, #1005511, .F. ) ;
#1737 = EDGE_LOOP ( 'NONE', ( #1301313, #1301323, #1301334, #1301344 ) ) ;
#1738 = CARTESIAN_POINT ( 'NONE',  ( -717.3123600178927300, 19.36739999999998200, 88.17424200735406700 ) ) ;
#1739 = DIRECTION ( 'NONE',  ( -1.000000000000000000, 0.0000000000000000000, 0.0000000000000000000 ) ) ;
#1740 = ORIENTED_EDGE ( 'NONE', *, *, #1282082, .T. ) ;
#1741 = CARTESIAN_POINT ( 'NONE',  ( -435.0000000000000000, 18.61811890470218200, -176.2287310953303500 ) ) ;
#1742 = CARTESIAN_POINT ( 'NONE',  ( 118.7286678010982100, 58.75577267607198500, 105.4366395676961300 ) ) ;
#1743 = CARTESIAN_POINT ( 'NONE',  ( -29.65010546051422900, 4.132035216190153000, -2.323849191803032200 ) ) ;
#1744 = DIRECTION ( 'NONE',  ( -1.000000000000000000, 0.0000000000000000000, 0.0000000000000000000 ) ) ;
#1745 = SURFACE_SIDE_STYLE ('',( #19986 ) ) ;
#1746 = CARTESIAN_POINT ( 'NONE',  ( 67.06840135216005200, 59.06770121084104400, 132.6380979633022200 ) ) ;
#1747 = ORIENTED_EDGE ( 'NONE', *, *, #1074008, .T. ) ;
#1748 = LINE ( 'NONE', #78607, #1828 ) ;
#1749 = DIRECTION ( 'NONE',  ( 0.0000000000000000000, 0.0000000000000000000, -1.000000000000000000 ) ) ;
#1750 = ORIENTED_EDGE ( 'NONE', *, *, #1418166, .T. ) ;
#1751 = ORIENTED_EDGE ( 'NONE', *, *, #815871, .F. ) ;
#1752 = VERTEX_POINT ( 'NONE', #959113 ) ;
#1753 = ADVANCED_FACE ( 'NONE', ( #680780 ), #959040, .F. ) ;
#1754 = CARTESIAN_POINT ( 'NONE',  ( -435.0000000000000000, 15.50000000001085700, -175.7235377175731200 ) ) ;
#1755 = CARTESIAN_POINT ( 'NONE',  ( 118.9610998078746000, 58.44523841352346900, 105.3591489718587600 ) ) ;
#1756 = CARTESIAN_POINT ( 'NONE',  ( -30.93232139299669100, 3.246671500546440800, -2.788873201355688700 ) ) ;
#1757 = DIRECTION ( 'NONE',  ( 0.0000000000000000000, 0.0000000000000000000, 1.000000000000000000 ) ) ;
#1758 = SURFACE_STYLE_USAGE ( .BOTH. , #1745 ) ;
#1759 = CARTESIAN_POINT ( 'NONE',  ( 67.18441311517909800, 59.02961648698919800, 132.7632870850054000 ) ) ;
#1760 = VERTEX_POINT ( 'NONE', #959106 ) ;
#1761 = DIRECTION ( 'NONE',  ( -0.0000000000000000000, -0.0000000000000000000, -1.000000000000000000 ) ) ;
#1762 = LINE ( 'NONE', #78556, #1803 ) ;
#1763 = ORIENTED_EDGE ( 'NONE', *, *, #1005690, .F. ) ;
#1764 = ORIENTED_EDGE ( 'NONE', *, *, #548482, .F. ) ;
#1765 = CARTESIAN_POINT ( 'NONE',  ( 119.1935318146510000, 58.13470415097494700, 105.2816583760213800 ) ) ;
#1766 = VERTEX_POINT ( 'NONE', #959182 ) ;
#1767 = CARTESIAN_POINT ( 'NONE',  ( -32.07624936818346800, 2.463292196050360900, -2.999999999999997300 ) ) ;
#1768 = CARTESIAN_POINT ( 'NONE',  ( 114.9576279306427900, 50.91238317761627000, 55.74227112810584800 ) ) ;
#1769 = ( LENGTH_UNIT ( ) NAMED_UNIT ( * ) SI_UNIT ( .MILLI., .METRE. ) );
#1770 = CARTESIAN_POINT ( 'NONE',  ( 67.51977729332689600, 58.92738635887433700, 133.1521887146856800 ) ) ;
#1771 = ADVANCED_FACE ( 'NONE', ( #680804 ), #959157, .F. ) ;
#1772 = DIRECTION ( 'NONE',  ( -0.0000000000000000000, -0.0000000000000000000, -1.000000000000000000 ) ) ;
#1773 = CARTESIAN_POINT ( 'NONE',  ( -27.98096237349516400, 23.33454615065866000, 12.00000000000000000 ) ) ;
#1774 = ORIENTED_EDGE ( 'NONE', *, *, #1460420, .T. ) ;
#1775 = DIRECTION ( 'NONE',  ( -0.2368995076403067100, -0.9715341596051989500, 1.156482317325472400E-016 ) ) ;
#1776 = CARTESIAN_POINT ( 'NONE',  ( 119.4228377137682600, 57.82133915298773300, 105.2042989914951600 ) ) ;
#1777 = VECTOR ( 'NONE', #78542, 1000.000000000000000 ) ;
#1778 = ORIENTED_EDGE ( 'NONE', *, *, #1418177, .F. ) ;
#1779 = VERTEX_POINT ( 'NONE', #959240 ) ;
#1780 = CARTESIAN_POINT ( 'NONE',  ( -32.94752462377560000, 1.871072307894561500, -3.000000000000000000 ) ) ;
#1781 = VERTEX_POINT ( 'NONE', #959249 ) ;
#1782 = CARTESIAN_POINT ( 'NONE',  ( 113.5869164197165200, 52.47634420829518800, 57.30623215878476600 ) ) ;
#1783 = ( NAMED_UNIT ( * ) PLANE_ANGLE_UNIT ( ) SI_UNIT ( $, .RADIAN. ) );
#1784 = CARTESIAN_POINT ( 'NONE',  ( 67.72666180155772500, 58.87506235522111800, 133.4290192914742800 ) ) ;
#1785 = CARTESIAN_POINT ( 'NONE',  ( 106.4855261650320000, 53.83323016064555600, 28.70082288862765200 ) ) ;
#1786 = CARTESIAN_POINT ( 'NONE',  ( -38.00000000000001400, 50.27414052161496700, 4.000000000000000000 ) ) ;
#1787 = ORIENTED_EDGE ( 'NONE', *, *, #385106, .T. ) ;
#1788 = ADVANCED_FACE ( 'NONE', ( #680818 ), #1570265, .F. ) ;
#1789 = CARTESIAN_POINT ( 'NONE',  ( -724.9712555279475100, 27.45518051533947500, -7.806244584051403200 ) ) ;
#1790 = CARTESIAN_POINT ( 'NONE',  ( 119.6489925292565900, 57.50518146798267300, 105.1271745072375600 ) ) ;
#1791 = LINE ( 'NONE', #78673, #1875 ) ;
#1792 = CARTESIAN_POINT ( 'NONE',  ( -28.36389558024599100, 4.904268869960945100, 0.0000000000000000000 ) ) ;
#1793 = ORIENTED_EDGE ( 'NONE', *, *, #1005808, .F. ) ;
#1794 = ORIENTED_EDGE ( 'NONE', *, *, #61219, .T. ) ;
#1795 = ( NAMED_UNIT ( * ) SI_UNIT ( $, .STERADIAN. ) SOLID_ANGLE_UNIT ( ) );
#1796 = CARTESIAN_POINT ( 'NONE',  ( 68.11843206130025400, 58.79002155768224500, 134.0055260252862000 ) ) ;
#1797 = VERTEX_POINT ( 'NONE', #959451 ) ;
#1798 = CARTESIAN_POINT ( 'NONE',  ( -0.4211676240027153500, -20.53037754477994900, -34.33309879770050800 ) ) ;
#1799 = DIRECTION ( 'NONE',  ( 0.0000000000000000000, 0.0000000000000000000, 1.000000000000000000 ) ) ;
#1800 = CARTESIAN_POINT ( 'NONE',  ( 119.7620699370007700, 57.34710262548014700, 105.0886122651087500 ) ) ;
#1801 = VERTEX_POINT ( 'NONE', #959459 ) ;
#1802 = CARTESIAN_POINT ( 'NONE',  ( -28.36218697152401800, 4.886338383044010100, -0.7653566720379628700 ) ) ;
#1803 = VECTOR ( 'NONE', #78594, 1000.000000000000000 ) ;
#1804 = CARTESIAN_POINT ( 'NONE',  ( 68.30315693421671600, 58.75745895012136100, 134.3053718463714000 ) ) ;
#1805 = ORIENTED_EDGE ( 'NONE', *, *, #1418195, .T. ) ;
#1806 = EDGE_LOOP ( 'NONE', ( #1301693, #1301706, #1301713, #1301724 ) ) ;
#1807 = ADVANCED_FACE ( 'NONE', ( #680846 ), #959257, .F. ) ;
#1808 = ORIENTED_EDGE ( 'NONE', *, *, #1282110, .T. ) ;
#1809 = CARTESIAN_POINT ( 'NONE',  ( 107.6568337716756200, 52.77634420829520000, 29.75771023399420700 ) ) ;
#1810 = CARTESIAN_POINT ( 'NONE',  ( 50.70200502984788900, 22.57630482841932500, 24.00000000000000000 ) ) ;
#1811 = CARTESIAN_POINT ( 'NONE',  ( 119.8744951518404800, 57.18816407349493100, 105.0501062481788500 ) ) ;
#1812 = CARTESIAN_POINT ( 'NONE',  ( -28.64588836641221200, 4.661623883879717500, -1.469615034948997400 ) ) ;
#1813 = ORIENTED_EDGE ( 'NONE', *, *, #390252, .T. ) ;
#1814 = DIRECTION ( 'NONE',  ( -0.6589885326747179100, 0.7521529856373782000, 0.0000000000000000000 ) ) ;
#1815 = CARTESIAN_POINT ( 'NONE',  ( 68.47975490939583700, 58.73148211429428000, 134.6134994975885500 ) ) ;
#1816 = LINE ( 'NONE', #78570, #1708 ) ;
#1817 = ORIENTED_EDGE ( 'NONE', *, *, #1004974, .F. ) ;
#1818 = VERTEX_POINT ( 'NONE', #959442 ) ;
#1819 = CARTESIAN_POINT ( 'NONE',  ( 105.8812010860846700, 54.34030317675486500, 28.19374920417667600 ) ) ;
#1820 = CARTESIAN_POINT ( 'NONE',  ( -0.3705809396794580400, -20.09109710841396900, -34.58826125985924400 ) ) ;
#1821 = VERTEX_POINT ( 'NONE', #959499 ) ;
#1822 = ADVANCED_FACE ( 'NONE', ( #680832 ), #1562467, .F. ) ;
#1823 = DIRECTION ( 'NONE',  ( -2.220036693093832500E-016, -6.490319579132113700E-017, -1.000000000000000000 ) ) ;
#1824 = CARTESIAN_POINT ( 'NONE',  ( 119.9856729805747800, 57.02910453085013400, 105.0116827245646200 ) ) ;
#1825 = CARTESIAN_POINT ( 'NONE',  ( -29.23661384719677500, 4.212128992806693600, -2.056716711345345100 ) ) ;
#1826 = FILL_AREA_STYLE_COLOUR ( '', #20116 ) ;
#1827 = ORIENTED_EDGE ( 'NONE', *, *, #789896, .F. ) ;
#1828 = VECTOR ( 'NONE', #78659, 1000.000000000000000 ) ;
#1829 = DIRECTION ( 'NONE',  ( -1.000000000000000000, 0.0000000000000000000, 0.0000000000000000000 ) ) ;
#1830 = ORIENTED_EDGE ( 'NONE', *, *, #1418212, .T. ) ;
#1831 = ORIENTED_EDGE ( 'NONE', *, *, #815883, .F. ) ;
#1832 = VERTEX_POINT ( 'NONE', #959468 ) ;
#1833 = DIRECTION ( 'NONE',  ( 1.000000000000000000, 0.0000000000000000000, 0.0000000000000000000 ) ) ;
#1834 = CARTESIAN_POINT ( 'NONE',  ( 120.0968508093090700, 56.87004498820532900, 104.9732592009504100 ) ) ;
#1835 = CARTESIAN_POINT ( 'NONE',  ( -29.62110778986036400, 3.921876487838393400, -2.347508403909920500 ) ) ;
#1836 = CARTESIAN_POINT ( 'NONE',  ( -66.99892814828585600, 113.1333413709743100, 23.38770179036424300 ) ) ;
#1837 = ADVANCED_FACE ( 'NONE', ( #680858 ), #959593, .F. ) ;
#1838 = VERTEX_POINT ( 'NONE', #959608 ) ;
#1839 = LINE ( 'NONE', #78884, #1851 ) ;
#1840 = ORIENTED_EDGE ( 'NONE', *, *, #1645669, .T. ) ;
#1841 = EDGE_LOOP ( 'NONE', ( #1301355, #1301369, #1301380, #1301391 ) ) ;
#1842 = CARTESIAN_POINT ( 'NONE',  ( -724.8981524428542100, 29.91914154601837300, 14.69375541594860700 ) ) ;
#1843 = CARTESIAN_POINT ( 'NONE',  ( 120.2067163621774300, 56.71089912462846200, 104.9349154417506300 ) ) ;
#1844 = VERTEX_POINT ( 'NONE', #959662 ) ;
#1845 = CARTESIAN_POINT ( 'NONE',  ( -30.92338143711615200, 2.957855173376108900, -2.795144319540662000 ) ) ;
#1846 = CARTESIAN_POINT ( 'NONE',  ( 128.9999999999999700, -18.26801948466054200, -61.80624458405139200 ) ) ;
#1847 = ORIENTED_EDGE ( 'NONE', *, *, #783645, .T. ) ;
#1848 = ADVANCED_FACE ( 'NONE', ( #680793, #680769 ), #959514, .T. ) ;
#1849 = CARTESIAN_POINT ( 'NONE',  ( -435.0000000000000000, 15.50000000000001100, -187.8642516809547700 ) ) ;
#1850 = CARTESIAN_POINT ( 'NONE',  ( 120.3153278552380200, 56.55115145151067000, 104.8966216549583000 ) ) ;
#1851 = VECTOR ( 'NONE', #78871, 1000.000000000000000 ) ;
#1852 = ORIENTED_EDGE ( 'NONE', *, *, #1418228, .T. ) ;
#1853 = ORIENTED_EDGE ( 'NONE', *, *, #548509, .T. ) ;
#1854 = CARTESIAN_POINT ( 'NONE',  ( -32.08468465702813400, 2.107984630268239900, -3.000000000000000900 ) ) ;
#1855 = VERTEX_POINT ( 'NONE', #959724 ) ;
#1856 = PLANE ( 'NONE',  #1814019 ) ;
#1857 = CARTESIAN_POINT ( 'NONE',  ( 109.2733315698848900, 51.21238317761627500, 28.19374920331528900 ) ) ;
#1858 = CARTESIAN_POINT ( 'NONE',  ( -0.4647772300269475400, -20.96624669552055700, -34.06873324344153500 ) ) ;
#1859 = VERTEX_POINT ( 'NONE', #959733 ) ;
#1860 = CARTESIAN_POINT ( 'NONE',  ( 120.7497738274803700, 55.91216075903950200, 104.7434465077889000 ) ) ;
#1861 = VECTOR ( 'NONE', #79198, 1000.000000000000000 ) ;
#1862 = CARTESIAN_POINT ( 'NONE',  ( -32.96927214997570100, 1.466998995885826700, -3.000000000000002700 ) ) ;
#1863 = ORIENTED_EDGE ( 'NONE', *, *, #1645617, .T. ) ;
#1864 = ORIENTED_EDGE ( 'NONE', *, *, #61154, .T. ) ;
#1865 = DIRECTION ( 'NONE',  ( 1.000000000000000000, 0.0000000000000000000, 0.0000000000000000000 ) ) ;
#1866 = CARTESIAN_POINT ( 'NONE',  ( -63.72050612645471500, 5.675174762651712600, -175.0000000000000000 ) ) ;
#1867 = CARTESIAN_POINT ( 'NONE',  ( 142.8775203127076200, -7.684297423302677300, 61.80624458405139200 ) ) ;
#1868 = ORIENTED_EDGE ( 'NONE', *, *, #1282141, .T. ) ;
#1869 = ADVANCED_FACE ( 'NONE', ( #680897 ), #959652, .T. ) ;
#1870 = CARTESIAN_POINT ( 'NONE',  ( -8.695997717291119100, -25.38657746462909900, 18.88845882887662600 ) ) ;
#1871 = CARTESIAN_POINT ( 'NONE',  ( -0.5000000000000000000, -21.39877247275289600, -33.79485961887329600 ) ) ;
#1872 = CARTESIAN_POINT ( 'NONE',  ( 121.1713250167491400, 55.25308193629083300, 104.5907390354461900 ) ) ;
#1873 = ORIENTED_EDGE ( 'NONE', *, *, #1460517, .T. ) ;
#1874 = CARTESIAN_POINT ( 'NONE',  ( -28.25424794371843600, 4.765206240584404000, 0.0000000000000000000 ) ) ;
#1875 = VECTOR ( 'NONE', #78788, 1000.000000000000000 ) ;
#1876 = CARTESIAN_POINT ( 'NONE',  ( 376.5000000000000000, 34.00000000000000000, 4.000000000000000000 ) ) ;
#1877 = SURFACE_SIDE_STYLE ('',( #20151 ) ) ;
#1878 = CARTESIAN_POINT ( 'NONE',  ( 0.0000000000000000000, 0.0000000000000000000, 112.9999999999999700 ) ) ;
#1879 = ORIENTED_EDGE ( 'NONE', *, *, #1418247, .T. ) ;
#1880 = VERTEX_POINT ( 'NONE', #959781 ) ;
#1881 = VERTEX_POINT ( 'NONE', #959790 ) ;
#1882 = CARTESIAN_POINT ( 'NONE',  ( -717.3900341415211400, 18.43546360737623100, 87.24228355337244500 ) ) ;
#1883 = ADVANCED_FACE ( 'NONE', ( #680911 ), #1562807, .T. ) ;
#1884 = CARTESIAN_POINT ( 'NONE',  ( -435.0000000000000000, 122.0475917901292200, -183.8790023003391000 ) ) ;
#1885 = CARTESIAN_POINT ( 'NONE',  ( 121.5880215670383000, 54.58124552006331200, 104.4387957017979100 ) ) ;
#1886 = CARTESIAN_POINT ( 'NONE',  ( -28.26003362679551100, 4.766380275216779900, -0.8316782064836110200 ) ) ;
#1887 = ORIENTED_EDGE ( 'NONE', *, *, #805587, .T. ) ;
#1888 = DIRECTION ( 'NONE',  ( 0.0000000000000000000, 0.0000000000000000000, 1.000000000000000000 ) ) ;
#1889 = SURFACE_STYLE_USAGE ( .BOTH. , #1877 ) ;
#1890 = DIRECTION ( 'NONE',  ( 0.0000000000000000000, 0.0000000000000000000, 1.000000000000000000 ) ) ;
#1891 = LINE ( 'NONE', #79021, #1981 ) ;
#1892 = ORIENTED_EDGE ( 'NONE', *, *, #910132, .T. ) ;
#1893 = EDGE_LOOP ( 'NONE', ( #1302318, #1302331, #1302341, #1302350, #1302360, #1302370 ) ) ;
#1894 = CARTESIAN_POINT ( 'NONE',  ( 108.7464316548183400, 51.74594363543897700, 28.72730966113796600 ) ) ;
#1895 = DIRECTION ( 'NONE',  ( 0.0000000000000000000, 0.0000000000000000000, -1.000000000000000000 ) ) ;
#1896 = VERTEX_POINT ( 'NONE', #959932 ) ;
#1897 = CARTESIAN_POINT ( 'NONE',  ( -720.8977666193709400, 29.91914154601837300, 14.69375541594860700 ) ) ;
#1898 = CARTESIAN_POINT ( 'NONE',  ( 122.0047181173274600, 53.90940910383579200, 104.2868523681496400 ) ) ;
#1899 = CARTESIAN_POINT ( 'NONE',  ( -28.58101306356375200, 4.500718724516970000, -1.587182612746101700 ) ) ;
#1900 = DIRECTION ( 'NONE',  ( -1.000000000000000000, 0.0000000000000000000, 0.0000000000000000000 ) ) ;
#1901 = ( LENGTH_UNIT ( ) NAMED_UNIT ( * ) SI_UNIT ( .MILLI., .METRE. ) );
#1902 = DIRECTION ( 'NONE',  ( 1.000000000000000000, 0.0000000000000000000, 0.0000000000000000000 ) ) ;
#1903 = VERTEX_POINT ( 'NONE', #959939 ) ;
#1904 = ADVANCED_FACE ( 'NONE', ( #680941 ), #959915, .T. ) ;
#1905 = LINE ( 'NONE', #78760, #1915 ) ;
#1906 = CARTESIAN_POINT ( 'NONE',  ( 107.3293231111590000, 53.07634214521453200, 32.69374920331528500 ) ) ;
#1907 = ORIENTED_EDGE ( 'NONE', *, *, #1418263, .T. ) ;
#1908 = ORIENTED_EDGE ( 'NONE', *, *, #815895, .F. ) ;
#1909 = VERTEX_POINT ( 'NONE', #959998 ) ;
#1910 = CARTESIAN_POINT ( 'NONE',  ( 122.4184663613435600, 53.22343497138079700, 104.1356390720068100 ) ) ;
#1911 = CARTESIAN_POINT ( 'NONE',  ( -29.22080218802596400, 3.969951585061938500, -2.159212870271903600 ) ) ;
#1912 = ( NAMED_UNIT ( * ) PLANE_ANGLE_UNIT ( ) SI_UNIT ( $, .RADIAN. ) );
#1913 = ORIENTED_EDGE ( 'NONE', *, *, #395173, .T. ) ;
#1914 = CARTESIAN_POINT ( 'NONE',  ( 24.99999999999998900, 4.282205632784160400, 4.000000000000000000 ) ) ;
#1915 = VECTOR ( 'NONE', #78801, 1000.000000000000000 ) ;
#1916 = ORIENTED_EDGE ( 'NONE', *, *, #909952, .T. ) ;
#1917 = VERTEX_POINT ( 'NONE', #959989 ) ;
#1918 = ADVANCED_FACE ( 'NONE', ( #680528 ), #1558906, .T. ) ;
#1919 = CARTESIAN_POINT ( 'NONE',  ( 55.50112011329133600, 23.97933526856377300, 23.99999999999999600 ) ) ;
#1920 = CARTESIAN_POINT ( 'NONE',  ( 122.8303649914910400, 52.53713530798116000, 103.9857201279486100 ) ) ;
#1921 = VERTEX_POINT ( 'NONE', #959714 ) ;
#1922 = CARTESIAN_POINT ( 'NONE',  ( -29.63496698728158700, 3.625435330098776300, -2.418486040230580800 ) ) ;
#1923 = CARTESIAN_POINT ( 'NONE',  ( 82.78388507872209300, 8.656255330360378900, -146.7473325052412200 ) ) ;
#1924 = ( NAMED_UNIT ( * ) SI_UNIT ( $, .STERADIAN. ) SOLID_ANGLE_UNIT ( ) );
#1925 = CARTESIAN_POINT ( 'NONE',  ( 108.2075056921356000, 52.26735430793767300, 29.24872033363665800 ) ) ;
#1926 = ORIENTED_EDGE ( 'NONE', *, *, #913943, .F. ) ;
#1927 = DIRECTION ( 'NONE',  ( -2.220036693093832500E-016, -6.490319579132113700E-017, -1.000000000000000000 ) ) ;
#1928 = CARTESIAN_POINT ( 'NONE',  ( 123.2422636216385100, 51.85083564458153700, 103.8358011838904200 ) ) ;
#1929 = LINE ( 'NONE', #79147, #1861 ) ;
#1930 = ORIENTED_EDGE ( 'NONE', *, *, #1418278, .T. ) ;
#1931 = ORIENTED_EDGE ( 'NONE', *, *, #548537, .T. ) ;
#1932 = CARTESIAN_POINT ( 'NONE',  ( -30.96027089037244200, 2.531558045985034900, -2.813957674095573400 ) ) ;
#1933 = ORIENTED_EDGE ( 'NONE', *, *, #1282169, .T. ) ;
#1934 = CARTESIAN_POINT ( 'NONE',  ( 142.8775203127076200, -10.81221948466054500, 61.80624458405139900 ) ) ;
#1935 = ADVANCED_FACE ( 'NONE', ( #680966 ), #960146, .T. ) ;
#1936 = CARTESIAN_POINT ( 'NONE',  ( 107.6568337716756200, 52.77634420829520000, 29.75771023399420700 ) ) ;
#1937 = VERTEX_POINT ( 'NONE', #960014 ) ;
#1938 = DIRECTION ( 'NONE',  ( 1.000000000000000000, 0.0000000000000000000, 0.0000000000000000000 ) ) ;
#1939 = CARTESIAN_POINT ( 'NONE',  ( 123.6512544984002500, 51.16274587643108200, 103.6871079242295800 ) ) ;
#1940 = LINE ( 'NONE', #78831, #1954 ) ;
#1941 = CARTESIAN_POINT ( 'NONE',  ( -32.11902793387508800, 1.572583996085815200, -2.999999999999997300 ) ) ;
#1942 = ORIENTED_EDGE ( 'NONE', *, *, #75719, .T. ) ;
#1943 = ORIENTED_EDGE ( 'NONE', *, *, #60484, .T. ) ;
#1944 = CARTESIAN_POINT ( 'NONE',  ( 83.19652772141185400, 8.825533454449214300, -146.2146316729962100 ) ) ;
#1945 = CARTESIAN_POINT ( 'NONE',  ( -703.0000000000000000, 28.74706360668372400, -111.3062445840513700 ) ) ;
#1946 = CARTESIAN_POINT ( 'NONE',  ( 0.0000000000000000000, 0.0000000000000000000, 112.8224385344515600 ) ) ;
#1947 = VERTEX_POINT ( 'NONE', #960210 ) ;
#1948 = DIRECTION ( 'NONE',  ( 0.0000000000000000000, 0.0000000000000000000, 1.000000000000000000 ) ) ;
#1949 = ADVANCED_FACE ( 'NONE', ( #680884 ), #960189, .T. ) ;
#1950 = DIRECTION ( 'NONE',  ( -0.0000000000000000000, 1.000000000000000000, -0.0000000000000000000 ) ) ;
#1951 = CARTESIAN_POINT ( 'NONE',  ( 124.0573106962163300, 50.47286763862420100, 103.5396373098022700 ) ) ;
#1952 = VERTEX_POINT ( 'NONE', #960203 ) ;
#1953 = CARTESIAN_POINT ( 'NONE',  ( -32.99106212203322000, 0.8486448033527165300, -2.999999999999996400 ) ) ;
#1954 = VECTOR ( 'NONE', #79006, 1000.000000000000000 ) ;
#1955 = CARTESIAN_POINT ( 'NONE',  ( 115.8128277987254100, 49.87769046339600700, 56.77696384232611800 ) ) ;
#1956 = DIRECTION ( 'NONE',  ( 0.0000000000000000000, -0.7071067811865475700, 0.7071067811865475700 ) ) ;
#1957 = DIRECTION ( 'NONE',  ( -0.0000000000000000000, -0.0000000000000000000, 1.000000000000000000 ) ) ;
#1958 = ORIENTED_EDGE ( 'NONE', *, *, #1418296, .T. ) ;
#1959 = EDGE_LOOP ( 'NONE', ( #1301403, #1301413, #1301426, #1301436, #1301447, #1301456 ) ) ;
#1960 = VERTEX_POINT ( 'NONE', #960262 ) ;
#1961 = CARTESIAN_POINT ( 'NONE',  ( 60.67617607013176000, 24.09644669779709100, 23.99999999999999600 ) ) ;
#1962 = CARTESIAN_POINT ( 'NONE',  ( 124.8694230918485200, 49.09311116301041300, 103.2446960809476300 ) ) ;
#1963 = CARTESIAN_POINT ( 'NONE',  ( -28.14341869808257700, 4.638120205020749500, 0.0000000000000000000 ) ) ;
#1964 = ORIENTED_EDGE ( 'NONE', *, *, #778127, .F. ) ;
#1965 = CARTESIAN_POINT ( 'NONE',  ( -328.5000000000000600, 11.99999999999997900, 59.00000000000023400 ) ) ;
#1966 = DIRECTION ( 'NONE',  ( 0.0000000000000000000, -0.7071067811865474600, -0.7071067811865474600 ) ) ;
#1967 = DIRECTION ( 'NONE',  ( 1.000000000000000000, 0.0000000000000000000, 0.0000000000000000000 ) ) ;
#1968 = ADVANCED_FACE ( 'NONE', ( #680978 ), #960242, .T. ) ;
#1969 = LINE ( 'NONE', #79098, #2011 ) ;
#1970 = ORIENTED_EDGE ( 'NONE', *, *, #75665, .T. ) ;
#1971 = VERTEX_POINT ( 'NONE', #960270 ) ;
#1972 = CARTESIAN_POINT ( 'NONE',  ( 27.30106311305835500, 51.40406089715984500, 12.00000000000000000 ) ) ;
#1973 = ORIENTED_EDGE ( 'NONE', *, *, #1282199, .F. ) ;
#1974 = CARTESIAN_POINT ( 'NONE',  ( -435.0000000000000000, 12.50000000000001100, -187.8642516809547700 ) ) ;
#1975 = CARTESIAN_POINT ( 'NONE',  ( 125.6697950029043700, 47.70620368810968900, 102.9546453722073100 ) ) ;
#1976 = CARTESIAN_POINT ( 'NONE',  ( -28.15401628469216500, 4.657836232773370000, -0.8979997409292601600 ) ) ;
#1977 = DIRECTION ( 'NONE',  ( -1.000000000000000000, 0.0000000000000000000, 0.0000000000000000000 ) ) ;
#1978 = FILL_AREA_STYLE_COLOUR ( '', #20323 ) ;
#1979 = CARTESIAN_POINT ( 'NONE',  ( 36.50000000000000700, 73.98648525237568700, 112.8224385344515600 ) ) ;
#1980 = ORIENTED_EDGE ( 'NONE', *, *, #1460580, .T. ) ;
#1981 = VECTOR ( 'NONE', #79085, 1000.000000000000000 ) ;
#1982 = DIRECTION ( 'NONE',  ( 0.0000000000000000000, 0.0000000000000000000, 1.000000000000000000 ) ) ;
#1983 = DIRECTION ( 'NONE',  ( -0.0000000000000000000, -0.0000000000000000000, 1.000000000000000000 ) ) ;
#1984 = ORIENTED_EDGE ( 'NONE', *, *, #1418313, .F. ) ;
#1985 = ORIENTED_EDGE ( 'NONE', *, *, #815905, .T. ) ;
#1986 = VERTEX_POINT ( 'NONE', #960310 ) ;
#1987 = ADVANCED_FACE ( 'NONE', ( #680926 ), #1564661, .T. ) ;
#1988 = CARTESIAN_POINT ( 'NONE',  ( -720.9711466444019800, 27.45518051533947500, -7.806244584051403200 ) ) ;
#1989 = CARTESIAN_POINT ( 'NONE',  ( 126.4582172686449300, 46.31214918109886700, 102.6694621749057200 ) ) ;
#1990 = CARTESIAN_POINT ( 'NONE',  ( -28.50923648073456800, 4.349647541724343600, -1.704750190543208500 ) ) ;
#1991 = DIRECTION ( 'NONE',  ( 0.0000000000000000000, 0.0000000000000000000, 1.000000000000000000 ) ) ;
#1992 = DIRECTION ( 'NONE',  ( 0.9848077530122086900, 0.1736481776669268600, 0.0000000000000000000 ) ) ;
#1993 = CARTESIAN_POINT ( 'NONE',  ( 36.50000000000000700, 73.24766973738549300, 113.9042694260505300 ) ) ;
#1994 = ORIENTED_EDGE ( 'NONE', *, *, #805607, .T. ) ;
#1995 = CARTESIAN_POINT ( 'NONE',  ( 109.2733315698848900, 51.21238317761628200, -90.00000000000002800 ) ) ;
#1996 = DIRECTION ( 'NONE',  ( -1.000000000000000000, 0.0000000000000000000, 0.0000000000000000000 ) ) ;
#1997 = LINE ( 'NONE', #79233, #2088 ) ;
#1998 = ORIENTED_EDGE ( 'NONE', *, *, #1643392, .T. ) ;
#1999 = VERTEX_POINT ( 'NONE', #960489 ) ;
#2000 = DIRECTION ( 'NONE',  ( 0.0000000000000000000, 0.0000000000000000000, 1.000000000000000000 ) ) ;
#2001 = CARTESIAN_POINT ( 'NONE',  ( 128.0350618001259600, 43.52404016707720300, 102.0990957803025300 ) ) ;
#2002 = VERTEX_POINT ( 'NONE', #960499 ) ;
#2003 = CARTESIAN_POINT ( 'NONE',  ( -29.19465621016109600, 3.734527420093085100, -2.261709029198466100 ) ) ;
#2004 = CARTESIAN_POINT ( 'NONE',  ( 378.6000000000000800, 34.00000000000000000, 4.000000000000000000 ) ) ;
#2005 = CARTESIAN_POINT ( 'NONE',  ( 36.50000000000000700, 72.87770460824189900, 114.4447784486152800 ) ) ;
#2006 = ADVANCED_FACE ( 'NONE', ( #681013 ), #960473, .T. ) ;
#2007 = DIRECTION ( 'NONE',  ( 1.000000000000000000, 0.0000000000000000000, 0.0000000000000000000 ) ) ;
#2008 = VERTEX_POINT ( 'NONE', #960481 ) ;
#2009 = CARTESIAN_POINT ( 'NONE',  ( -720.9756295727750100, 26.82319999999999300, -7.174242007354073400 ) ) ;
#2010 = CARTESIAN_POINT ( 'NONE',  ( 129.5642299083211000, 40.70715793672279400, 101.5481972560793800 ) ) ;
#2011 = VECTOR ( 'NONE', #79136, 1000.000000000000200 ) ;
#2012 = ORIENTED_EDGE ( 'NONE', *, *, #1418325, .F. ) ;
#2013 = EDGE_LOOP ( 'NONE', ( #1301467, #1301477, #1301486, #1301496 ) ) ;
#2014 = CARTESIAN_POINT ( 'NONE',  ( -29.63693021717079300, 3.333520097667038100, -2.489463676551245900 ) ) ;
#2015 = VERTEX_POINT ( 'NONE', #960553 ) ;
#2016 = CARTESIAN_POINT ( 'NONE',  ( 83.54309974663731000, 8.989382699917202400, -145.6435132445198000 ) ) ;
#2017 = DIRECTION ( 'NONE',  ( 0.1736481776669272200, -0.9848077530122085800, -0.0000000000000000000 ) ) ;
#2018 = CARTESIAN_POINT ( 'NONE',  ( 106.7389754514585400, 53.61223030620887900, 33.22963736430965300 ) ) ;
#2019 = VERTEX_POINT ( 'NONE', #960563 ) ;
#2020 = ADVANCED_FACE ( 'NONE', ( #680873 ), #1560444, .T. ) ;
#2021 = CARTESIAN_POINT ( 'NONE',  ( 131.0451034388394500, 37.86299152367707400, 101.0169005804870500 ) ) ;
#2022 = LINE ( 'NONE', #79210, #2061 ) ;
#2023 = CARTESIAN_POINT ( 'NONE',  ( -30.98308325804710600, 2.102350735941084000, -2.832771028650491900 ) ) ;
#2024 = ORIENTED_EDGE ( 'NONE', *, *, #1643275, .T. ) ;
#2025 = ORIENTED_EDGE ( 'NONE', *, *, #548570, .T. ) ;
#2026 = CARTESIAN_POINT ( 'NONE',  ( 83.85838085439333200, 9.146500637124422200, -144.8513066442337200 ) ) ;
#2027 = CARTESIAN_POINT ( 'NONE',  ( 142.9836957644847400, -9.248258453981609500, 60.24228355337246700 ) ) ;
#2028 = VERTEX_POINT ( 'NONE', #960708 ) ;
#2029 = CARTESIAN_POINT ( 'NONE',  ( -721.2733788763574700, 16.87150257669730300, 88.80624458405138500 ) ) ;
#2030 = CARTESIAN_POINT ( 'NONE',  ( -0.5000000000000000000, 0.0000000000000000000, 0.0000000000000000000 ) ) ;
#2031 = CARTESIAN_POINT ( 'NONE',  ( -720.9282912888717200, 29.91914154601837300, 12.30624458405139200 ) ) ;
#2032 = CARTESIAN_POINT ( 'NONE',  ( -157.1472826073408000, 93.19152475275399200, 153.0653582023895200 ) ) ;
#2033 = ORIENTED_EDGE ( 'NONE', *, *, #222826, .T. ) ;
#2034 = CARTESIAN_POINT ( 'NONE',  ( -32.14007322599248100, 1.027415972703266300, -3.000000000000003600 ) ) ;
#2035 = VECTOR ( 'NONE', #79549, 1000.000000000000100 ) ;
#2036 = CARTESIAN_POINT ( 'NONE',  ( 83.91543973290187400, 9.175484267441653700, -144.6883134593059600 ) ) ;
#2037 = PLANE ( 'NONE',  #1814107 ) ;
#2038 = ORIENTED_EDGE ( 'NONE', *, *, #1418342, .F. ) ;
#2039 = ORIENTED_EDGE ( 'NONE', *, *, #1638723, .T. ) ;
#2040 = ADVANCED_FACE ( 'NONE', ( #681041, #680954 ), #960714, .T. ) ;
#2041 = ORIENTED_EDGE ( 'NONE', *, *, #1282228, .T. ) ;
#2042 = CARTESIAN_POINT ( 'NONE',  ( 106.1358128700092000, 54.13365276520653400, 33.75105982330728700 ) ) ;
#2043 = DIRECTION ( 'NONE',  ( -1.000000000000000000, -0.0000000000000000000, -0.0000000000000000000 ) ) ;
#2044 = CARTESIAN_POINT ( 'NONE',  ( -435.0000000000000600, 10.13938527383489900, -174.7686361897627300 ) ) ;
#2045 = CARTESIAN_POINT ( 'NONE',  ( -131.2959584780051300, 92.72275317920335200, 148.8065586813494300 ) ) ;
#2046 = CARTESIAN_POINT ( 'NONE',  ( -33.00137039954803700, 0.2156645039833357000, -3.000000000000002200 ) ) ;
#2047 = ORIENTED_EDGE ( 'NONE', *, *, #914077, .T. ) ;
#2048 = CARTESIAN_POINT ( 'NONE',  ( 84.01374876057249700, 9.226006809586117200, -144.3604509370695700 ) ) ;
#2049 = CARTESIAN_POINT ( 'NONE',  ( 100.2362098862371300, 61.00000000000005700, 129.0000000000000300 ) ) ;
#2050 = LINE ( 'NONE', #79283, #2075 ) ;
#2051 = ORIENTED_EDGE ( 'NONE', *, *, #1643167, .T. ) ;
#2052 = VERTEX_POINT ( 'NONE', #960536 ) ;
#2053 = DIRECTION ( 'NONE',  ( 0.0000000000000000000, 0.0000000000000000000, -1.000000000000000000 ) ) ;
#2054 = VERTEX_POINT ( 'NONE', #960739 ) ;
#2055 = ADVANCED_FACE ( 'NONE', ( #681028 ), #960748, .T. ) ;
#2056 = CARTESIAN_POINT ( 'NONE',  ( -105.4435080759944900, 92.25444250719539200, 144.5478052602179800 ) ) ;
#2057 = CARTESIAN_POINT ( 'NONE',  ( -28.07000231504636300, 4.561499008476413800, 0.0000000000000000000 ) ) ;
#2058 = CARTESIAN_POINT ( 'NONE',  ( 84.05534973607387900, 9.247716333248725100, -144.1948185188100500 ) ) ;
#2059 = FILL_AREA_STYLE ('',( #1978 ) ) ;
#2060 = VERTEX_POINT ( 'NONE', #960756 ) ;
#2061 = VECTOR ( 'NONE', #79257, 1000.000000000000200 ) ;
#2062 = CARTESIAN_POINT ( 'NONE',  ( 105.5201897371116400, 54.64030317589345000, 34.25771023399420300 ) ) ;
#2063 = DIRECTION ( 'NONE',  ( -0.0000000000000000000, -0.0000000000000000000, -1.000000000000000000 ) ) ;
#2064 = ORIENTED_EDGE ( 'NONE', *, *, #1418359, .F. ) ;
#2065 = EDGE_LOOP ( 'NONE', ( #1302697, #1302710, #1302723, #1302735, #1302744, #1302754 ) ) ;
#2066 = VERTEX_POINT ( 'NONE', #960813 ) ;
#2067 = CARTESIAN_POINT ( 'NONE',  ( -79.58969540735427000, 91.78749328679300800, 140.2891635311670500 ) ) ;
#2068 = CARTESIAN_POINT ( 'NONE',  ( -28.07587708331695700, 4.574400798639100400, -0.9201069190778096200 ) ) ;
#2069 = CARTESIAN_POINT ( 'NONE',  ( 84.15637370725637800, 9.300808264777543900, -143.6924853856055800 ) ) ;
#2070 = SURFACE_SIDE_STYLE ('',( #20337 ) ) ;
#2071 = CARTESIAN_POINT ( 'NONE',  ( 142.9836957644847400, -12.97613639262375100, 60.24228355337245900 ) ) ;
#2072 = ADVANCED_FACE ( 'NONE', ( #681080 ), #626008, .T. ) ;
#2073 = VERTEX_POINT ( 'NONE', #960806 ) ;
#2074 = CARTESIAN_POINT ( 'NONE',  ( 4.500000000000040900, 7.489984963523538100E-015, 0.5000000000000000000 ) ) ;
#2075 = VECTOR ( 'NONE', #79410, 1000.000000000000100 ) ;
#2076 = ORIENTED_EDGE ( 'NONE', *, *, #1645709, .T. ) ;
#2077 = ORIENTED_EDGE ( 'NONE', *, *, #815916, .F. ) ;
#2078 = CARTESIAN_POINT ( 'NONE',  ( -720.8748442196830400, 31.48310257669729900, 16.25771644662753700 ) ) ;
#2079 = CARTESIAN_POINT ( 'NONE',  ( -53.73588273871403900, 91.32054406639062400, 136.0305218021161100 ) ) ;
#2080 = VERTEX_POINT ( 'NONE', #960988 ) ;
#2081 = CARTESIAN_POINT ( 'NONE',  ( -28.43658926283519200, 4.235436372021317700, -1.743939383142243600 ) ) ;
#2082 = CARTESIAN_POINT ( 'NONE',  ( 84.19212680332941500, 9.320099433418953100, -143.3496429403122600 ) ) ;
#2083 = SURFACE_STYLE_USAGE ( .BOTH. , #2070 ) ;
#2084 = CARTESIAN_POINT ( 'NONE',  ( 0.0000000000000000000, 0.0000000000000000000, 114.4447784486152800 ) ) ;
#2085 = ORIENTED_EDGE ( 'NONE', *, *, #777023, .F. ) ;
#2086 = ADVANCED_FACE ( 'NONE', ( #681092 ), #626029, .T. ) ;
#2087 = CARTESIAN_POINT ( 'NONE',  ( -27.88093909499333000, 90.85430089302568000, 131.7719335053944600 ) ) ;
#2088 = VECTOR ( 'NONE', #79334, 1000.000000000000000 ) ;
#2089 = ORIENTED_EDGE ( 'NONE', *, *, #1418373, .F. ) ;
#2090 = VERTEX_POINT ( 'NONE', #961195 ) ;
#2091 = CARTESIAN_POINT ( 'NONE',  ( -29.13270353891375200, 3.567472616134179200, -2.295874415507318300 ) ) ;
#2092 = VERTEX_POINT ( 'NONE', #961204 ) ;
#2093 = CARTESIAN_POINT ( 'NONE',  ( 84.19212680332938700, 9.320099433418956600, -143.0000000000000300 ) ) ;
#2094 = ( LENGTH_UNIT ( ) NAMED_UNIT ( * ) SI_UNIT ( .MILLI., .METRE. ) );
#2095 = DIRECTION ( 'NONE',  ( -0.0000000000000000000, -0.0000000000000000000, 1.000000000000000000 ) ) ;
#2096 = CARTESIAN_POINT ( 'NONE',  ( -0.4852107886939952500, -31.37123920941237300, -24.81659253654160200 ) ) ;
#2097 = ORIENTED_EDGE ( 'NONE', *, *, #896086, .T. ) ;
#2098 = CARTESIAN_POINT ( 'NONE',  ( -2.025523968409970600, 90.37796650782915700, 127.5126576427780800 ) ) ;
#2099 = LINE ( 'NONE', #79380, #2035 ) ;
#2100 = CARTESIAN_POINT ( 'NONE',  ( -29.58387818896306200, 3.131883651531087100, -2.513122888658132500 ) ) ;
#2101 = ORIENTED_EDGE ( 'NONE', *, *, #75794, .T. ) ;
#2102 = ORIENTED_EDGE ( 'NONE', *, *, #548600, .T. ) ;
#2103 = ( NAMED_UNIT ( * ) PLANE_ANGLE_UNIT ( ) SI_UNIT ( $, .RADIAN. ) );
#2104 = DIRECTION ( 'NONE',  ( 1.000000000000000000, 0.0000000000000000000, 0.0000000000000000000 ) ) ;
#2105 = ORIENTED_EDGE ( 'NONE', *, *, #1282257, .T. ) ;
#2106 = ADVANCED_FACE ( 'NONE', ( #681054 ), #626053, .T. ) ;
#2107 = CARTESIAN_POINT ( 'NONE',  ( 105.5201897371116100, 54.64030317589345700, 28.74227734073912500 ) ) ;
#2108 = CARTESIAN_POINT ( 'NONE',  ( -435.0000000000000000, 12.50000000000001100, -175.2039580810572700 ) ) ;
#2109 = CARTESIAN_POINT ( 'NONE',  ( -1.217542245704241300, 90.36308105829176900, 127.3795552720713100 ) ) ;
#2110 = ORIENTED_EDGE ( 'NONE', *, *, #385031, .T. ) ;
#2111 = CARTESIAN_POINT ( 'NONE',  ( -30.94577573172126600, 1.807264780151004700, -2.839042146835462100 ) ) ;
#2112 = VECTOR ( 'NONE', #79677, 1000.000000000000000 ) ;
#2113 = CARTESIAN_POINT ( 'NONE',  ( 21.51858428704215600, -11.49999999999988500, 0.0000000000000000000 ) ) ;
#2114 = ( NAMED_UNIT ( * ) SI_UNIT ( $, .STERADIAN. ) SOLID_ANGLE_UNIT ( ) );
#2115 = CARTESIAN_POINT ( 'NONE',  ( 142.7101618711209300, -7.684297423302679100, 64.19375541594861500 ) ) ;
#2116 = ORIENTED_EDGE ( 'NONE', *, *, #1418393, .F. ) ;
#2117 = ORIENTED_EDGE ( 'NONE', *, *, #1638638, .T. ) ;
#2118 = VERTEX_POINT ( 'NONE', #961222 ) ;
#2119 = DIRECTION ( 'NONE',  ( 0.0000000000000000000, 0.0000000000000000000, 1.000000000000000000 ) ) ;
#2120 = CARTESIAN_POINT ( 'NONE',  ( -0.4690760745954879500, -31.45393632250749500, -24.71169098298279100 ) ) ;
#2121 = ADVANCED_FACE ( 'NONE', ( #681133 ), #681180, .T. ) ;
#2122 = CARTESIAN_POINT ( 'NONE',  ( 56.53060764075983300, 19.75890564357133900, 23.99999999999999600 ) ) ;
#2123 = CARTESIAN_POINT ( 'NONE',  ( -0.4094361741990376100, 90.34847816922935200, 127.2464669555836700 ) ) ;
#2124 = CARTESIAN_POINT ( 'NONE',  ( -32.12174190581821200, 0.6521944100555394600, -3.000000000000002700 ) ) ;
#2125 = VERTEX_POINT ( 'NONE', #961506 ) ;
#2126 = DIRECTION ( 'NONE',  ( -0.0000000000000000000, -0.0000000000000000000, -1.000000000000000000 ) ) ;
#2127 = DIRECTION ( 'NONE',  ( 0.0000000000000000000, 0.0000000000000000000, -1.000000000000000000 ) ) ;
#2128 = LINE ( 'NONE', #79350, #2141 ) ;
#2129 = ORIENTED_EDGE ( 'NONE', *, *, #909840, .T. ) ;
#2130 = EDGE_LOOP ( 'NONE', ( #1301559, #1301570, #1301581, #1301592 ) ) ;
#2131 = CARTESIAN_POINT ( 'NONE',  ( 107.3293231111590000, 53.07634214521453200, -90.00000000000002800 ) ) ;
#2132 = CARTESIAN_POINT ( 'NONE',  ( 0.0000000000000000000, 0.0000000000000000000, 12.00000000000000000 ) ) ;
#2133 = VERTEX_POINT ( 'NONE', #961524 ) ;
#2134 = DIRECTION ( 'NONE',  ( -2.220036693093832500E-016, -6.490319579132113700E-017, -1.000000000000000000 ) ) ;
#2135 = CARTESIAN_POINT ( 'NONE',  ( 0.3969397397165130300, 90.33283448438292900, 127.1133266873118400 ) ) ;
#2136 = CARTESIAN_POINT ( 'NONE',  ( -33.00001578274110200, -0.2179880081893254000, -3.000000000000000400 ) ) ;
#2137 = CARTESIAN_POINT ( 'NONE',  ( -703.0000000000000000, 29.37904412202318800, -109.8257359312880500 ) ) ;
#2138 = CARTESIAN_POINT ( 'NONE',  ( 142.9207568580695000, -12.04420000000000500, 61.17421994599619900 ) ) ;
#2139 = VERTEX_POINT ( 'NONE', #961535 ) ;
#2140 = ADVANCED_FACE ( 'NONE', ( #681163 ), #626076, .T. ) ;
#2141 = VECTOR ( 'NONE', #79479, 1000.000000000000000 ) ;
#2142 = CARTESIAN_POINT ( 'NONE',  ( 44.97250659263763600, 53.01346652052693300, -90.15047899453534800 ) ) ;
#2143 = DIRECTION ( 'NONE',  ( 0.0000000000000000000, 0.0000000000000000000, -1.000000000000000000 ) ) ;
#2144 = ORIENTED_EDGE ( 'NONE', *, *, #1418411, .F. ) ;
#2145 = VERTEX_POINT ( 'NONE', #961687 ) ;
#2146 = VERTEX_POINT ( 'NONE', #961693 ) ;
#2147 = DIRECTION ( 'NONE',  ( 1.000000000000000000, 0.0000000000000000000, 0.0000000000000000000 ) ) ;
#2148 = CARTESIAN_POINT ( 'NONE',  ( 1.203315653632063700, 90.31719079953650500, 126.9801864190400200 ) ) ;
#2149 = CARTESIAN_POINT ( 'NONE',  ( -27.98901226154741200, 4.480508954977467300, 0.0000000000000000000 ) ) ;
#2150 = DIRECTION ( 'NONE',  ( 0.0000000000000000000, -1.000000000000000000, 1.277744513902812000E-016 ) ) ;
#2151 = CARTESIAN_POINT ( 'NONE',  ( 100.2362098862371300, -1.499999999999987600, 115.0000000000001600 ) ) ;
#2152 = ORIENTED_EDGE ( 'NONE', *, *, #222783, .F. ) ;
#2153 = CARTESIAN_POINT ( 'NONE',  ( 106.1358128700091600, 54.13365276520654800, 29.24892775142604200 ) ) ;
#2154 = DIRECTION ( 'NONE',  ( -1.000000000000000000, 0.0000000000000000000, 0.0000000000000000000 ) ) ;
#2155 = LINE ( 'NONE', #79615, #2112 ) ;
#2156 = ORIENTED_EDGE ( 'NONE', *, *, #909672, .T. ) ;
#2157 = ORIENTED_EDGE ( 'NONE', *, *, #815905, .F. ) ;
#2158 = ADVANCED_FACE ( 'NONE', ( #681204 ), #626102, .T. ) ;
#2159 = CARTESIAN_POINT ( 'NONE',  ( 2.007930123754747800, 90.30020038975224800, 126.8469779256515900 ) ) ;
#2160 = VERTEX_POINT ( 'NONE', #961675 ) ;
#2161 = CARTESIAN_POINT ( 'NONE',  ( -27.98180586622861900, 4.464682730699415500, -0.9201069190778096200 ) ) ;
#2162 = DIRECTION ( 'NONE',  ( 0.0000000000000000000, -1.277744513902812000E-016, -1.000000000000000000 ) ) ;
#2163 = CARTESIAN_POINT ( 'NONE',  ( 100.2362098862371300, -1.499999999999987600, 129.0000000000000300 ) ) ;
#2164 = CARTESIAN_POINT ( 'NONE',  ( -6.009856332128957300, -19.03359571356021000, 16.48825739633304700 ) ) ;
#2165 = CARTESIAN_POINT ( 'NONE',  ( -0.5000000000000000000, -31.28784906393664000, -24.92128610149001800 ) ) ;
#2166 = ORIENTED_EDGE ( 'NONE', *, *, #789828, .T. ) ;
#2167 = CARTESIAN_POINT ( 'NONE',  ( -434.9999999999999400, 7.789645663723288900, -174.2724755556154200 ) ) ;
#2168 = CARTESIAN_POINT ( 'NONE',  ( 2.812301316778901100, 90.28024429634443500, 126.7136219971109800 ) ) ;
#2169 = VECTOR ( 'NONE', #79890, 1000.000000000000000 ) ;
#2170 = ORIENTED_EDGE ( 'NONE', *, *, #1418427, .T. ) ;
#2171 = EDGE_LOOP ( 'NONE', ( #1301917, #1301928, #1301939, #1301949 ) ) ;
#2172 = CARTESIAN_POINT ( 'NONE',  ( -28.33047079641186300, 4.089340509178071200, -1.743939383142243600 ) ) ;
#2173 = ORIENTED_EDGE ( 'NONE', *, *, #1282281, .F. ) ;
#2174 = FILL_AREA_STYLE_COLOUR ( '', #20500 ) ;
#2175 = ADVANCED_FACE ( 'NONE', ( #681227 ), #681257, .T. ) ;
#2176 = CARTESIAN_POINT ( 'NONE',  ( 106.7389754514585000, 53.61223030620890000, 29.77035021042368600 ) ) ;
#2177 = CARTESIAN_POINT ( 'NONE',  ( -0.4517807365248902600, -31.53596658916721300, -24.60656033026414800 ) ) ;
#2178 = VERTEX_POINT ( 'NONE', #962261 ) ;
#2179 = CARTESIAN_POINT ( 'NONE',  ( -434.9999999999998300, 3.122763639480595500, -173.1618230490556100 ) ) ;
#2180 = CARTESIAN_POINT ( 'NONE',  ( 4.421043702827207200, 90.24033210952876500, 126.4469101400297600 ) ) ;
#2181 = LINE ( 'NONE', #79522, #2195 ) ;
#2182 = CARTESIAN_POINT ( 'NONE',  ( -29.01781826538796600, 3.367461673587809100, -2.295874415507318300 ) ) ;
#2183 = ORIENTED_EDGE ( 'NONE', *, *, #909512, .T. ) ;
#2184 = ORIENTED_EDGE ( 'NONE', *, *, #548630, .T. ) ;
#2185 = CARTESIAN_POINT ( 'NONE',  ( 116.2256281598196500, 49.34842214693733800, 57.30623215878477300 ) ) ;
#2186 = DIRECTION ( 'NONE',  ( 0.1391731009600661900, 0.9902680687415701400, 0.0000000000000000000 ) ) ;
#2187 = DIRECTION ( 'NONE',  ( 0.0000000000000000000, -1.000000000000000000, 0.0000000000000000000 ) ) ;
#2188 = VERTEX_POINT ( 'NONE', #962285 ) ;
#2189 = CARTESIAN_POINT ( 'NONE',  ( 103.5168225113110200, 56.20426420657238300, 30.30623837141804700 ) ) ;
#2190 = ADVANCED_FACE ( 'NONE', ( #681240 ), #626128, .T. ) ;
#2191 = CARTESIAN_POINT ( 'NONE',  ( -435.0000000000000600, 0.8040117694101791600, -172.5469009146011400 ) ) ;
#2192 = CARTESIAN_POINT ( 'NONE',  ( 6.029267033967524700, 90.18975380518483600, 126.1796712491392300 ) ) ;
#2193 = VERTEX_POINT ( 'NONE', #962275 ) ;
#2194 = CARTESIAN_POINT ( 'NONE',  ( -29.46853613339932600, 2.897625330520520000, -2.513122888658132500 ) ) ;
#2195 = VECTOR ( 'NONE', #79597, 1000.000000000000000 ) ;
#2196 = CARTESIAN_POINT ( 'NONE',  ( 334.9999999999993200, 33.04706360737622400, 0.0000000000000000000 ) ) ;
#2197 = CARTESIAN_POINT ( 'NONE',  ( 100.2362098862371300, 50.86916345096845000, 129.0000000000000300 ) ) ;
#2198 = ORIENTED_EDGE ( 'NONE', *, *, #1418444, .F. ) ;
#2199 = VERTEX_POINT ( 'NONE', #962470 ) ;
#2200 = VERTEX_POINT ( 'NONE', #962481 ) ;
#2201 = CARTESIAN_POINT ( 'NONE',  ( 107.3293231111590000, 53.07634214521453200, 30.30623837141804700 ) ) ;
#2202 = DIRECTION ( 'NONE',  ( 1.000000000000000000, 0.0000000000000000000, 0.0000000000000000000 ) ) ;
#2203 = CARTESIAN_POINT ( 'NONE',  ( -435.0000000000000000, -1.499999999999993600, -171.8721761528452400 ) ) ;
#2204 = CARTESIAN_POINT ( 'NONE',  ( 7.636899406552893200, 90.12891485384417900, 125.9119520921523900 ) ) ;
#2205 = CARTESIAN_POINT ( 'NONE',  ( -30.85084961607945100, 1.469583262382258900, -2.839042146835462100 ) ) ;
#2206 = ORIENTED_EDGE ( 'NONE', *, *, #783675, .F. ) ;
#2207 = DIRECTION ( 'NONE',  ( 0.0000000000000000000, -1.000000000000000000, -0.0000000000000000000 ) ) ;
#2208 = DIRECTION ( 'NONE',  ( 0.9902680687415703600, -0.1391731009600654700, -0.0000000000000000000 ) ) ;
#2209 = CARTESIAN_POINT ( 'NONE',  ( 100.2362098862371300, -1.499999999999987600, 129.0000000000000300 ) ) ;
#2210 = ADVANCED_FACE ( 'NONE', ( #681285 ), #626149, .T. ) ;
#2211 = LINE ( 'NONE', #79693, #2246 ) ;
#2212 = ORIENTED_EDGE ( 'NONE', *, *, #909343, .T. ) ;
#2213 = ORIENTED_EDGE ( 'NONE', *, *, #60985, .T. ) ;
#2214 = CARTESIAN_POINT ( 'NONE',  ( -25.00000000000001400, 36.48849553286245100, 4.000000000000000000 ) ) ;
#2215 = VERTEX_POINT ( 'NONE', #962780 ) ;
#2216 = CARTESIAN_POINT ( 'NONE',  ( 10.85216415172363800, 90.00723695116289500, 125.3765137781787300 ) ) ;
#2217 = CARTESIAN_POINT ( 'NONE',  ( -32.07011237476734800, 0.2246882715443987700, -3.000000000000002700 ) ) ;
#2218 = DIRECTION ( 'NONE',  ( 0.0000000000000000000, 0.0000000000000000000, 1.000000000000000000 ) ) ;
#2219 = CARTESIAN_POINT ( 'NONE',  ( 142.7101618711209600, -14.54009742330267200, 64.19375541594861500 ) ) ;
#2220 = ORIENTED_EDGE ( 'NONE', *, *, #895658, .F. ) ;
#2221 = LINE ( 'NONE', #79782, #2169 ) ;
#2222 = ORIENTED_EDGE ( 'NONE', *, *, #1418458, .T. ) ;
#2223 = EDGE_LOOP ( 'NONE', ( #1301781, #1301793, #1301806, #1301818 ) ) ;
#2224 = VERTEX_POINT ( 'NONE', #962489 ) ;
#2225 = ADVANCED_FACE ( 'NONE', ( #681270 ), #626174, .T. ) ;
#2226 = CARTESIAN_POINT ( 'NONE',  ( -724.9447169375785100, 26.82319999999998900, -10.82575799264592900 ) ) ;
#2227 = CARTESIAN_POINT ( 'NONE',  ( 14.06515043988194700, 89.84495044884781100, 124.8391815668466600 ) ) ;
#2228 = CARTESIAN_POINT ( 'NONE',  ( -32.99349819290471000, -0.7086230870043044300, -3.000000000000000400 ) ) ;
#2229 = PLANE ( 'NONE',  #1814208 ) ;
#2230 = DIRECTION ( 'NONE',  ( -0.0000000000000000000, -1.000000000000000000, -0.0000000000000000000 ) ) ;
#2231 = ORIENTED_EDGE ( 'NONE', *, *, #381023, .F. ) ;
#2232 = LINE ( 'NONE', #79767, #2272 ) ;
#2233 = ORIENTED_EDGE ( 'NONE', *, *, #909170, .T. ) ;
#2234 = VERTEX_POINT ( 'NONE', #962980 ) ;
#2235 = CARTESIAN_POINT ( 'NONE',  ( 17.27451197782981000, 89.64341838438237200, 124.3001982952950300 ) ) ;
#2236 = ORIENTED_EDGE ( 'NONE', *, *, #1282311, .T. ) ;
#2237 = CARTESIAN_POINT ( 'NONE',  ( -27.89980141408626600, 4.396111865363887500, 0.0000000000000000000 ) ) ;
#2238 = CARTESIAN_POINT ( 'NONE',  ( 67.92708718850285300, 17.50390752239418600, -174.9999999999998600 ) ) ;
#2239 = FILL_AREA_STYLE_COLOUR ( '', #20678 ) ;
#2240 = ADVANCED_FACE ( 'NONE', ( #681337 ), #681360, .T. ) ;
#2241 = CARTESIAN_POINT ( 'NONE',  ( 104.1979690892407000, 55.70020655476700000, 29.80218071961267500 ) ) ;
#2242 = DIRECTION ( 'NONE',  ( 0.0000000000000000000, 0.0000000000000000000, 1.000000000000000000 ) ) ;
#2243 = VERTEX_POINT ( 'NONE', #963000 ) ;
#2244 = CARTESIAN_POINT ( 'NONE',  ( -720.9507977886651100, 27.45518051533945300, -10.19375541594860100 ) ) ;
#2245 = CARTESIAN_POINT ( 'NONE',  ( 23.69323505372552300, 89.24035425545150700, 123.2222317521918200 ) ) ;
#2246 = VECTOR ( 'NONE', #79756, 1000.000000000000000 ) ;
#2247 = ORIENTED_EDGE ( 'NONE', *, *, #1418474, .T. ) ;
#2248 = ORIENTED_EDGE ( 'NONE', *, *, #815926, .F. ) ;
#2249 = CARTESIAN_POINT ( 'NONE',  ( -27.89136712685908400, 4.372044477850075800, -0.9533172201431124900 ) ) ;
#2250 = VERTEX_POINT ( 'NONE', #963024 ) ;
#2251 = CARTESIAN_POINT ( 'NONE',  ( -328.5000000000000600, 11.99999999999997300, -97.00000000000007100 ) ) ;
#2252 = FILL_AREA_STYLE ('',( #2174 ) ) ;
#2253 = CARTESIAN_POINT ( 'NONE',  ( 100.2362098862371300, 45.15741030304502600, 124.5387514220494200 ) ) ;
#2254 = ORIENTED_EDGE ( 'NONE', *, *, #395198, .F. ) ;
#2255 = ADVANCED_FACE ( 'NONE', ( #681324 ), #626196, .T. ) ;
#2256 = DIRECTION ( 'NONE',  ( -0.0000000000000000000, -0.0000000000000000000, 1.000000000000000000 ) ) ;
#2257 = CARTESIAN_POINT ( 'NONE',  ( 30.09802605197775800, 88.67901028993739500, 122.1375952104136200 ) ) ;
#2258 = LINE ( 'NONE', #79841, #2326 ) ;
#2259 = CARTESIAN_POINT ( 'NONE',  ( -28.25309601956549300, 3.944992809525742900, -1.801030639784442000 ) ) ;
#2260 = ORIENTED_EDGE ( 'NONE', *, *, #902605, .T. ) ;
#2261 = ORIENTED_EDGE ( 'NONE', *, *, #548665, .T. ) ;
#2262 = DIRECTION ( 'NONE',  ( -1.000000000000000000, 0.0000000000000000000, 0.0000000000000000000 ) ) ;
#2263 = SURFACE_SIDE_STYLE ('',( #20511 ) ) ;
#2264 = CARTESIAN_POINT ( 'NONE',  ( 100.2362098862371300, 48.44880314397530400, 124.5387514220494200 ) ) ;
#2265 = VERTEX_POINT ( 'NONE', #963168 ) ;
#2266 = CARTESIAN_POINT ( 'NONE',  ( -717.2592128001906500, 16.87150257669730300, 88.80624458405138500 ) ) ;
#2267 = CARTESIAN_POINT ( 'NONE',  ( -0.3637585658368746600, -31.95344799970936800, -24.07151278043398800 ) ) ;
#2268 = CARTESIAN_POINT ( 'NONE',  ( 54.31932170913093200, 19.11243198744858100, 24.00000000000000000 ) ) ;
#2269 = CARTESIAN_POINT ( 'NONE',  ( 36.48349502369779900, 87.96060866468077700, 121.0475632052671000 ) ) ;
#2270 = VERTEX_POINT ( 'NONE', #963177 ) ;
#2271 = CARTESIAN_POINT ( 'NONE',  ( -28.95624424179093400, 3.144963215440729400, -2.322767806997735100 ) ) ;
#2272 = VECTOR ( 'NONE', #79827, 1000.000000000000000 ) ;
#2273 = DIRECTION ( 'NONE',  ( 0.0000000000000000000, 0.0000000000000000000, 1.000000000000000000 ) ) ;
#2274 = SURFACE_STYLE_USAGE ( .BOTH. , #2263 ) ;
#2275 = ORIENTED_EDGE ( 'NONE', *, *, #1418493, .T. ) ;
#2276 = ORIENTED_EDGE ( 'NONE', *, *, #60909, .T. ) ;
#2277 = ADVANCED_FACE ( 'NONE', ( #681384 ), #626221, .T. ) ;
#2278 = ORIENTED_EDGE ( 'NONE', *, *, #1282341, .T. ) ;
#2279 = CARTESIAN_POINT ( 'NONE',  ( 107.6568337716756200, 52.77634420829520000, 33.24227526986137300 ) ) ;
#2280 = CARTESIAN_POINT ( 'NONE',  ( -0.4517807365248902600, -31.53596658916721300, -24.60656033026414800 ) ) ;
#2281 = DIRECTION ( 'NONE',  ( 0.0000000000000000000, 0.0000000000000000000, 1.000000000000000000 ) ) ;
#2282 = CARTESIAN_POINT ( 'NONE',  ( 49.25443296713786600, 86.52380541416754100, 118.8674991949740600 ) ) ;
#2283 = CARTESIAN_POINT ( 'NONE',  ( -29.41360793609131700, 2.631638189643628100, -2.524523054156031100 ) ) ;
#2284 = ORIENTED_EDGE ( 'NONE', *, *, #1819676, .F. ) ;
#2285 = ( LENGTH_UNIT ( ) NAMED_UNIT ( * ) SI_UNIT ( .MILLI., .METRE. ) );
#2286 = CARTESIAN_POINT ( 'NONE',  ( 100.2362098862371300, 42.73704999605188000, 129.0000000000000300 ) ) ;
#2287 = LINE ( 'NONE', #79973, #2348 ) ;
#2288 = ORIENTED_EDGE ( 'NONE', *, *, #902436, .T. ) ;
#2289 = VERTEX_POINT ( 'NONE', #963010 ) ;
#2290 = CARTESIAN_POINT ( 'NONE',  ( -721.0699309104180700, 16.87150257669730300, 91.19375541594861500 ) ) ;
#2291 = VERTEX_POINT ( 'NONE', #963349 ) ;
#2292 = ADVANCED_FACE ( 'NONE', ( #681349 ), #626247, .T. ) ;
#2293 = DIRECTION ( 'NONE',  ( 1.000000000000000000, 0.0000000000000000000, 0.0000000000000000000 ) ) ;
#2294 = CARTESIAN_POINT ( 'NONE',  ( 61.94806391475827900, 84.45875150860227600, 116.6659273648888300 ) ) ;
#2295 = CARTESIAN_POINT ( 'NONE',  ( -30.80689631876109400, 1.092564660814393300, -2.847341991744453800 ) ) ;
#2296 = CARTESIAN_POINT ( 'NONE',  ( 115.3901108494313900, 50.39907273170404500, 56.25558157401807300 ) ) ;
#2297 = ( NAMED_UNIT ( * ) PLANE_ANGLE_UNIT ( ) SI_UNIT ( $, .RADIAN. ) );
#2298 = VERTEX_POINT ( 'NONE', #963365 ) ;
#2299 = LINE ( 'NONE', #80125, #2404 ) ;
#2300 = CARTESIAN_POINT ( 'NONE',  ( 104.8659059139297400, 55.17877086823103400, 29.28074503307669500 ) ) ;
#2301 = DIRECTION ( 'NONE',  ( 0.0000000000000000000, 0.0000000000000000000, -1.000000000000000000 ) ) ;
#2302 = ORIENTED_EDGE ( 'NONE', *, *, #1418510, .T. ) ;
#2303 = EDGE_LOOP ( 'NONE', ( #1301645, #1301657, #1301670, #1301679 ) ) ;
#2304 = VERTEX_POINT ( 'NONE', #963564 ) ;
#2305 = CARTESIAN_POINT ( 'NONE',  ( -435.0000000000000000, -1.499999999999993600, -163.7596196340545900 ) ) ;
#2306 = CARTESIAN_POINT ( 'NONE',  ( 74.52136384432040500, 81.77550730269588500, 114.4517567193474700 ) ) ;
#2307 = CARTESIAN_POINT ( 'NONE',  ( -32.04242372352853600, -0.2507213908362234100, -2.999999999999996900 ) ) ;
#2308 = CARTESIAN_POINT ( 'NONE',  ( 114.9576279306427900, 50.91238317761627000, 55.74227112810584800 ) ) ;
#2309 = ( NAMED_UNIT ( * ) SI_UNIT ( $, .STERADIAN. ) SOLID_ANGLE_UNIT ( ) );
#2310 = ADVANCED_FACE ( 'NONE', ( #681399 ), #626270, .T. ) ;
#2311 = ORIENTED_EDGE ( 'NONE', *, *, #786482, .T. ) ;
#2312 = CARTESIAN_POINT ( 'NONE',  ( 105.5201897371116100, 54.64030317589345700, 28.74227734073912500 ) ) ;
#2313 = CARTESIAN_POINT ( 'NONE',  ( -0.2798135356084884800, -32.35718055280865000, -23.52601609456369400 ) ) ;
#2314 = LINE ( 'NONE', #80261, #2461 ) ;
#2315 = ORIENTED_EDGE ( 'NONE', *, *, #75904, .T. ) ;
#2316 = ORIENTED_EDGE ( 'NONE', *, *, #815936, .T. ) ;
#2317 = CARTESIAN_POINT ( 'NONE',  ( -724.8981524428542100, 33.04706360737622400, 14.69375541594860500 ) ) ;
#2318 = CARTESIAN_POINT ( 'NONE',  ( 77.66468882671092900, 81.10469625121928100, 113.8982140579621400 ) ) ;
#2319 = VERTEX_POINT ( 'NONE', #963548 ) ;
#2320 = CARTESIAN_POINT ( 'NONE',  ( -32.97959038952892300, -1.255317039406083100, -2.999999999999995600 ) ) ;
#2321 = CARTESIAN_POINT ( 'NONE',  ( -0.2000000000000167800, -32.74690283282397000, -22.97042348015346400 ) ) ;
#2322 = VERTEX_POINT ( 'NONE', #963748 ) ;
#2323 = ADVANCED_FACE ( 'NONE', ( #681438 ), #626295, .T. ) ;
#2324 = CARTESIAN_POINT ( 'NONE',  ( 60.30023519666633500, 25.38236570890473200, -26.99999999999999600 ) ) ;
#2325 = CARTESIAN_POINT ( 'NONE',  ( 80.80049451526437600, 80.39525000334174400, 113.3438777637059200 ) ) ;
#2326 = VECTOR ( 'NONE', #79961, 1000.000000000000100 ) ;
#2327 = ORIENTED_EDGE ( 'NONE', *, *, #1418523, .T. ) ;
#2328 = VERTEX_POINT ( 'NONE', #963919 ) ;
#2329 = VERTEX_POINT ( 'NONE', #963930 ) ;
#2330 = CARTESIAN_POINT ( 'NONE',  ( -27.76653675152996600, 4.282381222976793500, 0.0000000000000000000 ) ) ;
#2331 = VERTEX_POINT ( 'NONE', #963940 ) ;
#2332 = CARTESIAN_POINT ( 'NONE',  ( -703.0000000000000000, 30.31098051464693900, -109.7422835533724600 ) ) ;
#2333 = ORIENTED_EDGE ( 'NONE', *, *, #895695, .F. ) ;
#2334 = CARTESIAN_POINT ( 'NONE',  ( 83.92811224932476900, 79.64732924056414700, 112.7888762780551000 ) ) ;
#2335 = LINE ( 'NONE', #79930, #2376 ) ;
#2336 = CARTESIAN_POINT ( 'NONE',  ( -27.77423984820810800, 4.281302421538966600, -1.052948123339024500 ) ) ;
#2337 = ORIENTED_EDGE ( 'NONE', *, *, #75853, .T. ) ;
#2338 = EDGE_LOOP ( 'NONE', ( #1301828, #1301839, #1301851, #1301860 ) ) ;
#2339 = EDGE_LOOP ( 'NONE', ( #867517, #867565, #867611, #867653 ) ) ;
#2340 = DIRECTION ( 'NONE',  ( 0.0000000000000000000, -0.7071067811865479100, 0.7071067811865472400 ) ) ;
#2341 = CARTESIAN_POINT ( 'NONE',  ( 142.5970764495928300, -12.97613639262374900, 65.75771644662754100 ) ) ;
#2342 = ORIENTED_EDGE ( 'NONE', *, *, #97806, .T. ) ;
#2343 = ADVANCED_FACE ( 'NONE', ( #681490 ), #626315, .T. ) ;
#2344 = DIRECTION ( 'NONE',  ( 0.0000000000000000000, 0.0000000000000000000, -1.000000000000000000 ) ) ;
#2345 = CARTESIAN_POINT ( 'NONE',  ( 85.49192111635495900, 79.27336885917533500, 112.5113755352297000 ) ) ;
#2346 = ORIENTED_EDGE ( 'NONE', *, *, #805626, .T. ) ;
#2347 = CARTESIAN_POINT ( 'NONE',  ( -28.19281141693655400, 3.758924840983952600, -1.972304409711044500 ) ) ;
#2348 = VECTOR ( 'NONE', #80033, 1000.000000000000000 ) ;
#2349 = DIRECTION ( 'NONE',  ( 0.0000000000000000000, -0.7071067811865472400, -0.7071067811865479100 ) ) ;
#2350 = ORIENTED_EDGE ( 'NONE', *, *, #1418538, .T. ) ;
#2351 = ORIENTED_EDGE ( 'NONE', *, *, #548698, .T. ) ;
#2352 = ORIENTED_EDGE ( 'NONE', *, *, #489413, .T. ) ;
#2353 = VERTEX_POINT ( 'NONE', #964550 ) ;
#2354 = ADVANCED_FACE ( 'NONE', ( #681477 ), #681426, .T. ) ;
#2355 = CARTESIAN_POINT ( 'NONE',  ( -724.9509834659897900, 24.32730257669731000, -10.19375541594861000 ) ) ;
#2356 = CARTESIAN_POINT ( 'NONE',  ( 87.05446145921962400, 78.89095562573463400, 112.2338042666848000 ) ) ;
#2357 = CARTESIAN_POINT ( 'NONE',  ( -28.95508451609818900, 2.812443685439283100, -2.403447981468992600 ) ) ;
#2358 = VERTEX_POINT ( 'NONE', #964583 ) ;
#2359 = DIRECTION ( 'NONE',  ( 1.000000000000000000, 0.0000000000000000000, 0.0000000000000000000 ) ) ;
#2360 = DIRECTION ( 'NONE',  ( 0.9848077530122084600, 0.1736481776669281400, 0.0000000000000000000 ) ) ;
#2361 = CARTESIAN_POINT ( 'NONE',  ( 92.69921159261011200, -1.499999999999987600, 129.0000000000000300 ) ) ;
#2362 = LINE ( 'NONE', #80183, #2434 ) ;
#2363 = ORIENTED_EDGE ( 'NONE', *, *, #1645402, .T. ) ;
#2364 = ORIENTED_EDGE ( 'NONE', *, *, #60834, .T. ) ;
#2365 = VERTEX_POINT ( 'NONE', #964636 ) ;
#2366 = CARTESIAN_POINT ( 'NONE',  ( 103.5168225113110100, 56.20426420657239000, -90.00000000000002800 ) ) ;
#2367 = DIRECTION ( 'NONE',  ( -1.000000000000000000, 0.0000000000000000000, 0.0000000000000000000 ) ) ;
#2368 = VERTEX_POINT ( 'NONE', #964561 ) ;
#2369 = DIRECTION ( 'NONE',  ( -0.0000000000000000000, 1.000000000000000000, -0.0000000000000000000 ) ) ;
#2370 = CARTESIAN_POINT ( 'NONE',  ( 88.60943570616878200, 78.49551455361795100, 111.9556486400617400 ) ) ;
#2371 = CARTESIAN_POINT ( 'NONE',  ( -29.43173526907862600, 2.224273378071320200, -2.558723550649738300 ) ) ;
#2372 = CARTESIAN_POINT ( 'NONE',  ( -66.99892814828585600, 113.1333413709743100, 30.61229820963575000 ) ) ;
#2373 = DIRECTION ( 'NONE',  ( -0.0000000000000000000, -1.000000000000000000, -0.0000000000000000000 ) ) ;
#2374 = ORIENTED_EDGE ( 'NONE', *, *, #222813, .T. ) ;
#2375 = ADVANCED_FACE ( 'NONE', ( #681514 ), #681568, .T. ) ;
#2376 = VECTOR ( 'NONE', #80111, 1000.000000000000100 ) ;
#2377 = ORIENTED_EDGE ( 'NONE', *, *, #1418554, .T. ) ;
#2378 = VERTEX_POINT ( 'NONE', #964688 ) ;
#2379 = VERTEX_POINT ( 'NONE', #964698 ) ;
#2380 = VERTEX_POINT ( 'NONE', #964711 ) ;
#2381 = CARTESIAN_POINT ( 'NONE',  ( -435.0000000000000000, -4.499999999999993800, -163.7596196340545900 ) ) ;
#2382 = CARTESIAN_POINT ( 'NONE',  ( 88.99817926790605300, 78.39665428558876700, 111.8861097334059900 ) ) ;
#2383 = CARTESIAN_POINT ( 'NONE',  ( -30.82142043316955700, 0.5191918634977886700, -2.872241526471443600 ) ) ;
#2384 = CARTESIAN_POINT ( 'NONE',  ( 128.9999999999999700, -18.26801948466054500, -64.19375541594860100 ) ) ;
#2385 = DIRECTION ( 'NONE',  ( 0.1736481776669272200, -0.9848077530122085800, -0.0000000000000000000 ) ) ;
#2386 = CARTESIAN_POINT ( 'NONE',  ( 142.8775203127075900, -14.54009742330268500, 61.80624458405138500 ) ) ;
#2387 = ORIENTED_EDGE ( 'NONE', *, *, #913829, .F. ) ;
#2388 = VECTOR ( 'NONE', #80400, 1000.000000000000000 ) ;
#2389 = ORIENTED_EDGE ( 'NONE', *, *, #906338, .T. ) ;
#2390 = EDGE_LOOP ( 'NONE', ( #1301736, #1301747, #1301757, #1301769 ) ) ;
#2391 = EDGE_LOOP ( 'NONE', ( #867700, #867746, #867784, #867829, #867876, #867925 ) ) ;
#2392 = ADVANCED_FACE ( 'NONE', ( #681465 ), #681593, .T. ) ;
#2393 = CARTESIAN_POINT ( 'NONE',  ( -435.0000000000000000, 122.0475917901292200, -183.8790023003391000 ) ) ;
#2394 = CARTESIAN_POINT ( 'NONE',  ( 89.38572189678372100, 78.29746076303088400, 111.8165183471810600 ) ) ;
#2395 = VERTEX_POINT ( 'NONE', #964758 ) ;
#2396 = CARTESIAN_POINT ( 'NONE',  ( -32.03327518306034700, -0.9748091672658371100, -2.999999999999999600 ) ) ;
#2397 = CARTESIAN_POINT ( 'NONE',  ( 376.5000000000000000, 34.00000000000000000, -4.000000000000000000 ) ) ;
#2398 = FILL_AREA_STYLE ('',( #2239 ) ) ;
#2399 = CARTESIAN_POINT ( 'NONE',  ( 142.9207538552361700, -12.04420000000000500, 61.17426406871193500 ) ) ;
#2400 = DIRECTION ( 'NONE',  ( -0.0000000000000000000, -0.0000000000000000000, -1.000000000000000000 ) ) ;
#2401 = CARTESIAN_POINT ( 'NONE',  ( -54.50000000000000700, 8.109836903700392300, 4.000000000000000000 ) ) ;
#2402 = VERTEX_POINT ( 'NONE', #964768 ) ;
#2403 = CARTESIAN_POINT ( 'NONE',  ( 89.76813296614881200, 78.19666073112100000, 111.7466352031599700 ) ) ;
#2404 = VECTOR ( 'NONE', #80168, 1000.000000000000000 ) ;
#2405 = ORIENTED_EDGE ( 'NONE', *, *, #1418569, .F. ) ;
#2406 = ORIENTED_EDGE ( 'NONE', *, *, #815950, .F. ) ;
#2407 = ORIENTED_EDGE ( 'NONE', *, *, #658803, .F. ) ;
#2408 = CARTESIAN_POINT ( 'NONE',  ( -32.93724748713680800, -2.091937599802637500, -3.000000000000004900 ) ) ;
#2409 = ORIENTED_EDGE ( 'NONE', *, *, #1282366, .T. ) ;
#2410 = DIRECTION ( 'NONE',  ( 0.0000000000000000000, 0.0000000000000000000, 1.000000000000000000 ) ) ;
#2411 = DIRECTION ( 'NONE',  ( 0.1391731009600661900, 0.9902680687415701400, 0.0000000000000000000 ) ) ;
#2412 = CARTESIAN_POINT ( 'NONE',  ( 142.7101618711209300, -11.41221948466054000, 64.19375541594860100 ) ) ;
#2413 = ADVANCED_FACE ( 'NONE', ( #681542 ), #626339, .T. ) ;
#2414 = CARTESIAN_POINT ( 'NONE',  ( 105.5201897371116400, 54.64030317589345000, 34.25771023399420300 ) ) ;
#2415 = CARTESIAN_POINT ( 'NONE',  ( 4.163336342344337000E-014, 6.938893903907228400E-015, 0.5000000000000000000 ) ) ;
#2416 = ORIENTED_EDGE ( 'NONE', *, *, #1073809, .T. ) ;
#2417 = CARTESIAN_POINT ( 'NONE',  ( 45.90288994644446100, 21.17327438819204100, -24.00000000000000000 ) ) ;
#2418 = CARTESIAN_POINT ( 'NONE',  ( 90.15054403551391700, 78.09586069921110200, 111.6767520591388800 ) ) ;
#2419 = LINE ( 'NONE', #80276, #2388 ) ;
#2420 = CARTESIAN_POINT ( 'NONE',  ( -27.63418328077027300, 4.180157891317464600, 0.0000000000000000000 ) ) ;
#2421 = ORIENTED_EDGE ( 'NONE', *, *, #906172, .T. ) ;
#2422 = VERTEX_POINT ( 'NONE', #965047 ) ;
#2423 = VERTEX_POINT ( 'NONE', #965058 ) ;
#2424 = DIRECTION ( 'NONE',  ( -1.000000000000000000, 0.0000000000000000000, 0.0000000000000000000 ) ) ;
#2425 = DIRECTION ( 'NONE',  ( -0.0000000000000000000, -1.000000000000000000, -0.0000000000000000000 ) ) ;
#2426 = VERTEX_POINT ( 'NONE', #964790 ) ;
#2427 = CARTESIAN_POINT ( 'NONE',  ( 104.8659059139297500, 55.17877086823103400, 33.71924254165664800 ) ) ;
#2428 = DIRECTION ( 'NONE',  ( 0.0000000000000000000, 0.0000000000000000000, 1.000000000000000000 ) ) ;
#2429 = ADVANCED_FACE ( 'NONE', ( #681581 ), #626363, .T. ) ;
#2430 = DIRECTION ( 'NONE',  ( -2.286581268850823300E-015, -6.684863914486661400E-016, 1.000000000000000000 ) ) ;
#2431 = CARTESIAN_POINT ( 'NONE',  ( 90.52763563938549400, 77.99313929211959400, 111.6065554001392700 ) ) ;
#2432 = VERTEX_POINT ( 'NONE', #965033 ) ;
#2433 = CARTESIAN_POINT ( 'NONE',  ( -27.65445642850076900, 4.202555180624422300, -1.152579026534935200 ) ) ;
#2434 = VECTOR ( 'NONE', #80246, 1000.000000000000000 ) ;
#2435 = PLANE ( 'NONE',  #1814296 ) ;
#2436 = ORIENTED_EDGE ( 'NONE', *, *, #1418587, .F. ) ;
#2437 = ORIENTED_EDGE ( 'NONE', *, *, #548728, .T. ) ;
#2438 = VERTEX_POINT ( 'NONE', #965273 ) ;
#2439 = VERTEX_POINT ( 'NONE', #964745 ) ;
#2440 = CARTESIAN_POINT ( 'NONE',  ( 108.2075056921356000, 52.26735430793768000, 33.75126517021890000 ) ) ;
#2441 = DIRECTION ( 'NONE',  ( -1.000000000000000000, 0.0000000000000000000, 0.0000000000000000000 ) ) ;
#2442 = CARTESIAN_POINT ( 'NONE',  ( -724.9712555279472800, 24.32730257669730300, -7.806244584051392500 ) ) ;
#2443 = CARTESIAN_POINT ( 'NONE',  ( 90.90367268295656800, 77.88578767963063900, 111.5361480563524700 ) ) ;
#2444 = CARTESIAN_POINT ( 'NONE',  ( -28.12538028982375600, 3.584234375069983400, -2.143578179637644500 ) ) ;
#2445 = ORIENTED_EDGE ( 'NONE', *, *, #895738, .F. ) ;
#2446 = CARTESIAN_POINT ( 'NONE',  ( 67.92708718850286700, 17.50390752239420100, -175.1680720687250500 ) ) ;
#2447 = CARTESIAN_POINT ( 'NONE',  ( 100.2362098862371300, 42.73704999605188000, 129.0000000000000300 ) ) ;
#2448 = ADVANCED_FACE ( 'NONE', ( #681528 ), #681666, .T. ) ;
#2449 = LINE ( 'NONE', #80336, #2515 ) ;
#2450 = ORIENTED_EDGE ( 'NONE', *, *, #1645549, .T. ) ;
#2451 = ORIENTED_EDGE ( 'NONE', *, *, #60766, .T. ) ;
#2452 = ORIENTED_EDGE ( 'NONE', *, *, #489431, .F. ) ;
#2453 = CARTESIAN_POINT ( 'NONE',  ( 104.1979690892407000, 55.70020655476700700, 33.19780685512066000 ) ) ;
#2454 = DIRECTION ( 'NONE',  ( -1.000000000000000000, -0.0000000000000000000, -0.0000000000000000000 ) ) ;
#2455 = VERTEX_POINT ( 'NONE', #965259 ) ;
#2456 = DIRECTION ( 'NONE',  ( -0.0000000000000000000, -0.0000000000000000000, 1.000000000000000000 ) ) ;
#2457 = CARTESIAN_POINT ( 'NONE',  ( 91.65574677009871600, 77.67108445465272800, 111.3953333687789200 ) ) ;
#2458 = CARTESIAN_POINT ( 'NONE',  ( -28.94128253270525500, 2.489118933558241300, -2.484128155940245700 ) ) ;
#2459 = SURFACE_SIDE_STYLE ('',( #20691 ) ) ;
#2460 = ORIENTED_EDGE ( 'NONE', *, *, #380825, .F. ) ;
#2461 = VECTOR ( 'NONE', #80321, 1000.000000000000000 ) ;
#2462 = CARTESIAN_POINT ( 'NONE',  ( 103.5168225113110100, 56.20426420657238300, 32.69374920331527800 ) ) ;
#2463 = CARTESIAN_POINT ( 'NONE',  ( 0.5000000000000000000, -32.74690283282397000, -22.97042348015346400 ) ) ;
#2464 = ORIENTED_EDGE ( 'NONE', *, *, #1418604, .F. ) ;
#2465 = EDGE_LOOP ( 'NONE', ( #1302107, #1302121, #1302133, #1302147, #1302159 ) ) ;
#2466 = EDGE_LOOP ( 'NONE', ( #872160, #872218, #872275, #872336 ) ) ;
#2467 = VERTEX_POINT ( 'NONE', #965325 ) ;
#2468 = ADVANCED_FACE ( 'NONE', ( #681655 ), #626390, .T. ) ;
#2469 = CARTESIAN_POINT ( 'NONE',  ( -724.9455662174631200, 31.48310257669729900, 10.74228355337246300 ) ) ;
#2470 = CARTESIAN_POINT ( 'NONE',  ( 92.40134173489154500, 77.43994892761627100, 111.2536569220006300 ) ) ;
#2471 = CARTESIAN_POINT ( 'NONE',  ( -29.43443112681404000, 1.824159235353636400, -2.592924047143438000 ) ) ;
#2472 = CARTESIAN_POINT ( 'NONE',  ( -716.9847907645810200, 33.04706360737623100, -50.69375541594860100 ) ) ;
#2473 = SURFACE_STYLE_USAGE ( .BOTH. , #2459 ) ;
#2474 = CARTESIAN_POINT ( 'NONE',  ( 98.26144973613566000, 40.88124953085434800, 129.0000000000000300 ) ) ;
#2475 = VERTEX_POINT ( 'NONE', #965304 ) ;
#2476 = ORIENTED_EDGE ( 'NONE', *, *, #1645502, .T. ) ;
#2477 = VERTEX_POINT ( 'NONE', #965734 ) ;
#2478 = VERTEX_POINT ( 'NONE', #965746 ) ;
#2479 = CARTESIAN_POINT ( 'NONE',  ( 93.14009135843343800, 77.19280675435122400, 111.1112286105329600 ) ) ;
#2480 = ORIENTED_EDGE ( 'NONE', *, *, #1282392, .F. ) ;
#2481 = CARTESIAN_POINT ( 'NONE',  ( -30.81500132357997800, -0.05456771676165311800, -2.897141061198422700 ) ) ;
#2482 = CARTESIAN_POINT ( 'NONE',  ( 374.3999999999999200, 34.00000000000000000, 4.000000000000000000 ) ) ;
#2483 = ( LENGTH_UNIT ( ) NAMED_UNIT ( * ) SI_UNIT ( .MILLI., .METRE. ) );
#2484 = CARTESIAN_POINT ( 'NONE',  ( 95.42614860448897200, 40.29863699815590600, 129.0000000000000300 ) ) ;
#2485 = ADVANCED_FACE ( 'NONE', ( #681693 ), #626415, .T. ) ;
#2486 = CARTESIAN_POINT ( 'NONE',  ( 12.24999999999999100, -17.49999999999996100, 4.000000000000000000 ) ) ;
#2487 = ORIENTED_EDGE ( 'NONE', *, *, #390224, .T. ) ;
#2488 = CARTESIAN_POINT ( 'NONE',  ( 96.09508985260100600, 76.20423806129105100, 110.5415153646622600 ) ) ;
#2489 = LINE ( 'NONE', #80740, #2603 ) ;
#2490 = ORIENTED_EDGE ( 'NONE', *, *, #1418621, .F. ) ;
#2491 = ORIENTED_EDGE ( 'NONE', *, *, #815936, .F. ) ;
#2492 = VERTEX_POINT ( 'NONE', #965723 ) ;
#2493 = CARTESIAN_POINT ( 'NONE',  ( -32.00141597219636900, -1.707234557043778100, -2.999999999999988900 ) ) ;
#2494 = VERTEX_POINT ( 'NONE', #965916 ) ;
#2495 = CARTESIAN_POINT ( 'NONE',  ( -328.5000000000000600, 11.99999999999997500, -78.00000000000007100 ) ) ;
#2496 = ( NAMED_UNIT ( * ) PLANE_ANGLE_UNIT ( ) SI_UNIT ( $, .RADIAN. ) );
#2497 = CARTESIAN_POINT ( 'NONE',  ( 92.69921159261014100, 41.18830809496022700, 129.0000000000000900 ) ) ;
#2498 = ORIENTED_EDGE ( 'NONE', *, *, #913887, .F. ) ;
#2499 = ADVANCED_FACE ( 'NONE', ( #681709 ), #626442, .F. ) ;
#2500 = CARTESIAN_POINT ( 'NONE',  ( 57.37242590488632000, 16.87943659352355800, -26.99999999999999600 ) ) ;
#2501 = CARTESIAN_POINT ( 'NONE',  ( 98.94063840689906900, 74.95947294145634000, 109.9597927050893400 ) ) ;
#2502 = CARTESIAN_POINT ( 'NONE',  ( -32.87227268735816200, -2.942892901896708000, -2.999999999999997800 ) ) ;
#2503 = ORIENTED_EDGE ( 'NONE', *, *, #1645453, .T. ) ;
#2504 = EDGE_LOOP ( 'NONE', ( #1301870, #1301882, #1301895, #1301906 ) ) ;
#2505 = ORIENTED_EDGE ( 'NONE', *, *, #1269601, .F. ) ;
#2506 = DIRECTION ( 'NONE',  ( -1.000000000000000000, 0.0000000000000000000, 0.0000000000000000000 ) ) ;
#2507 = ( NAMED_UNIT ( * ) SI_UNIT ( $, .STERADIAN. ) SOLID_ANGLE_UNIT ( ) );
#2508 = VERTEX_POINT ( 'NONE', #966135 ) ;
#2509 = CARTESIAN_POINT ( 'NONE',  ( 35.97577535223985700, 53.01346652052692600, -98.73176412303149600 ) ) ;
#2510 = DIRECTION ( 'NONE',  ( -1.000000000000000000, 0.0000000000000000000, 0.0000000000000000000 ) ) ;
#2511 = CARTESIAN_POINT ( 'NONE',  ( 59.44521011956347700, 19.04820712064192300, -26.99999999999999600 ) ) ;
#2512 = CARTESIAN_POINT ( 'NONE',  ( 101.6525435728423000, 73.48643076985800300, 109.3728526638252600 ) ) ;
#2513 = VERTEX_POINT ( 'NONE', #966149 ) ;
#2514 = CARTESIAN_POINT ( 'NONE',  ( -27.54673997548751200, 4.118914324469784600, 0.0000000000000000000 ) ) ;
#2515 = VECTOR ( 'NONE', #80472, 1000.000000000000000 ) ;
#2516 = DIRECTION ( 'NONE',  ( 0.0000000000000000000, 0.0000000000000000000, 1.000000000000000000 ) ) ;
#2517 = ORIENTED_EDGE ( 'NONE', *, *, #1418641, .F. ) ;
#2518 = VERTEX_POINT ( 'NONE', #966116 ) ;
#2519 = VERTEX_POINT ( 'NONE', #965949 ) ;
#2520 = ADVANCED_FACE ( 'NONE', ( #681761 ), #681776, .F. ) ;
#2521 = VERTEX_POINT ( 'NONE', #966204 ) ;
#2522 = DIRECTION ( 'NONE',  ( 0.0000000000000000000, 0.0000000000000000000, 1.000000000000000000 ) ) ;
#2523 = CARTESIAN_POINT ( 'NONE',  ( 101.9915317185852100, 73.30230049840820100, 109.2994851586672400 ) ) ;
#2524 = CARTESIAN_POINT ( 'NONE',  ( -27.55867116171069100, 4.134063799190628600, -1.185789327600239600 ) ) ;
#2525 = VERTEX_POINT ( 'NONE', #966214 ) ;
#2526 = DIRECTION ( 'NONE',  ( -0.0000000000000000000, -0.0000000000000000000, -1.000000000000000000 ) ) ;
#2527 = CARTESIAN_POINT ( 'NONE',  ( -703.0000000000000000, 30.31098051464693900, -109.7422835533724600 ) ) ;
#2528 = ORIENTED_EDGE ( 'NONE', *, *, #905472, .F. ) ;
#2529 = ORIENTED_EDGE ( 'NONE', *, *, #548760, .T. ) ;
#2530 = EDGE_LOOP ( 'NONE', ( #868998, #869048, #869099, #869150 ) ) ;
#2531 = CARTESIAN_POINT ( 'NONE',  ( 108.7464316548183500, 51.74594363543898400, 34.27267584271758200 ) ) ;
#2532 = VERTEX_POINT ( 'NONE', #966172 ) ;
#2533 = ADVANCED_FACE ( 'NONE', ( #681616 ), #626466, .F. ) ;
#2534 = CARTESIAN_POINT ( 'NONE',  ( 102.3284098099783100, 73.11461864014131600, 109.2260490998057900 ) ) ;
#2535 = CARTESIAN_POINT ( 'NONE',  ( -28.03369881480884700, 3.462817260607766700, -2.200669436279845600 ) ) ;
#2536 = CARTESIAN_POINT ( 'NONE',  ( 67.92131743454598300, 17.49018677691901000, -175.3382676402450500 ) ) ;
#2537 = DIRECTION ( 'NONE',  ( 0.0000000000000000000, 0.7071067811865474600, 0.7071067811865475700 ) ) ;
#2538 = CARTESIAN_POINT ( 'NONE',  ( 142.6647914708772800, -12.04420000000001100, 64.82578005400380100 ) ) ;
#2539 = ORIENTED_EDGE ( 'NONE', *, *, #783675, .T. ) ;
#2540 = LINE ( 'NONE', #80531, #2555 ) ;
#2541 = DIRECTION ( 'NONE',  ( 0.0000000000000000000, 0.0000000000000000000, -1.000000000000000000 ) ) ;
#2542 = ORIENTED_EDGE ( 'NONE', *, *, #1418661, .F. ) ;
#2543 = ORIENTED_EDGE ( 'NONE', *, *, #60702, .T. ) ;
#2544 = VERTEX_POINT ( 'NONE', #966256 ) ;
#2545 = ORIENTED_EDGE ( 'NONE', *, *, #97679, .T. ) ;
#2546 = CARTESIAN_POINT ( 'NONE',  ( 102.6630834969995000, 72.92345143505733100, 109.1524201185291500 ) ) ;
#2547 = CARTESIAN_POINT ( 'NONE',  ( -28.85443652810944600, 2.285208926150500200, -2.511021547430665200 ) ) ;
#2548 = CARTESIAN_POINT ( 'NONE',  ( 67.89936055578465400, 17.43785367383679100, -175.6716586231372000 ) ) ;
#2549 = DIRECTION ( 'NONE',  ( 0.0000000000000000000, -0.7071067811865475700, 0.7071067811865474600 ) ) ;
#2550 = CARTESIAN_POINT ( 'NONE',  ( 74.90522728770842800, 32.75666103129719900, 114.0560624393385500 ) ) ;
#2551 = ADVANCED_FACE ( 'NONE', ( #681749 ), #681819, .F. ) ;
#2552 = ORIENTED_EDGE ( 'NONE', *, *, #895774, .F. ) ;
#2553 = CARTESIAN_POINT ( 'NONE',  ( 109.2733315698848900, 51.21238317761627500, 34.80623630054029100 ) ) ;
#2554 = CARTESIAN_POINT ( 'NONE',  ( 4.163336342344337000E-014, 6.938893903907228400E-015, 0.0000000000000000000 ) ) ;
#2555 = VECTOR ( 'NONE', #80686, 1000.000000000000000 ) ;
#2556 = ORIENTED_EDGE ( 'NONE', *, *, #905633, .F. ) ;
#2557 = VERTEX_POINT ( 'NONE', #966488 ) ;
#2558 = ORIENTED_EDGE ( 'NONE', *, *, #489450, .T. ) ;
#2559 = CARTESIAN_POINT ( 'NONE',  ( -435.0000000000000000, -4.499999999999993800, -170.9571756729847300 ) ) ;
#2560 = CARTESIAN_POINT ( 'NONE',  ( 102.9977571840206800, 72.73228422997335900, 109.0787911372524900 ) ) ;
#2561 = VERTEX_POINT ( 'NONE', #966458 ) ;
#2562 = CARTESIAN_POINT ( 'NONE',  ( -29.34866780139189400, 1.572885939508722700, -2.604324212641339700 ) ) ;
#2563 = CARTESIAN_POINT ( 'NONE',  ( 67.88339961986518700, 17.39978377649135100, -175.8339234016717400 ) ) ;
#2564 = DIRECTION ( 'NONE',  ( 0.9902680687415703600, -0.1391731009600654700, -0.0000000000000000000 ) ) ;
#2565 = CARTESIAN_POINT ( 'NONE',  ( 75.38859502936662700, 31.61157629910949800, 114.0512157558212700 ) ) ;
#2566 = DIRECTION ( 'NONE',  ( 0.0000000000000000000, 0.0000000000000000000, 1.000000000000000000 ) ) ;
#2567 = ORIENTED_EDGE ( 'NONE', *, *, #390126, .F. ) ;
#2568 = ADVANCED_FACE ( 'NONE', ( #681810 ), #681847, .F. ) ;
#2569 = CARTESIAN_POINT ( 'NONE',  ( -724.6858202979160500, 8.815702576697320900, 25.80624458405139200 ) ) ;
#2570 = CARTESIAN_POINT ( 'NONE',  ( 103.3302285324728000, 72.53763086510977600, 109.0049476908013400 ) ) ;
#2571 = LINE ( 'NONE', #80828, #2574 ) ;
#2572 = ORIENTED_EDGE ( 'NONE', *, *, #1418672, .F. ) ;
#2573 = EDGE_LOOP ( 'NONE', ( #1302171, #1302181, #1302189, #1302198, #1302208 ) ) ;
#2574 = VERTEX_POINT ( 'NONE', #966544 ) ;
#2575 = CARTESIAN_POINT ( 'NONE',  ( -30.72923313300645300, -0.4321084364636997900, -2.9054409061074189
#2576 = VERTEX_POINT ( 'NONE', #966554 ) ;

/* ============================================ */
/* Shape Representation                         */
/* ============================================ */
#2577 = ADVANCED_BREP_SHAPE_REPRESENTATION ( 'nissan', ( #29, #44, #60, #70, #87, #104, #120, #131, #150, #163, #180, #193, #215, #227, #243, #259, #274, #286, #304, #321, #337, #349, #367, #379, #392, #406, #427, #440, #457, #472, #488, #500, #519, #538, #556, #570, #588, #603, #621, #634, #656, #671, #691, #709, #731, #746, #765, #782, #800, #816, #837, #851, #871, #886, #908, #922, #942, #961, #980, #993, #1009, #1027, #1045, #1062, #1083, #1097, #1115, #1131, #1152, #1167, #1185, #1201, #1220, #1234, #1252, #1270, #1288, #1304, #1324, #1340, #1358, #1372, #1394, #1407, #1427, #1446, #1464, #1477, #1497, #1515, #1532, #1546, #1567, #1581, #1599, #1614, #1638, #1652, #1669, #1686, #1705, #1716, #1734, #1753, #1771, #1788, #1807, #1822, #1837, #1848, #1869, #1883, #1904, #1918, #1935, #1949, #1968, #1987, #2006, #2020, #2040, #2055, #2072, #2086, #2106, #2121, #2140, #2158, #2175, #2190, #2210, #2225, #2240, #2255, #2277, #2292, #2310, #2323, #2343, #2354, #2375, #2392, #2413, #2429, #2448, #2468, #2485, #2499, #2520, #2533, #2551, #2568, #23 ), #10 );
#2578 = SHAPE_DEFINITION_REPRESENTATION ( #8, #2577 );

ENDSEC;
END-ISO-10303-21;
