ISO-10303-21;
HEADER;
FILE_DESCRIPTION(('Extracted component: Roof'), '2;1');
FILE_NAME('Roof', '2026-01-13T08:35:16.301Z', (''), (''), '', '', '');
FILE_SCHEMA(('AUTOMOTIVE_DESIGN'));
ENDSEC;
DATA;
#1746=CYLINDRICAL_SURFACE('',#192870,11140.4322665078);
#1747=CYLINDRICAL_SURFACE('',#192876,11140.4322665078);
#1748=CYLINDRICAL_SURFACE('',#192890,11140.4322665078);
#1749=CYLINDRICAL_SURFACE('',#192898,11140.4322665078);
#1750=CYLINDRICAL_SURFACE('',#192905,11140.4322665078);
#1751=CYLINDRICAL_SURFACE('',#192913,11140.4322665078);
#1752=CYLINDRICAL_SURFACE('',#192921,11140.4322665078);
#1753=CYLINDRICAL_SURFACE('',#192929,11140.4322665078);
#1754=CYLINDRICAL_SURFACE('',#192937,11140.4322665078);
#1755=CYLINDRICAL_SURFACE('',#192945,11140.4322665078);
#1756=CYLINDRICAL_SURFACE('',#192959,11140.4322665078);
#1757=CYLINDRICAL_SURFACE('',#192969,11140.4322665078);
#1758=CYLINDRICAL_SURFACE('',#192982,7.5);
#1759=CYLINDRICAL_SURFACE('',#192984,7.5);
#1760=CYLINDRICAL_SURFACE('',#192986,7.5);
#1761=CYLINDRICAL_SURFACE('',#192988,7.5);
#1762=CYLINDRICAL_SURFACE('',#192990,7.5);
#1763=CYLINDRICAL_SURFACE('',#192992,7.5);
#1764=CYLINDRICAL_SURFACE('',#192994,7.5);
#1765=CYLINDRICAL_SURFACE('',#192996,7.5);
#1766=CYLINDRICAL_SURFACE('',#192998,7.5);
#1767=CYLINDRICAL_SURFACE('',#193000,7.5);
#1768=CYLINDRICAL_SURFACE('',#193046,11138.3322665078);
#1769=CYLINDRICAL_SURFACE('',#193068,11138.3322665078);
#1770=CYLINDRICAL_SURFACE('',#193099,11153.3322665077);
#1771=CYLINDRICAL_SURFACE('',#193110,11138.3322665077);
#1772=CYLINDRICAL_SURFACE('',#193122,11153.3322665077);
#1773=CYLINDRICAL_SURFACE('',#193148,11140.3322665078);
#1774=CYLINDRICAL_SURFACE('',#193149,11140.3322665078);
#1775=CYLINDRICAL_SURFACE('',#193150,11140.3322665078);
#1776=CYLINDRICAL_SURFACE('',#193151,11140.3322665078);
#1777=CYLINDRICAL_SURFACE('',#193152,11140.3322665078);
#1778=CYLINDRICAL_SURFACE('',#193153,11140.3322665078);
#1779=CYLINDRICAL_SURFACE('',#193154,11140.3322665078);
#1780=CYLINDRICAL_SURFACE('',#193157,11140.3322665078);
#1781=CYLINDRICAL_SURFACE('',#193160,11140.3322665078);
#1782=CYLINDRICAL_SURFACE('',#193161,11140.3322665078);
#1783=CYLINDRICAL_SURFACE('',#193162,11140.3322665078);
#1784=CYLINDRICAL_SURFACE('',#193163,11140.3322665078);
#4480=LINE('',#268597,#18319);
#4481=LINE('',#268600,#18320);
#4482=LINE('',#268602,#18321);
#4483=LINE('',#268604,#18322);
#4484=LINE('',#268606,#18323);
#4485=LINE('',#268608,#18324);
#4486=LINE('',#268610,#18325);
#4487=LINE('',#268612,#18326);
#4488=LINE('',#268614,#18327);
#4489=LINE('',#268616,#18328);
#4490=LINE('',#268623,#18329);
#4491=LINE('',#268626,#18330);
#4492=LINE('',#268628,#18331);
#4493=LINE('',#268630,#18332);
#4494=LINE('',#268636,#18333);
#4495=LINE('',#268638,#18334);
#4496=LINE('',#268640,#18335);
#4497=LINE('',#268642,#18336);
#4498=LINE('',#268644,#18337);
#4499=LINE('',#268645,#18338);
#4500=LINE('',#268649,#18339);
#4501=LINE('',#268652,#18340);
#4502=LINE('',#268654,#18341);
#4503=LINE('',#268656,#18342);
#4504=LINE('',#268658,#18343);
#4505=LINE('',#268660,#18344);
#4506=LINE('',#268662,#18345);
#4507=LINE('',#268664,#18346);
#4508=LINE('',#268666,#18347);
#4509=LINE('',#268668,#18348);
#4510=LINE('',#268670,#18349);
#4511=LINE('',#268671,#18350);
#4512=LINE('',#268675,#18351);
#4513=LINE('',#268678,#18352);
#4514=LINE('',#268680,#18353);
#4515=LINE('',#268682,#18354);
#4516=LINE('',#268686,#18355);
#4517=LINE('',#268690,#18356);
#4518=LINE('',#268692,#18357);
#4519=LINE('',#268694,#18358);
#4520=LINE('',#268696,#18359);
#4521=LINE('',#268697,#18360);
#4522=LINE('',#268701,#18361);
#4523=LINE('',#268704,#18362);
#4524=LINE('',#268706,#18363);
#4525=LINE('',#268708,#18364);
#4526=LINE('',#268712,#18365);
#4527=LINE('',#268716,#18366);
#4528=LINE('',#268718,#18367);
#4529=LINE('',#268720,#18368);
#4530=LINE('',#268722,#18369);
#4531=LINE('',#268723,#18370);
#4532=LINE('',#268730,#18371);
#4533=LINE('',#268734,#18372);
#4534=LINE('',#268736,#18373);
#4535=LINE('',#268738,#18374);
#4536=LINE('',#268740,#18375);
#4537=LINE('',#268742,#18376);
#4538=LINE('',#268744,#18377);
#4539=LINE('',#268746,#18378);
#4540=LINE('',#268748,#18379);
#4541=LINE('',#268749,#18380);
#4542=LINE('',#268756,#18381);
#4543=LINE('',#268760,#18382);
#4544=LINE('',#268762,#18383);
#4545=LINE('',#268764,#18384);
#4546=LINE('',#268766,#18385);
#4547=LINE('',#268768,#18386);
#4548=LINE('',#268770,#18387);
#4549=LINE('',#268772,#18388);
#4550=LINE('',#268774,#18389);
#4551=LINE('',#268775,#18390);
#4552=LINE('',#268782,#18391);
#4553=LINE('',#268786,#18392);
#4554=LINE('',#268788,#18393);
#4555=LINE('',#268790,#18394);
#4556=LINE('',#268792,#18395);
#4557=LINE('',#268794,#18396);
#4558=LINE('',#268796,#18397);
#4559=LINE('',#268798,#18398);
#4560=LINE('',#268800,#18399);
#4561=LINE('',#268801,#18400);
#4562=LINE('',#268808,#18401);
#4563=LINE('',#268812,#18402);
#4564=LINE('',#268814,#18403);
#4565=LINE('',#268816,#18404);
#4566=LINE('',#268818,#18405);
#4567=LINE('',#268820,#18406);
#4568=LINE('',#268822,#18407);
#4569=LINE('',#268824,#18408);
#4570=LINE('',#268826,#18409);
#4571=LINE('',#268827,#18410);
#4572=LINE('',#268834,#18411);
#4573=LINE('',#268838,#18412);
#4574=LINE('',#268840,#18413);
#4575=LINE('',#268842,#18414);
#4576=LINE('',#268844,#18415);
#4577=LINE('',#268846,#18416);
#4578=LINE('',#268848,#18417);
#4579=LINE('',#268850,#18418);
#4580=LINE('',#268852,#18419);
#4581=LINE('',#268853,#18420);
#4582=LINE('',#268860,#18421);
#4583=LINE('',#268864,#18422);
#4584=LINE('',#268866,#18423);
#4585=LINE('',#268868,#18424);
#4586=LINE('',#268870,#18425);
#4587=LINE('',#268872,#18426);
#4588=LINE('',#268874,#18427);
#4589=LINE('',#268876,#18428);
#4590=LINE('',#268878,#18429);
#4591=LINE('',#268879,#18430);
#4592=LINE('',#268883,#18431);
#4593=LINE('',#268886,#18432);
#4594=LINE('',#268888,#18433);
#4595=LINE('',#268890,#18434);
#4596=LINE('',#268892,#18435);
#4597=LINE('',#268894,#18436);
#4598=LINE('',#268896,#18437);
#4599=LINE('',#268898,#18438);
#4600=LINE('',#268900,#18439);
#4601=LINE('',#268902,#18440);
#4602=LINE('',#268904,#18441);
#4603=LINE('',#268905,#18442);
#4604=LINE('',#268912,#18443);
#4605=LINE('',#268916,#18444);
#4606=LINE('',#268918,#18445);
#4607=LINE('',#268920,#18446);
#4608=LINE('',#268922,#18447);
#4609=LINE('',#268924,#18448);
#4610=LINE('',#268926,#18449);
#4611=LINE('',#268928,#18450);
#4612=LINE('',#268930,#18451);
#4613=LINE('',#268931,#18452);
#4614=LINE('',#268935,#18453);
#4615=LINE('',#268938,#18454);
#4616=LINE('',#268940,#18455);
#4617=LINE('',#268942,#18456);
#4618=LINE('',#268944,#18457);
#4619=LINE('',#268946,#18458);
#4620=LINE('',#268948,#18459);
#4621=LINE('',#268954,#18460);
#4622=LINE('',#268956,#18461);
#4623=LINE('',#268957,#18462);
#4624=LINE('',#268961,#18463);
#4625=LINE('',#268964,#18464);
#4626=LINE('',#268968,#18465);
#4627=LINE('',#268970,#18466);
#4628=LINE('',#268973,#18467);
#4629=LINE('',#268977,#18468);
#4630=LINE('',#268981,#18469);
#4631=LINE('',#268983,#18470);
#4632=LINE('',#268986,#18471);
#4633=LINE('',#268990,#18472);
#4634=LINE('',#268992,#18473);
#4635=LINE('',#268994,#18474);
#4636=LINE('',#269226,#18475);
#4637=LINE('',#269229,#18476);
#4638=LINE('',#269231,#18477);
#4639=LINE('',#269235,#18478);
#4640=LINE('',#269237,#18479);
#4641=LINE('',#269239,#18480);
#4642=LINE('',#269243,#18481);
#4643=LINE('',#269245,#18482);
#4644=LINE('',#269247,#18483);
#4645=LINE('',#269251,#18484);
#4646=LINE('',#269254,#18485);
#4647=LINE('',#269255,#18486);
#4648=LINE('',#269257,#18487);
#4649=LINE('',#269259,#18488);
#4650=LINE('',#269261,#18489);
#4651=LINE('',#269264,#18490);
#4652=LINE('',#269266,#18491);
#4653=LINE('',#269268,#18492);
#4654=LINE('',#269270,#18493);
#4655=LINE('',#269272,#18494);
#4656=LINE('',#269274,#18495);
#4657=LINE('',#269277,#18496);
#4658=LINE('',#269279,#18497);
#4659=LINE('',#269283,#18498);
#4660=LINE('',#269285,#18499);
#4661=LINE('',#269287,#18500);
#4662=LINE('',#269291,#18501);
#4663=LINE('',#269293,#18502);
#4664=LINE('',#269296,#18503);
#4665=LINE('',#269299,#18504);
#4666=LINE('',#269301,#18505);
#4667=LINE('',#269305,#18506);
#4668=LINE('',#269307,#18507);
#4669=LINE('',#269309,#18508);
#4670=LINE('',#269313,#18509);
#4671=LINE('',#269316,#18510);
#4672=LINE('',#269318,#18511);
#4673=LINE('',#269322,#18512);
#4674=LINE('',#269324,#18513);
#4675=LINE('',#269326,#18514);
#4676=LINE('',#269330,#18515);
#4677=LINE('',#269333,#18516);
#4678=LINE('',#269334,#18517);
#4679=LINE('',#269336,#18518);
#4680=LINE('',#269338,#18519);
#4681=LINE('',#269340,#18520);
#4682=LINE('',#269342,#18521);
#4683=LINE('',#269344,#18522);
#4684=LINE('',#269345,#18523);
#4685=LINE('',#269347,#18524);
#4686=LINE('',#269348,#18525);
#4687=LINE('',#269350,#18526);
#4688=LINE('',#269352,#18527);
#4689=LINE('',#269354,#18528);
#4690=LINE('',#269355,#18529);
#4691=LINE('',#269356,#18530);
#4692=LINE('',#269358,#18531);
#4693=LINE('',#269361,#18532);
#4694=LINE('',#269363,#18533);
#4695=LINE('',#269367,#18534);
#4696=LINE('',#269369,#18535);
#4697=LINE('',#269371,#18536);
#4698=LINE('',#269375,#18537);
#4699=LINE('',#269378,#18538);
#4700=LINE('',#269379,#18539);
#4701=LINE('',#269381,#18540);
#4702=LINE('',#269383,#18541);
#4703=LINE('',#269385,#18542);
#4704=LINE('',#269388,#18543);
#4705=LINE('',#269390,#18544);
#4706=LINE('',#269392,#18545);
#4707=LINE('',#269394,#18546);
#4708=LINE('',#269396,#18547);
#4709=LINE('',#269398,#18548);
#4710=LINE('',#269401,#18549);
#4711=LINE('',#269403,#18550);
#4712=LINE('',#269407,#18551);
#4713=LINE('',#269409,#18552);
#4714=LINE('',#269412,#18553);
#4715=LINE('',#269415,#18554);
#4716=LINE('',#269417,#18555);
#4717=LINE('',#269419,#18556);
#4718=LINE('',#269421,#18557);
#4719=LINE('',#269423,#18558);
#4720=LINE('',#269425,#18559);
#4721=LINE('',#269427,#18560);
#4722=LINE('',#269429,#18561);
#4723=LINE('',#269431,#18562);
#4724=LINE('',#269432,#18563);
#4725=LINE('',#269434,#18564);
#4726=LINE('',#269436,#18565);
#4727=LINE('',#269438,#18566);
#4728=LINE('',#269440,#18567);
#4729=LINE('',#269442,#18568);
#4730=LINE('',#269444,#18569);
#4731=LINE('',#269446,#18570);
#4732=LINE('',#269448,#18571);
#4733=LINE('',#269450,#18572);
#4734=LINE('',#269452,#18573);
#4735=LINE('',#269454,#18574);
#4736=LINE('',#269456,#18575);
#4737=LINE('',#269459,#18576);
#4738=LINE('',#269461,#18577);
#4739=LINE('',#269465,#18578);
#4740=LINE('',#269467,#18579);
#4741=LINE('',#269469,#18580);
#4742=LINE('',#269473,#18581);
#4743=LINE('',#269475,#18582);
#4744=LINE('',#269478,#18583);
#4745=LINE('',#269480,#18584);
#4746=LINE('',#269484,#18585);
#4747=LINE('',#269486,#18586);
#4748=LINE('',#269488,#18587);
#4749=LINE('',#269492,#18588);
#4750=LINE('',#269494,#18589);
#4751=LINE('',#269496,#18590);
#4752=LINE('',#269500,#18591);
#4753=LINE('',#269502,#18592);
#4754=LINE('',#269504,#18593);
#4755=LINE('',#269506,#18594);
#4756=LINE('',#269508,#18595);
#4757=LINE('',#269510,#18596);
#4758=LINE('',#269512,#18597);
#4759=LINE('',#269514,#18598);
#4760=LINE('',#269516,#18599);
#4761=LINE('',#269517,#18600);
#4762=LINE('',#269519,#18601);
#4763=LINE('',#269521,#18602);
#4764=LINE('',#269523,#18603);
#4765=LINE('',#269525,#18604);
#4766=LINE('',#269527,#18605);
#4767=LINE('',#269529,#18606);
#4768=LINE('',#269531,#18607);
#4769=LINE('',#269533,#18608);
#4770=LINE('',#269535,#18609);
#4771=LINE('',#269536,#18610);
#4772=LINE('',#269538,#18611);
#4773=LINE('',#269540,#18612);
#4774=LINE('',#269542,#18613);
#4775=LINE('',#269544,#18614);
#4776=LINE('',#269546,#18615);
#4777=LINE('',#269548,#18616);
#4778=LINE('',#269550,#18617);
#4779=LINE('',#269552,#18618);
#4780=LINE('',#269554,#18619);
#4781=LINE('',#269556,#18620);
#4782=LINE('',#269558,#18621);
#4783=LINE('',#269560,#18622);
#4784=LINE('',#269562,#18623);
#4785=LINE('',#269564,#18624);
#4786=LINE('',#269566,#18625);
#4787=LINE('',#269568,#18626);
#4788=LINE('',#269573,#18627);
#4789=LINE('',#269574,#18628);
#4790=LINE('',#269577,#18629);
#4791=LINE('',#269580,#18630);
#4792=LINE('',#269583,#18631);
#4793=LINE('',#269586,#18632);
#4794=LINE('',#269589,#18633);
#4795=LINE('',#269592,#18634);
#4796=LINE('',#269595,#18635);
#4797=LINE('',#269597,#18636);
#4798=LINE('',#269598,#18637);
#4799=LINE('',#269600,#18638);
#4800=LINE('',#269601,#18639);
#4801=LINE('',#269603,#18640);
#4802=LINE('',#269604,#18641);
#4803=LINE('',#269606,#18642);
#4804=LINE('',#269607,#18643);
#4805=LINE('',#269609,#18644);
#4806=LINE('',#269614,#18645);
#4807=LINE('',#269618,#18646);
#4808=LINE('',#269622,#18647);
#4809=LINE('',#269626,#18648);
#4810=LINE('',#269630,#18649);
#4811=LINE('',#269638,#18650);
#4812=LINE('',#269639,#18651);
#4813=LINE('',#269641,#18652);
#4814=LINE('',#269642,#18653);
#4815=LINE('',#269644,#18654);
#4816=LINE('',#269645,#18655);
#4817=LINE('',#269648,#18656);
#4818=LINE('',#269651,#18657);
#4819=LINE('',#269653,#18658);
#4820=LINE('',#269654,#18659);
#4821=LINE('',#269656,#18660);
#4822=LINE('',#269657,#18661);
#4823=LINE('',#269659,#18662);
#4824=LINE('',#269660,#18663);
#4825=LINE('',#269662,#18664);
#4826=LINE('',#269663,#18665);
#4827=LINE('',#269665,#18666);
#4828=LINE('',#269667,#18667);
#4829=LINE('',#269671,#18668);
#4830=LINE('',#269676,#18669);
#4831=LINE('',#269678,#18670);
#4832=LINE('',#269680,#18671);
#4833=LINE('',#269684,#18672);
#4834=LINE('',#269688,#18673);
#4835=LINE('',#269690,#18674);
#4836=LINE('',#269694,#18675);
#4837=LINE('',#269696,#18676);
#4838=LINE('',#269700,#18677);
#4839=LINE('',#269704,#18678);
#4840=LINE('',#269708,#18679);
#4841=LINE('',#269709,#18680);
#4842=LINE('',#269713,#18681);
#4843=LINE('',#269715,#18682);
#4844=LINE('',#269717,#18683);
#4845=LINE('',#269719,#18684);
#4846=LINE('',#269721,#18685);
#4847=LINE('',#269725,#18686);
#4848=LINE('',#269729,#18687);
#4849=LINE('',#269731,#18688);
#4850=LINE('',#269733,#18689);
#4851=LINE('',#269735,#18690);
#4852=LINE('',#269737,#18691);
#4853=LINE('',#269739,#18692);
#4854=LINE('',#269741,#18693);
#4855=LINE('',#269742,#18694);
#4856=LINE('',#269746,#18695);
#4857=LINE('',#269747,#18696);
#4858=LINE('',#269751,#18697);
#4859=LINE('',#269755,#18698);
#4860=LINE('',#269760,#18699);
#4861=LINE('',#269761,#18700);
#4862=LINE('',#269763,#18701);
#4863=LINE('',#269765,#18702);
#4864=LINE('',#269767,#18703);
#4865=LINE('',#269769,#18704);
#4866=LINE('',#269771,#18705);
#4867=LINE('',#269773,#18706);
#4868=LINE('',#269775,#18707);
#4869=LINE('',#269777,#18708);
#4870=LINE('',#269779,#18709);
#4871=LINE('',#269784,#18710);
#4872=LINE('',#269785,#18711);
#4873=LINE('',#269789,#18712);
#4874=LINE('',#269792,#18713);
#4875=LINE('',#269794,#18714);
#4876=LINE('',#269796,#18715);
#4877=LINE('',#269798,#18716);
#4878=LINE('',#269801,#18717);
#4879=LINE('',#269803,#18718);
#4880=LINE('',#269806,#18719);
#4881=LINE('',#269808,#18720);
#4882=LINE('',#269811,#18721);
#4883=LINE('',#269813,#18722);
#4884=LINE('',#269816,#18723);
#4885=LINE('',#269817,#18724);
#4886=LINE('',#269819,#18725);
#4887=LINE('',#269820,#18726);
#4888=LINE('',#269823,#18727);
#4889=LINE('',#269825,#18728);
#4890=LINE('',#269826,#18729);
#4891=LINE('',#269828,#18730);
#4892=LINE('',#269831,#18731);
#18319=VECTOR('',#208382,1000.);
#18320=VECTOR('',#208383,1000.);
#18321=VECTOR('',#208384,1000.);
#18322=VECTOR('',#208385,1000.);
#18323=VECTOR('',#208388,1000.);
#18324=VECTOR('',#208389,1000.);
#18325=VECTOR('',#208390,1000.);
#18326=VECTOR('',#208393,1000.);
#18327=VECTOR('',#208394,1000.);
#18328=VECTOR('',#208395,1000.);
#18329=VECTOR('',#208408,1000.);
#18330=VECTOR('',#208409,1000.);
#18331=VECTOR('',#208410,1000.);
#18332=VECTOR('',#208411,1000.);
#18333=VECTOR('',#208418,1000.);
#18334=VECTOR('',#208421,1000.);
#18335=VECTOR('',#208422,1000.);
#18336=VECTOR('',#208423,1000.);
#18337=VECTOR('',#208426,1000.);
#18338=VECTOR('',#208427,1000.);
#18339=VECTOR('',#208434,1000.);
#18340=VECTOR('',#208435,1000.);
#18341=VECTOR('',#208436,1000.);
#18342=VECTOR('',#208437,1000.);
#18343=VECTOR('',#208440,1000.);
#18344=VECTOR('',#208441,1000.);
#18345=VECTOR('',#208442,1000.);
#18346=VECTOR('',#208445,1000.);
#18347=VECTOR('',#208446,1000.);
#18348=VECTOR('',#208447,1000.);
#18349=VECTOR('',#208450,1000.);
#18350=VECTOR('',#208451,1000.);
#18351=VECTOR('',#208458,1000.);
#18352=VECTOR('',#208459,1000.);
#18353=VECTOR('',#208460,1000.);
#18354=VECTOR('',#208461,1000.);
#18355=VECTOR('',#208466,1000.);
#18356=VECTOR('',#208471,1000.);
#18357=VECTOR('',#208472,1000.);
#18358=VECTOR('',#208473,1000.);
#18359=VECTOR('',#208476,1000.);
#18360=VECTOR('',#208477,1000.);
#18361=VECTOR('',#208484,1000.);
#18362=VECTOR('',#208485,1000.);
#18363=VECTOR('',#208486,1000.);
#18364=VECTOR('',#208487,1000.);
#18365=VECTOR('',#208492,1000.);
#18366=VECTOR('',#208497,1000.);
#18367=VECTOR('',#208498,1000.);
#18368=VECTOR('',#208499,1000.);
#18369=VECTOR('',#208502,1000.);
#18370=VECTOR('',#208503,1000.);
#18371=VECTOR('',#208512,1000.);
#18372=VECTOR('',#208515,1000.);
#18373=VECTOR('',#208518,1000.);
#18374=VECTOR('',#208519,1000.);
#18375=VECTOR('',#208520,1000.);
#18376=VECTOR('',#208523,1000.);
#18377=VECTOR('',#208524,1000.);
#18378=VECTOR('',#208525,1000.);
#18379=VECTOR('',#208528,1000.);
#18380=VECTOR('',#208529,1000.);
#18381=VECTOR('',#208538,1000.);
#18382=VECTOR('',#208541,1000.);
#18383=VECTOR('',#208544,1000.);
#18384=VECTOR('',#208545,1000.);
#18385=VECTOR('',#208546,1000.);
#18386=VECTOR('',#208549,1000.);
#18387=VECTOR('',#208550,1000.);
#18388=VECTOR('',#208551,1000.);
#18389=VECTOR('',#208554,1000.);
#18390=VECTOR('',#208555,1000.);
#18391=VECTOR('',#208564,1000.);
#18392=VECTOR('',#208567,1000.);
#18393=VECTOR('',#208570,1000.);
#18394=VECTOR('',#208571,1000.);
#18395=VECTOR('',#208572,1000.);
#18396=VECTOR('',#208575,1000.);
#18397=VECTOR('',#208576,1000.);
#18398=VECTOR('',#208577,1000.);
#18399=VECTOR('',#208580,1000.);
#18400=VECTOR('',#208581,1000.);
#18401=VECTOR('',#208590,1000.);
#18402=VECTOR('',#208593,1000.);
#18403=VECTOR('',#208596,1000.);
#18404=VECTOR('',#208597,1000.);
#18405=VECTOR('',#208598,1000.);
#18406=VECTOR('',#208601,1000.);
#18407=VECTOR('',#208602,1000.);
#18408=VECTOR('',#208603,1000.);
#18409=VECTOR('',#208606,1000.);
#18410=VECTOR('',#208607,1000.);
#18411=VECTOR('',#208616,1000.);
#18412=VECTOR('',#208619,1000.);
#18413=VECTOR('',#208622,1000.);
#18414=VECTOR('',#208623,1000.);
#18415=VECTOR('',#208624,1000.);
#18416=VECTOR('',#208627,1000.);
#18417=VECTOR('',#208628,1000.);
#18418=VECTOR('',#208629,1000.);
#18419=VECTOR('',#208632,1000.);
#18420=VECTOR('',#208633,1000.);
#18421=VECTOR('',#208642,1000.);
#18422=VECTOR('',#208645,1000.);
#18423=VECTOR('',#208648,1000.);
#18424=VECTOR('',#208649,1000.);
#18425=VECTOR('',#208650,1000.);
#18426=VECTOR('',#208653,1000.);
#18427=VECTOR('',#208654,1000.);
#18428=VECTOR('',#208655,1000.);
#18429=VECTOR('',#208658,1000.);
#18430=VECTOR('',#208659,1000.);
#18431=VECTOR('',#208666,1000.);
#18432=VECTOR('',#208667,1000.);
#18433=VECTOR('',#208668,1000.);
#18434=VECTOR('',#208669,1000.);
#18435=VECTOR('',#208672,1000.);
#18436=VECTOR('',#208673,1000.);
#18437=VECTOR('',#208674,1000.);
#18438=VECTOR('',#208677,1000.);
#18439=VECTOR('',#208678,1000.);
#18440=VECTOR('',#208679,1000.);
#18441=VECTOR('',#208682,1000.);
#18442=VECTOR('',#208683,1000.);
#18443=VECTOR('',#208692,1000.);
#18444=VECTOR('',#208695,1000.);
#18445=VECTOR('',#208698,1000.);
#18446=VECTOR('',#208699,1000.);
#18447=VECTOR('',#208700,1000.);
#18448=VECTOR('',#208703,1000.);
#18449=VECTOR('',#208704,1000.);
#18450=VECTOR('',#208705,1000.);
#18451=VECTOR('',#208708,1000.);
#18452=VECTOR('',#208709,1000.);
#18453=VECTOR('',#208716,1000.);
#18454=VECTOR('',#208717,1000.);
#18455=VECTOR('',#208718,1000.);
#18456=VECTOR('',#208719,1000.);
#18457=VECTOR('',#208722,1000.);
#18458=VECTOR('',#208723,1000.);
#18459=VECTOR('',#208724,1000.);
#18460=VECTOR('',#208731,1000.);
#18461=VECTOR('',#208734,1000.);
#18462=VECTOR('',#208735,1000.);
#18463=VECTOR('',#208742,1000.);
#18464=VECTOR('',#208743,1000.);
#18465=VECTOR('',#208746,1000.);
#18466=VECTOR('',#208749,1000.);
#18467=VECTOR('',#208750,1000.);
#18468=VECTOR('',#208753,1000.);
#18469=VECTOR('',#208756,1000.);
#18470=VECTOR('',#208759,1000.);
#18471=VECTOR('',#208760,1000.);
#18472=VECTOR('',#208763,1000.);
#18473=VECTOR('',#208764,1000.);
#18474=VECTOR('',#208765,1000.);
#18475=VECTOR('',#208808,1000.);
#18476=VECTOR('',#208809,1000.);
#18477=VECTOR('',#208810,1000.);
#18478=VECTOR('',#208813,1000.);
#18479=VECTOR('',#208814,1000.);
#18480=VECTOR('',#208815,1000.);
#18481=VECTOR('',#208818,1000.);
#18482=VECTOR('',#208819,1000.);
#18483=VECTOR('',#208820,1000.);
#18484=VECTOR('',#208825,1000.);
#18485=VECTOR('',#208826,1000.);
#18486=VECTOR('',#208827,1000.);
#18487=VECTOR('',#208828,1000.);
#18488=VECTOR('',#208829,1000.);
#18489=VECTOR('',#208832,1000.);
#18490=VECTOR('',#208833,1000.);
#18491=VECTOR('',#208834,1000.);
#18492=VECTOR('',#208835,1000.);
#18493=VECTOR('',#208836,1000.);
#18494=VECTOR('',#208837,1000.);
#18495=VECTOR('',#208840,1000.);
#18496=VECTOR('',#208841,1000.);
#18497=VECTOR('',#208842,1000.);
#18498=VECTOR('',#208845,1000.);
#18499=VECTOR('',#208846,1000.);
#18500=VECTOR('',#208847,1000.);
#18501=VECTOR('',#208850,1000.);
#18502=VECTOR('',#208851,1000.);
#18503=VECTOR('',#208856,1000.);
#18504=VECTOR('',#208857,1000.);
#18505=VECTOR('',#208858,1000.);
#18506=VECTOR('',#208861,1000.);
#18507=VECTOR('',#208862,1000.);
#18508=VECTOR('',#208863,1000.);
#18509=VECTOR('',#208868,1000.);
#18510=VECTOR('',#208869,1000.);
#18511=VECTOR('',#208870,1000.);
#18512=VECTOR('',#208873,1000.);
#18513=VECTOR('',#208874,1000.);
#18514=VECTOR('',#208875,1000.);
#18515=VECTOR('',#208880,1000.);
#18516=VECTOR('',#208881,1000.);
#18517=VECTOR('',#208882,1000.);
#18518=VECTOR('',#208883,1000.);
#18519=VECTOR('',#208884,1000.);
#18520=VECTOR('',#208887,1000.);
#18521=VECTOR('',#208888,1000.);
#18522=VECTOR('',#208889,1000.);
#18523=VECTOR('',#208890,1000.);
#18524=VECTOR('',#208893,1000.);
#18525=VECTOR('',#208894,1000.);
#18526=VECTOR('',#208895,1000.);
#18527=VECTOR('',#208896,1000.);
#18528=VECTOR('',#208899,1000.);
#18529=VECTOR('',#208900,1000.);
#18530=VECTOR('',#208901,1000.);
#18531=VECTOR('',#208904,1000.);
#18532=VECTOR('',#208905,1000.);
#18533=VECTOR('',#208906,1000.);
#18534=VECTOR('',#208909,1000.);
#18535=VECTOR('',#208910,1000.);
#18536=VECTOR('',#208911,1000.);
#18537=VECTOR('',#208916,1000.);
#18538=VECTOR('',#208917,1000.);
#18539=VECTOR('',#208918,1000.);
#18540=VECTOR('',#208919,1000.);
#18541=VECTOR('',#208920,1000.);
#18542=VECTOR('',#208923,1000.);
#18543=VECTOR('',#208924,1000.);
#18544=VECTOR('',#208925,1000.);
#18545=VECTOR('',#208926,1000.);
#18546=VECTOR('',#208927,1000.);
#18547=VECTOR('',#208928,1000.);
#18548=VECTOR('',#208931,1000.);
#18549=VECTOR('',#208932,1000.);
#18550=VECTOR('',#208933,1000.);
#18551=VECTOR('',#208936,1000.);
#18552=VECTOR('',#208937,1000.);
#18553=VECTOR('',#208942,1000.);
#18554=VECTOR('',#208943,1000.);
#18555=VECTOR('',#208944,1000.);
#18556=VECTOR('',#208945,1000.);
#18557=VECTOR('',#208946,1000.);
#18558=VECTOR('',#208947,1000.);
#18559=VECTOR('',#208948,1000.);
#18560=VECTOR('',#208949,1000.);
#18561=VECTOR('',#208950,1000.);
#18562=VECTOR('',#208951,1000.);
#18563=VECTOR('',#208952,1000.);
#18564=VECTOR('',#208955,1000.);
#18565=VECTOR('',#208956,1000.);
#18566=VECTOR('',#208957,1000.);
#18567=VECTOR('',#208958,1000.);
#18568=VECTOR('',#208959,1000.);
#18569=VECTOR('',#208960,1000.);
#18570=VECTOR('',#208961,1000.);
#18571=VECTOR('',#208962,1000.);
#18572=VECTOR('',#208963,1000.);
#18573=VECTOR('',#208964,1000.);
#18574=VECTOR('',#208965,1000.);
#18575=VECTOR('',#208968,1000.);
#18576=VECTOR('',#208969,1000.);
#18577=VECTOR('',#208970,1000.);
#18578=VECTOR('',#208973,1000.);
#18579=VECTOR('',#208974,1000.);
#18580=VECTOR('',#208975,1000.);
#18581=VECTOR('',#208978,1000.);
#18582=VECTOR('',#208979,1000.);
#18583=VECTOR('',#208984,1000.);
#18584=VECTOR('',#208985,1000.);
#18585=VECTOR('',#208988,1000.);
#18586=VECTOR('',#208989,1000.);
#18587=VECTOR('',#208990,1000.);
#18588=VECTOR('',#208993,1000.);
#18589=VECTOR('',#208994,1000.);
#18590=VECTOR('',#208995,1000.);
#18591=VECTOR('',#209000,1000.);
#18592=VECTOR('',#209001,1000.);
#18593=VECTOR('',#209002,1000.);
#18594=VECTOR('',#209003,1000.);
#18595=VECTOR('',#209004,1000.);
#18596=VECTOR('',#209005,1000.);
#18597=VECTOR('',#209006,1000.);
#18598=VECTOR('',#209007,1000.);
#18599=VECTOR('',#209008,1000.);
#18600=VECTOR('',#209009,1000.);
#18601=VECTOR('',#209012,1000.);
#18602=VECTOR('',#209013,1000.);
#18603=VECTOR('',#209014,1000.);
#18604=VECTOR('',#209015,1000.);
#18605=VECTOR('',#209016,1000.);
#18606=VECTOR('',#209017,1000.);
#18607=VECTOR('',#209018,1000.);
#18608=VECTOR('',#209019,1000.);
#18609=VECTOR('',#209020,1000.);
#18610=VECTOR('',#209021,1000.);
#18611=VECTOR('',#209024,1000.);
#18612=VECTOR('',#209025,1000.);
#18613=VECTOR('',#209026,1000.);
#18614=VECTOR('',#209027,1000.);
#18615=VECTOR('',#209028,1000.);
#18616=VECTOR('',#209031,1000.);
#18617=VECTOR('',#209032,1000.);
#18618=VECTOR('',#209033,1000.);
#18619=VECTOR('',#209036,1000.);
#18620=VECTOR('',#209037,1000.);
#18621=VECTOR('',#209038,1000.);
#18622=VECTOR('',#209039,1000.);
#18623=VECTOR('',#209040,1000.);
#18624=VECTOR('',#209043,1000.);
#18625=VECTOR('',#209044,1000.);
#18626=VECTOR('',#209045,1000.);
#18627=VECTOR('',#209054,1000.);
#18628=VECTOR('',#209055,1000.);
#18629=VECTOR('',#209060,1000.);
#18630=VECTOR('',#209065,1000.);
#18631=VECTOR('',#209070,1000.);
#18632=VECTOR('',#209075,1000.);
#18633=VECTOR('',#209080,1000.);
#18634=VECTOR('',#209085,1000.);
#18635=VECTOR('',#209090,1000.);
#18636=VECTOR('',#209093,1000.);
#18637=VECTOR('',#209094,1000.);
#18638=VECTOR('',#209097,1000.);
#18639=VECTOR('',#209098,1000.);
#18640=VECTOR('',#209101,1000.);
#18641=VECTOR('',#209102,1000.);
#18642=VECTOR('',#209105,1000.);
#18643=VECTOR('',#209106,1000.);
#18644=VECTOR('',#209109,1000.);
#18645=VECTOR('',#209112,1000.);
#18646=VECTOR('',#209115,1000.);
#18647=VECTOR('',#209118,1000.);
#18648=VECTOR('',#209121,1000.);
#18649=VECTOR('',#209124,1000.);
#18650=VECTOR('',#209137,1000.);
#18651=VECTOR('',#209138,1000.);
#18652=VECTOR('',#209141,1000.);
#18653=VECTOR('',#209142,1000.);
#18654=VECTOR('',#209145,1000.);
#18655=VECTOR('',#209146,1000.);
#18656=VECTOR('',#209151,1000.);
#18657=VECTOR('',#209156,1000.);
#18658=VECTOR('',#209159,1000.);
#18659=VECTOR('',#209160,1000.);
#18660=VECTOR('',#209163,1000.);
#18661=VECTOR('',#209164,1000.);
#18662=VECTOR('',#209167,1000.);
#18663=VECTOR('',#209168,1000.);
#18664=VECTOR('',#209171,1000.);
#18665=VECTOR('',#209172,1000.);
#18666=VECTOR('',#209175,1000.);
#18667=VECTOR('',#209176,1000.);
#18668=VECTOR('',#209181,1000.);
#18669=VECTOR('',#209184,1000.);
#18670=VECTOR('',#209185,1000.);
#18671=VECTOR('',#209186,1000.);
#18672=VECTOR('',#209191,1000.);
#18673=VECTOR('',#209194,1000.);
#18674=VECTOR('',#209197,1000.);
#18675=VECTOR('',#209200,1000.);
#18676=VECTOR('',#209203,1000.);
#18677=VECTOR('',#209206,1000.);
#18678=VECTOR('',#209209,1000.);
#18679=VECTOR('',#209212,1000.);
#18680=VECTOR('',#209213,1000.);
#18681=VECTOR('',#209216,1000.);
#18682=VECTOR('',#209219,1000.);
#18683=VECTOR('',#209220,1000.);
#18684=VECTOR('',#209221,1000.);
#18685=VECTOR('',#209222,1000.);
#18686=VECTOR('',#209227,1000.);
#18687=VECTOR('',#209230,1000.);
#18688=VECTOR('',#209231,1000.);
#18689=VECTOR('',#209232,1000.);
#18690=VECTOR('',#209235,1000.);
#18691=VECTOR('',#209236,1000.);
#18692=VECTOR('',#209239,1000.);
#18693=VECTOR('',#209242,1000.);
#18694=VECTOR('',#209243,1000.);
#18695=VECTOR('',#209246,1000.);
#18696=VECTOR('',#209247,1000.);
#18697=VECTOR('',#209250,1000.);
#18698=VECTOR('',#209253,1000.);
#18699=VECTOR('',#209258,1000.);
#18700=VECTOR('',#209259,1000.);
#18701=VECTOR('',#209262,1000.);
#18702=VECTOR('',#209263,1000.);
#18703=VECTOR('',#209266,1000.);
#18704=VECTOR('',#209269,1000.);
#18705=VECTOR('',#209272,1000.);
#18706=VECTOR('',#209275,1000.);
#18707=VECTOR('',#209276,1000.);
#18708=VECTOR('',#209277,1000.);
#18709=VECTOR('',#209280,1000.);
#18710=VECTOR('',#209285,1000.);
#18711=VECTOR('',#209286,1000.);
#18712=VECTOR('',#209289,1000.);
#18713=VECTOR('',#209292,1000.);
#18714=VECTOR('',#209295,1000.);
#18715=VECTOR('',#209298,1000.);
#18716=VECTOR('',#209301,1000.);
#18717=VECTOR('',#209306,1000.);
#18718=VECTOR('',#209309,1000.);
#18719=VECTOR('',#209314,1000.);
#18720=VECTOR('',#209317,1000.);
#18721=VECTOR('',#209322,1000.);
#18722=VECTOR('',#209325,1000.);
#18723=VECTOR('',#209330,1000.);
#18724=VECTOR('',#209331,1000.);
#18725=VECTOR('',#209334,1000.);
#18726=VECTOR('',#209335,1000.);
#18727=VECTOR('',#209340,1000.);
#18728=VECTOR('',#209343,1000.);
#18729=VECTOR('',#209344,1000.);
#18730=VECTOR('',#209347,1000.);
#18731=VECTOR('',#209352,1000.);
#30684=PLANE('',#192867);
#30685=PLANE('',#192868);
#30686=PLANE('',#192869);
#30687=PLANE('',#192873);
#30688=PLANE('',#192874);
#30689=PLANE('',#192875);
#30690=PLANE('',#192879);
#30691=PLANE('',#192880);
#30692=PLANE('',#192881);
#30693=PLANE('',#192882);
#30694=PLANE('',#192883);
#30695=PLANE('',#192884);
#30696=PLANE('',#192885);
#30697=PLANE('',#192886);
#30698=PLANE('',#192887);
#30699=PLANE('',#192888);
#30700=PLANE('',#192889);
#30701=PLANE('',#192893);
#30702=PLANE('',#192894);
#30703=PLANE('',#192895);
#30704=PLANE('',#192896);
#30705=PLANE('',#192897);
#30706=PLANE('',#192901);
#30707=PLANE('',#192902);
#30708=PLANE('',#192903);
#30709=PLANE('',#192904);
#30710=PLANE('',#192908);
#30711=PLANE('',#192909);
#30712=PLANE('',#192910);
#30713=PLANE('',#192911);
#30714=PLANE('',#192912);
#30715=PLANE('',#192916);
#30716=PLANE('',#192917);
#30717=PLANE('',#192918);
#30718=PLANE('',#192919);
#30719=PLANE('',#192920);
#30720=PLANE('',#192924);
#30721=PLANE('',#192925);
#30722=PLANE('',#192926);
#30723=PLANE('',#192927);
#30724=PLANE('',#192928);
#30725=PLANE('',#192932);
#30726=PLANE('',#192933);
#30727=PLANE('',#192934);
#30728=PLANE('',#192935);
#30729=PLANE('',#192936);
#30730=PLANE('',#192940);
#30731=PLANE('',#192941);
#30732=PLANE('',#192942);
#30733=PLANE('',#192943);
#30734=PLANE('',#192944);
#30735=PLANE('',#192948);
#30736=PLANE('',#192949);
#30737=PLANE('',#192950);
#30738=PLANE('',#192951);
#30739=PLANE('',#192952);
#30740=PLANE('',#192953);
#30741=PLANE('',#192954);
#30742=PLANE('',#192955);
#30743=PLANE('',#192956);
#30744=PLANE('',#192957);
#30745=PLANE('',#192958);
#30746=PLANE('',#192962);
#30747=PLANE('',#192963);
#30748=PLANE('',#192964);
#30749=PLANE('',#192965);
#30750=PLANE('',#192966);
#30751=PLANE('',#192967);
#30752=PLANE('',#192968);
#30753=PLANE('',#192972);
#30754=PLANE('',#192973);
#30755=PLANE('',#192974);
#30756=PLANE('',#192975);
#30757=PLANE('',#192977);
#30758=PLANE('',#192980);
#30759=PLANE('',#193002);
#30760=PLANE('',#193006);
#30761=PLANE('',#193007);
#30762=PLANE('',#193008);
#30763=PLANE('',#193012);
#30764=PLANE('',#193015);
#30765=PLANE('',#193018);
#30766=PLANE('',#193019);
#30767=PLANE('',#193020);
#30768=PLANE('',#193021);
#30769=PLANE('',#193022);
#30770=PLANE('',#193025);
#30771=PLANE('',#193026);
#30772=PLANE('',#193027);
#30773=PLANE('',#193030);
#30774=PLANE('',#193031);
#30775=PLANE('',#193032);
#30776=PLANE('',#193036);
#30777=PLANE('',#193040);
#30778=PLANE('',#193041);
#30779=PLANE('',#193042);
#30780=PLANE('',#193043);
#30781=PLANE('',#193044);
#30782=PLANE('',#193045);
#30783=PLANE('',#193049);
#30784=PLANE('',#193050);
#30785=PLANE('',#193052);
#30786=PLANE('',#193054);
#30787=PLANE('',#193056);
#30788=PLANE('',#193058);
#30789=PLANE('',#193060);
#30790=PLANE('',#193062);
#30791=PLANE('',#193064);
#30792=PLANE('',#193065);
#30793=PLANE('',#193066);
#30794=PLANE('',#193067);
#30795=PLANE('',#193079);
#30796=PLANE('',#193080);
#30797=PLANE('',#193081);
#30798=PLANE('',#193082);
#30799=PLANE('',#193084);
#30800=PLANE('',#193086);
#30801=PLANE('',#193087);
#30802=PLANE('',#193088);
#30803=PLANE('',#193089);
#30804=PLANE('',#193090);
#30805=PLANE('',#193092);
#30806=PLANE('',#193095);
#30807=PLANE('',#193097);
#30808=PLANE('',#193104);
#30809=PLANE('',#193106);
#30810=PLANE('',#193108);
#30811=PLANE('',#193109);
#30812=PLANE('',#193114);
#30813=PLANE('',#193116);
#30814=PLANE('',#193117);
#30815=PLANE('',#193118);
#30816=PLANE('',#193119);
#30817=PLANE('',#193120);
#30818=PLANE('',#193121);
#30819=PLANE('',#193126);
#30820=PLANE('',#193127);
#30821=PLANE('',#193128);
#30822=PLANE('',#193129);
#30823=PLANE('',#193130);
#30824=PLANE('',#193131);
#30825=PLANE('',#193132);
#30826=PLANE('',#193133);
#30827=PLANE('',#193134);
#30828=PLANE('',#193135);
#30829=PLANE('',#193136);
#30830=PLANE('',#193137);
#30831=PLANE('',#193138);
#30832=PLANE('',#193139);
#30833=PLANE('',#193140);
#30834=PLANE('',#193141);
#30835=PLANE('',#193143);
#30836=PLANE('',#193144);
#30837=PLANE('',#193145);
#30838=PLANE('',#193146);
#30839=PLANE('',#193147);
#30840=PLANE('',#193155);
#30841=PLANE('',#193158);
#30842=PLANE('',#193164);
#30843=PLANE('',#193165);
#30844=PLANE('',#193166);
#30845=PLANE('',#193167);
#30846=PLANE('',#193168);
#30847=PLANE('',#193169);
#30848=PLANE('',#193170);
#30849=PLANE('',#193171);
#30850=PLANE('',#193172);
#30851=PLANE('',#193173);
#30852=PLANE('',#193174);
#30853=PLANE('',#193175);
#30854=PLANE('',#193176);
#30855=PLANE('',#193177);
#30856=PLANE('',#193178);
#30857=PLANE('',#193179);
#30858=PLANE('',#193180);
#30859=PLANE('',#193181);
#30860=PLANE('',#193182);
#30861=PLANE('',#193183);
#30862=PLANE('',#193184);
#30863=PLANE('',#193185);
#30864=PLANE('',#193186);
#30865=PLANE('',#193187);
#36666=CIRCLE('',#192871,11140.4322665078);
#36667=CIRCLE('',#192872,11140.4322665078);
#36668=CIRCLE('',#192877,11140.4322665078);
#36669=CIRCLE('',#192878,11140.4322665078);
#36670=CIRCLE('',#192891,11140.4322665078);
#36671=CIRCLE('',#192892,11140.4322665078);
#36672=CIRCLE('',#192899,11140.4322665078);
#36673=CIRCLE('',#192900,11140.4322665078);
#36674=CIRCLE('',#192906,11140.4322665078);
#36675=CIRCLE('',#192907,11140.4322665078);
#36676=CIRCLE('',#192914,11140.4322665078);
#36677=CIRCLE('',#192915,11140.4322665078);
#36678=CIRCLE('',#192922,11140.4322665078);
#36679=CIRCLE('',#192923,11140.4322665078);
#36680=CIRCLE('',#192930,11140.4322665078);
#36681=CIRCLE('',#192931,11140.4322665078);
#36682=CIRCLE('',#192938,11140.4322665078);
#36683=CIRCLE('',#192939,11140.4322665078);
#36684=CIRCLE('',#192946,11140.4322665078);
#36685=CIRCLE('',#192947,11140.4322665078);
#36686=CIRCLE('',#192960,11140.4322665078);
#36687=CIRCLE('',#192961,11140.4322665078);
#36688=CIRCLE('',#192970,11140.4322665078);
#36689=CIRCLE('',#192971,11140.4322665078);
#36690=CIRCLE('',#192976,11140.3322665078);
#36691=CIRCLE('',#192978,11138.3322665078);
#36692=CIRCLE('',#192979,11140.3322665078);
#36693=CIRCLE('',#192981,11138.3322665078);
#36694=CIRCLE('',#192983,7.5);
#36695=CIRCLE('',#192985,7.5);
#36696=CIRCLE('',#192987,7.5);
#36697=CIRCLE('',#192989,7.5);
#36698=CIRCLE('',#192991,7.5);
#36699=CIRCLE('',#192993,7.5);
#36700=CIRCLE('',#192995,7.5);
#36701=CIRCLE('',#192997,7.5);
#36702=CIRCLE('',#192999,7.5);
#36703=CIRCLE('',#193001,7.5);
#36704=CIRCLE('',#193003,11140.3322665078);
#36705=CIRCLE('',#193004,11140.3322665078);
#36706=CIRCLE('',#193005,11138.3322665078);
#36707=CIRCLE('',#193009,11140.3322665078);
#36708=CIRCLE('',#193010,11140.3322665078);
#36709=CIRCLE('',#193011,11138.3322665078);
#36710=CIRCLE('',#193013,11140.3322665078);
#36711=CIRCLE('',#193014,11138.3322665078);
#36712=CIRCLE('',#193016,11140.3322665078);
#36713=CIRCLE('',#193017,11138.3322665078);
#36714=CIRCLE('',#193023,11140.3322665078);
#36715=CIRCLE('',#193024,11138.3322665078);
#36716=CIRCLE('',#193028,11140.3322665078);
#36717=CIRCLE('',#193029,11138.3322665078);
#36718=CIRCLE('',#193033,11140.3322665078);
#36719=CIRCLE('',#193034,11140.3322665078);
#36720=CIRCLE('',#193035,11138.3322665078);
#36721=CIRCLE('',#193037,11140.3322665078);
#36722=CIRCLE('',#193038,11140.3322665078);
#36723=CIRCLE('',#193039,11138.3322665078);
#36724=CIRCLE('',#193047,11138.3322665078);
#36725=CIRCLE('',#193048,11138.3322665078);
#36726=CIRCLE('',#193051,11140.3322665078);
#36727=CIRCLE('',#193053,11140.3322665078);
#36728=CIRCLE('',#193055,11140.3322665078);
#36729=CIRCLE('',#193057,11140.3322665078);
#36730=CIRCLE('',#193059,11140.3322665078);
#36731=CIRCLE('',#193061,11140.3322665078);
#36732=CIRCLE('',#193063,11140.3322665078);
#36733=CIRCLE('',#193069,11138.3322665078);
#36734=CIRCLE('',#193070,11138.3322665078);
#36735=CIRCLE('',#193071,11138.3322665078);
#36736=CIRCLE('',#193072,11138.3322665078);
#36737=CIRCLE('',#193073,11138.3322665078);
#36738=CIRCLE('',#193074,11138.3322665078);
#36739=CIRCLE('',#193075,11138.3322665078);
#36740=CIRCLE('',#193076,11138.3322665078);
#36741=CIRCLE('',#193077,11138.3322665078);
#36742=CIRCLE('',#193078,11138.3322665078);
#36743=CIRCLE('',#193083,11140.3322665078);
#36744=CIRCLE('',#193085,11140.3322665078);
#36745=CIRCLE('',#193091,11153.3322665077);
#36746=CIRCLE('',#193093,11153.3322665077);
#36747=CIRCLE('',#193094,11138.3322665077);
#36748=CIRCLE('',#193096,11153.3322665077);
#36749=CIRCLE('',#193098,11153.3322665077);
#36750=CIRCLE('',#193100,11153.3322665077);
#36751=CIRCLE('',#193101,11153.3322665077);
#36752=CIRCLE('',#193102,11153.3322665077);
#36753=CIRCLE('',#193103,11153.3322665077);
#36754=CIRCLE('',#193105,11138.3322665077);
#36755=CIRCLE('',#193107,11138.3322665077);
#36756=CIRCLE('',#193111,11138.3322665077);
#36757=CIRCLE('',#193112,11138.3322665077);
#36758=CIRCLE('',#193113,11138.3322665077);
#36759=CIRCLE('',#193115,11153.3322665077);
#36760=CIRCLE('',#193123,11153.3322665077);
#36761=CIRCLE('',#193124,11153.3322665077);
#36762=CIRCLE('',#193125,11153.3322665077);
#36763=CIRCLE('',#193142,11140.3322665078);
#36764=CIRCLE('',#193156,11140.3322665078);
#36765=CIRCLE('',#193159,11140.3322665078);
#38232=ADVANCED_BREP_SHAPE_REPRESENTATION('',(#189161,#189162,#189163,#189164, #189165,#189166,#189167,#189168,#189169,#189170,#189171,#189172,#189173, #189174,#189175),#319164);
#50812=ORIENTED_EDGE('',*,*,#83979,.F.);
#50813=ORIENTED_EDGE('',*,*,#83980,.F.);
#50814=ORIENTED_EDGE('',*,*,#83981,.T.);
#50815=ORIENTED_EDGE('',*,*,#83982,.T.);
#50816=ORIENTED_EDGE('',*,*,#83983,.F.);
#50817=ORIENTED_EDGE('',*,*,#83982,.F.);
#50818=ORIENTED_EDGE('',*,*,#83984,.T.);
#50819=ORIENTED_EDGE('',*,*,#83985,.T.);
#50820=ORIENTED_EDGE('',*,*,#83986,.F.);
#50821=ORIENTED_EDGE('',*,*,#83985,.F.);
#50822=ORIENTED_EDGE('',*,*,#83987,.T.);
#50823=ORIENTED_EDGE('',*,*,#83988,.T.);
#50824=ORIENTED_EDGE('',*,*,#83989,.F.);
#50825=ORIENTED_EDGE('',*,*,#83988,.F.);
#50826=ORIENTED_EDGE('',*,*,#83990,.T.);
#50827=ORIENTED_EDGE('',*,*,#83980,.T.);
#50828=ORIENTED_EDGE('',*,*,#83981,.F.);
#50829=ORIENTED_EDGE('',*,*,#83990,.F.);
#50830=ORIENTED_EDGE('',*,*,#83987,.F.);
#50831=ORIENTED_EDGE('',*,*,#83984,.F.);
#50832=ORIENTED_EDGE('',*,*,#83979,.T.);
#50833=ORIENTED_EDGE('',*,*,#83983,.T.);
#50834=ORIENTED_EDGE('',*,*,#83986,.T.);
#50835=ORIENTED_EDGE('',*,*,#83989,.T.);
#50836=ORIENTED_EDGE('',*,*,#83991,.F.);
#50837=ORIENTED_EDGE('',*,*,#83992,.F.);
#50838=ORIENTED_EDGE('',*,*,#83993,.T.);
#50839=ORIENTED_EDGE('',*,*,#83994,.T.);
#50840=ORIENTED_EDGE('',*,*,#83995,.F.);
#50841=ORIENTED_EDGE('',*,*,#83994,.F.);
#50842=ORIENTED_EDGE('',*,*,#83996,.T.);
#50843=ORIENTED_EDGE('',*,*,#83997,.T.);
#50844=ORIENTED_EDGE('',*,*,#83998,.F.);
#50845=ORIENTED_EDGE('',*,*,#83997,.F.);
#50846=ORIENTED_EDGE('',*,*,#83999,.T.);
#50847=ORIENTED_EDGE('',*,*,#84000,.T.);
#50848=ORIENTED_EDGE('',*,*,#84001,.F.);
#50849=ORIENTED_EDGE('',*,*,#84000,.F.);
#50850=ORIENTED_EDGE('',*,*,#84002,.T.);
#50851=ORIENTED_EDGE('',*,*,#83992,.T.);
#50852=ORIENTED_EDGE('',*,*,#83993,.F.);
#50853=ORIENTED_EDGE('',*,*,#84002,.F.);
#50854=ORIENTED_EDGE('',*,*,#83999,.F.);
#50855=ORIENTED_EDGE('',*,*,#83996,.F.);
#50856=ORIENTED_EDGE('',*,*,#83991,.T.);
#50857=ORIENTED_EDGE('',*,*,#83995,.T.);
#50858=ORIENTED_EDGE('',*,*,#83998,.T.);
#50859=ORIENTED_EDGE('',*,*,#84001,.T.);
#50860=ORIENTED_EDGE('',*,*,#84003,.F.);
#50861=ORIENTED_EDGE('',*,*,#84004,.F.);
#50862=ORIENTED_EDGE('',*,*,#84005,.T.);
#50863=ORIENTED_EDGE('',*,*,#84006,.T.);
#50864=ORIENTED_EDGE('',*,*,#84007,.F.);
#50865=ORIENTED_EDGE('',*,*,#84006,.F.);
#50866=ORIENTED_EDGE('',*,*,#84008,.T.);
#50867=ORIENTED_EDGE('',*,*,#84009,.T.);
#50868=ORIENTED_EDGE('',*,*,#84010,.F.);
#50869=ORIENTED_EDGE('',*,*,#84009,.F.);
#50870=ORIENTED_EDGE('',*,*,#84011,.T.);
#50871=ORIENTED_EDGE('',*,*,#84012,.T.);
#50872=ORIENTED_EDGE('',*,*,#84013,.F.);
#50873=ORIENTED_EDGE('',*,*,#84012,.F.);
#50874=ORIENTED_EDGE('',*,*,#84014,.T.);
#50875=ORIENTED_EDGE('',*,*,#84004,.T.);
#50876=ORIENTED_EDGE('',*,*,#84005,.F.);
#50877=ORIENTED_EDGE('',*,*,#84014,.F.);
#50878=ORIENTED_EDGE('',*,*,#84011,.F.);
#50879=ORIENTED_EDGE('',*,*,#84008,.F.);
#50880=ORIENTED_EDGE('',*,*,#84003,.T.);
#50881=ORIENTED_EDGE('',*,*,#84007,.T.);
#50882=ORIENTED_EDGE('',*,*,#84010,.T.);
#50883=ORIENTED_EDGE('',*,*,#84013,.T.);
#50884=ORIENTED_EDGE('',*,*,#84015,.T.);
#50885=ORIENTED_EDGE('',*,*,#84016,.F.);
#50886=ORIENTED_EDGE('',*,*,#84017,.F.);
#50887=ORIENTED_EDGE('',*,*,#84018,.T.);
#50888=ORIENTED_EDGE('',*,*,#84019,.T.);
#50889=ORIENTED_EDGE('',*,*,#84020,.F.);
#50890=ORIENTED_EDGE('',*,*,#84021,.F.);
#50891=ORIENTED_EDGE('',*,*,#84016,.T.);
#50892=ORIENTED_EDGE('',*,*,#84022,.T.);
#50893=ORIENTED_EDGE('',*,*,#84023,.F.);
#50894=ORIENTED_EDGE('',*,*,#84024,.F.);
#50895=ORIENTED_EDGE('',*,*,#84020,.T.);
#50896=ORIENTED_EDGE('',*,*,#84025,.T.);
#50897=ORIENTED_EDGE('',*,*,#84018,.F.);
#50898=ORIENTED_EDGE('',*,*,#84026,.F.);
#50899=ORIENTED_EDGE('',*,*,#84023,.T.);
#50900=ORIENTED_EDGE('',*,*,#84017,.T.);
#50901=ORIENTED_EDGE('',*,*,#84021,.T.);
#50902=ORIENTED_EDGE('',*,*,#84024,.T.);
#50903=ORIENTED_EDGE('',*,*,#84026,.T.);
#50904=ORIENTED_EDGE('',*,*,#84015,.F.);
#50905=ORIENTED_EDGE('',*,*,#84025,.F.);
#50906=ORIENTED_EDGE('',*,*,#84022,.F.);
#50907=ORIENTED_EDGE('',*,*,#84019,.F.);
#50908=ORIENTED_EDGE('',*,*,#84027,.T.);
#50909=ORIENTED_EDGE('',*,*,#84028,.F.);
#50910=ORIENTED_EDGE('',*,*,#84029,.F.);
#50911=ORIENTED_EDGE('',*,*,#84030,.T.);
#50912=ORIENTED_EDGE('',*,*,#84031,.T.);
#50913=ORIENTED_EDGE('',*,*,#84032,.F.);
#50914=ORIENTED_EDGE('',*,*,#84033,.F.);
#50915=ORIENTED_EDGE('',*,*,#84028,.T.);
#50916=ORIENTED_EDGE('',*,*,#84034,.T.);
#50917=ORIENTED_EDGE('',*,*,#84035,.F.);
#50918=ORIENTED_EDGE('',*,*,#84036,.F.);
#50919=ORIENTED_EDGE('',*,*,#84032,.T.);
#50920=ORIENTED_EDGE('',*,*,#84037,.T.);
#50921=ORIENTED_EDGE('',*,*,#84030,.F.);
#50922=ORIENTED_EDGE('',*,*,#84038,.F.);
#50923=ORIENTED_EDGE('',*,*,#84035,.T.);
#50924=ORIENTED_EDGE('',*,*,#84029,.T.);
#50925=ORIENTED_EDGE('',*,*,#84033,.T.);
#50926=ORIENTED_EDGE('',*,*,#84036,.T.);
#50927=ORIENTED_EDGE('',*,*,#84038,.T.);
#50928=ORIENTED_EDGE('',*,*,#84027,.F.);
#50929=ORIENTED_EDGE('',*,*,#84037,.F.);
#50930=ORIENTED_EDGE('',*,*,#84034,.F.);
#50931=ORIENTED_EDGE('',*,*,#84031,.F.);
#50932=ORIENTED_EDGE('',*,*,#84039,.F.);
#50933=ORIENTED_EDGE('',*,*,#84040,.F.);
#50934=ORIENTED_EDGE('',*,*,#84041,.T.);
#50935=ORIENTED_EDGE('',*,*,#84042,.T.);
#50936=ORIENTED_EDGE('',*,*,#84043,.F.);
#50937=ORIENTED_EDGE('',*,*,#84042,.F.);
#50938=ORIENTED_EDGE('',*,*,#84044,.T.);
#50939=ORIENTED_EDGE('',*,*,#84045,.T.);
#50940=ORIENTED_EDGE('',*,*,#84046,.F.);
#50941=ORIENTED_EDGE('',*,*,#84045,.F.);
#50942=ORIENTED_EDGE('',*,*,#84047,.T.);
#50943=ORIENTED_EDGE('',*,*,#84048,.T.);
#50944=ORIENTED_EDGE('',*,*,#84049,.F.);
#50945=ORIENTED_EDGE('',*,*,#84048,.F.);
#50946=ORIENTED_EDGE('',*,*,#84050,.T.);
#50947=ORIENTED_EDGE('',*,*,#84040,.T.);
#50948=ORIENTED_EDGE('',*,*,#84041,.F.);
#50949=ORIENTED_EDGE('',*,*,#84050,.F.);
#50950=ORIENTED_EDGE('',*,*,#84047,.F.);
#50951=ORIENTED_EDGE('',*,*,#84044,.F.);
#50952=ORIENTED_EDGE('',*,*,#84039,.T.);
#50953=ORIENTED_EDGE('',*,*,#84043,.T.);
#50954=ORIENTED_EDGE('',*,*,#84046,.T.);
#50955=ORIENTED_EDGE('',*,*,#84049,.T.);
#50956=ORIENTED_EDGE('',*,*,#84051,.T.);
#50957=ORIENTED_EDGE('',*,*,#84052,.F.);
#50958=ORIENTED_EDGE('',*,*,#84053,.F.);
#50959=ORIENTED_EDGE('',*,*,#84054,.T.);
#50960=ORIENTED_EDGE('',*,*,#84055,.T.);
#50961=ORIENTED_EDGE('',*,*,#84056,.F.);
#50962=ORIENTED_EDGE('',*,*,#84057,.F.);
#50963=ORIENTED_EDGE('',*,*,#84052,.T.);
#50964=ORIENTED_EDGE('',*,*,#84058,.T.);
#50965=ORIENTED_EDGE('',*,*,#84059,.F.);
#50966=ORIENTED_EDGE('',*,*,#84060,.F.);
#50967=ORIENTED_EDGE('',*,*,#84056,.T.);
#50968=ORIENTED_EDGE('',*,*,#84061,.T.);
#50969=ORIENTED_EDGE('',*,*,#84054,.F.);
#50970=ORIENTED_EDGE('',*,*,#84062,.F.);
#50971=ORIENTED_EDGE('',*,*,#84059,.T.);
#50972=ORIENTED_EDGE('',*,*,#84053,.T.);
#50973=ORIENTED_EDGE('',*,*,#84057,.T.);
#50974=ORIENTED_EDGE('',*,*,#84060,.T.);
#50975=ORIENTED_EDGE('',*,*,#84062,.T.);
#50976=ORIENTED_EDGE('',*,*,#84051,.F.);
#50977=ORIENTED_EDGE('',*,*,#84061,.F.);
#50978=ORIENTED_EDGE('',*,*,#84058,.F.);
#50979=ORIENTED_EDGE('',*,*,#84055,.F.);
#50980=ORIENTED_EDGE('',*,*,#84063,.F.);
#50981=ORIENTED_EDGE('',*,*,#84064,.F.);
#50982=ORIENTED_EDGE('',*,*,#84065,.T.);
#50983=ORIENTED_EDGE('',*,*,#84066,.T.);
#50984=ORIENTED_EDGE('',*,*,#84067,.F.);
#50985=ORIENTED_EDGE('',*,*,#84066,.F.);
#50986=ORIENTED_EDGE('',*,*,#84068,.T.);
#50987=ORIENTED_EDGE('',*,*,#84069,.T.);
#50988=ORIENTED_EDGE('',*,*,#84070,.F.);
#50989=ORIENTED_EDGE('',*,*,#84069,.F.);
#50990=ORIENTED_EDGE('',*,*,#84071,.T.);
#50991=ORIENTED_EDGE('',*,*,#84072,.T.);
#50992=ORIENTED_EDGE('',*,*,#84073,.F.);
#50993=ORIENTED_EDGE('',*,*,#84072,.F.);
#50994=ORIENTED_EDGE('',*,*,#84074,.T.);
#50995=ORIENTED_EDGE('',*,*,#84064,.T.);
#50996=ORIENTED_EDGE('',*,*,#84065,.F.);
#50997=ORIENTED_EDGE('',*,*,#84074,.F.);
#50998=ORIENTED_EDGE('',*,*,#84071,.F.);
#50999=ORIENTED_EDGE('',*,*,#84068,.F.);
#51000=ORIENTED_EDGE('',*,*,#84063,.T.);
#51001=ORIENTED_EDGE('',*,*,#84067,.T.);
#51002=ORIENTED_EDGE('',*,*,#84070,.T.);
#51003=ORIENTED_EDGE('',*,*,#84073,.T.);
#51004=ORIENTED_EDGE('',*,*,#84075,.F.);
#51005=ORIENTED_EDGE('',*,*,#84076,.F.);
#51006=ORIENTED_EDGE('',*,*,#84077,.T.);
#51007=ORIENTED_EDGE('',*,*,#84078,.T.);
#51008=ORIENTED_EDGE('',*,*,#84079,.F.);
#51009=ORIENTED_EDGE('',*,*,#84078,.F.);
#51010=ORIENTED_EDGE('',*,*,#84080,.T.);
#51011=ORIENTED_EDGE('',*,*,#84081,.T.);
#51012=ORIENTED_EDGE('',*,*,#84082,.F.);
#51013=ORIENTED_EDGE('',*,*,#84081,.F.);
#51014=ORIENTED_EDGE('',*,*,#84083,.T.);
#51015=ORIENTED_EDGE('',*,*,#84084,.T.);
#51016=ORIENTED_EDGE('',*,*,#84085,.F.);
#51017=ORIENTED_EDGE('',*,*,#84084,.F.);
#51018=ORIENTED_EDGE('',*,*,#84086,.T.);
#51019=ORIENTED_EDGE('',*,*,#84076,.T.);
#51020=ORIENTED_EDGE('',*,*,#84077,.F.);
#51021=ORIENTED_EDGE('',*,*,#84086,.F.);
#51022=ORIENTED_EDGE('',*,*,#84083,.F.);
#51023=ORIENTED_EDGE('',*,*,#84080,.F.);
#51024=ORIENTED_EDGE('',*,*,#84075,.T.);
#51025=ORIENTED_EDGE('',*,*,#84079,.T.);
#51026=ORIENTED_EDGE('',*,*,#84082,.T.);
#51027=ORIENTED_EDGE('',*,*,#84085,.T.);
#51028=ORIENTED_EDGE('',*,*,#84087,.F.);
#51029=ORIENTED_EDGE('',*,*,#84088,.F.);
#51030=ORIENTED_EDGE('',*,*,#84089,.T.);
#51031=ORIENTED_EDGE('',*,*,#84090,.T.);
#51032=ORIENTED_EDGE('',*,*,#84091,.F.);
#51033=ORIENTED_EDGE('',*,*,#84090,.F.);
#51034=ORIENTED_EDGE('',*,*,#84092,.T.);
#51035=ORIENTED_EDGE('',*,*,#84093,.T.);
#51036=ORIENTED_EDGE('',*,*,#84094,.F.);
#51037=ORIENTED_EDGE('',*,*,#84093,.F.);
#51038=ORIENTED_EDGE('',*,*,#84095,.T.);
#51039=ORIENTED_EDGE('',*,*,#84096,.T.);
#51040=ORIENTED_EDGE('',*,*,#84097,.F.);
#51041=ORIENTED_EDGE('',*,*,#84096,.F.);
#51042=ORIENTED_EDGE('',*,*,#84098,.T.);
#51043=ORIENTED_EDGE('',*,*,#84088,.T.);
#51044=ORIENTED_EDGE('',*,*,#84089,.F.);
#51045=ORIENTED_EDGE('',*,*,#84098,.F.);
#51046=ORIENTED_EDGE('',*,*,#84095,.F.);
#51047=ORIENTED_EDGE('',*,*,#84092,.F.);
#51048=ORIENTED_EDGE('',*,*,#84087,.T.);
#51049=ORIENTED_EDGE('',*,*,#84091,.T.);
#51050=ORIENTED_EDGE('',*,*,#84094,.T.);
#51051=ORIENTED_EDGE('',*,*,#84097,.T.);
#51052=ORIENTED_EDGE('',*,*,#84099,.T.);
#51053=ORIENTED_EDGE('',*,*,#84100,.F.);
#51054=ORIENTED_EDGE('',*,*,#84101,.F.);
#51055=ORIENTED_EDGE('',*,*,#84102,.T.);
#51056=ORIENTED_EDGE('',*,*,#84103,.T.);
#51057=ORIENTED_EDGE('',*,*,#84104,.F.);
#51058=ORIENTED_EDGE('',*,*,#84105,.F.);
#51059=ORIENTED_EDGE('',*,*,#84100,.T.);
#51060=ORIENTED_EDGE('',*,*,#84106,.T.);
#51061=ORIENTED_EDGE('',*,*,#84107,.F.);
#51062=ORIENTED_EDGE('',*,*,#84108,.F.);
#51063=ORIENTED_EDGE('',*,*,#84104,.T.);
#51064=ORIENTED_EDGE('',*,*,#84109,.T.);
#51065=ORIENTED_EDGE('',*,*,#84102,.F.);
#51066=ORIENTED_EDGE('',*,*,#84110,.F.);
#51067=ORIENTED_EDGE('',*,*,#84107,.T.);
#51068=ORIENTED_EDGE('',*,*,#84101,.T.);
#51069=ORIENTED_EDGE('',*,*,#84105,.T.);
#51070=ORIENTED_EDGE('',*,*,#84108,.T.);
#51071=ORIENTED_EDGE('',*,*,#84110,.T.);
#51072=ORIENTED_EDGE('',*,*,#84099,.F.);
#51073=ORIENTED_EDGE('',*,*,#84109,.F.);
#51074=ORIENTED_EDGE('',*,*,#84106,.F.);
#51075=ORIENTED_EDGE('',*,*,#84103,.F.);
#51076=ORIENTED_EDGE('',*,*,#84111,.F.);
#51077=ORIENTED_EDGE('',*,*,#84112,.F.);
#51078=ORIENTED_EDGE('',*,*,#84113,.T.);
#51079=ORIENTED_EDGE('',*,*,#84114,.T.);
#51080=ORIENTED_EDGE('',*,*,#84115,.F.);
#51081=ORIENTED_EDGE('',*,*,#84114,.F.);
#51082=ORIENTED_EDGE('',*,*,#84116,.T.);
#51083=ORIENTED_EDGE('',*,*,#84117,.T.);
#51084=ORIENTED_EDGE('',*,*,#84118,.F.);
#51085=ORIENTED_EDGE('',*,*,#84117,.F.);
#51086=ORIENTED_EDGE('',*,*,#84119,.T.);
#51087=ORIENTED_EDGE('',*,*,#84120,.T.);
#51088=ORIENTED_EDGE('',*,*,#84121,.F.);
#51089=ORIENTED_EDGE('',*,*,#84120,.F.);
#51090=ORIENTED_EDGE('',*,*,#84122,.T.);
#51091=ORIENTED_EDGE('',*,*,#84112,.T.);
#51092=ORIENTED_EDGE('',*,*,#84113,.F.);
#51093=ORIENTED_EDGE('',*,*,#84122,.F.);
#51094=ORIENTED_EDGE('',*,*,#84119,.F.);
#51095=ORIENTED_EDGE('',*,*,#84116,.F.);
#51096=ORIENTED_EDGE('',*,*,#84111,.T.);
#51097=ORIENTED_EDGE('',*,*,#84115,.T.);
#51098=ORIENTED_EDGE('',*,*,#84118,.T.);
#51099=ORIENTED_EDGE('',*,*,#84121,.T.);
#51100=ORIENTED_EDGE('',*,*,#84123,.F.);
#51101=ORIENTED_EDGE('',*,*,#84124,.F.);
#51102=ORIENTED_EDGE('',*,*,#84125,.T.);
#51103=ORIENTED_EDGE('',*,*,#84126,.T.);
#51104=ORIENTED_EDGE('',*,*,#84127,.F.);
#51105=ORIENTED_EDGE('',*,*,#84126,.F.);
#51106=ORIENTED_EDGE('',*,*,#84128,.T.);
#51107=ORIENTED_EDGE('',*,*,#84129,.T.);
#51108=ORIENTED_EDGE('',*,*,#84130,.F.);
#51109=ORIENTED_EDGE('',*,*,#84129,.F.);
#51110=ORIENTED_EDGE('',*,*,#84131,.T.);
#51111=ORIENTED_EDGE('',*,*,#84132,.T.);
#51112=ORIENTED_EDGE('',*,*,#84133,.F.);
#51113=ORIENTED_EDGE('',*,*,#84132,.F.);
#51114=ORIENTED_EDGE('',*,*,#84134,.T.);
#51115=ORIENTED_EDGE('',*,*,#84124,.T.);
#51116=ORIENTED_EDGE('',*,*,#84125,.F.);
#51117=ORIENTED_EDGE('',*,*,#84134,.F.);
#51118=ORIENTED_EDGE('',*,*,#84131,.F.);
#51119=ORIENTED_EDGE('',*,*,#84128,.F.);
#51120=ORIENTED_EDGE('',*,*,#84123,.T.);
#51121=ORIENTED_EDGE('',*,*,#84127,.T.);
#51122=ORIENTED_EDGE('',*,*,#84130,.T.);
#51123=ORIENTED_EDGE('',*,*,#84133,.T.);
#51124=ORIENTED_EDGE('',*,*,#84135,.F.);
#51125=ORIENTED_EDGE('',*,*,#84136,.F.);
#51126=ORIENTED_EDGE('',*,*,#84137,.T.);
#51127=ORIENTED_EDGE('',*,*,#84138,.T.);
#51128=ORIENTED_EDGE('',*,*,#84139,.F.);
#51129=ORIENTED_EDGE('',*,*,#84138,.F.);
#51130=ORIENTED_EDGE('',*,*,#84140,.T.);
#51131=ORIENTED_EDGE('',*,*,#84141,.T.);
#51132=ORIENTED_EDGE('',*,*,#84142,.F.);
#51133=ORIENTED_EDGE('',*,*,#84141,.F.);
#51134=ORIENTED_EDGE('',*,*,#84143,.T.);
#51135=ORIENTED_EDGE('',*,*,#84144,.T.);
#51136=ORIENTED_EDGE('',*,*,#84145,.F.);
#51137=ORIENTED_EDGE('',*,*,#84144,.F.);
#51138=ORIENTED_EDGE('',*,*,#84146,.T.);
#51139=ORIENTED_EDGE('',*,*,#84136,.T.);
#51140=ORIENTED_EDGE('',*,*,#84137,.F.);
#51141=ORIENTED_EDGE('',*,*,#84146,.F.);
#51142=ORIENTED_EDGE('',*,*,#84143,.F.);
#51143=ORIENTED_EDGE('',*,*,#84140,.F.);
#51144=ORIENTED_EDGE('',*,*,#84135,.T.);
#51145=ORIENTED_EDGE('',*,*,#84139,.T.);
#51146=ORIENTED_EDGE('',*,*,#84142,.T.);
#51147=ORIENTED_EDGE('',*,*,#84145,.T.);
#51148=ORIENTED_EDGE('',*,*,#84147,.T.);
#51149=ORIENTED_EDGE('',*,*,#84148,.F.);
#51150=ORIENTED_EDGE('',*,*,#84149,.F.);
#51151=ORIENTED_EDGE('',*,*,#84150,.T.);
#51152=ORIENTED_EDGE('',*,*,#84151,.T.);
#51153=ORIENTED_EDGE('',*,*,#84152,.F.);
#51154=ORIENTED_EDGE('',*,*,#84153,.F.);
#51155=ORIENTED_EDGE('',*,*,#84154,.T.);
#51156=ORIENTED_EDGE('',*,*,#84155,.T.);
#51157=ORIENTED_EDGE('',*,*,#84156,.T.);
#51158=ORIENTED_EDGE('',*,*,#84157,.F.);
#51159=ORIENTED_EDGE('',*,*,#84158,.F.);
#51160=ORIENTED_EDGE('',*,*,#84159,.F.);
#51161=ORIENTED_EDGE('',*,*,#84160,.F.);
#51162=ORIENTED_EDGE('',*,*,#84161,.F.);
#51163=ORIENTED_EDGE('',*,*,#84162,.T.);
#51164=ORIENTED_EDGE('',*,*,#84163,.T.);
#51165=ORIENTED_EDGE('',*,*,#84164,.T.);
#51166=ORIENTED_EDGE('',*,*,#84165,.T.);
#51167=ORIENTED_EDGE('',*,*,#84166,.T.);
#51168=ORIENTED_EDGE('',*,*,#84167,.T.);
#51169=ORIENTED_EDGE('',*,*,#84168,.T.);
#51170=ORIENTED_EDGE('',*,*,#84169,.T.);
#51171=ORIENTED_EDGE('',*,*,#84170,.T.);
#51172=ORIENTED_EDGE('',*,*,#84171,.T.);
#51173=ORIENTED_EDGE('',*,*,#84172,.T.);
#51174=ORIENTED_EDGE('',*,*,#84173,.T.);
#51175=ORIENTED_EDGE('',*,*,#84174,.T.);
#51176=ORIENTED_EDGE('',*,*,#84175,.T.);
#51177=ORIENTED_EDGE('',*,*,#84176,.T.);
#51178=ORIENTED_EDGE('',*,*,#84177,.T.);
#51179=ORIENTED_EDGE('',*,*,#84178,.T.);
#51180=ORIENTED_EDGE('',*,*,#84179,.T.);
#51181=ORIENTED_EDGE('',*,*,#84180,.T.);
#51182=ORIENTED_EDGE('',*,*,#84181,.T.);
#51183=ORIENTED_EDGE('',*,*,#84182,.T.);
#51184=ORIENTED_EDGE('',*,*,#84183,.T.);
#51185=ORIENTED_EDGE('',*,*,#84184,.T.);
#51186=ORIENTED_EDGE('',*,*,#84185,.F.);
#51187=ORIENTED_EDGE('',*,*,#84186,.T.);
#51188=ORIENTED_EDGE('',*,*,#84187,.T.);
#51189=ORIENTED_EDGE('',*,*,#84188,.T.);
#51190=ORIENTED_EDGE('',*,*,#84189,.F.);
#51191=ORIENTED_EDGE('',*,*,#84190,.T.);
#51192=ORIENTED_EDGE('',*,*,#84191,.T.);
#51193=ORIENTED_EDGE('',*,*,#84192,.T.);
#51194=ORIENTED_EDGE('',*,*,#84193,.F.);
#51195=ORIENTED_EDGE('',*,*,#84194,.T.);
#51196=ORIENTED_EDGE('',*,*,#84195,.T.);
#51197=ORIENTED_EDGE('',*,*,#84196,.T.);
#51198=ORIENTED_EDGE('',*,*,#84183,.F.);
#51199=ORIENTED_EDGE('',*,*,#84197,.T.);
#51200=ORIENTED_EDGE('',*,*,#84198,.T.);
#51201=ORIENTED_EDGE('',*,*,#84199,.F.);
#51202=ORIENTED_EDGE('',*,*,#84200,.T.);
#51203=ORIENTED_EDGE('',*,*,#84201,.T.);
#51204=ORIENTED_EDGE('',*,*,#84202,.F.);
#51205=ORIENTED_EDGE('',*,*,#84203,.T.);
#51206=ORIENTED_EDGE('',*,*,#84204,.T.);
#51207=ORIENTED_EDGE('',*,*,#84205,.T.);
#51208=ORIENTED_EDGE('',*,*,#84206,.T.);
#51209=ORIENTED_EDGE('',*,*,#84207,.T.);
#51210=ORIENTED_EDGE('',*,*,#84208,.F.);
#51211=ORIENTED_EDGE('',*,*,#84209,.F.);
#51212=ORIENTED_EDGE('',*,*,#84210,.T.);
#51213=ORIENTED_EDGE('',*,*,#84211,.T.);
#51214=ORIENTED_EDGE('',*,*,#84212,.F.);
#51215=ORIENTED_EDGE('',*,*,#84213,.F.);
#51216=ORIENTED_EDGE('',*,*,#84214,.T.);
#51217=ORIENTED_EDGE('',*,*,#84215,.T.);
#51218=ORIENTED_EDGE('',*,*,#84200,.F.);
#51219=ORIENTED_EDGE('',*,*,#84216,.T.);
#51220=ORIENTED_EDGE('',*,*,#84217,.T.);
#51221=ORIENTED_EDGE('',*,*,#84218,.T.);
#51222=ORIENTED_EDGE('',*,*,#84219,.F.);
#51223=ORIENTED_EDGE('',*,*,#84220,.F.);
#51224=ORIENTED_EDGE('',*,*,#84221,.T.);
#51225=ORIENTED_EDGE('',*,*,#84222,.T.);
#51226=ORIENTED_EDGE('',*,*,#84223,.F.);
#51227=ORIENTED_EDGE('',*,*,#84224,.T.);
#51228=ORIENTED_EDGE('',*,*,#84225,.T.);
#51229=ORIENTED_EDGE('',*,*,#84226,.T.);
#51230=ORIENTED_EDGE('',*,*,#84227,.F.);
#51231=ORIENTED_EDGE('',*,*,#84228,.T.);
#51232=ORIENTED_EDGE('',*,*,#84229,.T.);
#51233=ORIENTED_EDGE('',*,*,#84230,.T.);
#51234=ORIENTED_EDGE('',*,*,#84231,.F.);
#51235=ORIENTED_EDGE('',*,*,#84232,.T.);
#51236=ORIENTED_EDGE('',*,*,#84233,.T.);
#51237=ORIENTED_EDGE('',*,*,#84234,.T.);
#51238=ORIENTED_EDGE('',*,*,#84225,.F.);
#51239=ORIENTED_EDGE('',*,*,#84235,.T.);
#51240=ORIENTED_EDGE('',*,*,#84236,.T.);
#51241=ORIENTED_EDGE('',*,*,#84237,.F.);
#51242=ORIENTED_EDGE('',*,*,#84223,.T.);
#51243=ORIENTED_EDGE('',*,*,#84238,.T.);
#51244=ORIENTED_EDGE('',*,*,#84239,.F.);
#51245=ORIENTED_EDGE('',*,*,#84240,.T.);
#51246=ORIENTED_EDGE('',*,*,#84160,.T.);
#51247=ORIENTED_EDGE('',*,*,#84241,.T.);
#51248=ORIENTED_EDGE('',*,*,#84148,.T.);
#51249=ORIENTED_EDGE('',*,*,#84242,.T.);
#51250=ORIENTED_EDGE('',*,*,#84206,.F.);
#51251=ORIENTED_EDGE('',*,*,#84243,.T.);
#51252=ORIENTED_EDGE('',*,*,#84244,.F.);
#51253=ORIENTED_EDGE('',*,*,#84245,.T.);
#51254=ORIENTED_EDGE('',*,*,#84193,.T.);
#51255=ORIENTED_EDGE('',*,*,#84246,.T.);
#51256=ORIENTED_EDGE('',*,*,#84150,.F.);
#51257=ORIENTED_EDGE('',*,*,#84247,.F.);
#51258=ORIENTED_EDGE('',*,*,#84154,.F.);
#51259=ORIENTED_EDGE('',*,*,#84248,.T.);
#51260=ORIENTED_EDGE('',*,*,#84249,.T.);
#51261=ORIENTED_EDGE('',*,*,#84250,.T.);
#51262=ORIENTED_EDGE('',*,*,#84251,.F.);
#51263=ORIENTED_EDGE('',*,*,#84252,.F.);
#51264=ORIENTED_EDGE('',*,*,#84253,.T.);
#51265=ORIENTED_EDGE('',*,*,#84254,.T.);
#51266=ORIENTED_EDGE('',*,*,#84255,.F.);
#51267=ORIENTED_EDGE('',*,*,#84256,.T.);
#51268=ORIENTED_EDGE('',*,*,#84257,.T.);
#51269=ORIENTED_EDGE('',*,*,#84258,.T.);
#51270=ORIENTED_EDGE('',*,*,#84249,.F.);
#51271=ORIENTED_EDGE('',*,*,#84259,.T.);
#51272=ORIENTED_EDGE('',*,*,#84260,.T.);
#51273=ORIENTED_EDGE('',*,*,#84261,.T.);
#51274=ORIENTED_EDGE('',*,*,#84262,.T.);
#51275=ORIENTED_EDGE('',*,*,#84263,.T.);
#51276=ORIENTED_EDGE('',*,*,#84264,.F.);
#51277=ORIENTED_EDGE('',*,*,#84265,.F.);
#51278=ORIENTED_EDGE('',*,*,#84266,.T.);
#51279=ORIENTED_EDGE('',*,*,#84267,.T.);
#51280=ORIENTED_EDGE('',*,*,#84268,.T.);
#51281=ORIENTED_EDGE('',*,*,#84269,.T.);
#51282=ORIENTED_EDGE('',*,*,#84270,.F.);
#51283=ORIENTED_EDGE('',*,*,#84271,.T.);
#51284=ORIENTED_EDGE('',*,*,#84272,.T.);
#51285=ORIENTED_EDGE('',*,*,#84273,.T.);
#51286=ORIENTED_EDGE('',*,*,#84262,.F.);
#51287=ORIENTED_EDGE('',*,*,#84274,.T.);
#51288=ORIENTED_EDGE('',*,*,#84275,.T.);
#51289=ORIENTED_EDGE('',*,*,#84276,.T.);
#51290=ORIENTED_EDGE('',*,*,#84277,.F.);
#51291=ORIENTED_EDGE('',*,*,#84278,.T.);
#51292=ORIENTED_EDGE('',*,*,#84279,.T.);
#51293=ORIENTED_EDGE('',*,*,#84280,.T.);
#51294=ORIENTED_EDGE('',*,*,#84281,.F.);
#51295=ORIENTED_EDGE('',*,*,#84282,.T.);
#51296=ORIENTED_EDGE('',*,*,#84283,.T.);
#51297=ORIENTED_EDGE('',*,*,#84284,.T.);
#51298=ORIENTED_EDGE('',*,*,#84217,.F.);
#51299=ORIENTED_EDGE('',*,*,#84285,.T.);
#51300=ORIENTED_EDGE('',*,*,#84231,.T.);
#51301=ORIENTED_EDGE('',*,*,#84286,.T.);
#51302=ORIENTED_EDGE('',*,*,#84287,.F.);
#51303=ORIENTED_EDGE('',*,*,#84288,.F.);
#51304=ORIENTED_EDGE('',*,*,#84289,.T.);
#51305=ORIENTED_EDGE('',*,*,#84290,.T.);
#51306=ORIENTED_EDGE('',*,*,#84291,.F.);
#51307=ORIENTED_EDGE('',*,*,#84292,.F.);
#51308=ORIENTED_EDGE('',*,*,#84293,.T.);
#51309=ORIENTED_EDGE('',*,*,#84294,.T.);
#51310=ORIENTED_EDGE('',*,*,#84295,.F.);
#51311=ORIENTED_EDGE('',*,*,#84296,.T.);
#51312=ORIENTED_EDGE('',*,*,#84297,.T.);
#51313=ORIENTED_EDGE('',*,*,#84298,.T.);
#51314=ORIENTED_EDGE('',*,*,#84299,.F.);
#51315=ORIENTED_EDGE('',*,*,#84300,.F.);
#51316=ORIENTED_EDGE('',*,*,#84301,.T.);
#51317=ORIENTED_EDGE('',*,*,#84302,.T.);
#51318=ORIENTED_EDGE('',*,*,#84303,.F.);
#51319=ORIENTED_EDGE('',*,*,#84304,.F.);
#51320=ORIENTED_EDGE('',*,*,#84305,.T.);
#51321=ORIENTED_EDGE('',*,*,#84306,.T.);
#51322=ORIENTED_EDGE('',*,*,#84275,.F.);
#51323=ORIENTED_EDGE('',*,*,#84307,.T.);
#51324=ORIENTED_EDGE('',*,*,#84295,.T.);
#51325=ORIENTED_EDGE('',*,*,#84308,.T.);
#51326=ORIENTED_EDGE('',*,*,#84309,.F.);
#51327=ORIENTED_EDGE('',*,*,#84310,.T.);
#51328=ORIENTED_EDGE('',*,*,#84311,.T.);
#51329=ORIENTED_EDGE('',*,*,#84312,.T.);
#51330=ORIENTED_EDGE('',*,*,#84313,.F.);
#51331=ORIENTED_EDGE('',*,*,#84314,.T.);
#51332=ORIENTED_EDGE('',*,*,#84315,.T.);
#51333=ORIENTED_EDGE('',*,*,#84316,.T.);
#51334=ORIENTED_EDGE('',*,*,#84317,.F.);
#51335=ORIENTED_EDGE('',*,*,#84318,.T.);
#51336=ORIENTED_EDGE('',*,*,#84317,.T.);
#51337=ORIENTED_EDGE('',*,*,#84319,.T.);
#51338=ORIENTED_EDGE('',*,*,#84320,.F.);
#51339=ORIENTED_EDGE('',*,*,#84321,.T.);
#51340=ORIENTED_EDGE('',*,*,#84322,.T.);
#51341=ORIENTED_EDGE('',*,*,#84323,.T.);
#51342=ORIENTED_EDGE('',*,*,#84324,.F.);
#51343=ORIENTED_EDGE('',*,*,#84325,.T.);
#51344=ORIENTED_EDGE('',*,*,#84326,.T.);
#51345=ORIENTED_EDGE('',*,*,#84327,.T.);
#51346=ORIENTED_EDGE('',*,*,#84268,.F.);
#51347=ORIENTED_EDGE('',*,*,#84328,.T.);
#51348=ORIENTED_EDGE('',*,*,#84255,.T.);
#51349=ORIENTED_EDGE('',*,*,#84329,.T.);
#51350=ORIENTED_EDGE('',*,*,#84330,.F.);
#51351=ORIENTED_EDGE('',*,*,#84331,.F.);
#51352=ORIENTED_EDGE('',*,*,#84332,.T.);
#51353=ORIENTED_EDGE('',*,*,#84333,.T.);
#51354=ORIENTED_EDGE('',*,*,#84334,.F.);
#51355=ORIENTED_EDGE('',*,*,#84335,.F.);
#51356=ORIENTED_EDGE('',*,*,#84336,.T.);
#51357=ORIENTED_EDGE('',*,*,#84337,.T.);
#51358=ORIENTED_EDGE('',*,*,#84297,.F.);
#51359=ORIENTED_EDGE('',*,*,#84338,.T.);
#51360=ORIENTED_EDGE('',*,*,#84339,.F.);
#51361=ORIENTED_EDGE('',*,*,#84162,.F.);
#51362=ORIENTED_EDGE('',*,*,#84340,.F.);
#51363=ORIENTED_EDGE('',*,*,#84341,.F.);
#51364=ORIENTED_EDGE('',*,*,#84342,.T.);
#51365=ORIENTED_EDGE('',*,*,#84343,.T.);
#51366=ORIENTED_EDGE('',*,*,#84344,.F.);
#51367=ORIENTED_EDGE('',*,*,#84345,.F.);
#51368=ORIENTED_EDGE('',*,*,#84346,.F.);
#51369=ORIENTED_EDGE('',*,*,#84158,.T.);
#51370=ORIENTED_EDGE('',*,*,#84347,.F.);
#51371=ORIENTED_EDGE('',*,*,#84156,.F.);
#51372=ORIENTED_EDGE('',*,*,#84348,.F.);
#51373=ORIENTED_EDGE('',*,*,#84349,.F.);
#51374=ORIENTED_EDGE('',*,*,#84350,.T.);
#51375=ORIENTED_EDGE('',*,*,#84351,.T.);
#51376=ORIENTED_EDGE('',*,*,#84352,.F.);
#51377=ORIENTED_EDGE('',*,*,#84353,.F.);
#51378=ORIENTED_EDGE('',*,*,#84354,.F.);
#51379=ORIENTED_EDGE('',*,*,#84152,.T.);
#51380=ORIENTED_EDGE('',*,*,#84256,.F.);
#51381=ORIENTED_EDGE('',*,*,#84338,.F.);
#51382=ORIENTED_EDGE('',*,*,#84307,.F.);
#51383=ORIENTED_EDGE('',*,*,#84285,.F.);
#51384=ORIENTED_EDGE('',*,*,#84224,.F.);
#51385=ORIENTED_EDGE('',*,*,#84241,.F.);
#51386=ORIENTED_EDGE('',*,*,#84159,.T.);
#51387=ORIENTED_EDGE('',*,*,#84346,.T.);
#51388=ORIENTED_EDGE('',*,*,#84355,.T.);
#51389=ORIENTED_EDGE('',*,*,#84197,.F.);
#51390=ORIENTED_EDGE('',*,*,#84194,.F.);
#51391=ORIENTED_EDGE('',*,*,#84248,.F.);
#51392=ORIENTED_EDGE('',*,*,#84153,.T.);
#51393=ORIENTED_EDGE('',*,*,#84354,.T.);
#51394=ORIENTED_EDGE('',*,*,#84356,.T.);
#51395=ORIENTED_EDGE('',*,*,#84259,.F.);
#51396=ORIENTED_EDGE('',*,*,#84253,.F.);
#51397=ORIENTED_EDGE('',*,*,#84357,.T.);
#51398=ORIENTED_EDGE('',*,*,#84270,.T.);
#51399=ORIENTED_EDGE('',*,*,#84358,.F.);
#51400=ORIENTED_EDGE('',*,*,#84336,.F.);
#51401=ORIENTED_EDGE('',*,*,#84359,.T.);
#51402=ORIENTED_EDGE('',*,*,#84320,.T.);
#51403=ORIENTED_EDGE('',*,*,#84360,.T.);
#51404=ORIENTED_EDGE('',*,*,#84361,.F.);
#51405=ORIENTED_EDGE('',*,*,#84330,.T.);
#51406=ORIENTED_EDGE('',*,*,#84362,.T.);
#51407=ORIENTED_EDGE('',*,*,#84326,.F.);
#51408=ORIENTED_EDGE('',*,*,#84257,.F.);
#51409=ORIENTED_EDGE('',*,*,#84363,.T.);
#51410=ORIENTED_EDGE('',*,*,#84264,.T.);
#51411=ORIENTED_EDGE('',*,*,#84364,.T.);
#51412=ORIENTED_EDGE('',*,*,#84365,.F.);
#51413=ORIENTED_EDGE('',*,*,#84260,.F.);
#51414=ORIENTED_EDGE('',*,*,#84356,.F.);
#51415=ORIENTED_EDGE('',*,*,#84353,.T.);
#51416=ORIENTED_EDGE('',*,*,#84366,.T.);
#51417=ORIENTED_EDGE('',*,*,#84351,.F.);
#51418=ORIENTED_EDGE('',*,*,#84293,.F.);
#51419=ORIENTED_EDGE('',*,*,#84367,.T.);
#51420=ORIENTED_EDGE('',*,*,#84277,.T.);
#51421=ORIENTED_EDGE('',*,*,#84368,.T.);
#51422=ORIENTED_EDGE('',*,*,#84279,.F.);
#51423=ORIENTED_EDGE('',*,*,#84369,.F.);
#51424=ORIENTED_EDGE('',*,*,#84291,.T.);
#51425=ORIENTED_EDGE('',*,*,#84370,.T.);
#51426=ORIENTED_EDGE('',*,*,#84289,.F.);
#51427=ORIENTED_EDGE('',*,*,#84371,.T.);
#51428=ORIENTED_EDGE('',*,*,#84281,.T.);
#51429=ORIENTED_EDGE('',*,*,#84372,.F.);
#51430=ORIENTED_EDGE('',*,*,#84301,.F.);
#51431=ORIENTED_EDGE('',*,*,#84373,.T.);
#51432=ORIENTED_EDGE('',*,*,#84313,.T.);
#51433=ORIENTED_EDGE('',*,*,#84374,.T.);
#51434=ORIENTED_EDGE('',*,*,#84305,.F.);
#51435=ORIENTED_EDGE('',*,*,#84375,.T.);
#51436=ORIENTED_EDGE('',*,*,#84309,.T.);
#51437=ORIENTED_EDGE('',*,*,#84376,.T.);
#51438=ORIENTED_EDGE('',*,*,#84221,.F.);
#51439=ORIENTED_EDGE('',*,*,#84377,.T.);
#51440=ORIENTED_EDGE('',*,*,#84227,.T.);
#51441=ORIENTED_EDGE('',*,*,#84378,.F.);
#51442=ORIENTED_EDGE('',*,*,#84191,.F.);
#51443=ORIENTED_EDGE('',*,*,#84379,.T.);
#51444=ORIENTED_EDGE('',*,*,#84208,.T.);
#51445=ORIENTED_EDGE('',*,*,#84380,.T.);
#51446=ORIENTED_EDGE('',*,*,#84381,.T.);
#51447=ORIENTED_EDGE('',*,*,#84382,.F.);
#51448=ORIENTED_EDGE('',*,*,#84383,.F.);
#51449=ORIENTED_EDGE('',*,*,#84384,.T.);
#51450=ORIENTED_EDGE('',*,*,#84385,.T.);
#51451=ORIENTED_EDGE('',*,*,#84386,.F.);
#51452=ORIENTED_EDGE('',*,*,#84387,.F.);
#51453=ORIENTED_EDGE('',*,*,#84388,.T.);
#51454=ORIENTED_EDGE('',*,*,#84389,.F.);
#51455=ORIENTED_EDGE('',*,*,#84390,.T.);
#51456=ORIENTED_EDGE('',*,*,#84391,.T.);
#51457=ORIENTED_EDGE('',*,*,#84392,.T.);
#51458=ORIENTED_EDGE('',*,*,#84328,.F.);
#51459=ORIENTED_EDGE('',*,*,#84274,.F.);
#51460=ORIENTED_EDGE('',*,*,#84267,.F.);
#51461=ORIENTED_EDGE('',*,*,#84393,.T.);
#51462=ORIENTED_EDGE('',*,*,#84349,.T.);
#51463=ORIENTED_EDGE('',*,*,#84394,.F.);
#51464=ORIENTED_EDGE('',*,*,#84243,.F.);
#51465=ORIENTED_EDGE('',*,*,#84216,.F.);
#51466=ORIENTED_EDGE('',*,*,#84205,.F.);
#51467=ORIENTED_EDGE('',*,*,#84395,.T.);
#51468=ORIENTED_EDGE('',*,*,#84341,.T.);
#51469=ORIENTED_EDGE('',*,*,#84396,.T.);
#51470=ORIENTED_EDGE('',*,*,#84235,.F.);
#51471=ORIENTED_EDGE('',*,*,#84232,.F.);
#51472=ORIENTED_EDGE('',*,*,#84296,.F.);
#51473=ORIENTED_EDGE('',*,*,#84318,.F.);
#51474=ORIENTED_EDGE('',*,*,#84181,.F.);
#51475=ORIENTED_EDGE('',*,*,#84179,.F.);
#51476=ORIENTED_EDGE('',*,*,#84169,.F.);
#51477=ORIENTED_EDGE('',*,*,#84177,.F.);
#51478=ORIENTED_EDGE('',*,*,#84175,.F.);
#51479=ORIENTED_EDGE('',*,*,#84173,.F.);
#51480=ORIENTED_EDGE('',*,*,#84171,.F.);
#51481=ORIENTED_EDGE('',*,*,#84167,.F.);
#51482=ORIENTED_EDGE('',*,*,#84165,.F.);
#51483=ORIENTED_EDGE('',*,*,#84163,.F.);
#51484=ORIENTED_EDGE('',*,*,#84397,.F.);
#51485=ORIENTED_EDGE('',*,*,#84189,.T.);
#51486=ORIENTED_EDGE('',*,*,#84398,.T.);
#51487=ORIENTED_EDGE('',*,*,#84210,.F.);
#51488=ORIENTED_EDGE('',*,*,#84399,.F.);
#51489=ORIENTED_EDGE('',*,*,#84303,.T.);
#51490=ORIENTED_EDGE('',*,*,#84400,.T.);
#51491=ORIENTED_EDGE('',*,*,#84311,.F.);
#51492=ORIENTED_EDGE('',*,*,#84401,.F.);
#51493=ORIENTED_EDGE('',*,*,#84299,.T.);
#51494=ORIENTED_EDGE('',*,*,#84402,.T.);
#51495=ORIENTED_EDGE('',*,*,#84315,.F.);
#51496=ORIENTED_EDGE('',*,*,#84403,.F.);
#51497=ORIENTED_EDGE('',*,*,#84334,.T.);
#51498=ORIENTED_EDGE('',*,*,#84404,.T.);
#51499=ORIENTED_EDGE('',*,*,#84322,.F.);
#51500=ORIENTED_EDGE('',*,*,#84332,.F.);
#51501=ORIENTED_EDGE('',*,*,#84405,.T.);
#51502=ORIENTED_EDGE('',*,*,#84324,.T.);
#51503=ORIENTED_EDGE('',*,*,#84406,.T.);
#51504=ORIENTED_EDGE('',*,*,#84407,.F.);
#51505=ORIENTED_EDGE('',*,*,#84185,.T.);
#51506=ORIENTED_EDGE('',*,*,#84408,.T.);
#51507=ORIENTED_EDGE('',*,*,#84214,.F.);
#51508=ORIENTED_EDGE('',*,*,#84202,.T.);
#51509=ORIENTED_EDGE('',*,*,#84409,.T.);
#51510=ORIENTED_EDGE('',*,*,#84195,.F.);
#51511=ORIENTED_EDGE('',*,*,#84410,.T.);
#51512=ORIENTED_EDGE('',*,*,#84411,.F.);
#51513=ORIENTED_EDGE('',*,*,#84233,.F.);
#51514=ORIENTED_EDGE('',*,*,#84412,.T.);
#51515=ORIENTED_EDGE('',*,*,#84239,.T.);
#51516=ORIENTED_EDGE('',*,*,#84345,.T.);
#51517=ORIENTED_EDGE('',*,*,#84413,.T.);
#51518=ORIENTED_EDGE('',*,*,#84343,.F.);
#51519=ORIENTED_EDGE('',*,*,#84414,.F.);
#51520=ORIENTED_EDGE('',*,*,#84198,.F.);
#51521=ORIENTED_EDGE('',*,*,#84355,.F.);
#51522=ORIENTED_EDGE('',*,*,#84415,.F.);
#51523=ORIENTED_EDGE('',*,*,#84392,.F.);
#51524=ORIENTED_EDGE('',*,*,#84416,.T.);
#51525=ORIENTED_EDGE('',*,*,#84417,.T.);
#51526=ORIENTED_EDGE('',*,*,#84418,.F.);
#51527=ORIENTED_EDGE('',*,*,#84419,.F.);
#51528=ORIENTED_EDGE('',*,*,#84420,.F.);
#51529=ORIENTED_EDGE('',*,*,#84421,.F.);
#51530=ORIENTED_EDGE('',*,*,#84422,.F.);
#51531=ORIENTED_EDGE('',*,*,#84423,.F.);
#51532=ORIENTED_EDGE('',*,*,#84424,.T.);
#51533=ORIENTED_EDGE('',*,*,#84425,.F.);
#51534=ORIENTED_EDGE('',*,*,#84426,.T.);
#51535=ORIENTED_EDGE('',*,*,#84382,.T.);
#51536=ORIENTED_EDGE('',*,*,#84386,.T.);
#51537=ORIENTED_EDGE('',*,*,#84427,.T.);
#51538=ORIENTED_EDGE('',*,*,#84428,.F.);
#51539=ORIENTED_EDGE('',*,*,#84429,.T.);
#51540=ORIENTED_EDGE('',*,*,#84425,.T.);
#51541=ORIENTED_EDGE('',*,*,#84430,.F.);
#51542=ORIENTED_EDGE('',*,*,#84431,.F.);
#51543=ORIENTED_EDGE('',*,*,#84432,.F.);
#51544=ORIENTED_EDGE('',*,*,#84433,.F.);
#51545=ORIENTED_EDGE('',*,*,#84434,.T.);
#51546=ORIENTED_EDGE('',*,*,#84435,.F.);
#51547=ORIENTED_EDGE('',*,*,#84436,.T.);
#51548=ORIENTED_EDGE('',*,*,#84428,.T.);
#51549=ORIENTED_EDGE('',*,*,#84437,.F.);
#51550=ORIENTED_EDGE('',*,*,#84438,.T.);
#51551=ORIENTED_EDGE('',*,*,#84439,.T.);
#51552=ORIENTED_EDGE('',*,*,#84440,.F.);
#51553=ORIENTED_EDGE('',*,*,#84431,.T.);
#51554=ORIENTED_EDGE('',*,*,#84441,.T.);
#51555=ORIENTED_EDGE('',*,*,#84442,.T.);
#51556=ORIENTED_EDGE('',*,*,#84443,.T.);
#51557=ORIENTED_EDGE('',*,*,#84444,.T.);
#51558=ORIENTED_EDGE('',*,*,#84445,.F.);
#51559=ORIENTED_EDGE('',*,*,#84446,.T.);
#51560=ORIENTED_EDGE('',*,*,#84447,.T.);
#51561=ORIENTED_EDGE('',*,*,#84448,.T.);
#51562=ORIENTED_EDGE('',*,*,#84449,.T.);
#51563=ORIENTED_EDGE('',*,*,#84435,.T.);
#51564=ORIENTED_EDGE('',*,*,#84429,.F.);
#51565=ORIENTED_EDGE('',*,*,#84450,.T.);
#51566=ORIENTED_EDGE('',*,*,#84451,.T.);
#51567=ORIENTED_EDGE('',*,*,#84387,.T.);
#51568=ORIENTED_EDGE('',*,*,#84415,.T.);
#51569=ORIENTED_EDGE('',*,*,#84452,.F.);
#51570=ORIENTED_EDGE('',*,*,#84424,.F.);
#51571=ORIENTED_EDGE('',*,*,#84381,.F.);
#51572=ORIENTED_EDGE('',*,*,#84453,.T.);
#51573=ORIENTED_EDGE('',*,*,#84446,.F.);
#51574=ORIENTED_EDGE('',*,*,#84454,.F.);
#51575=ORIENTED_EDGE('',*,*,#84455,.F.);
#51576=ORIENTED_EDGE('',*,*,#84456,.T.);
#51577=ORIENTED_EDGE('',*,*,#84444,.F.);
#51578=ORIENTED_EDGE('',*,*,#84457,.F.);
#51579=ORIENTED_EDGE('',*,*,#84458,.T.);
#51580=ORIENTED_EDGE('',*,*,#84459,.F.);
#51581=ORIENTED_EDGE('',*,*,#84460,.F.);
#51582=ORIENTED_EDGE('',*,*,#84461,.T.);
#51583=ORIENTED_EDGE('',*,*,#84423,.T.);
#51584=ORIENTED_EDGE('',*,*,#84462,.T.);
#51585=ORIENTED_EDGE('',*,*,#84463,.T.);
#51586=ORIENTED_EDGE('',*,*,#84388,.F.);
#51587=ORIENTED_EDGE('',*,*,#84451,.F.);
#51588=ORIENTED_EDGE('',*,*,#84464,.T.);
#51589=ORIENTED_EDGE('',*,*,#84465,.T.);
#51590=ORIENTED_EDGE('',*,*,#84466,.T.);
#51591=ORIENTED_EDGE('',*,*,#84457,.T.);
#51592=ORIENTED_EDGE('',*,*,#84443,.F.);
#51593=ORIENTED_EDGE('',*,*,#84447,.F.);
#51594=ORIENTED_EDGE('',*,*,#84453,.F.);
#51595=ORIENTED_EDGE('',*,*,#84422,.T.);
#51596=ORIENTED_EDGE('',*,*,#84467,.F.);
#51597=ORIENTED_EDGE('',*,*,#84467,.T.);
#51598=ORIENTED_EDGE('',*,*,#84421,.T.);
#51599=ORIENTED_EDGE('',*,*,#84468,.F.);
#51600=ORIENTED_EDGE('',*,*,#84448,.F.);
#51601=ORIENTED_EDGE('',*,*,#84468,.T.);
#51602=ORIENTED_EDGE('',*,*,#84420,.T.);
#51603=ORIENTED_EDGE('',*,*,#84469,.T.);
#51604=ORIENTED_EDGE('',*,*,#84464,.F.);
#51605=ORIENTED_EDGE('',*,*,#84450,.F.);
#51606=ORIENTED_EDGE('',*,*,#84436,.F.);
#51607=ORIENTED_EDGE('',*,*,#84449,.F.);
#51608=ORIENTED_EDGE('',*,*,#84430,.T.);
#51609=ORIENTED_EDGE('',*,*,#84452,.T.);
#51610=ORIENTED_EDGE('',*,*,#84470,.F.);
#51611=ORIENTED_EDGE('',*,*,#84471,.T.);
#51612=ORIENTED_EDGE('',*,*,#84472,.F.);
#51613=ORIENTED_EDGE('',*,*,#84441,.F.);
#51614=ORIENTED_EDGE('',*,*,#84472,.T.);
#51615=ORIENTED_EDGE('',*,*,#84473,.T.);
#51616=ORIENTED_EDGE('',*,*,#84465,.F.);
#51617=ORIENTED_EDGE('',*,*,#84442,.F.);
#51618=ORIENTED_EDGE('',*,*,#84474,.T.);
#51619=ORIENTED_EDGE('',*,*,#84475,.T.);
#51620=ORIENTED_EDGE('',*,*,#84462,.F.);
#51621=ORIENTED_EDGE('',*,*,#84469,.F.);
#51622=ORIENTED_EDGE('',*,*,#84419,.T.);
#51623=ORIENTED_EDGE('',*,*,#84476,.F.);
#51624=ORIENTED_EDGE('',*,*,#84477,.F.);
#51625=ORIENTED_EDGE('',*,*,#84478,.T.);
#51626=ORIENTED_EDGE('',*,*,#84479,.T.);
#51627=ORIENTED_EDGE('',*,*,#84470,.T.);
#51628=ORIENTED_EDGE('',*,*,#84417,.F.);
#51629=ORIENTED_EDGE('',*,*,#84480,.F.);
#51630=ORIENTED_EDGE('',*,*,#84481,.F.);
#51631=ORIENTED_EDGE('',*,*,#84458,.F.);
#51632=ORIENTED_EDGE('',*,*,#84466,.F.);
#51633=ORIENTED_EDGE('',*,*,#84473,.F.);
#51634=ORIENTED_EDGE('',*,*,#84471,.F.);
#51635=ORIENTED_EDGE('',*,*,#84479,.F.);
#51636=ORIENTED_EDGE('',*,*,#84445,.T.);
#51637=ORIENTED_EDGE('',*,*,#84434,.F.);
#51638=ORIENTED_EDGE('',*,*,#84482,.F.);
#51639=ORIENTED_EDGE('',*,*,#84454,.T.);
#51640=ORIENTED_EDGE('',*,*,#84440,.T.);
#51641=ORIENTED_EDGE('',*,*,#84456,.F.);
#51642=ORIENTED_EDGE('',*,*,#84483,.F.);
#51643=ORIENTED_EDGE('',*,*,#84432,.T.);
#51644=ORIENTED_EDGE('',*,*,#84455,.T.);
#51645=ORIENTED_EDGE('',*,*,#84482,.T.);
#51646=ORIENTED_EDGE('',*,*,#84433,.T.);
#51647=ORIENTED_EDGE('',*,*,#84483,.T.);
#51648=ORIENTED_EDGE('',*,*,#84426,.F.);
#51649=ORIENTED_EDGE('',*,*,#84439,.F.);
#51650=ORIENTED_EDGE('',*,*,#84484,.T.);
#51651=ORIENTED_EDGE('',*,*,#84383,.T.);
#51652=ORIENTED_EDGE('',*,*,#84427,.F.);
#51653=ORIENTED_EDGE('',*,*,#84385,.F.);
#51654=ORIENTED_EDGE('',*,*,#84485,.T.);
#51655=ORIENTED_EDGE('',*,*,#84437,.T.);
#51656=ORIENTED_EDGE('',*,*,#84438,.F.);
#51657=ORIENTED_EDGE('',*,*,#84485,.F.);
#51658=ORIENTED_EDGE('',*,*,#84384,.F.);
#51659=ORIENTED_EDGE('',*,*,#84484,.F.);
#51660=ORIENTED_EDGE('',*,*,#84418,.T.);
#51661=ORIENTED_EDGE('',*,*,#84461,.F.);
#51662=ORIENTED_EDGE('',*,*,#84486,.F.);
#51663=ORIENTED_EDGE('',*,*,#84476,.T.);
#51664=ORIENTED_EDGE('',*,*,#84481,.T.);
#51665=ORIENTED_EDGE('',*,*,#84478,.F.);
#51666=ORIENTED_EDGE('',*,*,#84487,.F.);
#51667=ORIENTED_EDGE('',*,*,#84459,.T.);
#51668=ORIENTED_EDGE('',*,*,#84486,.T.);
#51669=ORIENTED_EDGE('',*,*,#84460,.T.);
#51670=ORIENTED_EDGE('',*,*,#84487,.T.);
#51671=ORIENTED_EDGE('',*,*,#84477,.T.);
#51672=ORIENTED_EDGE('',*,*,#84416,.F.);
#51673=ORIENTED_EDGE('',*,*,#84391,.F.);
#51674=ORIENTED_EDGE('',*,*,#84488,.T.);
#51675=ORIENTED_EDGE('',*,*,#84480,.T.);
#51676=ORIENTED_EDGE('',*,*,#84463,.F.);
#51677=ORIENTED_EDGE('',*,*,#84475,.F.);
#51678=ORIENTED_EDGE('',*,*,#84489,.T.);
#51679=ORIENTED_EDGE('',*,*,#84389,.T.);
#51680=ORIENTED_EDGE('',*,*,#84489,.F.);
#51681=ORIENTED_EDGE('',*,*,#84474,.F.);
#51682=ORIENTED_EDGE('',*,*,#84488,.F.);
#51683=ORIENTED_EDGE('',*,*,#84390,.F.);
#51684=ORIENTED_EDGE('',*,*,#84490,.F.);
#51685=ORIENTED_EDGE('',*,*,#84251,.T.);
#51686=ORIENTED_EDGE('',*,*,#84491,.F.);
#51687=ORIENTED_EDGE('',*,*,#84272,.F.);
#51688=ORIENTED_EDGE('',*,*,#84492,.F.);
#51689=ORIENTED_EDGE('',*,*,#84219,.T.);
#51690=ORIENTED_EDGE('',*,*,#84493,.F.);
#51691=ORIENTED_EDGE('',*,*,#84229,.F.);
#51692=ORIENTED_EDGE('',*,*,#84494,.F.);
#51693=ORIENTED_EDGE('',*,*,#84287,.T.);
#51694=ORIENTED_EDGE('',*,*,#84495,.F.);
#51695=ORIENTED_EDGE('',*,*,#84283,.F.);
#51696=ORIENTED_EDGE('',*,*,#84187,.F.);
#51697=ORIENTED_EDGE('',*,*,#84496,.T.);
#51698=ORIENTED_EDGE('',*,*,#84212,.T.);
#51699=ORIENTED_EDGE('',*,*,#84497,.T.);
#51700=ORIENTED_EDGE('',*,*,#84410,.F.);
#51701=ORIENTED_EDGE('',*,*,#84199,.T.);
#51702=ORIENTED_EDGE('',*,*,#84414,.T.);
#51703=ORIENTED_EDGE('',*,*,#84498,.T.);
#51704=ORIENTED_EDGE('',*,*,#84203,.F.);
#51705=ORIENTED_EDGE('',*,*,#84342,.F.);
#51706=ORIENTED_EDGE('',*,*,#84395,.F.);
#51707=ORIENTED_EDGE('',*,*,#84204,.F.);
#51708=ORIENTED_EDGE('',*,*,#84498,.F.);
#51709=ORIENTED_EDGE('',*,*,#84340,.T.);
#51710=ORIENTED_EDGE('',*,*,#84499,.F.);
#51711=ORIENTED_EDGE('',*,*,#84236,.F.);
#51712=ORIENTED_EDGE('',*,*,#84396,.F.);
#51713=ORIENTED_EDGE('',*,*,#84412,.F.);
#51714=ORIENTED_EDGE('',*,*,#84237,.T.);
#51715=ORIENTED_EDGE('',*,*,#84499,.T.);
#51716=ORIENTED_EDGE('',*,*,#84161,.T.);
#51717=ORIENTED_EDGE('',*,*,#84240,.F.);
#51718=ORIENTED_EDGE('',*,*,#84213,.T.);
#51719=ORIENTED_EDGE('',*,*,#84496,.F.);
#51720=ORIENTED_EDGE('',*,*,#84186,.F.);
#51721=ORIENTED_EDGE('',*,*,#84407,.T.);
#51722=ORIENTED_EDGE('',*,*,#84209,.T.);
#51723=ORIENTED_EDGE('',*,*,#84379,.F.);
#51724=ORIENTED_EDGE('',*,*,#84190,.F.);
#51725=ORIENTED_EDGE('',*,*,#84397,.T.);
#51726=ORIENTED_EDGE('',*,*,#84228,.F.);
#51727=ORIENTED_EDGE('',*,*,#84377,.F.);
#51728=ORIENTED_EDGE('',*,*,#84220,.T.);
#51729=ORIENTED_EDGE('',*,*,#84492,.T.);
#51730=ORIENTED_EDGE('',*,*,#84310,.F.);
#51731=ORIENTED_EDGE('',*,*,#84375,.F.);
#51732=ORIENTED_EDGE('',*,*,#84304,.T.);
#51733=ORIENTED_EDGE('',*,*,#84399,.T.);
#51734=ORIENTED_EDGE('',*,*,#84314,.F.);
#51735=ORIENTED_EDGE('',*,*,#84373,.F.);
#51736=ORIENTED_EDGE('',*,*,#84300,.T.);
#51737=ORIENTED_EDGE('',*,*,#84401,.T.);
#51738=ORIENTED_EDGE('',*,*,#84494,.T.);
#51739=ORIENTED_EDGE('',*,*,#84282,.F.);
#51740=ORIENTED_EDGE('',*,*,#84371,.F.);
#51741=ORIENTED_EDGE('',*,*,#84288,.T.);
#51742=ORIENTED_EDGE('',*,*,#84367,.F.);
#51743=ORIENTED_EDGE('',*,*,#84292,.T.);
#51744=ORIENTED_EDGE('',*,*,#84369,.T.);
#51745=ORIENTED_EDGE('',*,*,#84278,.F.);
#51746=ORIENTED_EDGE('',*,*,#84394,.T.);
#51747=ORIENTED_EDGE('',*,*,#84348,.T.);
#51748=ORIENTED_EDGE('',*,*,#84500,.T.);
#51749=ORIENTED_EDGE('',*,*,#84244,.T.);
#51750=ORIENTED_EDGE('',*,*,#84149,.T.);
#51751=ORIENTED_EDGE('',*,*,#84245,.F.);
#51752=ORIENTED_EDGE('',*,*,#84500,.F.);
#51753=ORIENTED_EDGE('',*,*,#84155,.F.);
#51754=ORIENTED_EDGE('',*,*,#84247,.T.);
#51755=ORIENTED_EDGE('',*,*,#84350,.F.);
#51756=ORIENTED_EDGE('',*,*,#84393,.F.);
#51757=ORIENTED_EDGE('',*,*,#84266,.F.);
#51758=ORIENTED_EDGE('',*,*,#84501,.F.);
#51759=ORIENTED_EDGE('',*,*,#84363,.F.);
#51760=ORIENTED_EDGE('',*,*,#84261,.F.);
#51761=ORIENTED_EDGE('',*,*,#84365,.T.);
#51762=ORIENTED_EDGE('',*,*,#84501,.T.);
#51763=ORIENTED_EDGE('',*,*,#84265,.T.);
#51764=ORIENTED_EDGE('',*,*,#84361,.T.);
#51765=ORIENTED_EDGE('',*,*,#84325,.F.);
#51766=ORIENTED_EDGE('',*,*,#84405,.F.);
#51767=ORIENTED_EDGE('',*,*,#84331,.T.);
#51768=ORIENTED_EDGE('',*,*,#84403,.T.);
#51769=ORIENTED_EDGE('',*,*,#84321,.F.);
#51770=ORIENTED_EDGE('',*,*,#84359,.F.);
#51771=ORIENTED_EDGE('',*,*,#84335,.T.);
#51772=ORIENTED_EDGE('',*,*,#84271,.F.);
#51773=ORIENTED_EDGE('',*,*,#84357,.F.);
#51774=ORIENTED_EDGE('',*,*,#84252,.T.);
#51775=ORIENTED_EDGE('',*,*,#84490,.T.);
#51776=ORIENTED_EDGE('',*,*,#84344,.T.);
#51777=ORIENTED_EDGE('',*,*,#84157,.T.);
#51778=ORIENTED_EDGE('',*,*,#84339,.T.);
#51779=ORIENTED_EDGE('',*,*,#84413,.F.);
#51780=ORIENTED_EDGE('',*,*,#84226,.F.);
#51781=ORIENTED_EDGE('',*,*,#84234,.F.);
#51782=ORIENTED_EDGE('',*,*,#84411,.T.);
#51783=ORIENTED_EDGE('',*,*,#84238,.F.);
#51784=ORIENTED_EDGE('',*,*,#84222,.F.);
#51785=ORIENTED_EDGE('',*,*,#84378,.T.);
#51786=ORIENTED_EDGE('',*,*,#84218,.F.);
#51787=ORIENTED_EDGE('',*,*,#84284,.F.);
#51788=ORIENTED_EDGE('',*,*,#84495,.T.);
#51789=ORIENTED_EDGE('',*,*,#84286,.F.);
#51790=ORIENTED_EDGE('',*,*,#84230,.F.);
#51791=ORIENTED_EDGE('',*,*,#84493,.T.);
#51792=ORIENTED_EDGE('',*,*,#84290,.F.);
#51793=ORIENTED_EDGE('',*,*,#84372,.T.);
#51794=ORIENTED_EDGE('',*,*,#84280,.F.);
#51795=ORIENTED_EDGE('',*,*,#84370,.F.);
#51796=ORIENTED_EDGE('',*,*,#84308,.F.);
#51797=ORIENTED_EDGE('',*,*,#84294,.F.);
#51798=ORIENTED_EDGE('',*,*,#84368,.F.);
#51799=ORIENTED_EDGE('',*,*,#84276,.F.);
#51800=ORIENTED_EDGE('',*,*,#84306,.F.);
#51801=ORIENTED_EDGE('',*,*,#84376,.F.);
#51802=ORIENTED_EDGE('',*,*,#84312,.F.);
#51803=ORIENTED_EDGE('',*,*,#84400,.F.);
#51804=ORIENTED_EDGE('',*,*,#84302,.F.);
#51805=ORIENTED_EDGE('',*,*,#84374,.F.);
#51806=ORIENTED_EDGE('',*,*,#84319,.F.);
#51807=ORIENTED_EDGE('',*,*,#84316,.F.);
#51808=ORIENTED_EDGE('',*,*,#84402,.F.);
#51809=ORIENTED_EDGE('',*,*,#84298,.F.);
#51810=ORIENTED_EDGE('',*,*,#84337,.F.);
#51811=ORIENTED_EDGE('',*,*,#84360,.F.);
#51812=ORIENTED_EDGE('',*,*,#84333,.F.);
#51813=ORIENTED_EDGE('',*,*,#84406,.F.);
#51814=ORIENTED_EDGE('',*,*,#84323,.F.);
#51815=ORIENTED_EDGE('',*,*,#84404,.F.);
#51816=ORIENTED_EDGE('',*,*,#84269,.F.);
#51817=ORIENTED_EDGE('',*,*,#84327,.F.);
#51818=ORIENTED_EDGE('',*,*,#84362,.F.);
#51819=ORIENTED_EDGE('',*,*,#84329,.F.);
#51820=ORIENTED_EDGE('',*,*,#84254,.F.);
#51821=ORIENTED_EDGE('',*,*,#84358,.T.);
#51822=ORIENTED_EDGE('',*,*,#84263,.F.);
#51823=ORIENTED_EDGE('',*,*,#84273,.F.);
#51824=ORIENTED_EDGE('',*,*,#84491,.T.);
#51825=ORIENTED_EDGE('',*,*,#84250,.F.);
#51826=ORIENTED_EDGE('',*,*,#84258,.F.);
#51827=ORIENTED_EDGE('',*,*,#84364,.F.);
#51828=ORIENTED_EDGE('',*,*,#84151,.F.);
#51829=ORIENTED_EDGE('',*,*,#84347,.T.);
#51830=ORIENTED_EDGE('',*,*,#84366,.F.);
#51831=ORIENTED_EDGE('',*,*,#84352,.T.);
#51832=ORIENTED_EDGE('',*,*,#84246,.F.);
#51833=ORIENTED_EDGE('',*,*,#84192,.F.);
#51834=ORIENTED_EDGE('',*,*,#84380,.F.);
#51835=ORIENTED_EDGE('',*,*,#84207,.F.);
#51836=ORIENTED_EDGE('',*,*,#84242,.F.);
#51837=ORIENTED_EDGE('',*,*,#84147,.F.);
#51838=ORIENTED_EDGE('',*,*,#84398,.F.);
#51839=ORIENTED_EDGE('',*,*,#84188,.F.);
#51840=ORIENTED_EDGE('',*,*,#84497,.F.);
#51841=ORIENTED_EDGE('',*,*,#84211,.F.);
#51842=ORIENTED_EDGE('',*,*,#84201,.F.);
#51843=ORIENTED_EDGE('',*,*,#84215,.F.);
#51844=ORIENTED_EDGE('',*,*,#84408,.F.);
#51845=ORIENTED_EDGE('',*,*,#84184,.F.);
#51846=ORIENTED_EDGE('',*,*,#84196,.F.);
#51847=ORIENTED_EDGE('',*,*,#84409,.F.);
#51848=ORIENTED_EDGE('',*,*,#84182,.F.);
#51849=ORIENTED_EDGE('',*,*,#84180,.F.);
#51850=ORIENTED_EDGE('',*,*,#84178,.F.);
#51851=ORIENTED_EDGE('',*,*,#84176,.F.);
#51852=ORIENTED_EDGE('',*,*,#84174,.F.);
#51853=ORIENTED_EDGE('',*,*,#84172,.F.);
#51854=ORIENTED_EDGE('',*,*,#84170,.F.);
#51855=ORIENTED_EDGE('',*,*,#84168,.F.);
#51856=ORIENTED_EDGE('',*,*,#84166,.F.);
#51857=ORIENTED_EDGE('',*,*,#84164,.F.);
#83979=EDGE_CURVE('',#101478,#101479,#4480,.T.);
#83980=EDGE_CURVE('',#101480,#101478,#4481,.T.);
#83981=EDGE_CURVE('',#101480,#101481,#4482,.T.);
#83982=EDGE_CURVE('',#101481,#101479,#4483,.T.);
#83983=EDGE_CURVE('',#101479,#101482,#4484,.T.);
#83984=EDGE_CURVE('',#101481,#101483,#4485,.T.);
#83985=EDGE_CURVE('',#101483,#101482,#4486,.T.);
#83986=EDGE_CURVE('',#101482,#101484,#4487,.T.);
#83987=EDGE_CURVE('',#101483,#101485,#4488,.T.);
#83988=EDGE_CURVE('',#101485,#101484,#4489,.T.);
#83989=EDGE_CURVE('',#101484,#101478,#36666,.T.);
#83990=EDGE_CURVE('',#101485,#101480,#36667,.T.);
#83991=EDGE_CURVE('',#101486,#101487,#4490,.T.);
#83992=EDGE_CURVE('',#101488,#101486,#4491,.T.);
#83993=EDGE_CURVE('',#101488,#101489,#4492,.T.);
#83994=EDGE_CURVE('',#101489,#101487,#4493,.T.);
#83995=EDGE_CURVE('',#101487,#101490,#36668,.T.);
#83996=EDGE_CURVE('',#101489,#101491,#36669,.T.);
#83997=EDGE_CURVE('',#101491,#101490,#4494,.T.);
#83998=EDGE_CURVE('',#101490,#101492,#4495,.T.);
#83999=EDGE_CURVE('',#101491,#101493,#4496,.T.);
#84000=EDGE_CURVE('',#101493,#101492,#4497,.T.);
#84001=EDGE_CURVE('',#101492,#101486,#4498,.T.);
#84002=EDGE_CURVE('',#101493,#101488,#4499,.T.);
#84003=EDGE_CURVE('',#101494,#101495,#4500,.T.);
#84004=EDGE_CURVE('',#101496,#101494,#4501,.T.);
#84005=EDGE_CURVE('',#101496,#101497,#4502,.T.);
#84006=EDGE_CURVE('',#101497,#101495,#4503,.T.);
#84007=EDGE_CURVE('',#101495,#101498,#4504,.T.);
#84008=EDGE_CURVE('',#101497,#101499,#4505,.T.);
#84009=EDGE_CURVE('',#101499,#101498,#4506,.T.);
#84010=EDGE_CURVE('',#101498,#101500,#4507,.T.);
#84011=EDGE_CURVE('',#101499,#101501,#4508,.T.);
#84012=EDGE_CURVE('',#101501,#101500,#4509,.T.);
#84013=EDGE_CURVE('',#101500,#101494,#4510,.T.);
#84014=EDGE_CURVE('',#101501,#101496,#4511,.T.);
#84015=EDGE_CURVE('',#101502,#101503,#4512,.T.);
#84016=EDGE_CURVE('',#101504,#101503,#4513,.T.);
#84017=EDGE_CURVE('',#101505,#101504,#4514,.T.);
#84018=EDGE_CURVE('',#101505,#101502,#4515,.T.);
#84019=EDGE_CURVE('',#101503,#101506,#36670,.T.);
#84020=EDGE_CURVE('',#101507,#101506,#4516,.T.);
#84021=EDGE_CURVE('',#101504,#101507,#36671,.T.);
#84022=EDGE_CURVE('',#101506,#101508,#4517,.T.);
#84023=EDGE_CURVE('',#101509,#101508,#4518,.T.);
#84024=EDGE_CURVE('',#101507,#101509,#4519,.T.);
#84025=EDGE_CURVE('',#101508,#101502,#4520,.T.);
#84026=EDGE_CURVE('',#101509,#101505,#4521,.T.);
#84027=EDGE_CURVE('',#101510,#101511,#4522,.T.);
#84028=EDGE_CURVE('',#101512,#101511,#4523,.T.);
#84029=EDGE_CURVE('',#101513,#101512,#4524,.T.);
#84030=EDGE_CURVE('',#101513,#101510,#4525,.T.);
#84031=EDGE_CURVE('',#101511,#101514,#36672,.T.);
#84032=EDGE_CURVE('',#101515,#101514,#4526,.T.);
#84033=EDGE_CURVE('',#101512,#101515,#36673,.T.);
#84034=EDGE_CURVE('',#101514,#101516,#4527,.T.);
#84035=EDGE_CURVE('',#101517,#101516,#4528,.T.);
#84036=EDGE_CURVE('',#101515,#101517,#4529,.T.);
#84037=EDGE_CURVE('',#101516,#101510,#4530,.T.);
#84038=EDGE_CURVE('',#101517,#101513,#4531,.T.);
#84039=EDGE_CURVE('',#101518,#101519,#36674,.T.);
#84040=EDGE_CURVE('',#101520,#101518,#4532,.T.);
#84041=EDGE_CURVE('',#101520,#101521,#36675,.T.);
#84042=EDGE_CURVE('',#101521,#101519,#4533,.T.);
#84043=EDGE_CURVE('',#101519,#101522,#4534,.T.);
#84044=EDGE_CURVE('',#101521,#101523,#4535,.T.);
#84045=EDGE_CURVE('',#101523,#101522,#4536,.T.);
#84046=EDGE_CURVE('',#101522,#101524,#4537,.T.);
#84047=EDGE_CURVE('',#101523,#101525,#4538,.T.);
#84048=EDGE_CURVE('',#101525,#101524,#4539,.T.);
#84049=EDGE_CURVE('',#101524,#101518,#4540,.T.);
#84050=EDGE_CURVE('',#101525,#101520,#4541,.T.);
#84051=EDGE_CURVE('',#101526,#101527,#36676,.T.);
#84052=EDGE_CURVE('',#101528,#101527,#4542,.T.);
#84053=EDGE_CURVE('',#101529,#101528,#36677,.T.);
#84054=EDGE_CURVE('',#101529,#101526,#4543,.T.);
#84055=EDGE_CURVE('',#101527,#101530,#4544,.T.);
#84056=EDGE_CURVE('',#101531,#101530,#4545,.T.);
#84057=EDGE_CURVE('',#101528,#101531,#4546,.T.);
#84058=EDGE_CURVE('',#101530,#101532,#4547,.T.);
#84059=EDGE_CURVE('',#101533,#101532,#4548,.T.);
#84060=EDGE_CURVE('',#101531,#101533,#4549,.T.);
#84061=EDGE_CURVE('',#101532,#101526,#4550,.T.);
#84062=EDGE_CURVE('',#101533,#101529,#4551,.T.);
#84063=EDGE_CURVE('',#101534,#101535,#36678,.T.);
#84064=EDGE_CURVE('',#101536,#101534,#4552,.T.);
#84065=EDGE_CURVE('',#101536,#101537,#36679,.T.);
#84066=EDGE_CURVE('',#101537,#101535,#4553,.T.);
#84067=EDGE_CURVE('',#101535,#101538,#4554,.T.);
#84068=EDGE_CURVE('',#101537,#101539,#4555,.T.);
#84069=EDGE_CURVE('',#101539,#101538,#4556,.T.);
#84070=EDGE_CURVE('',#101538,#101540,#4557,.T.);
#84071=EDGE_CURVE('',#101539,#101541,#4558,.T.);
#84072=EDGE_CURVE('',#101541,#101540,#4559,.T.);
#84073=EDGE_CURVE('',#101540,#101534,#4560,.T.);
#84074=EDGE_CURVE('',#101541,#101536,#4561,.T.);
#84075=EDGE_CURVE('',#101542,#101543,#36680,.T.);
#84076=EDGE_CURVE('',#101544,#101542,#4562,.T.);
#84077=EDGE_CURVE('',#101544,#101545,#36681,.T.);
#84078=EDGE_CURVE('',#101545,#101543,#4563,.T.);
#84079=EDGE_CURVE('',#101543,#101546,#4564,.T.);
#84080=EDGE_CURVE('',#101545,#101547,#4565,.T.);
#84081=EDGE_CURVE('',#101547,#101546,#4566,.T.);
#84082=EDGE_CURVE('',#101546,#101548,#4567,.T.);
#84083=EDGE_CURVE('',#101547,#101549,#4568,.T.);
#84084=EDGE_CURVE('',#101549,#101548,#4569,.T.);
#84085=EDGE_CURVE('',#101548,#101542,#4570,.T.);
#84086=EDGE_CURVE('',#101549,#101544,#4571,.T.);
#84087=EDGE_CURVE('',#101550,#101551,#36682,.T.);
#84088=EDGE_CURVE('',#101552,#101550,#4572,.T.);
#84089=EDGE_CURVE('',#101552,#101553,#36683,.T.);
#84090=EDGE_CURVE('',#101553,#101551,#4573,.T.);
#84091=EDGE_CURVE('',#101551,#101554,#4574,.T.);
#84092=EDGE_CURVE('',#101553,#101555,#4575,.T.);
#84093=EDGE_CURVE('',#101555,#101554,#4576,.T.);
#84094=EDGE_CURVE('',#101554,#101556,#4577,.T.);
#84095=EDGE_CURVE('',#101555,#101557,#4578,.T.);
#84096=EDGE_CURVE('',#101557,#101556,#4579,.T.);
#84097=EDGE_CURVE('',#101556,#101550,#4580,.T.);
#84098=EDGE_CURVE('',#101557,#101552,#4581,.T.);
#84099=EDGE_CURVE('',#101558,#101559,#36684,.T.);
#84100=EDGE_CURVE('',#101560,#101559,#4582,.T.);
#84101=EDGE_CURVE('',#101561,#101560,#36685,.T.);
#84102=EDGE_CURVE('',#101561,#101558,#4583,.T.);
#84103=EDGE_CURVE('',#101559,#101562,#4584,.T.);
#84104=EDGE_CURVE('',#101563,#101562,#4585,.T.);
#84105=EDGE_CURVE('',#101560,#101563,#4586,.T.);
#84106=EDGE_CURVE('',#101562,#101564,#4587,.T.);
#84107=EDGE_CURVE('',#101565,#101564,#4588,.T.);
#84108=EDGE_CURVE('',#101563,#101565,#4589,.T.);
#84109=EDGE_CURVE('',#101564,#101558,#4590,.T.);
#84110=EDGE_CURVE('',#101565,#101561,#4591,.T.);
#84111=EDGE_CURVE('',#101566,#101567,#4592,.T.);
#84112=EDGE_CURVE('',#101568,#101566,#4593,.T.);
#84113=EDGE_CURVE('',#101568,#101569,#4594,.T.);
#84114=EDGE_CURVE('',#101569,#101567,#4595,.T.);
#84115=EDGE_CURVE('',#101567,#101570,#4596,.T.);
#84116=EDGE_CURVE('',#101569,#101571,#4597,.T.);
#84117=EDGE_CURVE('',#101571,#101570,#4598,.T.);
#84118=EDGE_CURVE('',#101570,#101572,#4599,.T.);
#84119=EDGE_CURVE('',#101571,#101573,#4600,.T.);
#84120=EDGE_CURVE('',#101573,#101572,#4601,.T.);
#84121=EDGE_CURVE('',#101572,#101566,#4602,.T.);
#84122=EDGE_CURVE('',#101573,#101568,#4603,.T.);
#84123=EDGE_CURVE('',#101574,#101575,#36686,.T.);
#84124=EDGE_CURVE('',#101576,#101574,#4604,.T.);
#84125=EDGE_CURVE('',#101576,#101577,#36687,.T.);
#84126=EDGE_CURVE('',#101577,#101575,#4605,.T.);
#84127=EDGE_CURVE('',#101575,#101578,#4606,.T.);
#84128=EDGE_CURVE('',#101577,#101579,#4607,.T.);
#84129=EDGE_CURVE('',#101579,#101578,#4608,.T.);
#84130=EDGE_CURVE('',#101578,#101580,#4609,.T.);
#84131=EDGE_CURVE('',#101579,#101581,#4610,.T.);
#84132=EDGE_CURVE('',#101581,#101580,#4611,.T.);
#84133=EDGE_CURVE('',#101580,#101574,#4612,.T.);
#84134=EDGE_CURVE('',#101581,#101576,#4613,.T.);
#84135=EDGE_CURVE('',#101582,#101583,#4614,.T.);
#84136=EDGE_CURVE('',#101584,#101582,#4615,.T.);
#84137=EDGE_CURVE('',#101584,#101585,#4616,.T.);
#84138=EDGE_CURVE('',#101585,#101583,#4617,.T.);
#84139=EDGE_CURVE('',#101583,#101586,#4618,.T.);
#84140=EDGE_CURVE('',#101585,#101587,#4619,.T.);
#84141=EDGE_CURVE('',#101587,#101586,#4620,.T.);
#84142=EDGE_CURVE('',#101586,#101588,#36688,.T.);
#84143=EDGE_CURVE('',#101587,#101589,#36689,.T.);
#84144=EDGE_CURVE('',#101589,#101588,#4621,.T.);
#84145=EDGE_CURVE('',#101588,#101582,#4622,.T.);
#84146=EDGE_CURVE('',#101589,#101584,#4623,.T.);
#84147=EDGE_CURVE('',#101590,#101591,#4624,.T.);
#84148=EDGE_CURVE('',#101592,#101591,#4625,.T.);
#84149=EDGE_CURVE('',#101593,#101592,#36690,.T.);
#84150=EDGE_CURVE('',#101593,#101590,#4626,.T.);
#84151=EDGE_CURVE('',#101594,#101595,#4627,.T.);
#84152=EDGE_CURVE('',#101596,#101595,#4628,.T.);
#84153=EDGE_CURVE('',#101597,#101596,#36691,.F.);
#84154=EDGE_CURVE('',#101597,#101598,#4629,.T.);
#84155=EDGE_CURVE('',#101598,#101599,#36692,.T.);
#84156=EDGE_CURVE('',#101599,#101594,#4630,.T.);
#84157=EDGE_CURVE('',#101600,#101601,#4631,.T.);
#84158=EDGE_CURVE('',#101602,#101600,#4632,.T.);
#84159=EDGE_CURVE('',#101603,#101602,#36693,.F.);
#84160=EDGE_CURVE('',#101604,#101603,#4633,.T.);
#84161=EDGE_CURVE('',#101605,#101604,#4634,.T.);
#84162=EDGE_CURVE('',#101605,#101601,#4635,.T.);
#84163=EDGE_CURVE('',#101606,#101606,#112832,.F.);
#84164=EDGE_CURVE('',#101607,#101607,#36694,.F.);
#84165=EDGE_CURVE('',#101608,#101608,#112833,.T.);
#84166=EDGE_CURVE('',#101609,#101609,#36695,.F.);
#84167=EDGE_CURVE('',#101610,#101610,#112834,.F.);
#84168=EDGE_CURVE('',#101611,#101611,#36696,.F.);
#84169=EDGE_CURVE('',#101612,#101612,#112835,.T.);
#84170=EDGE_CURVE('',#101613,#101613,#36697,.F.);
#84171=EDGE_CURVE('',#101614,#101614,#112836,.T.);
#84172=EDGE_CURVE('',#101615,#101615,#36698,.F.);
#84173=EDGE_CURVE('',#101616,#101616,#112837,.T.);
#84174=EDGE_CURVE('',#101617,#101617,#36699,.F.);
#84175=EDGE_CURVE('',#101618,#101618,#112838,.T.);
#84176=EDGE_CURVE('',#101619,#101619,#36700,.F.);
#84177=EDGE_CURVE('',#101620,#101620,#112839,.T.);
#84178=EDGE_CURVE('',#101621,#101621,#36701,.F.);
#84179=EDGE_CURVE('',#101622,#101622,#112840,.T.);
#84180=EDGE_CURVE('',#101623,#101623,#36702,.F.);
#84181=EDGE_CURVE('',#101624,#101624,#112841,.T.);
#84182=EDGE_CURVE('',#101625,#101625,#36703,.F.);
#84183=EDGE_CURVE('',#101626,#101627,#4636,.T.);
#84184=EDGE_CURVE('',#101627,#101628,#4637,.T.);
#84185=EDGE_CURVE('',#101629,#101628,#4638,.T.);
#84186=EDGE_CURVE('',#101629,#101630,#36704,.T.);
#84187=EDGE_CURVE('',#101630,#101631,#4639,.T.);
#84188=EDGE_CURVE('',#101631,#101632,#4640,.T.);
#84189=EDGE_CURVE('',#101633,#101632,#4641,.T.);
#84190=EDGE_CURVE('',#101633,#101634,#36705,.T.);
#84191=EDGE_CURVE('',#101634,#101635,#4642,.T.);
#84192=EDGE_CURVE('',#101635,#101636,#4643,.T.);
#84193=EDGE_CURVE('',#101637,#101636,#4644,.T.);
#84194=EDGE_CURVE('',#101637,#101626,#36706,.F.);
#84195=EDGE_CURVE('',#101638,#101639,#4645,.T.);
#84196=EDGE_CURVE('',#101639,#101627,#4646,.T.);
#84197=EDGE_CURVE('',#101626,#101640,#4647,.F.);
#84198=EDGE_CURVE('',#101640,#101641,#4648,.T.);
#84199=EDGE_CURVE('',#101638,#101641,#4649,.T.);
#84200=EDGE_CURVE('',#101642,#101643,#4650,.T.);
#84201=EDGE_CURVE('',#101643,#101644,#4651,.T.);
#84202=EDGE_CURVE('',#101645,#101644,#4652,.T.);
#84203=EDGE_CURVE('',#101645,#101646,#4653,.T.);
#84204=EDGE_CURVE('',#101646,#101647,#4654,.T.);
#84205=EDGE_CURVE('',#101647,#101642,#4655,.T.);
#84206=EDGE_CURVE('',#101648,#101649,#4656,.T.);
#84207=EDGE_CURVE('',#101649,#101650,#4657,.T.);
#84208=EDGE_CURVE('',#101651,#101650,#4658,.T.);
#84209=EDGE_CURVE('',#101652,#101651,#36707,.T.);
#84210=EDGE_CURVE('',#101652,#101653,#4659,.T.);
#84211=EDGE_CURVE('',#101653,#101654,#4660,.T.);
#84212=EDGE_CURVE('',#101655,#101654,#4661,.T.);
#84213=EDGE_CURVE('',#101656,#101655,#36708,.T.);
#84214=EDGE_CURVE('',#101656,#101657,#4662,.T.);
#84215=EDGE_CURVE('',#101657,#101643,#4663,.T.);
#84216=EDGE_CURVE('',#101642,#101648,#36709,.F.);
#84217=EDGE_CURVE('',#101658,#101659,#4664,.T.);
#84218=EDGE_CURVE('',#101659,#101660,#4665,.T.);
#84219=EDGE_CURVE('',#101661,#101660,#4666,.T.);
#84220=EDGE_CURVE('',#101662,#101661,#36710,.T.);
#84221=EDGE_CURVE('',#101662,#101663,#4667,.T.);
#84222=EDGE_CURVE('',#101663,#101664,#4668,.T.);
#84223=EDGE_CURVE('',#101665,#101664,#4669,.T.);
#84224=EDGE_CURVE('',#101665,#101658,#36711,.F.);
#84225=EDGE_CURVE('',#101666,#101667,#4670,.T.);
#84226=EDGE_CURVE('',#101667,#101668,#4671,.T.);
#84227=EDGE_CURVE('',#101669,#101668,#4672,.T.);
#84228=EDGE_CURVE('',#101669,#101670,#36712,.T.);
#84229=EDGE_CURVE('',#101670,#101671,#4673,.T.);
#84230=EDGE_CURVE('',#101671,#101672,#4674,.T.);
#84231=EDGE_CURVE('',#101673,#101672,#4675,.T.);
#84232=EDGE_CURVE('',#101673,#101666,#36713,.F.);
#84233=EDGE_CURVE('',#101674,#101675,#4676,.T.);
#84234=EDGE_CURVE('',#101675,#101667,#4677,.T.);
#84235=EDGE_CURVE('',#101666,#101676,#4678,.T.);
#84236=EDGE_CURVE('',#101676,#101677,#4679,.T.);
#84237=EDGE_CURVE('',#101674,#101677,#4680,.T.);
#84238=EDGE_CURVE('',#101664,#101678,#4681,.T.);
#84239=EDGE_CURVE('',#101679,#101678,#4682,.T.);
#84240=EDGE_CURVE('',#101679,#101604,#4683,.T.);
#84241=EDGE_CURVE('',#101603,#101665,#4684,.F.);
#84242=EDGE_CURVE('',#101591,#101649,#4685,.T.);
#84243=EDGE_CURVE('',#101648,#101680,#4686,.F.);
#84244=EDGE_CURVE('',#101681,#101680,#4687,.T.);
#84245=EDGE_CURVE('',#101681,#101592,#4688,.T.);
#84246=EDGE_CURVE('',#101636,#101590,#4689,.T.);
#84247=EDGE_CURVE('',#101598,#101593,#4690,.T.);
#84248=EDGE_CURVE('',#101597,#101637,#4691,.T.);
#84249=EDGE_CURVE('',#101682,#101683,#4692,.T.);
#84250=EDGE_CURVE('',#101683,#101684,#4693,.T.);
#84251=EDGE_CURVE('',#101685,#101684,#4694,.T.);
#84252=EDGE_CURVE('',#101686,#101685,#36714,.T.);
#84253=EDGE_CURVE('',#101686,#101687,#4695,.T.);
#84254=EDGE_CURVE('',#101687,#101688,#4696,.T.);
#84255=EDGE_CURVE('',#101689,#101688,#4697,.T.);
#84256=EDGE_CURVE('',#101689,#101682,#36715,.F.);
#84257=EDGE_CURVE('',#101690,#101691,#4698,.T.);
#84258=EDGE_CURVE('',#101691,#101683,#4699,.T.);
#84259=EDGE_CURVE('',#101682,#101692,#4700,.T.);
#84260=EDGE_CURVE('',#101692,#101693,#4701,.T.);
#84261=EDGE_CURVE('',#101693,#101690,#4702,.T.);
#84262=EDGE_CURVE('',#101694,#101695,#4703,.T.);
#84263=EDGE_CURVE('',#101695,#101696,#4704,.T.);
#84264=EDGE_CURVE('',#101697,#101696,#4705,.T.);
#84265=EDGE_CURVE('',#101698,#101697,#4706,.T.);
#84266=EDGE_CURVE('',#101698,#101699,#4707,.T.);
#84267=EDGE_CURVE('',#101699,#101694,#4708,.F.);
#84268=EDGE_CURVE('',#101700,#101701,#4709,.T.);
#84269=EDGE_CURVE('',#101701,#101702,#4710,.T.);
#84270=EDGE_CURVE('',#101703,#101702,#4711,.T.);
#84271=EDGE_CURVE('',#101703,#101704,#36716,.T.);
#84272=EDGE_CURVE('',#101704,#101705,#4712,.T.);
#84273=EDGE_CURVE('',#101705,#101695,#4713,.T.);
#84274=EDGE_CURVE('',#101694,#101700,#36717,.F.);
#84275=EDGE_CURVE('',#101706,#101707,#4714,.T.);
#84276=EDGE_CURVE('',#101707,#101708,#4715,.T.);
#84277=EDGE_CURVE('',#101709,#101708,#4716,.T.);
#84278=EDGE_CURVE('',#101709,#101710,#4717,.T.);
#84279=EDGE_CURVE('',#101710,#101711,#4718,.T.);
#84280=EDGE_CURVE('',#101711,#101712,#4719,.T.);
#84281=EDGE_CURVE('',#101713,#101712,#4720,.T.);
#84282=EDGE_CURVE('',#101713,#101714,#4721,.T.);
#84283=EDGE_CURVE('',#101714,#101715,#4722,.T.);
#84284=EDGE_CURVE('',#101715,#101659,#4723,.T.);
#84285=EDGE_CURVE('',#101658,#101706,#4724,.F.);
#84286=EDGE_CURVE('',#101672,#101716,#4725,.T.);
#84287=EDGE_CURVE('',#101717,#101716,#4726,.T.);
#84288=EDGE_CURVE('',#101718,#101717,#4727,.T.);
#84289=EDGE_CURVE('',#101718,#101719,#4728,.T.);
#84290=EDGE_CURVE('',#101719,#101720,#4729,.T.);
#84291=EDGE_CURVE('',#101721,#101720,#4730,.T.);
#84292=EDGE_CURVE('',#101722,#101721,#4731,.T.);
#84293=EDGE_CURVE('',#101722,#101723,#4732,.T.);
#84294=EDGE_CURVE('',#101723,#101724,#4733,.T.);
#84295=EDGE_CURVE('',#101725,#101724,#4734,.T.);
#84296=EDGE_CURVE('',#101725,#101673,#4735,.T.);
#84297=EDGE_CURVE('',#101726,#101727,#4736,.T.);
#84298=EDGE_CURVE('',#101727,#101728,#4737,.T.);
#84299=EDGE_CURVE('',#101729,#101728,#4738,.T.);
#84300=EDGE_CURVE('',#101730,#101729,#36718,.T.);
#84301=EDGE_CURVE('',#101730,#101731,#4739,.T.);
#84302=EDGE_CURVE('',#101731,#101732,#4740,.T.);
#84303=EDGE_CURVE('',#101733,#101732,#4741,.T.);
#84304=EDGE_CURVE('',#101734,#101733,#36719,.T.);
#84305=EDGE_CURVE('',#101734,#101735,#4742,.T.);
#84306=EDGE_CURVE('',#101735,#101707,#4743,.T.);
#84307=EDGE_CURVE('',#101706,#101726,#36720,.F.);
#84308=EDGE_CURVE('',#101724,#101736,#4744,.T.);
#84309=EDGE_CURVE('',#101737,#101736,#4745,.T.);
#84310=EDGE_CURVE('',#101737,#101738,#36721,.T.);
#84311=EDGE_CURVE('',#101738,#101739,#4746,.T.);
#84312=EDGE_CURVE('',#101739,#101740,#4747,.T.);
#84313=EDGE_CURVE('',#101741,#101740,#4748,.T.);
#84314=EDGE_CURVE('',#101741,#101742,#36722,.T.);
#84315=EDGE_CURVE('',#101742,#101743,#4749,.T.);
#84316=EDGE_CURVE('',#101743,#101744,#4750,.T.);
#84317=EDGE_CURVE('',#101745,#101744,#4751,.T.);
#84318=EDGE_CURVE('',#101745,#101725,#36723,.F.);
#84319=EDGE_CURVE('',#101744,#101746,#4752,.T.);
#84320=EDGE_CURVE('',#101747,#101746,#4753,.T.);
#84321=EDGE_CURVE('',#101747,#101748,#4754,.T.);
#84322=EDGE_CURVE('',#101748,#101749,#4755,.T.);
#84323=EDGE_CURVE('',#101749,#101750,#4756,.T.);
#84324=EDGE_CURVE('',#101751,#101750,#4757,.T.);
#84325=EDGE_CURVE('',#101751,#101752,#4758,.T.);
#84326=EDGE_CURVE('',#101752,#101753,#4759,.T.);
#84327=EDGE_CURVE('',#101753,#101701,#4760,.T.);
#84328=EDGE_CURVE('',#101700,#101745,#4761,.F.);
#84329=EDGE_CURVE('',#101688,#101754,#4762,.T.);
#84330=EDGE_CURVE('',#101755,#101754,#4763,.T.);
#84331=EDGE_CURVE('',#101756,#101755,#4764,.T.);
#84332=EDGE_CURVE('',#101756,#101757,#4765,.T.);
#84333=EDGE_CURVE('',#101757,#101758,#4766,.T.);
#84334=EDGE_CURVE('',#101759,#101758,#4767,.T.);
#84335=EDGE_CURVE('',#101760,#101759,#4768,.T.);
#84336=EDGE_CURVE('',#101760,#101761,#4769,.T.);
#84337=EDGE_CURVE('',#101761,#101727,#4770,.T.);
#84338=EDGE_CURVE('',#101726,#101689,#4771,.T.);
#84339=EDGE_CURVE('',#101601,#101762,#4772,.T.);
#84340=EDGE_CURVE('',#101763,#101605,#4773,.T.);
#84341=EDGE_CURVE('',#101764,#101763,#4774,.F.);
#84342=EDGE_CURVE('',#101764,#101765,#4775,.T.);
#84343=EDGE_CURVE('',#101765,#101762,#4776,.T.);
#84344=EDGE_CURVE('',#101766,#101600,#4777,.T.);
#84345=EDGE_CURVE('',#101767,#101766,#4778,.T.);
#84346=EDGE_CURVE('',#101602,#101767,#4779,.T.);
#84347=EDGE_CURVE('',#101594,#101768,#4780,.T.);
#84348=EDGE_CURVE('',#101769,#101599,#4781,.T.);
#84349=EDGE_CURVE('',#101770,#101769,#4782,.T.);
#84350=EDGE_CURVE('',#101770,#101771,#4783,.T.);
#84351=EDGE_CURVE('',#101771,#101768,#4784,.T.);
#84352=EDGE_CURVE('',#101772,#101595,#4785,.T.);
#84353=EDGE_CURVE('',#101773,#101772,#4786,.T.);
#84354=EDGE_CURVE('',#101596,#101773,#4787,.F.);
#84355=EDGE_CURVE('',#101767,#101640,#36724,.F.);
#84356=EDGE_CURVE('',#101773,#101692,#36725,.F.);
#84357=EDGE_CURVE('',#101686,#101703,#4788,.T.);
#84358=EDGE_CURVE('',#101687,#101702,#4789,.T.);
#84359=EDGE_CURVE('',#101760,#101747,#36726,.T.);
#84360=EDGE_CURVE('',#101746,#101761,#4790,.T.);
#84361=EDGE_CURVE('',#101755,#101752,#36727,.T.);
#84362=EDGE_CURVE('',#101754,#101753,#4791,.T.);
#84363=EDGE_CURVE('',#101690,#101697,#36728,.T.);
#84364=EDGE_CURVE('',#101696,#101691,#4792,.T.);
#84365=EDGE_CURVE('',#101693,#101771,#36729,.T.);
#84366=EDGE_CURVE('',#101772,#101768,#4793,.T.);
#84367=EDGE_CURVE('',#101722,#101709,#36730,.F.);
#84368=EDGE_CURVE('',#101708,#101723,#4794,.T.);
#84369=EDGE_CURVE('',#101721,#101710,#36731,.T.);
#84370=EDGE_CURVE('',#101720,#101711,#4795,.T.);
#84371=EDGE_CURVE('',#101718,#101713,#36732,.T.);
#84372=EDGE_CURVE('',#101719,#101712,#4796,.T.);
#84373=EDGE_CURVE('',#101730,#101741,#4797,.T.);
#84374=EDGE_CURVE('',#101740,#101731,#4798,.T.);
#84375=EDGE_CURVE('',#101734,#101737,#4799,.T.);
#84376=EDGE_CURVE('',#101736,#101735,#4800,.T.);
#84377=EDGE_CURVE('',#101662,#101669,#4801,.T.);
#84378=EDGE_CURVE('',#101663,#101668,#4802,.T.);
#84379=EDGE_CURVE('',#101634,#101651,#4803,.T.);
#84380=EDGE_CURVE('',#101650,#101635,#4804,.T.);
#84381=EDGE_CURVE('',#101774,#101775,#4805,.T.);
#84382=EDGE_CURVE('',#101776,#101775,#36733,.T.);
#84383=EDGE_CURVE('',#101777,#101776,#4806,.T.);
#84384=EDGE_CURVE('',#101777,#101778,#36734,.T.);
#84385=EDGE_CURVE('',#101778,#101779,#4807,.T.);
#84386=EDGE_CURVE('',#101780,#101779,#36735,.T.);
#84387=EDGE_CURVE('',#101781,#101780,#4808,.T.);
#84388=EDGE_CURVE('',#101781,#101782,#36736,.T.);
#84389=EDGE_CURVE('',#101783,#101782,#4809,.T.);
#84390=EDGE_CURVE('',#101783,#101784,#36737,.T.);
#84391=EDGE_CURVE('',#101784,#101785,#4810,.T.);
#84392=EDGE_CURVE('',#101785,#101774,#36738,.T.);
#84393=EDGE_CURVE('',#101699,#101770,#36739,.T.);
#84394=EDGE_CURVE('',#101680,#101769,#36740,.T.);
#84395=EDGE_CURVE('',#101647,#101764,#36741,.T.);
#84396=EDGE_CURVE('',#101763,#101676,#36742,.T.);
#84397=EDGE_CURVE('',#101633,#101652,#4811,.T.);
#84398=EDGE_CURVE('',#101632,#101653,#4812,.T.);
#84399=EDGE_CURVE('',#101733,#101738,#4813,.T.);
#84400=EDGE_CURVE('',#101732,#101739,#4814,.T.);
#84401=EDGE_CURVE('',#101729,#101742,#4815,.T.);
#84402=EDGE_CURVE('',#101728,#101743,#4816,.T.);
#84403=EDGE_CURVE('',#101759,#101748,#36743,.T.);
#84404=EDGE_CURVE('',#101758,#101749,#4817,.T.);
#84405=EDGE_CURVE('',#101756,#101751,#36744,.T.);
#84406=EDGE_CURVE('',#101750,#101757,#4818,.T.);
#84407=EDGE_CURVE('',#101629,#101656,#4819,.T.);
#84408=EDGE_CURVE('',#101628,#101657,#4820,.T.);
#84409=EDGE_CURVE('',#101644,#101639,#4821,.T.);
#84410=EDGE_CURVE('',#101638,#101645,#4822,.T.);
#84411=EDGE_CURVE('',#101675,#101678,#4823,.T.);
#84412=EDGE_CURVE('',#101674,#101679,#4824,.T.);
#84413=EDGE_CURVE('',#101766,#101762,#4825,.T.);
#84414=EDGE_CURVE('',#101641,#101765,#4826,.T.);
#84415=EDGE_CURVE('',#101774,#101786,#4827,.T.);
#84416=EDGE_CURVE('',#101785,#101787,#4828,.T.);
#84417=EDGE_CURVE('',#101787,#101786,#36745,.T.);
#84418=EDGE_CURVE('',#101788,#101789,#4829,.T.);
#84419=EDGE_CURVE('',#101790,#101788,#36746,.T.);
#84420=EDGE_CURVE('',#101791,#101790,#4830,.T.);
#84421=EDGE_CURVE('',#101792,#101791,#4831,.T.);
#84422=EDGE_CURVE('',#101793,#101792,#4832,.T.);
#84423=EDGE_CURVE('',#101789,#101793,#36747,.T.);
#84424=EDGE_CURVE('',#101775,#101794,#4833,.T.);
#84425=EDGE_CURVE('',#101795,#101794,#36748,.T.);
#84426=EDGE_CURVE('',#101795,#101776,#4834,.T.);
#84427=EDGE_CURVE('',#101779,#101796,#4835,.T.);
#84428=EDGE_CURVE('',#101797,#101796,#36749,.T.);
#84429=EDGE_CURVE('',#101797,#101780,#4836,.T.);
#84430=EDGE_CURVE('',#101798,#101794,#4837,.T.);
#84431=EDGE_CURVE('',#101799,#101798,#36750,.T.);
#84432=EDGE_CURVE('',#101800,#101799,#4838,.T.);
#84433=EDGE_CURVE('',#101801,#101800,#36751,.T.);
#84434=EDGE_CURVE('',#101801,#101802,#4839,.T.);
#84435=EDGE_CURVE('',#101803,#101802,#36752,.T.);
#84436=EDGE_CURVE('',#101803,#101797,#4840,.T.);
#84437=EDGE_CURVE('',#101804,#101796,#4841,.T.);
#84438=EDGE_CURVE('',#101804,#101805,#36753,.T.);
#84439=EDGE_CURVE('',#101805,#101795,#4842,.T.);
#84440=EDGE_CURVE('',#101799,#101806,#4843,.T.);
#84441=EDGE_CURVE('',#101798,#101807,#4844,.T.);
#84442=EDGE_CURVE('',#101807,#101808,#4845,.T.);
#84443=EDGE_CURVE('',#101808,#101809,#4846,.T.);
#84444=EDGE_CURVE('',#101809,#101806,#36754,.T.);
#84445=EDGE_CURVE('',#101810,#101802,#4847,.T.);
#84446=EDGE_CURVE('',#101810,#101811,#36755,.T.);
#84447=EDGE_CURVE('',#101811,#101812,#4848,.T.);
#84448=EDGE_CURVE('',#101812,#101813,#4849,.T.);
#84449=EDGE_CURVE('',#101813,#101803,#4850,.T.);
#84450=EDGE_CURVE('',#101797,#101814,#4851,.T.);
#84451=EDGE_CURVE('',#101814,#101781,#4852,.T.);
#84452=EDGE_CURVE('',#101794,#101786,#4853,.T.);
#84453=EDGE_CURVE('',#101793,#101811,#4854,.T.);
#84454=EDGE_CURVE('',#101815,#101810,#4855,.T.);
#84455=EDGE_CURVE('',#101816,#101815,#36756,.T.);
#84456=EDGE_CURVE('',#101816,#101806,#4856,.T.);
#84457=EDGE_CURVE('',#101817,#101809,#4857,.T.);
#84458=EDGE_CURVE('',#101817,#101818,#36757,.T.);
#84459=EDGE_CURVE('',#101819,#101818,#4858,.T.);
#84460=EDGE_CURVE('',#101820,#101819,#36758,.T.);
#84461=EDGE_CURVE('',#101820,#101789,#4859,.T.);
#84462=EDGE_CURVE('',#101821,#101822,#36759,.T.);
#84463=EDGE_CURVE('',#101822,#101782,#4860,.T.);
#84464=EDGE_CURVE('',#101814,#101821,#4861,.T.);
#84465=EDGE_CURVE('',#101808,#101823,#4862,.T.);
#84466=EDGE_CURVE('',#101823,#101817,#4863,.T.);
#84467=EDGE_CURVE('',#101812,#101792,#4864,.T.);
#84468=EDGE_CURVE('',#101813,#101791,#4865,.T.);
#84469=EDGE_CURVE('',#101790,#101821,#4866,.T.);
#84470=EDGE_CURVE('',#101824,#101786,#4867,.T.);
#84471=EDGE_CURVE('',#101824,#101825,#4868,.T.);
#84472=EDGE_CURVE('',#101807,#101825,#4869,.T.);
#84473=EDGE_CURVE('',#101825,#101823,#4870,.T.);
#84474=EDGE_CURVE('',#101826,#101827,#36760,.T.);
#84475=EDGE_CURVE('',#101827,#101822,#4871,.T.);
#84476=EDGE_CURVE('',#101828,#101788,#4872,.T.);
#84477=EDGE_CURVE('',#101829,#101828,#36761,.T.);
#84478=EDGE_CURVE('',#101829,#101830,#4873,.T.);
#84479=EDGE_CURVE('',#101830,#101824,#36762,.T.);
#84480=EDGE_CURVE('',#101826,#101787,#4874,.T.);
#84481=EDGE_CURVE('',#101818,#101830,#4875,.T.);
#84482=EDGE_CURVE('',#101815,#101801,#4876,.T.);
#84483=EDGE_CURVE('',#101800,#101816,#4877,.T.);
#84484=EDGE_CURVE('',#101805,#101777,#4878,.T.);
#84485=EDGE_CURVE('',#101778,#101804,#4879,.T.);
#84486=EDGE_CURVE('',#101828,#101820,#4880,.T.);
#84487=EDGE_CURVE('',#101819,#101829,#4881,.T.);
#84488=EDGE_CURVE('',#101784,#101826,#4882,.T.);
#84489=EDGE_CURVE('',#101827,#101783,#4883,.T.);
#84490=EDGE_CURVE('',#101685,#101704,#4884,.T.);
#84491=EDGE_CURVE('',#101705,#101684,#4885,.T.);
#84492=EDGE_CURVE('',#101661,#101670,#4886,.T.);
#84493=EDGE_CURVE('',#101671,#101660,#4887,.T.);
#84494=EDGE_CURVE('',#101717,#101714,#36763,.T.);
#84495=EDGE_CURVE('',#101715,#101716,#4888,.T.);
#84496=EDGE_CURVE('',#101630,#101655,#4889,.T.);
#84497=EDGE_CURVE('',#101654,#101631,#4890,.T.);
#84498=EDGE_CURVE('',#101765,#101646,#4891,.T.);
#84499=EDGE_CURVE('',#101677,#101605,#4892,.T.);
#84500=EDGE_CURVE('',#101599,#101681,#36764,.T.);
#84501=EDGE_CURVE('',#101771,#101698,#36765,.T.);
#101478=VERTEX_POINT('',#268598);
#101479=VERTEX_POINT('',#268599);
#101480=VERTEX_POINT('',#268601);
#101481=VERTEX_POINT('',#268603);
#101482=VERTEX_POINT('',#268607);
#101483=VERTEX_POINT('',#268609);
#101484=VERTEX_POINT('',#268613);
#101485=VERTEX_POINT('',#268615);
#101486=VERTEX_POINT('',#268624);
#101487=VERTEX_POINT('',#268625);
#101488=VERTEX_POINT('',#268627);
#101489=VERTEX_POINT('',#268629);
#101490=VERTEX_POINT('',#268633);
#101491=VERTEX_POINT('',#268635);
#101492=VERTEX_POINT('',#268639);
#101493=VERTEX_POINT('',#268641);
#101494=VERTEX_POINT('',#268650);
#101495=VERTEX_POINT('',#268651);
#101496=VERTEX_POINT('',#268653);
#101497=VERTEX_POINT('',#268655);
#101498=VERTEX_POINT('',#268659);
#101499=VERTEX_POINT('',#268661);
#101500=VERTEX_POINT('',#268665);
#101501=VERTEX_POINT('',#268667);
#101502=VERTEX_POINT('',#268676);
#101503=VERTEX_POINT('',#268677);
#101504=VERTEX_POINT('',#268679);
#101505=VERTEX_POINT('',#268681);
#101506=VERTEX_POINT('',#268685);
#101507=VERTEX_POINT('',#268687);
#101508=VERTEX_POINT('',#268691);
#101509=VERTEX_POINT('',#268693);
#101510=VERTEX_POINT('',#268702);
#101511=VERTEX_POINT('',#268703);
#101512=VERTEX_POINT('',#268705);
#101513=VERTEX_POINT('',#268707);
#101514=VERTEX_POINT('',#268711);
#101515=VERTEX_POINT('',#268713);
#101516=VERTEX_POINT('',#268717);
#101517=VERTEX_POINT('',#268719);
#101518=VERTEX_POINT('',#268728);
#101519=VERTEX_POINT('',#268729);
#101520=VERTEX_POINT('',#268731);
#101521=VERTEX_POINT('',#268733);
#101522=VERTEX_POINT('',#268737);
#101523=VERTEX_POINT('',#268739);
#101524=VERTEX_POINT('',#268743);
#101525=VERTEX_POINT('',#268745);
#101526=VERTEX_POINT('',#268754);
#101527=VERTEX_POINT('',#268755);
#101528=VERTEX_POINT('',#268757);
#101529=VERTEX_POINT('',#268759);
#101530=VERTEX_POINT('',#268763);
#101531=VERTEX_POINT('',#268765);
#101532=VERTEX_POINT('',#268769);
#101533=VERTEX_POINT('',#268771);
#101534=VERTEX_POINT('',#268780);
#101535=VERTEX_POINT('',#268781);
#101536=VERTEX_POINT('',#268783);
#101537=VERTEX_POINT('',#268785);
#101538=VERTEX_POINT('',#268789);
#101539=VERTEX_POINT('',#268791);
#101540=VERTEX_POINT('',#268795);
#101541=VERTEX_POINT('',#268797);
#101542=VERTEX_POINT('',#268806);
#101543=VERTEX_POINT('',#268807);
#101544=VERTEX_POINT('',#268809);
#101545=VERTEX_POINT('',#268811);
#101546=VERTEX_POINT('',#268815);
#101547=VERTEX_POINT('',#268817);
#101548=VERTEX_POINT('',#268821);
#101549=VERTEX_POINT('',#268823);
#101550=VERTEX_POINT('',#268832);
#101551=VERTEX_POINT('',#268833);
#101552=VERTEX_POINT('',#268835);
#101553=VERTEX_POINT('',#268837);
#101554=VERTEX_POINT('',#268841);
#101555=VERTEX_POINT('',#268843);
#101556=VERTEX_POINT('',#268847);
#101557=VERTEX_POINT('',#268849);
#101558=VERTEX_POINT('',#268858);
#101559=VERTEX_POINT('',#268859);
#101560=VERTEX_POINT('',#268861);
#101561=VERTEX_POINT('',#268863);
#101562=VERTEX_POINT('',#268867);
#101563=VERTEX_POINT('',#268869);
#101564=VERTEX_POINT('',#268873);
#101565=VERTEX_POINT('',#268875);
#101566=VERTEX_POINT('',#268884);
#101567=VERTEX_POINT('',#268885);
#101568=VERTEX_POINT('',#268887);
#101569=VERTEX_POINT('',#268889);
#101570=VERTEX_POINT('',#268893);
#101571=VERTEX_POINT('',#268895);
#101572=VERTEX_POINT('',#268899);
#101573=VERTEX_POINT('',#268901);
#101574=VERTEX_POINT('',#268910);
#101575=VERTEX_POINT('',#268911);
#101576=VERTEX_POINT('',#268913);
#101577=VERTEX_POINT('',#268915);
#101578=VERTEX_POINT('',#268919);
#101579=VERTEX_POINT('',#268921);
#101580=VERTEX_POINT('',#268925);
#101581=VERTEX_POINT('',#268927);
#101582=VERTEX_POINT('',#268936);
#101583=VERTEX_POINT('',#268937);
#101584=VERTEX_POINT('',#268939);
#101585=VERTEX_POINT('',#268941);
#101586=VERTEX_POINT('',#268945);
#101587=VERTEX_POINT('',#268947);
#101588=VERTEX_POINT('',#268951);
#101589=VERTEX_POINT('',#268953);
#101590=VERTEX_POINT('',#268962);
#101591=VERTEX_POINT('',#268963);
#101592=VERTEX_POINT('',#268965);
#101593=VERTEX_POINT('',#268967);
#101594=VERTEX_POINT('',#268971);
#101595=VERTEX_POINT('',#268972);
#101596=VERTEX_POINT('',#268974);
#101597=VERTEX_POINT('',#268976);
#101598=VERTEX_POINT('',#268978);
#101599=VERTEX_POINT('',#268980);
#101600=VERTEX_POINT('',#268984);
#101601=VERTEX_POINT('',#268985);
#101602=VERTEX_POINT('',#268987);
#101603=VERTEX_POINT('',#268989);
#101604=VERTEX_POINT('',#268991);
#101605=VERTEX_POINT('',#268993);
#101606=VERTEX_POINT('',#269015);
#101607=VERTEX_POINT('',#269017);
#101608=VERTEX_POINT('',#269038);
#101609=VERTEX_POINT('',#269040);
#101610=VERTEX_POINT('',#269061);
#101611=VERTEX_POINT('',#269063);
#101612=VERTEX_POINT('',#269084);
#101613=VERTEX_POINT('',#269086);
#101614=VERTEX_POINT('',#269107);
#101615=VERTEX_POINT('',#269109);
#101616=VERTEX_POINT('',#269130);
#101617=VERTEX_POINT('',#269132);
#101618=VERTEX_POINT('',#269153);
#101619=VERTEX_POINT('',#269155);
#101620=VERTEX_POINT('',#269176);
#101621=VERTEX_POINT('',#269178);
#101622=VERTEX_POINT('',#269199);
#101623=VERTEX_POINT('',#269201);
#101624=VERTEX_POINT('',#269222);
#101625=VERTEX_POINT('',#269224);
#101626=VERTEX_POINT('',#269227);
#101627=VERTEX_POINT('',#269228);
#101628=VERTEX_POINT('',#269230);
#101629=VERTEX_POINT('',#269232);
#101630=VERTEX_POINT('',#269234);
#101631=VERTEX_POINT('',#269236);
#101632=VERTEX_POINT('',#269238);
#101633=VERTEX_POINT('',#269240);
#101634=VERTEX_POINT('',#269242);
#101635=VERTEX_POINT('',#269244);
#101636=VERTEX_POINT('',#269246);
#101637=VERTEX_POINT('',#269248);
#101638=VERTEX_POINT('',#269252);
#101639=VERTEX_POINT('',#269253);
#101640=VERTEX_POINT('',#269256);
#101641=VERTEX_POINT('',#269258);
#101642=VERTEX_POINT('',#269262);
#101643=VERTEX_POINT('',#269263);
#101644=VERTEX_POINT('',#269265);
#101645=VERTEX_POINT('',#269267);
#101646=VERTEX_POINT('',#269269);
#101647=VERTEX_POINT('',#269271);
#101648=VERTEX_POINT('',#269275);
#101649=VERTEX_POINT('',#269276);
#101650=VERTEX_POINT('',#269278);
#101651=VERTEX_POINT('',#269280);
#101652=VERTEX_POINT('',#269282);
#101653=VERTEX_POINT('',#269284);
#101654=VERTEX_POINT('',#269286);
#101655=VERTEX_POINT('',#269288);
#101656=VERTEX_POINT('',#269290);
#101657=VERTEX_POINT('',#269292);
#101658=VERTEX_POINT('',#269297);
#101659=VERTEX_POINT('',#269298);
#101660=VERTEX_POINT('',#269300);
#101661=VERTEX_POINT('',#269302);
#101662=VERTEX_POINT('',#269304);
#101663=VERTEX_POINT('',#269306);
#101664=VERTEX_POINT('',#269308);
#101665=VERTEX_POINT('',#269310);
#101666=VERTEX_POINT('',#269314);
#101667=VERTEX_POINT('',#269315);
#101668=VERTEX_POINT('',#269317);
#101669=VERTEX_POINT('',#269319);
#101670=VERTEX_POINT('',#269321);
#101671=VERTEX_POINT('',#269323);
#101672=VERTEX_POINT('',#269325);
#101673=VERTEX_POINT('',#269327);
#101674=VERTEX_POINT('',#269331);
#101675=VERTEX_POINT('',#269332);
#101676=VERTEX_POINT('',#269335);
#101677=VERTEX_POINT('',#269337);
#101678=VERTEX_POINT('',#269341);
#101679=VERTEX_POINT('',#269343);
#101680=VERTEX_POINT('',#269349);
#101681=VERTEX_POINT('',#269351);
#101682=VERTEX_POINT('',#269359);
#101683=VERTEX_POINT('',#269360);
#101684=VERTEX_POINT('',#269362);
#101685=VERTEX_POINT('',#269364);
#101686=VERTEX_POINT('',#269366);
#101687=VERTEX_POINT('',#269368);
#101688=VERTEX_POINT('',#269370);
#101689=VERTEX_POINT('',#269372);
#101690=VERTEX_POINT('',#269376);
#101691=VERTEX_POINT('',#269377);
#101692=VERTEX_POINT('',#269380);
#101693=VERTEX_POINT('',#269382);
#101694=VERTEX_POINT('',#269386);
#101695=VERTEX_POINT('',#269387);
#101696=VERTEX_POINT('',#269389);
#101697=VERTEX_POINT('',#269391);
#101698=VERTEX_POINT('',#269393);
#101699=VERTEX_POINT('',#269395);
#101700=VERTEX_POINT('',#269399);
#101701=VERTEX_POINT('',#269400);
#101702=VERTEX_POINT('',#269402);
#101703=VERTEX_POINT('',#269404);
#101704=VERTEX_POINT('',#269406);
#101705=VERTEX_POINT('',#269408);
#101706=VERTEX_POINT('',#269413);
#101707=VERTEX_POINT('',#269414);
#101708=VERTEX_POINT('',#269416);
#101709=VERTEX_POINT('',#269418);
#101710=VERTEX_POINT('',#269420);
#101711=VERTEX_POINT('',#269422);
#101712=VERTEX_POINT('',#269424);
#101713=VERTEX_POINT('',#269426);
#101714=VERTEX_POINT('',#269428);
#101715=VERTEX_POINT('',#269430);
#101716=VERTEX_POINT('',#269435);
#101717=VERTEX_POINT('',#269437);
#101718=VERTEX_POINT('',#269439);
#101719=VERTEX_POINT('',#269441);
#101720=VERTEX_POINT('',#269443);
#101721=VERTEX_POINT('',#269445);
#101722=VERTEX_POINT('',#269447);
#101723=VERTEX_POINT('',#269449);
#101724=VERTEX_POINT('',#269451);
#101725=VERTEX_POINT('',#269453);
#101726=VERTEX_POINT('',#269457);
#101727=VERTEX_POINT('',#269458);
#101728=VERTEX_POINT('',#269460);
#101729=VERTEX_POINT('',#269462);
#101730=VERTEX_POINT('',#269464);
#101731=VERTEX_POINT('',#269466);
#101732=VERTEX_POINT('',#269468);
#101733=VERTEX_POINT('',#269470);
#101734=VERTEX_POINT('',#269472);
#101735=VERTEX_POINT('',#269474);
#101736=VERTEX_POINT('',#269479);
#101737=VERTEX_POINT('',#269481);
#101738=VERTEX_POINT('',#269483);
#101739=VERTEX_POINT('',#269485);
#101740=VERTEX_POINT('',#269487);
#101741=VERTEX_POINT('',#269489);
#101742=VERTEX_POINT('',#269491);
#101743=VERTEX_POINT('',#269493);
#101744=VERTEX_POINT('',#269495);
#101745=VERTEX_POINT('',#269497);
#101746=VERTEX_POINT('',#269501);
#101747=VERTEX_POINT('',#269503);
#101748=VERTEX_POINT('',#269505);
#101749=VERTEX_POINT('',#269507);
#101750=VERTEX_POINT('',#269509);
#101751=VERTEX_POINT('',#269511);
#101752=VERTEX_POINT('',#269513);
#101753=VERTEX_POINT('',#269515);
#101754=VERTEX_POINT('',#269520);
#101755=VERTEX_POINT('',#269522);
#101756=VERTEX_POINT('',#269524);
#101757=VERTEX_POINT('',#269526);
#101758=VERTEX_POINT('',#269528);
#101759=VERTEX_POINT('',#269530);
#101760=VERTEX_POINT('',#269532);
#101761=VERTEX_POINT('',#269534);
#101762=VERTEX_POINT('',#269539);
#101763=VERTEX_POINT('',#269541);
#101764=VERTEX_POINT('',#269543);
#101765=VERTEX_POINT('',#269545);
#101766=VERTEX_POINT('',#269549);
#101767=VERTEX_POINT('',#269551);
#101768=VERTEX_POINT('',#269555);
#101769=VERTEX_POINT('',#269557);
#101770=VERTEX_POINT('',#269559);
#101771=VERTEX_POINT('',#269561);
#101772=VERTEX_POINT('',#269565);
#101773=VERTEX_POINT('',#269567);
#101774=VERTEX_POINT('',#269610);
#101775=VERTEX_POINT('',#269611);
#101776=VERTEX_POINT('',#269613);
#101777=VERTEX_POINT('',#269615);
#101778=VERTEX_POINT('',#269617);
#101779=VERTEX_POINT('',#269619);
#101780=VERTEX_POINT('',#269621);
#101781=VERTEX_POINT('',#269623);
#101782=VERTEX_POINT('',#269625);
#101783=VERTEX_POINT('',#269627);
#101784=VERTEX_POINT('',#269629);
#101785=VERTEX_POINT('',#269631);
#101786=VERTEX_POINT('',#269666);
#101787=VERTEX_POINT('',#269668);
#101788=VERTEX_POINT('',#269672);
#101789=VERTEX_POINT('',#269673);
#101790=VERTEX_POINT('',#269675);
#101791=VERTEX_POINT('',#269677);
#101792=VERTEX_POINT('',#269679);
#101793=VERTEX_POINT('',#269681);
#101794=VERTEX_POINT('',#269685);
#101795=VERTEX_POINT('',#269687);
#101796=VERTEX_POINT('',#269691);
#101797=VERTEX_POINT('',#269693);
#101798=VERTEX_POINT('',#269697);
#101799=VERTEX_POINT('',#269699);
#101800=VERTEX_POINT('',#269701);
#101801=VERTEX_POINT('',#269703);
#101802=VERTEX_POINT('',#269705);
#101803=VERTEX_POINT('',#269707);
#101804=VERTEX_POINT('',#269710);
#101805=VERTEX_POINT('',#269712);
#101806=VERTEX_POINT('',#269716);
#101807=VERTEX_POINT('',#269718);
#101808=VERTEX_POINT('',#269720);
#101809=VERTEX_POINT('',#269722);
#101810=VERTEX_POINT('',#269726);
#101811=VERTEX_POINT('',#269728);
#101812=VERTEX_POINT('',#269730);
#101813=VERTEX_POINT('',#269732);
#101814=VERTEX_POINT('',#269736);
#101815=VERTEX_POINT('',#269743);
#101816=VERTEX_POINT('',#269745);
#101817=VERTEX_POINT('',#269748);
#101818=VERTEX_POINT('',#269750);
#101819=VERTEX_POINT('',#269752);
#101820=VERTEX_POINT('',#269754);
#101821=VERTEX_POINT('',#269758);
#101822=VERTEX_POINT('',#269759);
#101823=VERTEX_POINT('',#269764);
#101824=VERTEX_POINT('',#269774);
#101825=VERTEX_POINT('',#269776);
#101826=VERTEX_POINT('',#269782);
#101827=VERTEX_POINT('',#269783);
#101828=VERTEX_POINT('',#269786);
#101829=VERTEX_POINT('',#269788);
#101830=VERTEX_POINT('',#269790);
#112832=B_SPLINE_CURVE_WITH_KNOTS('',3,(#268996,#268997,#268998,#268999, #269000,#269001,#269002,#269003,#269004,#269005,#269006,#269007,#269008, #269009,#269010,#269011,#269012,#269013,#269014),.UNSPECIFIED.,.T.,.F., (1,1,1,1,1,1,1,1,1,1,1,1,1,1,1,1,1,1,1,1,1,1,1),(-0.00879594238747609,-0.00586396159165073, -0.00293198079582536,0.,0.00293198079582536,0.00586396159165073,0.00879594238747609, 0.0117279231833015,0.0146599039791268,0.0175918847749522,0.0205238655707776, 0.0234558463666029,0.0263878271624283,0.0293198079582536,0.032251788754079, 0.0351837695499044,0.0381157503457297,0.0410477311415551,0.0439797119373805, 0.0469116927332058,0.0498436735290312,0.0527756543248566,0.0557076351206819),  .UNSPECIFIED.);
#112833=B_SPLINE_CURVE_WITH_KNOTS('',3,(#269019,#269020,#269021,#269022, #269023,#269024,#269025,#269026,#269027,#269028,#269029,#269030,#269031, #269032,#269033,#269034,#269035,#269036,#269037),.UNSPECIFIED.,.T.,.F., (1,1,1,1,1,1,1,1,1,1,1,1,1,1,1,1,1,1,1,1,1,1,1),(-0.00881179103011365,-0.00587452735340908, -0.00293726367670451,5.55111512312578E-17,0.00293726367670462,0.00587452735340919, 0.00881179103011376,0.0117490547068183,0.0146863183835229,0.0176235820602275, 0.020560845736932,0.0234981094136366,0.0264353730903412,0.0293726367670457, 0.0323099004437503,0.0352471641204549,0.0381844277971594,0.041121691473864, 0.0440589551505686,0.0469962188272731,0.0499334825039777,0.0528707461806823, 0.0558080098573868),.UNSPECIFIED.);
#112834=B_SPLINE_CURVE_WITH_KNOTS('',3,(#269042,#269043,#269044,#269045, #269046,#269047,#269048,#269049,#269050,#269051,#269052,#269053,#269054, #269055,#269056,#269057,#269058,#269059,#269060),.UNSPECIFIED.,.T.,.F., (1,1,1,1,1,1,1,1,1,1,1,1,1,1,1,1,1,1,1,1,1,1,1),(-0.00879594238747609,-0.00586396159165072, -0.00293198079582536,6.93889390390723E-18,0.00293198079582537,0.00586396159165074, 0.0087959423874761,0.0117279231833015,0.0146599039791268,0.0175918847749522, 0.0205238655707776,0.0234558463666029,0.0263878271624283,0.0293198079582536, 0.032251788754079,0.0351837695499044,0.0381157503457297,0.0410477311415551, 0.0439797119373805,0.0469116927332058,0.0498436735290312,0.0527756543248566, 0.0557076351206819),.UNSPECIFIED.);
#112835=B_SPLINE_CURVE_WITH_KNOTS('',3,(#269065,#269066,#269067,#269068, #269069,#269070,#269071,#269072,#269073,#269074,#269075,#269076,#269077, #269078,#269079,#269080,#269081,#269082,#269083),.UNSPECIFIED.,.T.,.F., (1,1,1,1,1,1,1,1,1,1,1,1,1,1,1,1,1,1,1,1,1,1,1),(-0.0088117217472143,-0.00587448116480953, -0.00293724058240476,1.38777878078145E-17,0.00293724058240479,0.00587448116480956, 0.00881172174721433,0.0117489623296191,0.0146862029120239,0.0176234434944286, 0.0205606840768334,0.0234979246592382,0.026435165241643,0.0293724058240477, 0.0323096464064525,0.0352468869888573,0.038184127571262,0.0411213681536668, 0.0440586087360716,0.0469958493184764,0.0499330899008811,0.0528703304832859, 0.0558075710656907),.UNSPECIFIED.);
#112836=B_SPLINE_CURVE_WITH_KNOTS('',3,(#269088,#269089,#269090,#269091, #269092,#269093,#269094,#269095,#269096,#269097,#269098,#269099,#269100, #269101,#269102,#269103,#269104,#269105,#269106),.UNSPECIFIED.,.T.,.F., (1,1,1,1,1,1,1,1,1,1,1,1,1,1,1,1,1,1,1,1,1,1,1),(-0.00881570221141616,-0.00587713480761078, -0.00293856740380539,0.,0.00293856740380539,0.00587713480761077,0.00881570221141616, 0.0117542696152215,0.0146928370190269,0.0176314044228323,0.0205699718266377, 0.0235085392304431,0.0264471066342485,0.0293856740380539,0.0323242414418592, 0.0352628088456646,0.03820137624947,0.0411399436532754,0.0440785110570808, 0.0470170784608862,0.0499556458646916,0.052894213268497,0.0558327806723023),  .UNSPECIFIED.);
#112837=B_SPLINE_CURVE_WITH_KNOTS('',3,(#269111,#269112,#269113,#269114, #269115,#269116,#269117,#269118,#269119,#269120,#269121,#269122,#269123, #269124,#269125,#269126,#269127,#269128,#269129),.UNSPECIFIED.,.T.,.F., (1,1,1,1,1,1,1,1,1,1,1,1,1,1,1,1,1,1,1,1,1,1,1),(-0.00881570221141577,-0.00587713480761048, -0.00293856740380519,1.11022302462516E-16,0.0029385674038054,0.0058771348076107, 0.00881570221141599,0.0117542696152213,0.0146928370190266,0.0176314044228319, 0.0205699718266372,0.0235085392304425,0.0264471066342477,0.029385674038053, 0.0323242414418583,0.0352628088456636,0.0382013762494689,0.0411399436532742, 0.0440785110570795,0.0470170784608848,0.0499556458646901,0.0528942132684954, 0.0558327806723007),.UNSPECIFIED.);
#112838=B_SPLINE_CURVE_WITH_KNOTS('',3,(#269134,#269135,#269136,#269137, #269138,#269139,#269140,#269141,#269142,#269143,#269144,#269145,#269146, #269147,#269148,#269149,#269150,#269151,#269152),.UNSPECIFIED.,.T.,.F., (1,1,1,1,1,1,1,1,1,1,1,1,1,1,1,1,1,1,1,1,1,1,1),(-0.00879474623826509,-0.00586316415884336, -0.00293158207942162,1.14439169963056E-16,0.00293158207942185,0.00586316415884358, 0.00879474623826531,0.011726328317687,0.0146579103971088,0.0175894924765305, 0.0205210745559522,0.023452656635374,0.0263842387147957,0.0293158207942174, 0.0322474028736392,0.0351789849530609,0.0381105670324826,0.0410421491119044, 0.0439737311913261,0.0469053132707478,0.0498368953501696,0.0527684774295913, 0.0557000595090131),.UNSPECIFIED.);
#112839=B_SPLINE_CURVE_WITH_KNOTS('',3,(#269157,#269158,#269159,#269160, #269161,#269162,#269163,#269164,#269165,#269166,#269167,#269168,#269169, #269170,#269171,#269172,#269173,#269174,#269175),.UNSPECIFIED.,.T.,.F., (1,1,1,1,1,1,1,1,1,1,1,1,1,1,1,1,1,1,1,1,1,1,1),(-0.00879474623826509,-0.00586316415884336, -0.00293158207942162,1.14439169963056E-16,0.00293158207942185,0.00586316415884358, 0.00879474623826532,0.0117263283176871,0.0146579103971088,0.0175894924765305, 0.0205210745559523,0.023452656635374,0.0263842387147957,0.0293158207942175, 0.0322474028736392,0.0351789849530609,0.0381105670324827,0.0410421491119044, 0.0439737311913261,0.0469053132707479,0.0498368953501696,0.0527684774295913, 0.0557000595090131),.UNSPECIFIED.);
#112840=B_SPLINE_CURVE_WITH_KNOTS('',3,(#269180,#269181,#269182,#269183, #269184,#269185,#269186,#269187,#269188,#269189,#269190,#269191,#269192, #269193,#269194,#269195,#269196,#269197,#269198),.UNSPECIFIED.,.T.,.F., (1,1,1,1,1,1,1,1,1,1,1,1,1,1,1,1,1,1,1,1,1,1,1),(-0.00881174061640957,-0.00587449374427305, -0.00293724687213652,0.,0.00293724687213652,0.00587449374427305,0.00881174061640957, 0.0117489874885461,0.0146862343606826,0.0176234812328191,0.0205607281049557, 0.0234979749770922,0.0264352218492287,0.0293724687213652,0.0323097155935018, 0.0352469624656383,0.0381842093377748,0.0411214562099113,0.0440587030820479, 0.0469959499541844,0.0499331968263209,0.0528704436984574,0.055807690570594),  .UNSPECIFIED.);
#112841=B_SPLINE_CURVE_WITH_KNOTS('',3,(#269203,#269204,#269205,#269206, #269207,#269208,#269209,#269210,#269211,#269212,#269213,#269214,#269215, #269216,#269217,#269218,#269219,#269220,#269221),.UNSPECIFIED.,.T.,.F., (1,1,1,1,1,1,1,1,1,1,1,1,1,1,1,1,1,1,1,1,1,1,1),(-0.00879595452502658,-0.00586396968335105, -0.00293198484167553,0.,0.00293198484167553,0.00586396968335105,0.00879595452502658, 0.0117279393667021,0.0146599242083776,0.0175919090500532,0.0205238938917287, 0.0234558787334042,0.0263878635750797,0.0293198484167553,0.0322518332584308, 0.0351838181001063,0.0381158029417819,0.0410477877834574,0.0439797726251329, 0.0469117574668084,0.049843742308484,0.0527757271501595,0.055707711991835),  .UNSPECIFIED.);
#116051=EDGE_LOOP('',(#50812,#50813,#50814,#50815));
#116052=EDGE_LOOP('',(#50816,#50817,#50818,#50819));
#116053=EDGE_LOOP('',(#50820,#50821,#50822,#50823));
#116054=EDGE_LOOP('',(#50824,#50825,#50826,#50827));
#116055=EDGE_LOOP('',(#50828,#50829,#50830,#50831));
#116056=EDGE_LOOP('',(#50832,#50833,#50834,#50835));
#116057=EDGE_LOOP('',(#50836,#50837,#50838,#50839));
#116058=EDGE_LOOP('',(#50840,#50841,#50842,#50843));
#116059=EDGE_LOOP('',(#50844,#50845,#50846,#50847));
#116060=EDGE_LOOP('',(#50848,#50849,#50850,#50851));
#116061=EDGE_LOOP('',(#50852,#50853,#50854,#50855));
#116062=EDGE_LOOP('',(#50856,#50857,#50858,#50859));
#116063=EDGE_LOOP('',(#50860,#50861,#50862,#50863));
#116064=EDGE_LOOP('',(#50864,#50865,#50866,#50867));
#116065=EDGE_LOOP('',(#50868,#50869,#50870,#50871));
#116066=EDGE_LOOP('',(#50872,#50873,#50874,#50875));
#116067=EDGE_LOOP('',(#50876,#50877,#50878,#50879));
#116068=EDGE_LOOP('',(#50880,#50881,#50882,#50883));
#116069=EDGE_LOOP('',(#50884,#50885,#50886,#50887));
#116070=EDGE_LOOP('',(#50888,#50889,#50890,#50891));
#116071=EDGE_LOOP('',(#50892,#50893,#50894,#50895));
#116072=EDGE_LOOP('',(#50896,#50897,#50898,#50899));
#116073=EDGE_LOOP('',(#50900,#50901,#50902,#50903));
#116074=EDGE_LOOP('',(#50904,#50905,#50906,#50907));
#116075=EDGE_LOOP('',(#50908,#50909,#50910,#50911));
#116076=EDGE_LOOP('',(#50912,#50913,#50914,#50915));
#116077=EDGE_LOOP('',(#50916,#50917,#50918,#50919));
#116078=EDGE_LOOP('',(#50920,#50921,#50922,#50923));
#116079=EDGE_LOOP('',(#50924,#50925,#50926,#50927));
#116080=EDGE_LOOP('',(#50928,#50929,#50930,#50931));
#116081=EDGE_LOOP('',(#50932,#50933,#50934,#50935));
#116082=EDGE_LOOP('',(#50936,#50937,#50938,#50939));
#116083=EDGE_LOOP('',(#50940,#50941,#50942,#50943));
#116084=EDGE_LOOP('',(#50944,#50945,#50946,#50947));
#116085=EDGE_LOOP('',(#50948,#50949,#50950,#50951));
#116086=EDGE_LOOP('',(#50952,#50953,#50954,#50955));
#116087=EDGE_LOOP('',(#50956,#50957,#50958,#50959));
#116088=EDGE_LOOP('',(#50960,#50961,#50962,#50963));
#116089=EDGE_LOOP('',(#50964,#50965,#50966,#50967));
#116090=EDGE_LOOP('',(#50968,#50969,#50970,#50971));
#116091=EDGE_LOOP('',(#50972,#50973,#50974,#50975));
#116092=EDGE_LOOP('',(#50976,#50977,#50978,#50979));
#116093=EDGE_LOOP('',(#50980,#50981,#50982,#50983));
#116094=EDGE_LOOP('',(#50984,#50985,#50986,#50987));
#116095=EDGE_LOOP('',(#50988,#50989,#50990,#50991));
#116096=EDGE_LOOP('',(#50992,#50993,#50994,#50995));
#116097=EDGE_LOOP('',(#50996,#50997,#50998,#50999));
#116098=EDGE_LOOP('',(#51000,#51001,#51002,#51003));
#116099=EDGE_LOOP('',(#51004,#51005,#51006,#51007));
#116100=EDGE_LOOP('',(#51008,#51009,#51010,#51011));
#116101=EDGE_LOOP('',(#51012,#51013,#51014,#51015));
#116102=EDGE_LOOP('',(#51016,#51017,#51018,#51019));
#116103=EDGE_LOOP('',(#51020,#51021,#51022,#51023));
#116104=EDGE_LOOP('',(#51024,#51025,#51026,#51027));
#116105=EDGE_LOOP('',(#51028,#51029,#51030,#51031));
#116106=EDGE_LOOP('',(#51032,#51033,#51034,#51035));
#116107=EDGE_LOOP('',(#51036,#51037,#51038,#51039));
#116108=EDGE_LOOP('',(#51040,#51041,#51042,#51043));
#116109=EDGE_LOOP('',(#51044,#51045,#51046,#51047));
#116110=EDGE_LOOP('',(#51048,#51049,#51050,#51051));
#116111=EDGE_LOOP('',(#51052,#51053,#51054,#51055));
#116112=EDGE_LOOP('',(#51056,#51057,#51058,#51059));
#116113=EDGE_LOOP('',(#51060,#51061,#51062,#51063));
#116114=EDGE_LOOP('',(#51064,#51065,#51066,#51067));
#116115=EDGE_LOOP('',(#51068,#51069,#51070,#51071));
#116116=EDGE_LOOP('',(#51072,#51073,#51074,#51075));
#116117=EDGE_LOOP('',(#51076,#51077,#51078,#51079));
#116118=EDGE_LOOP('',(#51080,#51081,#51082,#51083));
#116119=EDGE_LOOP('',(#51084,#51085,#51086,#51087));
#116120=EDGE_LOOP('',(#51088,#51089,#51090,#51091));
#116121=EDGE_LOOP('',(#51092,#51093,#51094,#51095));
#116122=EDGE_LOOP('',(#51096,#51097,#51098,#51099));
#116123=EDGE_LOOP('',(#51100,#51101,#51102,#51103));
#116124=EDGE_LOOP('',(#51104,#51105,#51106,#51107));
#116125=EDGE_LOOP('',(#51108,#51109,#51110,#51111));
#116126=EDGE_LOOP('',(#51112,#51113,#51114,#51115));
#116127=EDGE_LOOP('',(#51116,#51117,#51118,#51119));
#116128=EDGE_LOOP('',(#51120,#51121,#51122,#51123));
#116129=EDGE_LOOP('',(#51124,#51125,#51126,#51127));
#116130=EDGE_LOOP('',(#51128,#51129,#51130,#51131));
#116131=EDGE_LOOP('',(#51132,#51133,#51134,#51135));
#116132=EDGE_LOOP('',(#51136,#51137,#51138,#51139));
#116133=EDGE_LOOP('',(#51140,#51141,#51142,#51143));
#116134=EDGE_LOOP('',(#51144,#51145,#51146,#51147));
#116135=EDGE_LOOP('',(#51148,#51149,#51150,#51151));
#116136=EDGE_LOOP('',(#51152,#51153,#51154,#51155,#51156,#51157));
#116137=EDGE_LOOP('',(#51158,#51159,#51160,#51161,#51162,#51163));
#116138=EDGE_LOOP('',(#51164));
#116139=EDGE_LOOP('',(#51165));
#116140=EDGE_LOOP('',(#51166));
#116141=EDGE_LOOP('',(#51167));
#116142=EDGE_LOOP('',(#51168));
#116143=EDGE_LOOP('',(#51169));
#116144=EDGE_LOOP('',(#51170));
#116145=EDGE_LOOP('',(#51171));
#116146=EDGE_LOOP('',(#51172));
#116147=EDGE_LOOP('',(#51173));
#116148=EDGE_LOOP('',(#51174));
#116149=EDGE_LOOP('',(#51175));
#116150=EDGE_LOOP('',(#51176));
#116151=EDGE_LOOP('',(#51177));
#116152=EDGE_LOOP('',(#51178));
#116153=EDGE_LOOP('',(#51179));
#116154=EDGE_LOOP('',(#51180));
#116155=EDGE_LOOP('',(#51181));
#116156=EDGE_LOOP('',(#51182));
#116157=EDGE_LOOP('',(#51183));
#116158=EDGE_LOOP('',(#51184,#51185,#51186,#51187,#51188,#51189,#51190, #51191,#51192,#51193,#51194,#51195));
#116159=EDGE_LOOP('',(#51196,#51197,#51198,#51199,#51200,#51201));
#116160=EDGE_LOOP('',(#51202,#51203,#51204,#51205,#51206,#51207));
#116161=EDGE_LOOP('',(#51208,#51209,#51210,#51211,#51212,#51213,#51214, #51215,#51216,#51217,#51218,#51219));
#116162=EDGE_LOOP('',(#51220,#51221,#51222,#51223,#51224,#51225,#51226, #51227));
#116163=EDGE_LOOP('',(#51228,#51229,#51230,#51231,#51232,#51233,#51234, #51235));
#116164=EDGE_LOOP('',(#51236,#51237,#51238,#51239,#51240,#51241));
#116165=EDGE_LOOP('',(#51242,#51243,#51244,#51245,#51246,#51247));
#116166=EDGE_LOOP('',(#51248,#51249,#51250,#51251,#51252,#51253));
#116167=EDGE_LOOP('',(#51254,#51255,#51256,#51257,#51258,#51259));
#116168=EDGE_LOOP('',(#51260,#51261,#51262,#51263,#51264,#51265,#51266, #51267));
#116169=EDGE_LOOP('',(#51268,#51269,#51270,#51271,#51272,#51273));
#116170=EDGE_LOOP('',(#51274,#51275,#51276,#51277,#51278,#51279));
#116171=EDGE_LOOP('',(#51280,#51281,#51282,#51283,#51284,#51285,#51286, #51287));
#116172=EDGE_LOOP('',(#51288,#51289,#51290,#51291,#51292,#51293,#51294, #51295,#51296,#51297,#51298,#51299));
#116173=EDGE_LOOP('',(#51300,#51301,#51302,#51303,#51304,#51305,#51306, #51307,#51308,#51309,#51310,#51311));
#116174=EDGE_LOOP('',(#51312,#51313,#51314,#51315,#51316,#51317,#51318, #51319,#51320,#51321,#51322,#51323));
#116175=EDGE_LOOP('',(#51324,#51325,#51326,#51327,#51328,#51329,#51330, #51331,#51332,#51333,#51334,#51335));
#116176=EDGE_LOOP('',(#51336,#51337,#51338,#51339,#51340,#51341,#51342, #51343,#51344,#51345,#51346,#51347));
#116177=EDGE_LOOP('',(#51348,#51349,#51350,#51351,#51352,#51353,#51354, #51355,#51356,#51357,#51358,#51359));
#116178=EDGE_LOOP('',(#51360,#51361,#51362,#51363,#51364,#51365));
#116179=EDGE_LOOP('',(#51366,#51367,#51368,#51369));
#116180=EDGE_LOOP('',(#51370,#51371,#51372,#51373,#51374,#51375));
#116181=EDGE_LOOP('',(#51376,#51377,#51378,#51379));
#116182=EDGE_LOOP('',(#51380,#51381,#51382,#51383,#51384,#51385,#51386, #51387,#51388,#51389,#51390,#51391,#51392,#51393,#51394,#51395));
#116183=EDGE_LOOP('',(#51396,#51397,#51398,#51399));
#116184=EDGE_LOOP('',(#51400,#51401,#51402,#51403));
#116185=EDGE_LOOP('',(#51404,#51405,#51406,#51407));
#116186=EDGE_LOOP('',(#51408,#51409,#51410,#51411));
#116187=EDGE_LOOP('',(#51412,#51413,#51414,#51415,#51416,#51417));
#116188=EDGE_LOOP('',(#51418,#51419,#51420,#51421));
#116189=EDGE_LOOP('',(#51422,#51423,#51424,#51425));
#116190=EDGE_LOOP('',(#51426,#51427,#51428,#51429));
#116191=EDGE_LOOP('',(#51430,#51431,#51432,#51433));
#116192=EDGE_LOOP('',(#51434,#51435,#51436,#51437));
#116193=EDGE_LOOP('',(#51438,#51439,#51440,#51441));
#116194=EDGE_LOOP('',(#51442,#51443,#51444,#51445));
#116195=EDGE_LOOP('',(#51446,#51447,#51448,#51449,#51450,#51451,#51452, #51453,#51454,#51455,#51456,#51457));
#116196=EDGE_LOOP('',(#51458,#51459,#51460,#51461,#51462,#51463,#51464, #51465,#51466,#51467,#51468,#51469,#51470,#51471,#51472,#51473));
#116197=EDGE_LOOP('',(#51474));
#116198=EDGE_LOOP('',(#51475));
#116199=EDGE_LOOP('',(#51476));
#116200=EDGE_LOOP('',(#51477));
#116201=EDGE_LOOP('',(#51478));
#116202=EDGE_LOOP('',(#51479));
#116203=EDGE_LOOP('',(#51480));
#116204=EDGE_LOOP('',(#51481));
#116205=EDGE_LOOP('',(#51482));
#116206=EDGE_LOOP('',(#51483));
#116207=EDGE_LOOP('',(#51484,#51485,#51486,#51487));
#116208=EDGE_LOOP('',(#51488,#51489,#51490,#51491));
#116209=EDGE_LOOP('',(#51492,#51493,#51494,#51495));
#116210=EDGE_LOOP('',(#51496,#51497,#51498,#51499));
#116211=EDGE_LOOP('',(#51500,#51501,#51502,#51503));
#116212=EDGE_LOOP('',(#51504,#51505,#51506,#51507));
#116213=EDGE_LOOP('',(#51508,#51509,#51510,#51511));
#116214=EDGE_LOOP('',(#51512,#51513,#51514,#51515));
#116215=EDGE_LOOP('',(#51516,#51517,#51518,#51519,#51520,#51521));
#116216=EDGE_LOOP('',(#51522,#51523,#51524,#51525));
#116217=EDGE_LOOP('',(#51526,#51527,#51528,#51529,#51530,#51531));
#116218=EDGE_LOOP('',(#51532,#51533,#51534,#51535));
#116219=EDGE_LOOP('',(#51536,#51537,#51538,#51539));
#116220=EDGE_LOOP('',(#51540,#51541,#51542,#51543,#51544,#51545,#51546, #51547,#51548,#51549,#51550,#51551));
#116221=EDGE_LOOP('',(#51552,#51553,#51554,#51555,#51556,#51557));
#116222=EDGE_LOOP('',(#51558,#51559,#51560,#51561,#51562,#51563));
#116223=EDGE_LOOP('',(#51564,#51565,#51566,#51567));
#116224=EDGE_LOOP('',(#51568,#51569,#51570,#51571));
#116225=EDGE_LOOP('',(#51572,#51573,#51574,#51575,#51576,#51577,#51578, #51579,#51580,#51581,#51582,#51583));
#116226=EDGE_LOOP('',(#51584,#51585,#51586,#51587,#51588));
#116227=EDGE_LOOP('',(#51589,#51590,#51591,#51592));
#116228=EDGE_LOOP('',(#51593,#51594,#51595,#51596));
#116229=EDGE_LOOP('',(#51597,#51598,#51599,#51600));
#116230=EDGE_LOOP('',(#51601,#51602,#51603,#51604,#51605,#51606,#51607));
#116231=EDGE_LOOP('',(#51608,#51609,#51610,#51611,#51612,#51613));
#116232=EDGE_LOOP('',(#51614,#51615,#51616,#51617));
#116233=EDGE_LOOP('',(#51618,#51619,#51620,#51621,#51622,#51623,#51624, #51625,#51626,#51627,#51628,#51629));
#116234=EDGE_LOOP('',(#51630,#51631,#51632,#51633,#51634,#51635));
#116235=EDGE_LOOP('',(#51636,#51637,#51638,#51639));
#116236=EDGE_LOOP('',(#51640,#51641,#51642,#51643));
#116237=EDGE_LOOP('',(#51644,#51645,#51646,#51647));
#116238=EDGE_LOOP('',(#51648,#51649,#51650,#51651));
#116239=EDGE_LOOP('',(#51652,#51653,#51654,#51655));
#116240=EDGE_LOOP('',(#51656,#51657,#51658,#51659));
#116241=EDGE_LOOP('',(#51660,#51661,#51662,#51663));
#116242=EDGE_LOOP('',(#51664,#51665,#51666,#51667));
#116243=EDGE_LOOP('',(#51668,#51669,#51670,#51671));
#116244=EDGE_LOOP('',(#51672,#51673,#51674,#51675));
#116245=EDGE_LOOP('',(#51676,#51677,#51678,#51679));
#116246=EDGE_LOOP('',(#51680,#51681,#51682,#51683));
#116247=EDGE_LOOP('',(#51684,#51685,#51686,#51687));
#116248=EDGE_LOOP('',(#51688,#51689,#51690,#51691));
#116249=EDGE_LOOP('',(#51692,#51693,#51694,#51695));
#116250=EDGE_LOOP('',(#51696,#51697,#51698,#51699));
#116251=EDGE_LOOP('',(#51700,#51701,#51702,#51703,#51704));
#116252=EDGE_LOOP('',(#51705,#51706,#51707,#51708));
#116253=EDGE_LOOP('',(#51709,#51710,#51711,#51712));
#116254=EDGE_LOOP('',(#51713,#51714,#51715,#51716,#51717));
#116255=EDGE_LOOP('',(#51718,#51719,#51720,#51721));
#116256=EDGE_LOOP('',(#51722,#51723,#51724,#51725));
#116257=EDGE_LOOP('',(#51726,#51727,#51728,#51729));
#116258=EDGE_LOOP('',(#51730,#51731,#51732,#51733));
#116259=EDGE_LOOP('',(#51734,#51735,#51736,#51737));
#116260=EDGE_LOOP('',(#51738,#51739,#51740,#51741));
#116261=EDGE_LOOP('',(#51742,#51743,#51744,#51745));
#116262=EDGE_LOOP('',(#51746,#51747,#51748,#51749));
#116263=EDGE_LOOP('',(#51750,#51751,#51752,#51753,#51754));
#116264=EDGE_LOOP('',(#51755,#51756,#51757,#51758));
#116265=EDGE_LOOP('',(#51759,#51760,#51761,#51762,#51763));
#116266=EDGE_LOOP('',(#51764,#51765,#51766,#51767));
#116267=EDGE_LOOP('',(#51768,#51769,#51770,#51771));
#116268=EDGE_LOOP('',(#51772,#51773,#51774,#51775));
#116269=EDGE_LOOP('',(#51776,#51777,#51778,#51779));
#116270=EDGE_LOOP('',(#51780,#51781,#51782,#51783,#51784,#51785));
#116271=EDGE_LOOP('',(#51786,#51787,#51788,#51789,#51790,#51791));
#116272=EDGE_LOOP('',(#51792,#51793,#51794,#51795));
#116273=EDGE_LOOP('',(#51796,#51797,#51798,#51799,#51800,#51801));
#116274=EDGE_LOOP('',(#51802,#51803,#51804,#51805));
#116275=EDGE_LOOP('',(#51806,#51807,#51808,#51809,#51810,#51811));
#116276=EDGE_LOOP('',(#51812,#51813,#51814,#51815));
#116277=EDGE_LOOP('',(#51816,#51817,#51818,#51819,#51820,#51821));
#116278=EDGE_LOOP('',(#51822,#51823,#51824,#51825,#51826,#51827));
#116279=EDGE_LOOP('',(#51828,#51829,#51830,#51831));
#116280=EDGE_LOOP('',(#51832,#51833,#51834,#51835,#51836,#51837));
#116281=EDGE_LOOP('',(#51838,#51839,#51840,#51841));
#116282=EDGE_LOOP('',(#51842,#51843,#51844,#51845,#51846,#51847));
#116283=EDGE_LOOP('',(#51848));
#116284=EDGE_LOOP('',(#51849));
#116285=EDGE_LOOP('',(#51850));
#116286=EDGE_LOOP('',(#51851));
#116287=EDGE_LOOP('',(#51852));
#116288=EDGE_LOOP('',(#51853));
#116289=EDGE_LOOP('',(#51854));
#116290=EDGE_LOOP('',(#51855));
#116291=EDGE_LOOP('',(#51856));
#116292=EDGE_LOOP('',(#51857));
#124938=FACE_BOUND('',#116051,.T.);
#124939=FACE_BOUND('',#116052,.T.);
#124940=FACE_BOUND('',#116053,.T.);
#124941=FACE_BOUND('',#116054,.T.);
#124942=FACE_BOUND('',#116055,.T.);
#124943=FACE_BOUND('',#116056,.T.);
#124944=FACE_BOUND('',#116057,.T.);
#124945=FACE_BOUND('',#116058,.T.);
#124946=FACE_BOUND('',#116059,.T.);
#124947=FACE_BOUND('',#116060,.T.);
#124948=FACE_BOUND('',#116061,.T.);
#124949=FACE_BOUND('',#116062,.T.);
#124950=FACE_BOUND('',#116063,.T.);
#124951=FACE_BOUND('',#116064,.T.);
#124952=FACE_BOUND('',#116065,.T.);
#124953=FACE_BOUND('',#116066,.T.);
#124954=FACE_BOUND('',#116067,.T.);
#124955=FACE_BOUND('',#116068,.T.);
#124956=FACE_BOUND('',#116069,.T.);
#124957=FACE_BOUND('',#116070,.T.);
#124958=FACE_BOUND('',#116071,.T.);
#124959=FACE_BOUND('',#116072,.T.);
#124960=FACE_BOUND('',#116073,.T.);
#124961=FACE_BOUND('',#116074,.T.);
#124962=FACE_BOUND('',#116075,.T.);
#124963=FACE_BOUND('',#116076,.T.);
#124964=FACE_BOUND('',#116077,.T.);
#124965=FACE_BOUND('',#116078,.T.);
#124966=FACE_BOUND('',#116079,.T.);
#124967=FACE_BOUND('',#116080,.T.);
#124968=FACE_BOUND('',#116081,.T.);
#124969=FACE_BOUND('',#116082,.T.);
#124970=FACE_BOUND('',#116083,.T.);
#124971=FACE_BOUND('',#116084,.T.);
#124972=FACE_BOUND('',#116085,.T.);
#124973=FACE_BOUND('',#116086,.T.);
#124974=FACE_BOUND('',#116087,.T.);
#124975=FACE_BOUND('',#116088,.T.);
#124976=FACE_BOUND('',#116089,.T.);
#124977=FACE_BOUND('',#116090,.T.);
#124978=FACE_BOUND('',#116091,.T.);
#124979=FACE_BOUND('',#116092,.T.);
#124980=FACE_BOUND('',#116093,.T.);
#124981=FACE_BOUND('',#116094,.T.);
#124982=FACE_BOUND('',#116095,.T.);
#124983=FACE_BOUND('',#116096,.T.);
#124984=FACE_BOUND('',#116097,.T.);
#124985=FACE_BOUND('',#116098,.T.);
#124986=FACE_BOUND('',#116099,.T.);
#124987=FACE_BOUND('',#116100,.T.);
#124988=FACE_BOUND('',#116101,.T.);
#124989=FACE_BOUND('',#116102,.T.);
#124990=FACE_BOUND('',#116103,.T.);
#124991=FACE_BOUND('',#116104,.T.);
#124992=FACE_BOUND('',#116105,.T.);
#124993=FACE_BOUND('',#116106,.T.);
#124994=FACE_BOUND('',#116107,.T.);
#124995=FACE_BOUND('',#116108,.T.);
#124996=FACE_BOUND('',#116109,.T.);
#124997=FACE_BOUND('',#116110,.T.);
#124998=FACE_BOUND('',#116111,.T.);
#124999=FACE_BOUND('',#116112,.T.);
#125000=FACE_BOUND('',#116113,.T.);
#125001=FACE_BOUND('',#116114,.T.);
#125002=FACE_BOUND('',#116115,.T.);
#125003=FACE_BOUND('',#116116,.T.);
#125004=FACE_BOUND('',#116117,.T.);
#125005=FACE_BOUND('',#116118,.T.);
#125006=FACE_BOUND('',#116119,.T.);
#125007=FACE_BOUND('',#116120,.T.);
#125008=FACE_BOUND('',#116121,.T.);
#125009=FACE_BOUND('',#116122,.T.);
#125010=FACE_BOUND('',#116123,.T.);
#125011=FACE_BOUND('',#116124,.T.);
#125012=FACE_BOUND('',#116125,.T.);
#125013=FACE_BOUND('',#116126,.T.);
#125014=FACE_BOUND('',#116127,.T.);
#125015=FACE_BOUND('',#116128,.T.);
#125016=FACE_BOUND('',#116129,.T.);
#125017=FACE_BOUND('',#116130,.T.);
#125018=FACE_BOUND('',#116131,.T.);
#125019=FACE_BOUND('',#116132,.T.);
#125020=FACE_BOUND('',#116133,.T.);
#125021=FACE_BOUND('',#116134,.T.);
#125022=FACE_BOUND('',#116135,.T.);
#125023=FACE_BOUND('',#116136,.T.);
#125024=FACE_BOUND('',#116137,.T.);
#125025=FACE_BOUND('',#116138,.T.);
#125026=FACE_BOUND('',#116139,.T.);
#125027=FACE_BOUND('',#116140,.T.);
#125028=FACE_BOUND('',#116141,.T.);
#125029=FACE_BOUND('',#116142,.T.);
#125030=FACE_BOUND('',#116143,.T.);
#125031=FACE_BOUND('',#116144,.T.);
#125032=FACE_BOUND('',#116145,.T.);
#125033=FACE_BOUND('',#116146,.T.);
#125034=FACE_BOUND('',#116147,.T.);
#125035=FACE_BOUND('',#116148,.T.);
#125036=FACE_BOUND('',#116149,.T.);
#125037=FACE_BOUND('',#116150,.T.);
#125038=FACE_BOUND('',#116151,.T.);
#125039=FACE_BOUND('',#116152,.T.);
#125040=FACE_BOUND('',#116153,.T.);
#125041=FACE_BOUND('',#116154,.T.);
#125042=FACE_BOUND('',#116155,.T.);
#125043=FACE_BOUND('',#116156,.T.);
#125044=FACE_BOUND('',#116157,.T.);
#125045=FACE_BOUND('',#116158,.T.);
#125046=FACE_BOUND('',#116159,.T.);
#125047=FACE_BOUND('',#116160,.T.);
#125048=FACE_BOUND('',#116161,.T.);
#125049=FACE_BOUND('',#116162,.T.);
#125050=FACE_BOUND('',#116163,.T.);
#125051=FACE_BOUND('',#116164,.T.);
#125052=FACE_BOUND('',#116165,.T.);
#125053=FACE_BOUND('',#116166,.T.);
#125054=FACE_BOUND('',#116167,.T.);
#125055=FACE_BOUND('',#116168,.T.);
#125056=FACE_BOUND('',#116169,.T.);
#125057=FACE_BOUND('',#116170,.T.);
#125058=FACE_BOUND('',#116171,.T.);
#125059=FACE_BOUND('',#116172,.T.);
#125060=FACE_BOUND('',#116173,.T.);
#125061=FACE_BOUND('',#116174,.T.);
#125062=FACE_BOUND('',#116175,.T.);
#125063=FACE_BOUND('',#116176,.T.);
#125064=FACE_BOUND('',#116177,.T.);
#125065=FACE_BOUND('',#116178,.T.);
#125066=FACE_BOUND('',#116179,.T.);
#125067=FACE_BOUND('',#116180,.T.);
#125068=FACE_BOUND('',#116181,.T.);
#125069=FACE_BOUND('',#116182,.T.);
#125070=FACE_BOUND('',#116183,.T.);
#125071=FACE_BOUND('',#116184,.T.);
#125072=FACE_BOUND('',#116185,.T.);
#125073=FACE_BOUND('',#116186,.T.);
#125074=FACE_BOUND('',#116187,.T.);
#125075=FACE_BOUND('',#116188,.T.);
#125076=FACE_BOUND('',#116189,.T.);
#125077=FACE_BOUND('',#116190,.T.);
#125078=FACE_BOUND('',#116191,.T.);
#125079=FACE_BOUND('',#116192,.T.);
#125080=FACE_BOUND('',#116193,.T.);
#125081=FACE_BOUND('',#116194,.T.);
#125082=FACE_BOUND('',#116195,.T.);
#125083=FACE_BOUND('',#116196,.T.);
#125084=FACE_BOUND('',#116197,.T.);
#125085=FACE_BOUND('',#116198,.T.);
#125086=FACE_BOUND('',#116199,.T.);
#125087=FACE_BOUND('',#116200,.T.);
#125088=FACE_BOUND('',#116201,.T.);
#125089=FACE_BOUND('',#116202,.T.);
#125090=FACE_BOUND('',#116203,.T.);
#125091=FACE_BOUND('',#116204,.T.);
#125092=FACE_BOUND('',#116205,.T.);
#125093=FACE_BOUND('',#116206,.T.);
#125094=FACE_BOUND('',#116207,.T.);
#125095=FACE_BOUND('',#116208,.T.);
#125096=FACE_BOUND('',#116209,.T.);
#125097=FACE_BOUND('',#116210,.T.);
#125098=FACE_BOUND('',#116211,.T.);
#125099=FACE_BOUND('',#116212,.T.);
#125100=FACE_BOUND('',#116213,.T.);
#125101=FACE_BOUND('',#116214,.T.);
#125102=FACE_BOUND('',#116215,.T.);
#125103=FACE_BOUND('',#116216,.T.);
#125104=FACE_BOUND('',#116217,.T.);
#125105=FACE_BOUND('',#116218,.T.);
#125106=FACE_BOUND('',#116219,.T.);
#125107=FACE_BOUND('',#116220,.T.);
#125108=FACE_BOUND('',#116221,.T.);
#125109=FACE_BOUND('',#116222,.T.);
#125110=FACE_BOUND('',#116223,.T.);
#125111=FACE_BOUND('',#116224,.T.);
#125112=FACE_BOUND('',#116225,.T.);
#125113=FACE_BOUND('',#116226,.T.);
#125114=FACE_BOUND('',#116227,.T.);
#125115=FACE_BOUND('',#116228,.T.);
#125116=FACE_BOUND('',#116229,.T.);
#125117=FACE_BOUND('',#116230,.T.);
#125118=FACE_BOUND('',#116231,.T.);
#125119=FACE_BOUND('',#116232,.T.);
#125120=FACE_BOUND('',#116233,.T.);
#125121=FACE_BOUND('',#116234,.T.);
#125122=FACE_BOUND('',#116235,.T.);
#125123=FACE_BOUND('',#116236,.T.);
#125124=FACE_BOUND('',#116237,.T.);
#125125=FACE_BOUND('',#116238,.T.);
#125126=FACE_BOUND('',#116239,.T.);
#125127=FACE_BOUND('',#116240,.T.);
#125128=FACE_BOUND('',#116241,.T.);
#125129=FACE_BOUND('',#116242,.T.);
#125130=FACE_BOUND('',#116243,.T.);
#125131=FACE_BOUND('',#116244,.T.);
#125132=FACE_BOUND('',#116245,.T.);
#125133=FACE_BOUND('',#116246,.T.);
#125134=FACE_BOUND('',#116247,.T.);
#125135=FACE_BOUND('',#116248,.T.);
#125136=FACE_BOUND('',#116249,.T.);
#125137=FACE_BOUND('',#116250,.T.);
#125138=FACE_BOUND('',#116251,.T.);
#125139=FACE_BOUND('',#116252,.T.);
#125140=FACE_BOUND('',#116253,.T.);
#125141=FACE_BOUND('',#116254,.T.);
#125142=FACE_BOUND('',#116255,.T.);
#125143=FACE_BOUND('',#116256,.T.);
#125144=FACE_BOUND('',#116257,.T.);
#125145=FACE_BOUND('',#116258,.T.);
#125146=FACE_BOUND('',#116259,.T.);
#125147=FACE_BOUND('',#116260,.T.);
#125148=FACE_BOUND('',#116261,.T.);
#125149=FACE_BOUND('',#116262,.T.);
#125150=FACE_BOUND('',#116263,.T.);
#125151=FACE_BOUND('',#116264,.T.);
#125152=FACE_BOUND('',#116265,.T.);
#125153=FACE_BOUND('',#116266,.T.);
#125154=FACE_BOUND('',#116267,.T.);
#125155=FACE_BOUND('',#116268,.T.);
#125156=FACE_BOUND('',#116269,.T.);
#125157=FACE_BOUND('',#116270,.T.);
#125158=FACE_BOUND('',#116271,.T.);
#125159=FACE_BOUND('',#116272,.T.);
#125160=FACE_BOUND('',#116273,.T.);
#125161=FACE_BOUND('',#116274,.T.);
#125162=FACE_BOUND('',#116275,.T.);
#125163=FACE_BOUND('',#116276,.T.);
#125164=FACE_BOUND('',#116277,.T.);
#125165=FACE_BOUND('',#116278,.T.);
#125166=FACE_BOUND('',#116279,.T.);
#125167=FACE_BOUND('',#116280,.T.);
#125168=FACE_BOUND('',#116281,.T.);
#125169=FACE_BOUND('',#116282,.T.);
#125170=FACE_BOUND('',#116283,.T.);
#125171=FACE_BOUND('',#116284,.T.);
#125172=FACE_BOUND('',#116285,.T.);
#125173=FACE_BOUND('',#116286,.T.);
#125174=FACE_BOUND('',#116287,.T.);
#125175=FACE_BOUND('',#116288,.T.);
#125176=FACE_BOUND('',#116289,.T.);
#125177=FACE_BOUND('',#116290,.T.);
#125178=FACE_BOUND('',#116291,.T.);
#125179=FACE_BOUND('',#116292,.T.);
#133892=ADVANCED_FACE('',(#124938),#30684,.T.);
#133893=ADVANCED_FACE('',(#124939),#30685,.T.);
#133894=ADVANCED_FACE('',(#124940),#30686,.T.);
#133895=ADVANCED_FACE('',(#124941),#1746,.F.);
#133896=ADVANCED_FACE('',(#124942),#30687,.T.);
#133897=ADVANCED_FACE('',(#124943),#30688,.F.);
#133898=ADVANCED_FACE('',(#124944),#30689,.T.);
#133899=ADVANCED_FACE('',(#124945),#1747,.F.);
#133900=ADVANCED_FACE('',(#124946),#30690,.T.);
#133901=ADVANCED_FACE('',(#124947),#30691,.T.);
#133902=ADVANCED_FACE('',(#124948),#30692,.T.);
#133903=ADVANCED_FACE('',(#124949),#30693,.F.);
#133904=ADVANCED_FACE('',(#124950),#30694,.T.);
#133905=ADVANCED_FACE('',(#124951),#30695,.T.);
#133906=ADVANCED_FACE('',(#124952),#30696,.T.);
#133907=ADVANCED_FACE('',(#124953),#30697,.T.);
#133908=ADVANCED_FACE('',(#124954),#30698,.F.);
#133909=ADVANCED_FACE('',(#124955),#30699,.T.);
#133910=ADVANCED_FACE('',(#124956),#30700,.F.);
#133911=ADVANCED_FACE('',(#124957),#1748,.F.);
#133912=ADVANCED_FACE('',(#124958),#30701,.F.);
#133913=ADVANCED_FACE('',(#124959),#30702,.F.);
#133914=ADVANCED_FACE('',(#124960),#30703,.F.);
#133915=ADVANCED_FACE('',(#124961),#30704,.T.);
#133916=ADVANCED_FACE('',(#124962),#30705,.F.);
#133917=ADVANCED_FACE('',(#124963),#1749,.F.);
#133918=ADVANCED_FACE('',(#124964),#30706,.F.);
#133919=ADVANCED_FACE('',(#124965),#30707,.F.);
#133920=ADVANCED_FACE('',(#124966),#30708,.F.);
#133921=ADVANCED_FACE('',(#124967),#30709,.T.);
#133922=ADVANCED_FACE('',(#124968),#1750,.F.);
#133923=ADVANCED_FACE('',(#124969),#30710,.T.);
#133924=ADVANCED_FACE('',(#124970),#30711,.T.);
#133925=ADVANCED_FACE('',(#124971),#30712,.T.);
#133926=ADVANCED_FACE('',(#124972),#30713,.T.);
#133927=ADVANCED_FACE('',(#124973),#30714,.F.);
#133928=ADVANCED_FACE('',(#124974),#1751,.F.);
#133929=ADVANCED_FACE('',(#124975),#30715,.F.);
#133930=ADVANCED_FACE('',(#124976),#30716,.F.);
#133931=ADVANCED_FACE('',(#124977),#30717,.F.);
#133932=ADVANCED_FACE('',(#124978),#30718,.F.);
#133933=ADVANCED_FACE('',(#124979),#30719,.T.);
#133934=ADVANCED_FACE('',(#124980),#1752,.F.);
#133935=ADVANCED_FACE('',(#124981),#30720,.T.);
#133936=ADVANCED_FACE('',(#124982),#30721,.T.);
#133937=ADVANCED_FACE('',(#124983),#30722,.T.);
#133938=ADVANCED_FACE('',(#124984),#30723,.T.);
#133939=ADVANCED_FACE('',(#124985),#30724,.F.);
#133940=ADVANCED_FACE('',(#124986),#1753,.F.);
#133941=ADVANCED_FACE('',(#124987),#30725,.T.);
#133942=ADVANCED_FACE('',(#124988),#30726,.T.);
#133943=ADVANCED_FACE('',(#124989),#30727,.T.);
#133944=ADVANCED_FACE('',(#124990),#30728,.T.);
#133945=ADVANCED_FACE('',(#124991),#30729,.F.);
#133946=ADVANCED_FACE('',(#124992),#1754,.F.);
#133947=ADVANCED_FACE('',(#124993),#30730,.T.);
#133948=ADVANCED_FACE('',(#124994),#30731,.T.);
#133949=ADVANCED_FACE('',(#124995),#30732,.T.);
#133950=ADVANCED_FACE('',(#124996),#30733,.T.);
#133951=ADVANCED_FACE('',(#124997),#30734,.F.);
#133952=ADVANCED_FACE('',(#124998),#1755,.F.);
#133953=ADVANCED_FACE('',(#124999),#30735,.F.);
#133954=ADVANCED_FACE('',(#125000),#30736,.F.);
#133955=ADVANCED_FACE('',(#125001),#30737,.F.);
#133956=ADVANCED_FACE('',(#125002),#30738,.F.);
#133957=ADVANCED_FACE('',(#125003),#30739,.T.);
#133958=ADVANCED_FACE('',(#125004),#30740,.T.);
#133959=ADVANCED_FACE('',(#125005),#30741,.T.);
#133960=ADVANCED_FACE('',(#125006),#30742,.T.);
#133961=ADVANCED_FACE('',(#125007),#30743,.T.);
#133962=ADVANCED_FACE('',(#125008),#30744,.F.);
#133963=ADVANCED_FACE('',(#125009),#30745,.T.);
#133964=ADVANCED_FACE('',(#125010),#1756,.F.);
#133965=ADVANCED_FACE('',(#125011),#30746,.T.);
#133966=ADVANCED_FACE('',(#125012),#30747,.T.);
#133967=ADVANCED_FACE('',(#125013),#30748,.T.);
#133968=ADVANCED_FACE('',(#125014),#30749,.T.);
#133969=ADVANCED_FACE('',(#125015),#30750,.F.);
#133970=ADVANCED_FACE('',(#125016),#30751,.T.);
#133971=ADVANCED_FACE('',(#125017),#30752,.T.);
#133972=ADVANCED_FACE('',(#125018),#1757,.F.);
#133973=ADVANCED_FACE('',(#125019),#30753,.T.);
#133974=ADVANCED_FACE('',(#125020),#30754,.T.);
#133975=ADVANCED_FACE('',(#125021),#30755,.F.);
#133976=ADVANCED_FACE('',(#125022),#30756,.T.);
#133977=ADVANCED_FACE('',(#125023),#30757,.F.);
#133978=ADVANCED_FACE('',(#125024),#30758,.F.);
#133979=ADVANCED_FACE('',(#125025,#125026),#1758,.T.);
#133980=ADVANCED_FACE('',(#125027,#125028),#1759,.T.);
#133981=ADVANCED_FACE('',(#125029,#125030),#1760,.T.);
#133982=ADVANCED_FACE('',(#125031,#125032),#1761,.T.);
#133983=ADVANCED_FACE('',(#125033,#125034),#1762,.T.);
#133984=ADVANCED_FACE('',(#125035,#125036),#1763,.T.);
#133985=ADVANCED_FACE('',(#125037,#125038),#1764,.T.);
#133986=ADVANCED_FACE('',(#125039,#125040),#1765,.T.);
#133987=ADVANCED_FACE('',(#125041,#125042),#1766,.T.);
#133988=ADVANCED_FACE('',(#125043,#125044),#1767,.T.);
#133989=ADVANCED_FACE('',(#125045),#30759,.T.);
#133990=ADVANCED_FACE('',(#125046),#30760,.T.);
#133991=ADVANCED_FACE('',(#125047),#30761,.T.);
#133992=ADVANCED_FACE('',(#125048),#30762,.T.);
#133993=ADVANCED_FACE('',(#125049),#30763,.T.);
#133994=ADVANCED_FACE('',(#125050),#30764,.T.);
#133995=ADVANCED_FACE('',(#125051),#30765,.T.);
#133996=ADVANCED_FACE('',(#125052),#30766,.T.);
#133997=ADVANCED_FACE('',(#125053),#30767,.T.);
#133998=ADVANCED_FACE('',(#125054),#30768,.T.);
#133999=ADVANCED_FACE('',(#125055),#30769,.T.);
#134000=ADVANCED_FACE('',(#125056),#30770,.T.);
#134001=ADVANCED_FACE('',(#125057),#30771,.T.);
#134002=ADVANCED_FACE('',(#125058),#30772,.T.);
#134003=ADVANCED_FACE('',(#125059),#30773,.T.);
#134004=ADVANCED_FACE('',(#125060),#30774,.T.);
#134005=ADVANCED_FACE('',(#125061),#30775,.T.);
#134006=ADVANCED_FACE('',(#125062),#30776,.T.);
#134007=ADVANCED_FACE('',(#125063),#30777,.T.);
#134008=ADVANCED_FACE('',(#125064),#30778,.T.);
#134009=ADVANCED_FACE('',(#125065),#30779,.F.);
#134010=ADVANCED_FACE('',(#125066),#30780,.F.);
#134011=ADVANCED_FACE('',(#125067),#30781,.F.);
#134012=ADVANCED_FACE('',(#125068),#30782,.F.);
#134013=ADVANCED_FACE('',(#125069),#1768,.T.);
#134014=ADVANCED_FACE('',(#125070),#30783,.T.);
#134015=ADVANCED_FACE('',(#125071),#30784,.T.);
#134016=ADVANCED_FACE('',(#125072),#30785,.T.);
#134017=ADVANCED_FACE('',(#125073),#30786,.T.);
#134018=ADVANCED_FACE('',(#125074),#30787,.F.);
#134019=ADVANCED_FACE('',(#125075),#30788,.T.);
#134020=ADVANCED_FACE('',(#125076),#30789,.T.);
#134021=ADVANCED_FACE('',(#125077),#30790,.T.);
#134022=ADVANCED_FACE('',(#125078),#30791,.T.);
#134023=ADVANCED_FACE('',(#125079),#30792,.T.);
#134024=ADVANCED_FACE('',(#125080),#30793,.T.);
#134025=ADVANCED_FACE('',(#125081),#30794,.T.);
#134026=ADVANCED_FACE('',(#125082,#125083,#125084,#125085,#125086,#125087, #125088,#125089,#125090,#125091,#125092,#125093),#1769,.T.);
#134027=ADVANCED_FACE('',(#125094),#30795,.F.);
#134028=ADVANCED_FACE('',(#125095),#30796,.T.);
#134029=ADVANCED_FACE('',(#125096),#30797,.T.);
#134030=ADVANCED_FACE('',(#125097),#30798,.T.);
#134031=ADVANCED_FACE('',(#125098),#30799,.T.);
#134032=ADVANCED_FACE('',(#125099),#30800,.T.);
#134033=ADVANCED_FACE('',(#125100),#30801,.T.);
#134034=ADVANCED_FACE('',(#125101),#30802,.T.);
#134035=ADVANCED_FACE('',(#125102),#30803,.F.);
#134036=ADVANCED_FACE('',(#125103),#30804,.F.);
#134037=ADVANCED_FACE('',(#125104),#30805,.T.);
#134038=ADVANCED_FACE('',(#125105),#30806,.T.);
#134039=ADVANCED_FACE('',(#125106),#30807,.T.);
#134040=ADVANCED_FACE('',(#125107),#1770,.T.);
#134041=ADVANCED_FACE('',(#125108),#30808,.F.);
#134042=ADVANCED_FACE('',(#125109),#30809,.F.);
#134043=ADVANCED_FACE('',(#125110),#30810,.T.);
#134044=ADVANCED_FACE('',(#125111),#30811,.T.);
#134045=ADVANCED_FACE('',(#125112),#1771,.F.);
#134046=ADVANCED_FACE('',(#125113),#30812,.F.);
#134047=ADVANCED_FACE('',(#125114),#30813,.F.);
#134048=ADVANCED_FACE('',(#125115),#30814,.F.);
#134049=ADVANCED_FACE('',(#125116),#30815,.F.);
#134050=ADVANCED_FACE('',(#125117),#30816,.F.);
#134051=ADVANCED_FACE('',(#125118),#30817,.F.);
#134052=ADVANCED_FACE('',(#125119),#30818,.F.);
#134053=ADVANCED_FACE('',(#125120),#1772,.T.);
#134054=ADVANCED_FACE('',(#125121),#30819,.T.);
#134055=ADVANCED_FACE('',(#125122),#30820,.F.);
#134056=ADVANCED_FACE('',(#125123),#30821,.F.);
#134057=ADVANCED_FACE('',(#125124),#30822,.F.);
#134058=ADVANCED_FACE('',(#125125),#30823,.T.);
#134059=ADVANCED_FACE('',(#125126),#30824,.T.);
#134060=ADVANCED_FACE('',(#125127),#30825,.T.);
#134061=ADVANCED_FACE('',(#125128),#30826,.F.);
#134062=ADVANCED_FACE('',(#125129),#30827,.F.);
#134063=ADVANCED_FACE('',(#125130),#30828,.F.);
#134064=ADVANCED_FACE('',(#125131),#30829,.T.);
#134065=ADVANCED_FACE('',(#125132),#30830,.T.);
#134066=ADVANCED_FACE('',(#125133),#30831,.T.);
#134067=ADVANCED_FACE('',(#125134),#30832,.T.);
#134068=ADVANCED_FACE('',(#125135),#30833,.T.);
#134069=ADVANCED_FACE('',(#125136),#30834,.T.);
#134070=ADVANCED_FACE('',(#125137),#30835,.F.);
#134071=ADVANCED_FACE('',(#125138),#30836,.F.);
#134072=ADVANCED_FACE('',(#125139),#30837,.T.);
#134073=ADVANCED_FACE('',(#125140),#30838,.T.);
#134074=ADVANCED_FACE('',(#125141),#30839,.F.);
#134075=ADVANCED_FACE('',(#125142),#1773,.T.);
#134076=ADVANCED_FACE('',(#125143),#1774,.T.);
#134077=ADVANCED_FACE('',(#125144),#1775,.T.);
#134078=ADVANCED_FACE('',(#125145),#1776,.T.);
#134079=ADVANCED_FACE('',(#125146),#1777,.T.);
#134080=ADVANCED_FACE('',(#125147),#1778,.T.);
#134081=ADVANCED_FACE('',(#125148),#1779,.T.);
#134082=ADVANCED_FACE('',(#125149),#30840,.F.);
#134083=ADVANCED_FACE('',(#125150),#1780,.T.);
#134084=ADVANCED_FACE('',(#125151),#30841,.T.);
#134085=ADVANCED_FACE('',(#125152),#1781,.T.);
#134086=ADVANCED_FACE('',(#125153),#1782,.T.);
#134087=ADVANCED_FACE('',(#125154),#1783,.T.);
#134088=ADVANCED_FACE('',(#125155),#1784,.T.);
#134089=ADVANCED_FACE('',(#125156),#30842,.T.);
#134090=ADVANCED_FACE('',(#125157),#30843,.T.);
#134091=ADVANCED_FACE('',(#125158),#30844,.T.);
#134092=ADVANCED_FACE('',(#125159),#30845,.T.);
#134093=ADVANCED_FACE('',(#125160),#30846,.T.);
#134094=ADVANCED_FACE('',(#125161),#30847,.T.);
#134095=ADVANCED_FACE('',(#125162),#30848,.T.);
#134096=ADVANCED_FACE('',(#125163),#30849,.T.);
#134097=ADVANCED_FACE('',(#125164),#30850,.T.);
#134098=ADVANCED_FACE('',(#125165),#30851,.T.);
#134099=ADVANCED_FACE('',(#125166),#30852,.T.);
#134100=ADVANCED_FACE('',(#125167),#30853,.T.);
#134101=ADVANCED_FACE('',(#125168),#30854,.T.);
#134102=ADVANCED_FACE('',(#125169),#30855,.T.);
#134103=ADVANCED_FACE('',(#125170),#30856,.T.);
#134104=ADVANCED_FACE('',(#125171),#30857,.T.);
#134105=ADVANCED_FACE('',(#125172),#30858,.T.);
#134106=ADVANCED_FACE('',(#125173),#30859,.T.);
#134107=ADVANCED_FACE('',(#125174),#30860,.T.);
#134108=ADVANCED_FACE('',(#125175),#30861,.T.);
#134109=ADVANCED_FACE('',(#125176),#30862,.T.);
#134110=ADVANCED_FACE('',(#125177),#30863,.T.);
#134111=ADVANCED_FACE('',(#125178),#30864,.T.);
#134112=ADVANCED_FACE('',(#125179),#30865,.T.);
#139323=CLOSED_SHELL('',(#133892,#133893,#133894,#133895,#133896,#133897));
#139324=CLOSED_SHELL('',(#133898,#133899,#133900,#133901,#133902,#133903));
#139325=CLOSED_SHELL('',(#133904,#133905,#133906,#133907,#133908,#133909));
#139326=CLOSED_SHELL('',(#133910,#133911,#133912,#133913,#133914,#133915));
#139327=CLOSED_SHELL('',(#133916,#133917,#133918,#133919,#133920,#133921));
#139328=CLOSED_SHELL('',(#133922,#133923,#133924,#133925,#133926,#133927));
#139329=CLOSED_SHELL('',(#133928,#133929,#133930,#133931,#133932,#133933));
#139330=CLOSED_SHELL('',(#133934,#133935,#133936,#133937,#133938,#133939));
#139331=CLOSED_SHELL('',(#133940,#133941,#133942,#133943,#133944,#133945));
#139332=CLOSED_SHELL('',(#133946,#133947,#133948,#133949,#133950,#133951));
#139333=CLOSED_SHELL('',(#133952,#133953,#133954,#133955,#133956,#133957));
#139334=CLOSED_SHELL('',(#133958,#133959,#133960,#133961,#133962,#133963));
#139335=CLOSED_SHELL('',(#133964,#133965,#133966,#133967,#133968,#133969));
#139336=CLOSED_SHELL('',(#133970,#133971,#133972,#133973,#133974,#133975));
#139337=CLOSED_SHELL('',(#133976,#133977,#133978,#133979,#133980,#133981, #133982,#133983,#133984,#133985,#133986,#133987,#133988,#133989,#133990, #133991,#133992,#133993,#133994,#133995,#133996,#133997,#133998,#133999, #134000,#134001,#134002,#134003,#134004,#134005,#134006,#134007,#134008, #134009,#134010,#134011,#134012,#134013,#134014,#134015,#134016,#134017, #134018,#134019,#134020,#134021,#134022,#134023,#134024,#134025,#134026, #134027,#134028,#134029,#134030,#134031,#134032,#134033,#134034,#134035, #134036,#134037,#134038,#134039,#134040,#134041,#134042,#134043,#134044, #134045,#134046,#134047,#134048,#134049,#134050,#134051,#134052,#134053, #134054,#134055,#134056,#134057,#134058,#134059,#134060,#134061,#134062, #134063,#134064,#134065,#134066,#134067,#134068,#134069,#134070,#134071, #134072,#134073,#134074,#134075,#134076,#134077,#134078,#134079,#134080, #134081,#134082,#134083,#134084,#134085,#134086,#134087,#134088,#134089, #134090,#134091,#134092,#134093,#134094,#134095,#134096,#134097,#134098, #134099,#134100,#134101,#134102,#134103,#134104,#134105,#134106,#134107, #134108,#134109,#134110,#134111,#134112));
#189161=MANIFOLD_SOLID_BREP('',#139323);
#189162=MANIFOLD_SOLID_BREP('',#139324);
#189163=MANIFOLD_SOLID_BREP('',#139325);
#189164=MANIFOLD_SOLID_BREP('',#139326);
#189165=MANIFOLD_SOLID_BREP('',#139327);
#189166=MANIFOLD_SOLID_BREP('',#139328);
#189167=MANIFOLD_SOLID_BREP('',#139329);
#189168=MANIFOLD_SOLID_BREP('',#139330);
#189169=MANIFOLD_SOLID_BREP('',#139331);
#189170=MANIFOLD_SOLID_BREP('',#139332);
#189171=MANIFOLD_SOLID_BREP('',#139333);
#189172=MANIFOLD_SOLID_BREP('',#139334);
#189173=MANIFOLD_SOLID_BREP('',#139335);
#189174=MANIFOLD_SOLID_BREP('',#139336);
#189175=MANIFOLD_SOLID_BREP('',#139337);
#189297=SHAPE_DEFINITION_REPRESENTATION(#319271,#189345);
#189345=SHAPE_REPRESENTATION('Roof',(#189384),#319164);
#189384=AXIS2_PLACEMENT_3D('',#232641,#199190,#199191);
#192867=AXIS2_PLACEMENT_3D('',#268596,#208380,#208381);
#192868=AXIS2_PLACEMENT_3D('',#268605,#208386,#208387);
#192869=AXIS2_PLACEMENT_3D('',#268611,#208391,#208392);
#192870=AXIS2_PLACEMENT_3D('',#268617,#208396,#208397);
#192871=AXIS2_PLACEMENT_3D('',#268618,#208398,#208399);
#192872=AXIS2_PLACEMENT_3D('',#268619,#208400,#208401);
#192873=AXIS2_PLACEMENT_3D('',#268620,#208402,#208403);
#192874=AXIS2_PLACEMENT_3D('',#268621,#208404,#208405);
#192875=AXIS2_PLACEMENT_3D('',#268622,#208406,#208407);
#192876=AXIS2_PLACEMENT_3D('',#268631,#208412,#208413);
#192877=AXIS2_PLACEMENT_3D('',#268632,#208414,#208415);
#192878=AXIS2_PLACEMENT_3D('',#268634,#208416,#208417);
#192879=AXIS2_PLACEMENT_3D('',#268637,#208419,#208420);
#192880=AXIS2_PLACEMENT_3D('',#268643,#208424,#208425);
#192881=AXIS2_PLACEMENT_3D('',#268646,#208428,#208429);
#192882=AXIS2_PLACEMENT_3D('',#268647,#208430,#208431);
#192883=AXIS2_PLACEMENT_3D('',#268648,#208432,#208433);
#192884=AXIS2_PLACEMENT_3D('',#268657,#208438,#208439);
#192885=AXIS2_PLACEMENT_3D('',#268663,#208443,#208444);
#192886=AXIS2_PLACEMENT_3D('',#268669,#208448,#208449);
#192887=AXIS2_PLACEMENT_3D('',#268672,#208452,#208453);
#192888=AXIS2_PLACEMENT_3D('',#268673,#208454,#208455);
#192889=AXIS2_PLACEMENT_3D('',#268674,#208456,#208457);
#192890=AXIS2_PLACEMENT_3D('',#268683,#208462,#208463);
#192891=AXIS2_PLACEMENT_3D('',#268684,#208464,#208465);
#192892=AXIS2_PLACEMENT_3D('',#268688,#208467,#208468);
#192893=AXIS2_PLACEMENT_3D('',#268689,#208469,#208470);
#192894=AXIS2_PLACEMENT_3D('',#268695,#208474,#208475);
#192895=AXIS2_PLACEMENT_3D('',#268698,#208478,#208479);
#192896=AXIS2_PLACEMENT_3D('',#268699,#208480,#208481);
#192897=AXIS2_PLACEMENT_3D('',#268700,#208482,#208483);
#192898=AXIS2_PLACEMENT_3D('',#268709,#208488,#208489);
#192899=AXIS2_PLACEMENT_3D('',#268710,#208490,#208491);
#192900=AXIS2_PLACEMENT_3D('',#268714,#208493,#208494);
#192901=AXIS2_PLACEMENT_3D('',#268715,#208495,#208496);
#192902=AXIS2_PLACEMENT_3D('',#268721,#208500,#208501);
#192903=AXIS2_PLACEMENT_3D('',#268724,#208504,#208505);
#192904=AXIS2_PLACEMENT_3D('',#268725,#208506,#208507);
#192905=AXIS2_PLACEMENT_3D('',#268726,#208508,#208509);
#192906=AXIS2_PLACEMENT_3D('',#268727,#208510,#208511);
#192907=AXIS2_PLACEMENT_3D('',#268732,#208513,#208514);
#192908=AXIS2_PLACEMENT_3D('',#268735,#208516,#208517);
#192909=AXIS2_PLACEMENT_3D('',#268741,#208521,#208522);
#192910=AXIS2_PLACEMENT_3D('',#268747,#208526,#208527);
#192911=AXIS2_PLACEMENT_3D('',#268750,#208530,#208531);
#192912=AXIS2_PLACEMENT_3D('',#268751,#208532,#208533);
#192913=AXIS2_PLACEMENT_3D('',#268752,#208534,#208535);
#192914=AXIS2_PLACEMENT_3D('',#268753,#208536,#208537);
#192915=AXIS2_PLACEMENT_3D('',#268758,#208539,#208540);
#192916=AXIS2_PLACEMENT_3D('',#268761,#208542,#208543);
#192917=AXIS2_PLACEMENT_3D('',#268767,#208547,#208548);
#192918=AXIS2_PLACEMENT_3D('',#268773,#208552,#208553);
#192919=AXIS2_PLACEMENT_3D('',#268776,#208556,#208557);
#192920=AXIS2_PLACEMENT_3D('',#268777,#208558,#208559);
#192921=AXIS2_PLACEMENT_3D('',#268778,#208560,#208561);
#192922=AXIS2_PLACEMENT_3D('',#268779,#208562,#208563);
#192923=AXIS2_PLACEMENT_3D('',#268784,#208565,#208566);
#192924=AXIS2_PLACEMENT_3D('',#268787,#208568,#208569);
#192925=AXIS2_PLACEMENT_3D('',#268793,#208573,#208574);
#192926=AXIS2_PLACEMENT_3D('',#268799,#208578,#208579);
#192927=AXIS2_PLACEMENT_3D('',#268802,#208582,#208583);
#192928=AXIS2_PLACEMENT_3D('',#268803,#208584,#208585);
#192929=AXIS2_PLACEMENT_3D('',#268804,#208586,#208587);
#192930=AXIS2_PLACEMENT_3D('',#268805,#208588,#208589);
#192931=AXIS2_PLACEMENT_3D('',#268810,#208591,#208592);
#192932=AXIS2_PLACEMENT_3D('',#268813,#208594,#208595);
#192933=AXIS2_PLACEMENT_3D('',#268819,#208599,#208600);
#192934=AXIS2_PLACEMENT_3D('',#268825,#208604,#208605);
#192935=AXIS2_PLACEMENT_3D('',#268828,#208608,#208609);
#192936=AXIS2_PLACEMENT_3D('',#268829,#208610,#208611);
#192937=AXIS2_PLACEMENT_3D('',#268830,#208612,#208613);
#192938=AXIS2_PLACEMENT_3D('',#268831,#208614,#208615);
#192939=AXIS2_PLACEMENT_3D('',#268836,#208617,#208618);
#192940=AXIS2_PLACEMENT_3D('',#268839,#208620,#208621);
#192941=AXIS2_PLACEMENT_3D('',#268845,#208625,#208626);
#192942=AXIS2_PLACEMENT_3D('',#268851,#208630,#208631);
#192943=AXIS2_PLACEMENT_3D('',#268854,#208634,#208635);
#192944=AXIS2_PLACEMENT_3D('',#268855,#208636,#208637);
#192945=AXIS2_PLACEMENT_3D('',#268856,#208638,#208639);
#192946=AXIS2_PLACEMENT_3D('',#268857,#208640,#208641);
#192947=AXIS2_PLACEMENT_3D('',#268862,#208643,#208644);
#192948=AXIS2_PLACEMENT_3D('',#268865,#208646,#208647);
#192949=AXIS2_PLACEMENT_3D('',#268871,#208651,#208652);
#192950=AXIS2_PLACEMENT_3D('',#268877,#208656,#208657);
#192951=AXIS2_PLACEMENT_3D('',#268880,#208660,#208661);
#192952=AXIS2_PLACEMENT_3D('',#268881,#208662,#208663);
#192953=AXIS2_PLACEMENT_3D('',#268882,#208664,#208665);
#192954=AXIS2_PLACEMENT_3D('',#268891,#208670,#208671);
#192955=AXIS2_PLACEMENT_3D('',#268897,#208675,#208676);
#192956=AXIS2_PLACEMENT_3D('',#268903,#208680,#208681);
#192957=AXIS2_PLACEMENT_3D('',#268906,#208684,#208685);
#192958=AXIS2_PLACEMENT_3D('',#268907,#208686,#208687);
#192959=AXIS2_PLACEMENT_3D('',#268908,#208688,#208689);
#192960=AXIS2_PLACEMENT_3D('',#268909,#208690,#208691);
#192961=AXIS2_PLACEMENT_3D('',#268914,#208693,#208694);
#192962=AXIS2_PLACEMENT_3D('',#268917,#208696,#208697);
#192963=AXIS2_PLACEMENT_3D('',#268923,#208701,#208702);
#192964=AXIS2_PLACEMENT_3D('',#268929,#208706,#208707);
#192965=AXIS2_PLACEMENT_3D('',#268932,#208710,#208711);
#192966=AXIS2_PLACEMENT_3D('',#268933,#208712,#208713);
#192967=AXIS2_PLACEMENT_3D('',#268934,#208714,#208715);
#192968=AXIS2_PLACEMENT_3D('',#268943,#208720,#208721);
#192969=AXIS2_PLACEMENT_3D('',#268949,#208725,#208726);
#192970=AXIS2_PLACEMENT_3D('',#268950,#208727,#208728);
#192971=AXIS2_PLACEMENT_3D('',#268952,#208729,#208730);
#192972=AXIS2_PLACEMENT_3D('',#268955,#208732,#208733);
#192973=AXIS2_PLACEMENT_3D('',#268958,#208736,#208737);
#192974=AXIS2_PLACEMENT_3D('',#268959,#208738,#208739);
#192975=AXIS2_PLACEMENT_3D('',#268960,#208740,#208741);
#192976=AXIS2_PLACEMENT_3D('',#268966,#208744,#208745);
#192977=AXIS2_PLACEMENT_3D('',#268969,#208747,#208748);
#192978=AXIS2_PLACEMENT_3D('',#268975,#208751,#208752);
#192979=AXIS2_PLACEMENT_3D('',#268979,#208754,#208755);
#192980=AXIS2_PLACEMENT_3D('',#268982,#208757,#208758);
#192981=AXIS2_PLACEMENT_3D('',#268988,#208761,#208762);
#192982=AXIS2_PLACEMENT_3D('',#268995,#208766,#208767);
#192983=AXIS2_PLACEMENT_3D('',#269016,#208768,#208769);
#192984=AXIS2_PLACEMENT_3D('',#269018,#208770,#208771);
#192985=AXIS2_PLACEMENT_3D('',#269039,#208772,#208773);
#192986=AXIS2_PLACEMENT_3D('',#269041,#208774,#208775);
#192987=AXIS2_PLACEMENT_3D('',#269062,#208776,#208777);
#192988=AXIS2_PLACEMENT_3D('',#269064,#208778,#208779);
#192989=AXIS2_PLACEMENT_3D('',#269085,#208780,#208781);
#192990=AXIS2_PLACEMENT_3D('',#269087,#208782,#208783);
#192991=AXIS2_PLACEMENT_3D('',#269108,#208784,#208785);
#192992=AXIS2_PLACEMENT_3D('',#269110,#208786,#208787);
#192993=AXIS2_PLACEMENT_3D('',#269131,#208788,#208789);
#192994=AXIS2_PLACEMENT_3D('',#269133,#208790,#208791);
#192995=AXIS2_PLACEMENT_3D('',#269154,#208792,#208793);
#192996=AXIS2_PLACEMENT_3D('',#269156,#208794,#208795);
#192997=AXIS2_PLACEMENT_3D('',#269177,#208796,#208797);
#192998=AXIS2_PLACEMENT_3D('',#269179,#208798,#208799);
#192999=AXIS2_PLACEMENT_3D('',#269200,#208800,#208801);
#193000=AXIS2_PLACEMENT_3D('',#269202,#208802,#208803);
#193001=AXIS2_PLACEMENT_3D('',#269223,#208804,#208805);
#193002=AXIS2_PLACEMENT_3D('',#269225,#208806,#208807);
#193003=AXIS2_PLACEMENT_3D('',#269233,#208811,#208812);
#193004=AXIS2_PLACEMENT_3D('',#269241,#208816,#208817);
#193005=AXIS2_PLACEMENT_3D('',#269249,#208821,#208822);
#193006=AXIS2_PLACEMENT_3D('',#269250,#208823,#208824);
#193007=AXIS2_PLACEMENT_3D('',#269260,#208830,#208831);
#193008=AXIS2_PLACEMENT_3D('',#269273,#208838,#208839);
#193009=AXIS2_PLACEMENT_3D('',#269281,#208843,#208844);
#193010=AXIS2_PLACEMENT_3D('',#269289,#208848,#208849);
#193011=AXIS2_PLACEMENT_3D('',#269294,#208852,#208853);
#193012=AXIS2_PLACEMENT_3D('',#269295,#208854,#208855);
#193013=AXIS2_PLACEMENT_3D('',#269303,#208859,#208860);
#193014=AXIS2_PLACEMENT_3D('',#269311,#208864,#208865);
#193015=AXIS2_PLACEMENT_3D('',#269312,#208866,#208867);
#193016=AXIS2_PLACEMENT_3D('',#269320,#208871,#208872);
#193017=AXIS2_PLACEMENT_3D('',#269328,#208876,#208877);
#193018=AXIS2_PLACEMENT_3D('',#269329,#208878,#208879);
#193019=AXIS2_PLACEMENT_3D('',#269339,#208885,#208886);
#193020=AXIS2_PLACEMENT_3D('',#269346,#208891,#208892);
#193021=AXIS2_PLACEMENT_3D('',#269353,#208897,#208898);
#193022=AXIS2_PLACEMENT_3D('',#269357,#208902,#208903);
#193023=AXIS2_PLACEMENT_3D('',#269365,#208907,#208908);
#193024=AXIS2_PLACEMENT_3D('',#269373,#208912,#208913);
#193025=AXIS2_PLACEMENT_3D('',#269374,#208914,#208915);
#193026=AXIS2_PLACEMENT_3D('',#269384,#208921,#208922);
#193027=AXIS2_PLACEMENT_3D('',#269397,#208929,#208930);
#193028=AXIS2_PLACEMENT_3D('',#269405,#208934,#208935);
#193029=AXIS2_PLACEMENT_3D('',#269410,#208938,#208939);
#193030=AXIS2_PLACEMENT_3D('',#269411,#208940,#208941);
#193031=AXIS2_PLACEMENT_3D('',#269433,#208953,#208954);
#193032=AXIS2_PLACEMENT_3D('',#269455,#208966,#208967);
#193033=AXIS2_PLACEMENT_3D('',#269463,#208971,#208972);
#193034=AXIS2_PLACEMENT_3D('',#269471,#208976,#208977);
#193035=AXIS2_PLACEMENT_3D('',#269476,#208980,#208981);
#193036=AXIS2_PLACEMENT_3D('',#269477,#208982,#208983);
#193037=AXIS2_PLACEMENT_3D('',#269482,#208986,#208987);
#193038=AXIS2_PLACEMENT_3D('',#269490,#208991,#208992);
#193039=AXIS2_PLACEMENT_3D('',#269498,#208996,#208997);
#193040=AXIS2_PLACEMENT_3D('',#269499,#208998,#208999);
#193041=AXIS2_PLACEMENT_3D('',#269518,#209010,#209011);
#193042=AXIS2_PLACEMENT_3D('',#269537,#209022,#209023);
#193043=AXIS2_PLACEMENT_3D('',#269547,#209029,#209030);
#193044=AXIS2_PLACEMENT_3D('',#269553,#209034,#209035);
#193045=AXIS2_PLACEMENT_3D('',#269563,#209041,#209042);
#193046=AXIS2_PLACEMENT_3D('',#269569,#209046,#209047);
#193047=AXIS2_PLACEMENT_3D('',#269570,#209048,#209049);
#193048=AXIS2_PLACEMENT_3D('',#269571,#209050,#209051);
#193049=AXIS2_PLACEMENT_3D('',#269572,#209052,#209053);
#193050=AXIS2_PLACEMENT_3D('',#269575,#209056,#209057);
#193051=AXIS2_PLACEMENT_3D('',#269576,#209058,#209059);
#193052=AXIS2_PLACEMENT_3D('',#269578,#209061,#209062);
#193053=AXIS2_PLACEMENT_3D('',#269579,#209063,#209064);
#193054=AXIS2_PLACEMENT_3D('',#269581,#209066,#209067);
#193055=AXIS2_PLACEMENT_3D('',#269582,#209068,#209069);
#193056=AXIS2_PLACEMENT_3D('',#269584,#209071,#209072);
#193057=AXIS2_PLACEMENT_3D('',#269585,#209073,#209074);
#193058=AXIS2_PLACEMENT_3D('',#269587,#209076,#209077);
#193059=AXIS2_PLACEMENT_3D('',#269588,#209078,#209079);
#193060=AXIS2_PLACEMENT_3D('',#269590,#209081,#209082);
#193061=AXIS2_PLACEMENT_3D('',#269591,#209083,#209084);
#193062=AXIS2_PLACEMENT_3D('',#269593,#209086,#209087);
#193063=AXIS2_PLACEMENT_3D('',#269594,#209088,#209089);
#193064=AXIS2_PLACEMENT_3D('',#269596,#209091,#209092);
#193065=AXIS2_PLACEMENT_3D('',#269599,#209095,#209096);
#193066=AXIS2_PLACEMENT_3D('',#269602,#209099,#209100);
#193067=AXIS2_PLACEMENT_3D('',#269605,#209103,#209104);
#193068=AXIS2_PLACEMENT_3D('',#269608,#209107,#209108);
#193069=AXIS2_PLACEMENT_3D('',#269612,#209110,#209111);
#193070=AXIS2_PLACEMENT_3D('',#269616,#209113,#209114);
#193071=AXIS2_PLACEMENT_3D('',#269620,#209116,#209117);
#193072=AXIS2_PLACEMENT_3D('',#269624,#209119,#209120);
#193073=AXIS2_PLACEMENT_3D('',#269628,#209122,#209123);
#193074=AXIS2_PLACEMENT_3D('',#269632,#209125,#209126);
#193075=AXIS2_PLACEMENT_3D('',#269633,#209127,#209128);
#193076=AXIS2_PLACEMENT_3D('',#269634,#209129,#209130);
#193077=AXIS2_PLACEMENT_3D('',#269635,#209131,#209132);
#193078=AXIS2_PLACEMENT_3D('',#269636,#209133,#209134);
#193079=AXIS2_PLACEMENT_3D('',#269637,#209135,#209136);
#193080=AXIS2_PLACEMENT_3D('',#269640,#209139,#209140);
#193081=AXIS2_PLACEMENT_3D('',#269643,#209143,#209144);
#193082=AXIS2_PLACEMENT_3D('',#269646,#209147,#209148);
#193083=AXIS2_PLACEMENT_3D('',#269647,#209149,#209150);
#193084=AXIS2_PLACEMENT_3D('',#269649,#209152,#209153);
#193085=AXIS2_PLACEMENT_3D('',#269650,#209154,#209155);
#193086=AXIS2_PLACEMENT_3D('',#269652,#209157,#209158);
#193087=AXIS2_PLACEMENT_3D('',#269655,#209161,#209162);
#193088=AXIS2_PLACEMENT_3D('',#269658,#209165,#209166);
#193089=AXIS2_PLACEMENT_3D('',#269661,#209169,#209170);
#193090=AXIS2_PLACEMENT_3D('',#269664,#209173,#209174);
#193091=AXIS2_PLACEMENT_3D('',#269669,#209177,#209178);
#193092=AXIS2_PLACEMENT_3D('',#269670,#209179,#209180);
#193093=AXIS2_PLACEMENT_3D('',#269674,#209182,#209183);
#193094=AXIS2_PLACEMENT_3D('',#269682,#209187,#209188);
#193095=AXIS2_PLACEMENT_3D('',#269683,#209189,#209190);
#193096=AXIS2_PLACEMENT_3D('',#269686,#209192,#209193);
#193097=AXIS2_PLACEMENT_3D('',#269689,#209195,#209196);
#193098=AXIS2_PLACEMENT_3D('',#269692,#209198,#209199);
#193099=AXIS2_PLACEMENT_3D('',#269695,#209201,#209202);
#193100=AXIS2_PLACEMENT_3D('',#269698,#209204,#209205);
#193101=AXIS2_PLACEMENT_3D('',#269702,#209207,#209208);
#193102=AXIS2_PLACEMENT_3D('',#269706,#209210,#209211);
#193103=AXIS2_PLACEMENT_3D('',#269711,#209214,#209215);
#193104=AXIS2_PLACEMENT_3D('',#269714,#209217,#209218);
#193105=AXIS2_PLACEMENT_3D('',#269723,#209223,#209224);
#193106=AXIS2_PLACEMENT_3D('',#269724,#209225,#209226);
#193107=AXIS2_PLACEMENT_3D('',#269727,#209228,#209229);
#193108=AXIS2_PLACEMENT_3D('',#269734,#209233,#209234);
#193109=AXIS2_PLACEMENT_3D('',#269738,#209237,#209238);
#193110=AXIS2_PLACEMENT_3D('',#269740,#209240,#209241);
#193111=AXIS2_PLACEMENT_3D('',#269744,#209244,#209245);
#193112=AXIS2_PLACEMENT_3D('',#269749,#209248,#209249);
#193113=AXIS2_PLACEMENT_3D('',#269753,#209251,#209252);
#193114=AXIS2_PLACEMENT_3D('',#269756,#209254,#209255);
#193115=AXIS2_PLACEMENT_3D('',#269757,#209256,#209257);
#193116=AXIS2_PLACEMENT_3D('',#269762,#209260,#209261);
#193117=AXIS2_PLACEMENT_3D('',#269766,#209264,#209265);
#193118=AXIS2_PLACEMENT_3D('',#269768,#209267,#209268);
#193119=AXIS2_PLACEMENT_3D('',#269770,#209270,#209271);
#193120=AXIS2_PLACEMENT_3D('',#269772,#209273,#209274);
#193121=AXIS2_PLACEMENT_3D('',#269778,#209278,#209279);
#193122=AXIS2_PLACEMENT_3D('',#269780,#209281,#209282);
#193123=AXIS2_PLACEMENT_3D('',#269781,#209283,#209284);
#193124=AXIS2_PLACEMENT_3D('',#269787,#209287,#209288);
#193125=AXIS2_PLACEMENT_3D('',#269791,#209290,#209291);
#193126=AXIS2_PLACEMENT_3D('',#269793,#209293,#209294);
#193127=AXIS2_PLACEMENT_3D('',#269795,#209296,#209297);
#193128=AXIS2_PLACEMENT_3D('',#269797,#209299,#209300);
#193129=AXIS2_PLACEMENT_3D('',#269799,#209302,#209303);
#193130=AXIS2_PLACEMENT_3D('',#269800,#209304,#209305);
#193131=AXIS2_PLACEMENT_3D('',#269802,#209307,#209308);
#193132=AXIS2_PLACEMENT_3D('',#269804,#209310,#209311);
#193133=AXIS2_PLACEMENT_3D('',#269805,#209312,#209313);
#193134=AXIS2_PLACEMENT_3D('',#269807,#209315,#209316);
#193135=AXIS2_PLACEMENT_3D('',#269809,#209318,#209319);
#193136=AXIS2_PLACEMENT_3D('',#269810,#209320,#209321);
#193137=AXIS2_PLACEMENT_3D('',#269812,#209323,#209324);
#193138=AXIS2_PLACEMENT_3D('',#269814,#209326,#209327);
#193139=AXIS2_PLACEMENT_3D('',#269815,#209328,#209329);
#193140=AXIS2_PLACEMENT_3D('',#269818,#209332,#209333);
#193141=AXIS2_PLACEMENT_3D('',#269821,#209336,#209337);
#193142=AXIS2_PLACEMENT_3D('',#269822,#209338,#209339);
#193143=AXIS2_PLACEMENT_3D('',#269824,#209341,#209342);
#193144=AXIS2_PLACEMENT_3D('',#269827,#209345,#209346);
#193145=AXIS2_PLACEMENT_3D('',#269829,#209348,#209349);
#193146=AXIS2_PLACEMENT_3D('',#269830,#209350,#209351);
#193147=AXIS2_PLACEMENT_3D('',#269832,#209353,#209354);
#193148=AXIS2_PLACEMENT_3D('',#269833,#209355,#209356);
#193149=AXIS2_PLACEMENT_3D('',#269834,#209357,#209358);
#193150=AXIS2_PLACEMENT_3D('',#269835,#209359,#209360);
#193151=AXIS2_PLACEMENT_3D('',#269836,#209361,#209362);
#193152=AXIS2_PLACEMENT_3D('',#269837,#209363,#209364);
#193153=AXIS2_PLACEMENT_3D('',#269838,#209365,#209366);
#193154=AXIS2_PLACEMENT_3D('',#269839,#209367,#209368);
#193155=AXIS2_PLACEMENT_3D('',#269840,#209369,#209370);
#193156=AXIS2_PLACEMENT_3D('',#269841,#209371,#209372);
#193157=AXIS2_PLACEMENT_3D('',#269842,#209373,#209374);
#193158=AXIS2_PLACEMENT_3D('',#269843,#209375,#209376);
#193159=AXIS2_PLACEMENT_3D('',#269844,#209377,#209378);
#193160=AXIS2_PLACEMENT_3D('',#269845,#209379,#209380);
#193161=AXIS2_PLACEMENT_3D('',#269846,#209381,#209382);
#193162=AXIS2_PLACEMENT_3D('',#269847,#209383,#209384);
#193163=AXIS2_PLACEMENT_3D('',#269848,#209385,#209386);
#193164=AXIS2_PLACEMENT_3D('',#269849,#209387,#209388);
#193165=AXIS2_PLACEMENT_3D('',#269850,#209389,#209390);
#193166=AXIS2_PLACEMENT_3D('',#269851,#209391,#209392);
#193167=AXIS2_PLACEMENT_3D('',#269852,#209393,#209394);
#193168=AXIS2_PLACEMENT_3D('',#269853,#209395,#209396);
#193169=AXIS2_PLACEMENT_3D('',#269854,#209397,#209398);
#193170=AXIS2_PLACEMENT_3D('',#269855,#209399,#209400);
#193171=AXIS2_PLACEMENT_3D('',#269856,#209401,#209402);
#193172=AXIS2_PLACEMENT_3D('',#269857,#209403,#209404);
#193173=AXIS2_PLACEMENT_3D('',#269858,#209405,#209406);
#193174=AXIS2_PLACEMENT_3D('',#269859,#209407,#209408);
#193175=AXIS2_PLACEMENT_3D('',#269860,#209409,#209410);
#193176=AXIS2_PLACEMENT_3D('',#269861,#209411,#209412);
#193177=AXIS2_PLACEMENT_3D('',#269862,#209413,#209414);
#193178=AXIS2_PLACEMENT_3D('',#269863,#209415,#209416);
#193179=AXIS2_PLACEMENT_3D('',#269864,#209417,#209418);
#193180=AXIS2_PLACEMENT_3D('',#269865,#209419,#209420);
#193181=AXIS2_PLACEMENT_3D('',#269866,#209421,#209422);
#193182=AXIS2_PLACEMENT_3D('',#269867,#209423,#209424);
#193183=AXIS2_PLACEMENT_3D('',#269868,#209425,#209426);
#193184=AXIS2_PLACEMENT_3D('',#269869,#209427,#209428);
#193185=AXIS2_PLACEMENT_3D('',#269870,#209429,#209430);
#193186=AXIS2_PLACEMENT_3D('',#269871,#209431,#209432);
#193187=AXIS2_PLACEMENT_3D('',#269872,#209433,#209434);
#199190=DIRECTION('',(0.,0.,1.));
#199191=DIRECTION('',(1.,0.,0.));
#208380=DIRECTION('',(-1.,0.,0.));
#208381=DIRECTION('',(0.,0.,1.));
#208382=DIRECTION('',(0.,0.,-1.));
#208383=DIRECTION('',(0.,-1.,0.));
#208384=DIRECTION('',(0.,0.,-1.));
#208385=DIRECTION('',(0.,-1.,0.));
#208386=DIRECTION('',(0.,0.,-1.));
#208387=DIRECTION('',(-1.,0.,0.));
#208388=DIRECTION('',(1.,0.,0.));
#208389=DIRECTION('',(1.,0.,0.));
#208390=DIRECTION('',(0.,-1.,0.));
#208391=DIRECTION('',(1.,0.,1.27632216803497E-16));
#208392=DIRECTION('',(1.27632216803497E-16,0.,-1.));
#208393=DIRECTION('',(-1.27632216803497E-16,0.,1.));
#208394=DIRECTION('',(-1.27632216803497E-16,0.,1.));
#208395=DIRECTION('',(0.,-1.,0.));
#208396=DIRECTION('',(0.,-1.,0.));
#208397=DIRECTION('',(0.,0.,-1.));
#208398=DIRECTION('',(0.,1.,0.));
#208399=DIRECTION('',(0.,0.,1.));
#208400=DIRECTION('',(0.,1.,0.));
#208401=DIRECTION('',(0.,0.,1.));
#208402=DIRECTION('',(0.,1.,0.));
#208403=DIRECTION('',(0.,0.,1.));
#208404=DIRECTION('',(0.,1.,0.));
#208405=DIRECTION('',(0.,0.,1.));
#208406=DIRECTION('',(-1.,-2.89120579329468E-16,0.));
#208407=DIRECTION('',(2.89120579329468E-16,-1.,0.));
#208408=DIRECTION('',(0.,0.,1.));
#208409=DIRECTION('',(-2.89120579329468E-16,1.,0.));
#208410=DIRECTION('',(0.,0.,1.));
#208411=DIRECTION('',(-2.89120579329468E-16,1.,0.));
#208412=DIRECTION('',(-2.89120579329468E-16,1.,0.));
#208413=DIRECTION('',(-1.,-2.89120579329468E-16,0.));
#208414=DIRECTION('',(2.89120579329468E-16,-1.,0.));
#208415=DIRECTION('',(0.,0.,-1.));
#208416=DIRECTION('',(2.89120579329468E-16,-1.,0.));
#208417=DIRECTION('',(0.,0.,-1.));
#208418=DIRECTION('',(-2.89120579329468E-16,1.,0.));
#208419=DIRECTION('',(1.,2.89120579329468E-16,-1.2345535436085E-16));
#208420=DIRECTION('',(-2.89120579329468E-16,1.,0.));
#208421=DIRECTION('',(-1.2345535436085E-16,-3.56934835741338E-32,-1.));
#208422=DIRECTION('',(-1.2345535436085E-16,-3.56934835741338E-32,-1.));
#208423=DIRECTION('',(-2.89120579329468E-16,1.,0.));
#208424=DIRECTION('',(0.,0.,-1.));
#208425=DIRECTION('',(-1.,0.,0.));
#208426=DIRECTION('',(-1.,-2.89120579329468E-16,0.));
#208427=DIRECTION('',(-1.,-2.89120579329468E-16,0.));
#208428=DIRECTION('',(2.89120579329468E-16,-1.,0.));
#208429=DIRECTION('',(1.,2.89120579329468E-16,0.));
#208430=DIRECTION('',(2.89120579329468E-16,-1.,0.));
#208431=DIRECTION('',(1.,2.89120579329468E-16,0.));
#208432=DIRECTION('',(-1.,0.,0.));
#208433=DIRECTION('',(0.,0.,1.));
#208434=DIRECTION('',(0.,0.,-1.));
#208435=DIRECTION('',(0.,-1.,0.));
#208436=DIRECTION('',(0.,0.,-1.));
#208437=DIRECTION('',(0.,-1.,0.));
#208438=DIRECTION('',(0.,0.,-1.));
#208439=DIRECTION('',(-1.,0.,0.));
#208440=DIRECTION('',(1.,0.,0.));
#208441=DIRECTION('',(1.,0.,0.));
#208442=DIRECTION('',(0.,-1.,0.));
#208443=DIRECTION('',(1.,0.,1.25201619569241E-16));
#208444=DIRECTION('',(1.25201619569241E-16,0.,-1.));
#208445=DIRECTION('',(-1.25201619569241E-16,0.,1.));
#208446=DIRECTION('',(-1.25201619569241E-16,0.,1.));
#208447=DIRECTION('',(0.,-1.,0.));
#208448=DIRECTION('',(0.,0.,1.));
#208449=DIRECTION('',(1.,0.,0.));
#208450=DIRECTION('',(-1.,0.,0.));
#208451=DIRECTION('',(-1.,0.,0.));
#208452=DIRECTION('',(0.,-1.,0.));
#208453=DIRECTION('',(0.,0.,-1.));
#208454=DIRECTION('',(0.,-1.,0.));
#208455=DIRECTION('',(0.,0.,-1.));
#208456=DIRECTION('',(-1.,2.89120579329468E-16,0.));
#208457=DIRECTION('',(-2.89120579329468E-16,-1.,0.));
#208458=DIRECTION('',(0.,0.,1.));
#208459=DIRECTION('',(2.89120579329468E-16,1.,0.));
#208460=DIRECTION('',(0.,0.,1.));
#208461=DIRECTION('',(2.89120579329468E-16,1.,0.));
#208462=DIRECTION('',(2.89120579329468E-16,1.,0.));
#208463=DIRECTION('',(-1.,2.89120579329468E-16,0.));
#208464=DIRECTION('',(2.89120579329468E-16,1.,0.));
#208465=DIRECTION('',(0.,0.,-1.));
#208466=DIRECTION('',(2.89120579329468E-16,1.,0.));
#208467=DIRECTION('',(2.89120579329468E-16,1.,0.));
#208468=DIRECTION('',(0.,0.,-1.));
#208469=DIRECTION('',(1.,-2.89120579329468E-16,0.));
#208470=DIRECTION('',(2.89120579329468E-16,1.,0.));
#208471=DIRECTION('',(0.,0.,-1.));
#208472=DIRECTION('',(2.89120579329468E-16,1.,0.));
#208473=DIRECTION('',(0.,0.,-1.));
#208474=DIRECTION('',(0.,0.,1.));
#208475=DIRECTION('',(1.,0.,0.));
#208476=DIRECTION('',(1.,-2.89120579329468E-16,0.));
#208477=DIRECTION('',(1.,-2.89120579329468E-16,0.));
#208478=DIRECTION('',(2.89120579329468E-16,1.,0.));
#208479=DIRECTION('',(-1.,2.89120579329468E-16,0.));
#208480=DIRECTION('',(2.89120579329468E-16,1.,0.));
#208481=DIRECTION('',(-1.,2.89120579329468E-16,0.));
#208482=DIRECTION('',(-1.,0.,3.34922617801555E-13));
#208483=DIRECTION('',(3.34922617801555E-13,0.,1.));
#208484=DIRECTION('',(3.34922617801555E-13,0.,1.));
#208485=DIRECTION('',(0.,1.,0.));
#208486=DIRECTION('',(3.34922617801555E-13,0.,1.));
#208487=DIRECTION('',(0.,1.,0.));
#208488=DIRECTION('',(0.,1.,0.));
#208489=DIRECTION('',(0.,0.,1.));
#208490=DIRECTION('',(0.,1.,0.));
#208491=DIRECTION('',(-1.,0.,0.));
#208492=DIRECTION('',(0.,1.,0.));
#208493=DIRECTION('',(0.,1.,0.));
#208494=DIRECTION('',(-1.,0.,0.));
#208495=DIRECTION('',(1.,0.,-2.0544538285794E-13));
#208496=DIRECTION('',(-2.0544538285794E-13,0.,-1.));
#208497=DIRECTION('',(-2.0544538285794E-13,0.,-1.));
#208498=DIRECTION('',(0.,1.,0.));
#208499=DIRECTION('',(-2.0544538285794E-13,0.,-1.));
#208500=DIRECTION('',(0.,0.,1.));
#208501=DIRECTION('',(1.,0.,0.));
#208502=DIRECTION('',(1.,0.,0.));
#208503=DIRECTION('',(1.,0.,0.));
#208504=DIRECTION('',(0.,1.,0.));
#208505=DIRECTION('',(0.,0.,1.));
#208506=DIRECTION('',(0.,1.,0.));
#208507=DIRECTION('',(0.,0.,1.));
#208508=DIRECTION('',(0.,1.,0.));
#208509=DIRECTION('',(0.,0.,1.));
#208510=DIRECTION('',(0.,-1.,0.));
#208511=DIRECTION('',(-1.,0.,0.));
#208512=DIRECTION('',(0.,1.,0.));
#208513=DIRECTION('',(0.,-1.,0.));
#208514=DIRECTION('',(-1.,0.,0.));
#208515=DIRECTION('',(0.,1.,0.));
#208516=DIRECTION('',(1.,0.,0.));
#208517=DIRECTION('',(0.,0.,-1.));
#208518=DIRECTION('',(0.,0.,-1.));
#208519=DIRECTION('',(0.,0.,-1.));
#208520=DIRECTION('',(0.,1.,0.));
#208521=DIRECTION('',(0.,0.,-1.));
#208522=DIRECTION('',(-1.,0.,0.));
#208523=DIRECTION('',(-1.,0.,0.));
#208524=DIRECTION('',(-1.,0.,0.));
#208525=DIRECTION('',(0.,1.,0.));
#208526=DIRECTION('',(-1.,0.,3.89642358608015E-13));
#208527=DIRECTION('',(3.89642358608015E-13,0.,1.));
#208528=DIRECTION('',(3.89642358608015E-13,0.,1.));
#208529=DIRECTION('',(3.89642358608015E-13,0.,1.));
#208530=DIRECTION('',(0.,-1.,0.));
#208531=DIRECTION('',(0.,0.,-1.));
#208532=DIRECTION('',(0.,-1.,0.));
#208533=DIRECTION('',(0.,0.,-1.));
#208534=DIRECTION('',(0.,-1.,0.));
#208535=DIRECTION('',(0.,0.,-1.));
#208536=DIRECTION('',(0.,-1.,0.));
#208537=DIRECTION('',(1.,0.,0.));
#208538=DIRECTION('',(0.,-1.,0.));
#208539=DIRECTION('',(0.,-1.,0.));
#208540=DIRECTION('',(1.,0.,0.));
#208541=DIRECTION('',(0.,-1.,0.));
#208542=DIRECTION('',(-1.,0.,-4.65375757583934E-15));
#208543=DIRECTION('',(-4.65375757583934E-15,0.,1.));
#208544=DIRECTION('',(4.65375757583934E-15,0.,-1.));
#208545=DIRECTION('',(0.,-1.,0.));
#208546=DIRECTION('',(4.65375757583934E-15,0.,-1.));
#208547=DIRECTION('',(0.,0.,1.));
#208548=DIRECTION('',(1.,0.,0.));
#208549=DIRECTION('',(-1.,0.,0.));
#208550=DIRECTION('',(0.,-1.,0.));
#208551=DIRECTION('',(-1.,0.,0.));
#208552=DIRECTION('',(1.,0.,-2.59438466947887E-13));
#208553=DIRECTION('',(-2.59438466947887E-13,0.,-1.));
#208554=DIRECTION('',(2.59438466947887E-13,0.,1.));
#208555=DIRECTION('',(2.59438466947887E-13,0.,1.));
#208556=DIRECTION('',(0.,-1.,0.));
#208557=DIRECTION('',(0.,0.,-1.));
#208558=DIRECTION('',(0.,-1.,0.));
#208559=DIRECTION('',(0.,0.,-1.));
#208560=DIRECTION('',(0.,1.,0.));
#208561=DIRECTION('',(0.,0.,1.));
#208562=DIRECTION('',(0.,-1.,0.));
#208563=DIRECTION('',(-1.,0.,0.));
#208564=DIRECTION('',(0.,1.,0.));
#208565=DIRECTION('',(0.,-1.,0.));
#208566=DIRECTION('',(-1.,0.,0.));
#208567=DIRECTION('',(0.,1.,0.));
#208568=DIRECTION('',(1.,0.,-1.23580693606707E-15));
#208569=DIRECTION('',(-1.23580693606707E-15,0.,-1.));
#208570=DIRECTION('',(-1.23580693606707E-15,0.,-1.));
#208571=DIRECTION('',(-1.23580693606707E-15,0.,-1.));
#208572=DIRECTION('',(0.,1.,0.));
#208573=DIRECTION('',(0.,0.,-1.));
#208574=DIRECTION('',(-1.,0.,0.));
#208575=DIRECTION('',(-1.,0.,0.));
#208576=DIRECTION('',(-1.,0.,0.));
#208577=DIRECTION('',(0.,1.,0.));
#208578=DIRECTION('',(-1.,0.,2.19503617710774E-14));
#208579=DIRECTION('',(2.19503617710774E-14,0.,1.));
#208580=DIRECTION('',(2.19503617710774E-14,0.,1.));
#208581=DIRECTION('',(2.19503617710774E-14,0.,1.));
#208582=DIRECTION('',(0.,-1.,0.));
#208583=DIRECTION('',(0.,0.,-1.));
#208584=DIRECTION('',(0.,-1.,0.));
#208585=DIRECTION('',(0.,0.,-1.));
#208586=DIRECTION('',(0.,-1.,0.));
#208587=DIRECTION('',(0.,0.,-1.));
#208588=DIRECTION('',(0.,1.,0.));
#208589=DIRECTION('',(1.,0.,0.));
#208590=DIRECTION('',(0.,-1.,0.));
#208591=DIRECTION('',(0.,1.,0.));
#208592=DIRECTION('',(1.,0.,0.));
#208593=DIRECTION('',(0.,-1.,0.));
#208594=DIRECTION('',(-1.,0.,2.21865019750595E-13));
#208595=DIRECTION('',(2.21865019750595E-13,0.,1.));
#208596=DIRECTION('',(-2.21865019750595E-13,0.,-1.));
#208597=DIRECTION('',(-2.21865019750595E-13,0.,-1.));
#208598=DIRECTION('',(0.,-1.,0.));
#208599=DIRECTION('',(0.,0.,-1.));
#208600=DIRECTION('',(-1.,0.,0.));
#208601=DIRECTION('',(1.,0.,0.));
#208602=DIRECTION('',(1.,0.,0.));
#208603=DIRECTION('',(0.,-1.,0.));
#208604=DIRECTION('',(1.,0.,0.));
#208605=DIRECTION('',(0.,0.,-1.));
#208606=DIRECTION('',(0.,0.,1.));
#208607=DIRECTION('',(0.,0.,1.));
#208608=DIRECTION('',(0.,1.,0.));
#208609=DIRECTION('',(0.,0.,1.));
#208610=DIRECTION('',(0.,1.,0.));
#208611=DIRECTION('',(0.,0.,1.));
#208612=DIRECTION('',(0.,1.,0.));
#208613=DIRECTION('',(0.,0.,1.));
#208614=DIRECTION('',(0.,-1.,0.));
#208615=DIRECTION('',(-1.,0.,0.));
#208616=DIRECTION('',(0.,1.,0.));
#208617=DIRECTION('',(0.,-1.,0.));
#208618=DIRECTION('',(-1.,0.,0.));
#208619=DIRECTION('',(0.,1.,0.));
#208620=DIRECTION('',(1.,0.,0.));
#208621=DIRECTION('',(0.,0.,-1.));
#208622=DIRECTION('',(0.,0.,-1.));
#208623=DIRECTION('',(0.,0.,-1.));
#208624=DIRECTION('',(0.,1.,0.));
#208625=DIRECTION('',(0.,0.,-1.));
#208626=DIRECTION('',(-1.,0.,0.));
#208627=DIRECTION('',(-1.,0.,0.));
#208628=DIRECTION('',(-1.,0.,0.));
#208629=DIRECTION('',(0.,1.,0.));
#208630=DIRECTION('',(-1.,0.,-2.06491636274081E-14));
#208631=DIRECTION('',(-2.06491636274081E-14,0.,1.));
#208632=DIRECTION('',(-2.06491636274081E-14,0.,1.));
#208633=DIRECTION('',(-2.06491636274081E-14,0.,1.));
#208634=DIRECTION('',(0.,-1.,0.));
#208635=DIRECTION('',(0.,0.,-1.));
#208636=DIRECTION('',(0.,-1.,0.));
#208637=DIRECTION('',(0.,0.,-1.));
#208638=DIRECTION('',(2.89120579329468E-16,-1.,0.));
#208639=DIRECTION('',(1.,2.89120579329468E-16,0.));
#208640=DIRECTION('',(2.89120579329468E-16,-1.,0.));
#208641=DIRECTION('',(0.,0.,-1.));
#208642=DIRECTION('',(2.89120579329468E-16,-1.,0.));
#208643=DIRECTION('',(2.89120579329468E-16,-1.,0.));
#208644=DIRECTION('',(0.,0.,-1.));
#208645=DIRECTION('',(2.89120579329468E-16,-1.,0.));
#208646=DIRECTION('',(-1.,-2.89120579329468E-16,0.));
#208647=DIRECTION('',(2.89120579329468E-16,-1.,0.));
#208648=DIRECTION('',(0.,0.,-1.));
#208649=DIRECTION('',(2.89120579329468E-16,-1.,0.));
#208650=DIRECTION('',(0.,0.,-1.));
#208651=DIRECTION('',(0.,0.,1.));
#208652=DIRECTION('',(1.,0.,0.));
#208653=DIRECTION('',(-1.,-2.89120579329468E-16,0.));
#208654=DIRECTION('',(2.89120579329468E-16,-1.,0.));
#208655=DIRECTION('',(-1.,-2.89120579329468E-16,0.));
#208656=DIRECTION('',(1.,2.89120579329468E-16,0.));
#208657=DIRECTION('',(-2.89120579329468E-16,1.,0.));
#208658=DIRECTION('',(0.,0.,1.));
#208659=DIRECTION('',(0.,0.,1.));
#208660=DIRECTION('',(2.89120579329468E-16,-1.,0.));
#208661=DIRECTION('',(1.,2.89120579329468E-16,0.));
#208662=DIRECTION('',(2.89120579329468E-16,-1.,0.));
#208663=DIRECTION('',(1.,2.89120579329468E-16,0.));
#208664=DIRECTION('',(0.,0.,-1.));
#208665=DIRECTION('',(-1.,0.,0.));
#208666=DIRECTION('',(-1.,0.,0.));
#208667=DIRECTION('',(0.,1.,0.));
#208668=DIRECTION('',(-1.,0.,0.));
#208669=DIRECTION('',(0.,1.,0.));
#208670=DIRECTION('',(-1.,0.,0.));
#208671=DIRECTION('',(0.,0.,1.));
#208672=DIRECTION('',(0.,0.,1.));
#208673=DIRECTION('',(0.,0.,1.));
#208674=DIRECTION('',(0.,1.,0.));
#208675=DIRECTION('',(0.,0.,1.));
#208676=DIRECTION('',(1.,0.,0.));
#208677=DIRECTION('',(1.,0.,0.));
#208678=DIRECTION('',(1.,0.,0.));
#208679=DIRECTION('',(0.,1.,0.));
#208680=DIRECTION('',(1.,0.,1.25201619569241E-16));
#208681=DIRECTION('',(1.25201619569241E-16,0.,-1.));
#208682=DIRECTION('',(1.25201619569241E-16,0.,-1.));
#208683=DIRECTION('',(1.25201619569241E-16,0.,-1.));
#208684=DIRECTION('',(0.,1.,0.));
#208685=DIRECTION('',(0.,0.,1.));
#208686=DIRECTION('',(0.,1.,0.));
#208687=DIRECTION('',(0.,0.,1.));
#208688=DIRECTION('',(-2.89120579329468E-16,-1.,0.));
#208689=DIRECTION('',(1.,-2.89120579329468E-16,0.));
#208690=DIRECTION('',(2.89120579329468E-16,1.,0.));
#208691=DIRECTION('',(0.,0.,-1.));
#208692=DIRECTION('',(-2.89120579329468E-16,-1.,0.));
#208693=DIRECTION('',(2.89120579329468E-16,1.,0.));
#208694=DIRECTION('',(0.,0.,-1.));
#208695=DIRECTION('',(-2.89120579329468E-16,-1.,0.));
#208696=DIRECTION('',(-1.,2.89120579329468E-16,0.));
#208697=DIRECTION('',(-2.89120579329468E-16,-1.,0.));
#208698=DIRECTION('',(0.,0.,-1.));
#208699=DIRECTION('',(0.,0.,-1.));
#208700=DIRECTION('',(-2.89120579329468E-16,-1.,0.));
#208701=DIRECTION('',(0.,0.,-1.));
#208702=DIRECTION('',(-1.,0.,0.));
#208703=DIRECTION('',(1.,-2.89120579329468E-16,0.));
#208704=DIRECTION('',(1.,-2.89120579329468E-16,0.));
#208705=DIRECTION('',(-2.89120579329468E-16,-1.,0.));
#208706=DIRECTION('',(1.,-2.89120579329468E-16,-1.2345535436085E-16));
#208707=DIRECTION('',(2.89120579329468E-16,1.,0.));
#208708=DIRECTION('',(1.2345535436085E-16,-3.56934835741338E-32,1.));
#208709=DIRECTION('',(1.2345535436085E-16,-3.56934835741338E-32,1.));
#208710=DIRECTION('',(2.89120579329468E-16,1.,0.));
#208711=DIRECTION('',(-1.,2.89120579329468E-16,0.));
#208712=DIRECTION('',(2.89120579329468E-16,1.,0.));
#208713=DIRECTION('',(-1.,2.89120579329468E-16,0.));
#208714=DIRECTION('',(0.,0.,-1.));
#208715=DIRECTION('',(-1.,0.,0.));
#208716=DIRECTION('',(-1.,0.,0.));
#208717=DIRECTION('',(0.,1.,0.));
#208718=DIRECTION('',(-1.,0.,0.));
#208719=DIRECTION('',(0.,1.,0.));
#208720=DIRECTION('',(-1.,0.,0.));
#208721=DIRECTION('',(0.,0.,1.));
#208722=DIRECTION('',(0.,0.,1.));
#208723=DIRECTION('',(0.,0.,1.));
#208724=DIRECTION('',(0.,1.,0.));
#208725=DIRECTION('',(0.,1.,0.));
#208726=DIRECTION('',(0.,0.,1.));
#208727=DIRECTION('',(0.,-1.,0.));
#208728=DIRECTION('',(0.,0.,1.));
#208729=DIRECTION('',(0.,-1.,0.));
#208730=DIRECTION('',(0.,0.,1.));
#208731=DIRECTION('',(0.,1.,0.));
#208732=DIRECTION('',(1.,0.,1.27632216803497E-16));
#208733=DIRECTION('',(1.27632216803497E-16,0.,-1.));
#208734=DIRECTION('',(1.27632216803497E-16,0.,-1.));
#208735=DIRECTION('',(1.27632216803497E-16,0.,-1.));
#208736=DIRECTION('',(0.,-1.,0.));
#208737=DIRECTION('',(0.,0.,-1.));
#208738=DIRECTION('',(0.,-1.,0.));
#208739=DIRECTION('',(0.,0.,-1.));
#208740=DIRECTION('',(0.,1.,0.));
#208741=DIRECTION('',(0.,0.,1.));
#208742=DIRECTION('',(-1.,0.,0.));
#208743=DIRECTION('',(0.,0.,-1.));
#208744=DIRECTION('',(0.,1.,0.));
#208745=DIRECTION('',(0.,0.,1.));
#208746=DIRECTION('',(0.,0.,-1.));
#208747=DIRECTION('',(0.,1.,0.));
#208748=DIRECTION('',(0.,0.,1.));
#208749=DIRECTION('',(1.,0.,0.));
#208750=DIRECTION('',(0.,0.,-1.));
#208751=DIRECTION('',(0.,1.,0.));
#208752=DIRECTION('',(0.,0.,1.));
#208753=DIRECTION('',(0.,0.,-1.));
#208754=DIRECTION('',(0.,1.,0.));
#208755=DIRECTION('',(0.,0.,1.));
#208756=DIRECTION('',(0.,0.,-1.));
#208757=DIRECTION('',(0.,-1.,0.));
#208758=DIRECTION('',(0.,0.,-1.));
#208759=DIRECTION('',(1.,0.,0.));
#208760=DIRECTION('',(0.,0.,-1.));
#208761=DIRECTION('',(0.,-1.,0.));
#208762=DIRECTION('',(0.,0.,-1.));
#208763=DIRECTION('',(-1.0842021724855E-15,0.,1.));
#208764=DIRECTION('',(-1.,0.,0.));
#208765=DIRECTION('',(0.,0.,-1.));
#208766=DIRECTION('',(0.,0.,-1.));
#208767=DIRECTION('',(-1.,0.,0.));
#208768=DIRECTION('',(0.,0.,-1.));
#208769=DIRECTION('',(-1.,0.,0.));
#208770=DIRECTION('',(0.,0.,-1.));
#208771=DIRECTION('',(-1.,0.,0.));
#208772=DIRECTION('',(0.,0.,-1.));
#208773=DIRECTION('',(-1.,0.,0.));
#208774=DIRECTION('',(0.,0.,-1.));
#208775=DIRECTION('',(-1.,0.,0.));
#208776=DIRECTION('',(0.,0.,-1.));
#208777=DIRECTION('',(-1.,0.,0.));
#208778=DIRECTION('',(0.,0.,-1.));
#208779=DIRECTION('',(-1.,0.,0.));
#208780=DIRECTION('',(0.,0.,-1.));
#208781=DIRECTION('',(-1.,0.,0.));
#208782=DIRECTION('',(0.,0.,-1.));
#208783=DIRECTION('',(-1.,0.,0.));
#208784=DIRECTION('',(0.,0.,-1.));
#208785=DIRECTION('',(-1.,0.,0.));
#208786=DIRECTION('',(0.,0.,-1.));
#208787=DIRECTION('',(-1.,0.,0.));
#208788=DIRECTION('',(0.,0.,-1.));
#208789=DIRECTION('',(-1.,0.,0.));
#208790=DIRECTION('',(0.,0.,-1.));
#208791=DIRECTION('',(-1.,0.,0.));
#208792=DIRECTION('',(0.,0.,-1.));
#208793=DIRECTION('',(-1.,0.,0.));
#208794=DIRECTION('',(0.,0.,-1.));
#208795=DIRECTION('',(-1.,0.,0.));
#208796=DIRECTION('',(0.,0.,-1.));
#208797=DIRECTION('',(-1.,0.,0.));
#208798=DIRECTION('',(0.,0.,-1.));
#208799=DIRECTION('',(-1.,0.,0.));
#208800=DIRECTION('',(0.,0.,-1.));
#208801=DIRECTION('',(-1.,0.,0.));
#208802=DIRECTION('',(0.,0.,-1.));
#208803=DIRECTION('',(-1.,0.,0.));
#208804=DIRECTION('',(0.,0.,-1.));
#208805=DIRECTION('',(-1.,0.,0.));
#208806=DIRECTION('',(0.,1.,0.));
#208807=DIRECTION('',(0.,0.,1.));
#208808=DIRECTION('',(0.,0.,-1.));
#208809=DIRECTION('',(-1.,0.,0.));
#208810=DIRECTION('',(0.,0.,-1.));
#208811=DIRECTION('',(0.,1.,0.));
#208812=DIRECTION('',(-1.,0.,0.));
#208813=DIRECTION('',(0.,0.,-1.));
#208814=DIRECTION('',(-1.,0.,0.));
#208815=DIRECTION('',(0.,0.,-1.));
#208816=DIRECTION('',(0.,1.,0.));
#208817=DIRECTION('',(-1.,0.,0.));
#208818=DIRECTION('',(0.,0.,-1.));
#208819=DIRECTION('',(-1.,0.,0.));
#208820=DIRECTION('',(0.,0.,-1.));
#208821=DIRECTION('',(0.,1.,0.));
#208822=DIRECTION('',(0.,0.,1.));
#208823=DIRECTION('',(-1.,0.,0.));
#208824=DIRECTION('',(0.,0.,1.));
#208825=DIRECTION('',(0.,0.,-1.));
#208826=DIRECTION('',(0.,-1.,0.));
#208827=DIRECTION('',(0.,-1.,0.));
#208828=DIRECTION('',(1.0842021724855E-15,0.,-1.));
#208829=DIRECTION('',(0.,1.,0.));
#208830=DIRECTION('',(1.,0.,0.));
#208831=DIRECTION('',(0.,0.,-1.));
#208832=DIRECTION('',(0.,0.,-1.));
#208833=DIRECTION('',(0.,1.,0.));
#208834=DIRECTION('',(0.,0.,-1.));
#208835=DIRECTION('',(0.,1.,0.));
#208836=DIRECTION('',(0.,0.,1.));
#208837=DIRECTION('',(0.,-1.,0.));
#208838=DIRECTION('',(0.,-1.,0.));
#208839=DIRECTION('',(0.,0.,-1.));
#208840=DIRECTION('',(0.,0.,-1.));
#208841=DIRECTION('',(1.,0.,0.));
#208842=DIRECTION('',(0.,0.,-1.));
#208843=DIRECTION('',(0.,1.,0.));
#208844=DIRECTION('',(-1.,0.,0.));
#208845=DIRECTION('',(0.,0.,-1.));
#208846=DIRECTION('',(1.,0.,0.));
#208847=DIRECTION('',(0.,0.,-1.));
#208848=DIRECTION('',(0.,1.,0.));
#208849=DIRECTION('',(-1.,0.,0.));
#208850=DIRECTION('',(0.,0.,-1.));
#208851=DIRECTION('',(1.,0.,0.));
#208852=DIRECTION('',(0.,-1.,0.));
#208853=DIRECTION('',(0.,0.,-1.));
#208854=DIRECTION('',(0.,-1.,0.));
#208855=DIRECTION('',(0.,0.,-1.));
#208856=DIRECTION('',(0.,0.,-1.));
#208857=DIRECTION('',(1.,0.,0.));
#208858=DIRECTION('',(0.,0.,-1.));
#208859=DIRECTION('',(0.,1.,0.));
#208860=DIRECTION('',(-1.,0.,0.));
#208861=DIRECTION('',(0.,0.,-1.));
#208862=DIRECTION('',(1.,0.,0.));
#208863=DIRECTION('',(0.,0.,-1.));
#208864=DIRECTION('',(0.,-1.,0.));
#208865=DIRECTION('',(0.,0.,-1.));
#208866=DIRECTION('',(0.,1.,0.));
#208867=DIRECTION('',(0.,0.,1.));
#208868=DIRECTION('',(0.,0.,-1.));
#208869=DIRECTION('',(-1.,0.,0.));
#208870=DIRECTION('',(0.,0.,-1.));
#208871=DIRECTION('',(0.,1.,0.));
#208872=DIRECTION('',(-1.,0.,0.));
#208873=DIRECTION('',(0.,0.,-1.));
#208874=DIRECTION('',(-1.,0.,0.));
#208875=DIRECTION('',(0.,0.,-1.));
#208876=DIRECTION('',(0.,1.,0.));
#208877=DIRECTION('',(0.,0.,1.));
#208878=DIRECTION('',(1.,0.,0.));
#208879=DIRECTION('',(0.,0.,-1.));
#208880=DIRECTION('',(0.,0.,-1.));
#208881=DIRECTION('',(0.,1.,0.));
#208882=DIRECTION('',(0.,-1.,0.));
#208883=DIRECTION('',(0.,0.,-1.));
#208884=DIRECTION('',(0.,-1.,0.));
#208885=DIRECTION('',(-1.,0.,0.));
#208886=DIRECTION('',(0.,0.,1.));
#208887=DIRECTION('',(0.,-1.,0.));
#208888=DIRECTION('',(0.,0.,-1.));
#208889=DIRECTION('',(0.,-1.,0.));
#208890=DIRECTION('',(0.,-1.,0.));
#208891=DIRECTION('',(-1.,0.,0.));
#208892=DIRECTION('',(0.,0.,1.));
#208893=DIRECTION('',(0.,-1.,0.));
#208894=DIRECTION('',(0.,-1.,0.));
#208895=DIRECTION('',(-2.45234033877804E-12,0.,1.));
#208896=DIRECTION('',(0.,-1.,0.));
#208897=DIRECTION('',(1.,0.,0.));
#208898=DIRECTION('',(0.,0.,-1.));
#208899=DIRECTION('',(0.,1.,0.));
#208900=DIRECTION('',(0.,-1.,0.));
#208901=DIRECTION('',(0.,-1.,0.));
#208902=DIRECTION('',(0.,-1.,0.));
#208903=DIRECTION('',(0.,0.,-1.));
#208904=DIRECTION('',(0.,0.,-1.));
#208905=DIRECTION('',(1.,0.,0.));
#208906=DIRECTION('',(0.,0.,-1.));
#208907=DIRECTION('',(0.,1.,0.));
#208908=DIRECTION('',(-1.,0.,0.));
#208909=DIRECTION('',(0.,0.,-1.));
#208910=DIRECTION('',(1.,0.,0.));
#208911=DIRECTION('',(0.,0.,-1.));
#208912=DIRECTION('',(0.,-1.,0.));
#208913=DIRECTION('',(0.,0.,-1.));
#208914=DIRECTION('',(1.,0.,0.));
#208915=DIRECTION('',(0.,0.,-1.));
#208916=DIRECTION('',(0.,0.,-1.));
#208917=DIRECTION('',(0.,1.,0.));
#208918=DIRECTION('',(0.,-1.,0.));
#208919=DIRECTION('',(-1.30368384885599E-12,0.,-1.));
#208920=DIRECTION('',(0.,1.,0.));
#208921=DIRECTION('',(-1.,0.,0.));
#208922=DIRECTION('',(0.,0.,1.));
#208923=DIRECTION('',(0.,0.,-1.));
#208924=DIRECTION('',(0.,-1.,0.));
#208925=DIRECTION('',(0.,0.,-1.));
#208926=DIRECTION('',(0.,1.,0.));
#208927=DIRECTION('',(0.,0.,1.));
#208928=DIRECTION('',(0.,-1.,0.));
#208929=DIRECTION('',(0.,1.,0.));
#208930=DIRECTION('',(0.,0.,1.));
#208931=DIRECTION('',(0.,0.,-1.));
#208932=DIRECTION('',(-1.,0.,0.));
#208933=DIRECTION('',(0.,0.,-1.));
#208934=DIRECTION('',(0.,1.,0.));
#208935=DIRECTION('',(-1.,0.,0.));
#208936=DIRECTION('',(0.,0.,-1.));
#208937=DIRECTION('',(-1.,0.,0.));
#208938=DIRECTION('',(0.,1.,0.));
#208939=DIRECTION('',(0.,0.,1.));
#208940=DIRECTION('',(-1.,0.,0.));
#208941=DIRECTION('',(0.,0.,1.));
#208942=DIRECTION('',(0.,0.,-1.));
#208943=DIRECTION('',(0.,-1.,0.));
#208944=DIRECTION('',(0.,0.,-1.));
#208945=DIRECTION('',(0.,-1.,0.));
#208946=DIRECTION('',(0.,0.,-1.));
#208947=DIRECTION('',(0.,-1.,0.));
#208948=DIRECTION('',(0.,0.,-1.));
#208949=DIRECTION('',(2.89120579329468E-16,-1.,0.));
#208950=DIRECTION('',(0.,0.,-1.));
#208951=DIRECTION('',(0.,-1.,0.));
#208952=DIRECTION('',(0.,-1.,0.));
#208953=DIRECTION('',(1.,0.,0.));
#208954=DIRECTION('',(0.,0.,-1.));
#208955=DIRECTION('',(0.,1.,0.));
#208956=DIRECTION('',(0.,0.,-1.));
#208957=DIRECTION('',(2.89120579329468E-16,-1.,0.));
#208958=DIRECTION('',(0.,0.,-1.));
#208959=DIRECTION('',(0.,1.,0.));
#208960=DIRECTION('',(0.,0.,-1.));
#208961=DIRECTION('',(0.,-1.,0.));
#208962=DIRECTION('',(0.,0.,-1.));
#208963=DIRECTION('',(0.,1.,0.));
#208964=DIRECTION('',(0.,0.,-1.));
#208965=DIRECTION('',(0.,-1.,0.));
#208966=DIRECTION('',(0.,-1.,0.));
#208967=DIRECTION('',(0.,0.,-1.));
#208968=DIRECTION('',(0.,0.,-1.));
#208969=DIRECTION('',(1.,0.,0.));
#208970=DIRECTION('',(0.,0.,-1.));
#208971=DIRECTION('',(0.,1.,0.));
#208972=DIRECTION('',(-1.,0.,0.));
#208973=DIRECTION('',(0.,0.,-1.));
#208974=DIRECTION('',(1.,0.,0.));
#208975=DIRECTION('',(0.,0.,-1.));
#208976=DIRECTION('',(0.,1.,0.));
#208977=DIRECTION('',(-1.,0.,0.));
#208978=DIRECTION('',(0.,0.,-1.));
#208979=DIRECTION('',(1.,0.,0.));
#208980=DIRECTION('',(0.,-1.,0.));
#208981=DIRECTION('',(0.,0.,-1.));
#208982=DIRECTION('',(0.,1.,0.));
#208983=DIRECTION('',(0.,0.,1.));
#208984=DIRECTION('',(-1.,0.,0.));
#208985=DIRECTION('',(0.,0.,-1.));
#208986=DIRECTION('',(0.,1.,0.));
#208987=DIRECTION('',(-1.,0.,0.));
#208988=DIRECTION('',(0.,0.,-1.));
#208989=DIRECTION('',(-1.,0.,0.));
#208990=DIRECTION('',(0.,0.,-1.));
#208991=DIRECTION('',(0.,1.,0.));
#208992=DIRECTION('',(-1.,0.,0.));
#208993=DIRECTION('',(0.,0.,-1.));
#208994=DIRECTION('',(-1.,0.,0.));
#208995=DIRECTION('',(0.,0.,-1.));
#208996=DIRECTION('',(0.,1.,0.));
#208997=DIRECTION('',(0.,0.,1.));
#208998=DIRECTION('',(-1.,0.,0.));
#208999=DIRECTION('',(0.,0.,1.));
#209000=DIRECTION('',(0.,-1.,0.));
#209001=DIRECTION('',(0.,0.,-1.));
#209002=DIRECTION('',(0.,-1.,0.));
#209003=DIRECTION('',(0.,0.,-1.));
#209004=DIRECTION('',(0.,-1.,0.));
#209005=DIRECTION('',(0.,0.,-1.));
#209006=DIRECTION('',(-2.89120579329468E-16,-1.,0.));
#209007=DIRECTION('',(0.,0.,-1.));
#209008=DIRECTION('',(0.,-1.,0.));
#209009=DIRECTION('',(0.,-1.,0.));
#209010=DIRECTION('',(1.,0.,0.));
#209011=DIRECTION('',(0.,0.,-1.));
#209012=DIRECTION('',(0.,1.,0.));
#209013=DIRECTION('',(0.,0.,-1.));
#209014=DIRECTION('',(-2.89120579329468E-16,-1.,0.));
#209015=DIRECTION('',(0.,0.,-1.));
#209016=DIRECTION('',(0.,1.,0.));
#209017=DIRECTION('',(0.,0.,-1.));
#209018=DIRECTION('',(0.,-1.,0.));
#209019=DIRECTION('',(0.,0.,-1.));
#209020=DIRECTION('',(0.,1.,0.));
#209021=DIRECTION('',(0.,-1.,0.));
#209022=DIRECTION('',(-1.,0.,0.));
#209023=DIRECTION('',(0.,0.,1.));
#209024=DIRECTION('',(0.,-1.,0.));
#209025=DIRECTION('',(0.,0.,-1.));
#209026=DIRECTION('',(0.,-1.,0.));
#209027=DIRECTION('',(0.,0.,-1.));
#209028=DIRECTION('',(0.,0.,-1.));
#209029=DIRECTION('',(1.,0.,0.));
#209030=DIRECTION('',(0.,0.,-1.));
#209031=DIRECTION('',(0.,1.,0.));
#209032=DIRECTION('',(0.,0.,-1.));
#209033=DIRECTION('',(0.,-1.,0.));
#209034=DIRECTION('',(1.,0.,0.));
#209035=DIRECTION('',(0.,0.,-1.));
#209036=DIRECTION('',(0.,1.,0.));
#209037=DIRECTION('',(0.,0.,-1.));
#209038=DIRECTION('',(0.,-1.,0.));
#209039=DIRECTION('',(0.,0.,-1.));
#209040=DIRECTION('',(0.,0.,-1.));
#209041=DIRECTION('',(-1.,0.,0.));
#209042=DIRECTION('',(0.,0.,1.));
#209043=DIRECTION('',(0.,-1.,0.));
#209044=DIRECTION('',(0.,0.,-1.));
#209045=DIRECTION('',(0.,-1.,0.));
#209046=DIRECTION('',(0.,-1.,0.));
#209047=DIRECTION('',(0.,0.,-1.));
#209048=DIRECTION('',(0.,1.,0.));
#209049=DIRECTION('',(0.,0.,1.));
#209050=DIRECTION('',(0.,-1.,0.));
#209051=DIRECTION('',(0.,0.,-1.));
#209052=DIRECTION('',(-1.,0.,0.));
#209053=DIRECTION('',(0.,0.,1.));
#209054=DIRECTION('',(0.,1.,0.));
#209055=DIRECTION('',(0.,1.,0.));
#209056=DIRECTION('',(0.,-1.,0.));
#209057=DIRECTION('',(0.,0.,-1.));
#209058=DIRECTION('',(0.,1.,0.));
#209059=DIRECTION('',(0.,0.,-1.));
#209060=DIRECTION('',(1.,0.,0.));
#209061=DIRECTION('',(2.89120579329468E-16,1.,0.));
#209062=DIRECTION('',(-1.,2.89120579329468E-16,0.));
#209063=DIRECTION('',(2.89120579329468E-16,1.,0.));
#209064=DIRECTION('',(0.,0.,-1.));
#209065=DIRECTION('',(-1.,0.,0.));
#209066=DIRECTION('',(0.,-1.,0.));
#209067=DIRECTION('',(0.,0.,-1.));
#209068=DIRECTION('',(0.,1.,0.));
#209069=DIRECTION('',(0.,0.,1.));
#209070=DIRECTION('',(1.,0.,0.));
#209071=DIRECTION('',(0.,-1.,0.));
#209072=DIRECTION('',(0.,0.,-1.));
#209073=DIRECTION('',(0.,1.,0.));
#209074=DIRECTION('',(0.,0.,1.));
#209075=DIRECTION('',(-1.,0.,0.));
#209076=DIRECTION('',(0.,-1.,0.));
#209077=DIRECTION('',(0.,0.,-1.));
#209078=DIRECTION('',(0.,-1.,0.));
#209079=DIRECTION('',(0.,0.,-1.));
#209080=DIRECTION('',(1.,0.,0.));
#209081=DIRECTION('',(0.,1.,0.));
#209082=DIRECTION('',(0.,0.,1.));
#209083=DIRECTION('',(0.,1.,0.));
#209084=DIRECTION('',(0.,0.,1.));
#209085=DIRECTION('',(-1.,0.,0.));
#209086=DIRECTION('',(0.,-1.,0.));
#209087=DIRECTION('',(0.,0.,-1.));
#209088=DIRECTION('',(-2.89120579329468E-16,1.,0.));
#209089=DIRECTION('',(0.,0.,1.));
#209090=DIRECTION('',(-1.,0.,0.));
#209091=DIRECTION('',(-1.,0.,0.));
#209092=DIRECTION('',(0.,0.,1.));
#209093=DIRECTION('',(0.,1.,0.));
#209094=DIRECTION('',(0.,-1.,0.));
#209095=DIRECTION('',(-1.,0.,0.));
#209096=DIRECTION('',(0.,0.,1.));
#209097=DIRECTION('',(0.,1.,0.));
#209098=DIRECTION('',(0.,-1.,0.));
#209099=DIRECTION('',(-1.,0.,0.));
#209100=DIRECTION('',(0.,0.,1.));
#209101=DIRECTION('',(0.,1.,0.));
#209102=DIRECTION('',(0.,1.,0.));
#209103=DIRECTION('',(1.,0.,0.));
#209104=DIRECTION('',(0.,0.,-1.));
#209105=DIRECTION('',(0.,-1.,0.));
#209106=DIRECTION('',(0.,1.,0.));
#209107=DIRECTION('',(0.,-1.,0.));
#209108=DIRECTION('',(0.,0.,-1.));
#209109=DIRECTION('',(0.,-1.,0.));
#209110=DIRECTION('',(0.,-1.,0.));
#209111=DIRECTION('',(1.,0.,0.));
#209112=DIRECTION('',(0.,1.,0.));
#209113=DIRECTION('',(0.,1.,0.));
#209114=DIRECTION('',(0.,0.,1.));
#209115=DIRECTION('',(0.,1.,0.));
#209116=DIRECTION('',(0.,-1.,0.));
#209117=DIRECTION('',(1.,0.,0.));
#209118=DIRECTION('',(0.,-1.,0.));
#209119=DIRECTION('',(0.,-1.,0.));
#209120=DIRECTION('',(1.,0.,0.));
#209121=DIRECTION('',(0.,-1.,0.));
#209122=DIRECTION('',(0.,-1.,0.));
#209123=DIRECTION('',(0.,0.,1.));
#209124=DIRECTION('',(0.,-1.,0.));
#209125=DIRECTION('',(0.,-1.,0.));
#209126=DIRECTION('',(1.,0.,0.));
#209127=DIRECTION('',(0.,-1.,0.));
#209128=DIRECTION('',(0.,0.,1.));
#209129=DIRECTION('',(0.,-1.,0.));
#209130=DIRECTION('',(0.,0.,1.));
#209131=DIRECTION('',(0.,1.,0.));
#209132=DIRECTION('',(0.,0.,1.));
#209133=DIRECTION('',(0.,-1.,0.));
#209134=DIRECTION('',(0.,0.,1.));
#209135=DIRECTION('',(1.,0.,0.));
#209136=DIRECTION('',(0.,0.,-1.));
#209137=DIRECTION('',(0.,-1.,0.));
#209138=DIRECTION('',(0.,-1.,0.));
#209139=DIRECTION('',(1.,0.,0.));
#209140=DIRECTION('',(0.,0.,-1.));
#209141=DIRECTION('',(0.,1.,0.));
#209142=DIRECTION('',(0.,1.,0.));
#209143=DIRECTION('',(1.,0.,0.));
#209144=DIRECTION('',(0.,0.,-1.));
#209145=DIRECTION('',(0.,1.,0.));
#209146=DIRECTION('',(0.,1.,0.));
#209147=DIRECTION('',(0.,1.,0.));
#209148=DIRECTION('',(0.,0.,1.));
#209149=DIRECTION('',(0.,1.,0.));
#209150=DIRECTION('',(0.,0.,-1.));
#209151=DIRECTION('',(-1.,0.,0.));
#209152=DIRECTION('',(0.,-1.,0.));
#209153=DIRECTION('',(0.,0.,-1.));
#209154=DIRECTION('',(2.89120579329468E-16,1.,0.));
#209155=DIRECTION('',(0.,0.,-1.));
#209156=DIRECTION('',(1.,0.,0.));
#209157=DIRECTION('',(-1.,0.,0.));
#209158=DIRECTION('',(0.,0.,1.));
#209159=DIRECTION('',(0.,-1.,0.));
#209160=DIRECTION('',(0.,-1.,0.));
#209161=DIRECTION('',(0.,1.,0.));
#209162=DIRECTION('',(0.,0.,1.));
#209163=DIRECTION('',(-1.,0.,0.));
#209164=DIRECTION('',(1.,0.,0.));
#209165=DIRECTION('',(0.,-1.,0.));
#209166=DIRECTION('',(0.,0.,-1.));
#209167=DIRECTION('',(-1.,0.,0.));
#209168=DIRECTION('',(-1.,0.,0.));
#209169=DIRECTION('',(0.,1.,0.));
#209170=DIRECTION('',(0.,0.,1.));
#209171=DIRECTION('',(1.,0.,0.));
#209172=DIRECTION('',(1.,0.,0.));
#209173=DIRECTION('',(0.,-1.,0.));
#209174=DIRECTION('',(0.,0.,-1.));
#209175=DIRECTION('',(0.,0.,1.));
#209176=DIRECTION('',(0.,0.,1.));
#209177=DIRECTION('',(0.,-1.,0.));
#209178=DIRECTION('',(0.,0.,1.));
#209179=DIRECTION('',(0.,1.,0.));
#209180=DIRECTION('',(0.,0.,1.));
#209181=DIRECTION('',(1.61329283265843E-15,0.,1.));
#209182=DIRECTION('',(0.,-1.,0.));
#209183=DIRECTION('',(0.,0.,1.));
#209184=DIRECTION('',(0.999723566850497,0.,0.0235114840816023));
#209185=DIRECTION('',(0.,0.,-1.));
#209186=DIRECTION('',(-0.99972357996289,0.,-0.0235109265275556));
#209187=DIRECTION('',(0.,1.,0.));
#209188=DIRECTION('',(0.,0.,1.));
#209189=DIRECTION('',(0.,-1.,0.));
#209190=DIRECTION('',(0.,0.,-1.));
#209191=DIRECTION('',(0.,0.,1.));
#209192=DIRECTION('',(0.,-1.,0.));
#209193=DIRECTION('',(0.,0.,1.));
#209194=DIRECTION('',(0.,0.,-1.));
#209195=DIRECTION('',(0.,-1.,0.));
#209196=DIRECTION('',(0.,0.,-1.));
#209197=DIRECTION('',(0.,0.,1.));
#209198=DIRECTION('',(0.,-1.,0.));
#209199=DIRECTION('',(0.,0.,1.));
#209200=DIRECTION('',(0.,0.,-1.));
#209201=DIRECTION('',(0.,1.,0.));
#209202=DIRECTION('',(0.,0.,1.));
#209203=DIRECTION('',(0.,1.,0.));
#209204=DIRECTION('',(0.,-1.,0.));
#209205=DIRECTION('',(0.,0.,1.));
#209206=DIRECTION('',(0.,1.,0.));
#209207=DIRECTION('',(0.,-1.,0.));
#209208=DIRECTION('',(0.9997235668505,0.,0.0235114840814671));
#209209=DIRECTION('',(0.,1.,0.));
#209210=DIRECTION('',(0.,-1.,0.));
#209211=DIRECTION('',(0.,0.,1.));
#209212=DIRECTION('',(0.,1.,0.));
#209213=DIRECTION('',(0.,1.,0.));
#209214=DIRECTION('',(0.,-1.,0.));
#209215=DIRECTION('',(0.,0.,1.));
#209216=DIRECTION('',(0.,1.,0.));
#209217=DIRECTION('',(0.,1.,0.));
#209218=DIRECTION('',(0.,0.,1.));
#209219=DIRECTION('',(-0.0235114840814671,0.,0.9997235668505));
#209220=DIRECTION('',(0.992561300389307,0.,0.121745903296531));
#209221=DIRECTION('',(3.6727699897936E-14,0.,1.));
#209222=DIRECTION('',(-0.992541176162615,0.,-0.121909858591224));
#209223=DIRECTION('',(0.,1.,0.));
#209224=DIRECTION('',(0.,0.,1.));
#209225=DIRECTION('',(0.,1.,0.));
#209226=DIRECTION('',(0.,0.,1.));
#209227=DIRECTION('',(-1.61329283265843E-15,0.,-1.));
#209228=DIRECTION('',(0.,1.,0.));
#209229=DIRECTION('',(0.,0.,1.));
#209230=DIRECTION('',(-0.999723579962897,0.,-0.023510926527245));
#209231=DIRECTION('',(0.,0.,-1.));
#209232=DIRECTION('',(0.9997235668505,0.,0.0235114840814692));
#209233=DIRECTION('',(-1.,0.,0.));
#209234=DIRECTION('',(0.,0.,1.));
#209235=DIRECTION('',(0.,1.,0.));
#209236=DIRECTION('',(0.,0.,-1.));
#209237=DIRECTION('',(1.,0.,0.));
#209238=DIRECTION('',(0.,0.,-1.));
#209239=DIRECTION('',(0.,1.,0.));
#209240=DIRECTION('',(0.,-1.,0.));
#209241=DIRECTION('',(0.,0.,-1.));
#209242=DIRECTION('',(0.,-1.,0.));
#209243=DIRECTION('',(0.,1.,0.));
#209244=DIRECTION('',(0.,1.,0.));
#209245=DIRECTION('',(0.9997235668505,0.,0.0235114840814671));
#209246=DIRECTION('',(0.,1.,0.));
#209247=DIRECTION('',(0.,-1.,0.));
#209248=DIRECTION('',(0.,1.,0.));
#209249=DIRECTION('',(0.,0.,1.));
#209250=DIRECTION('',(0.,-1.,0.));
#209251=DIRECTION('',(0.,-1.,0.));
#209252=DIRECTION('',(0.9997235668505,0.,0.0235114840814671));
#209253=DIRECTION('',(0.,-1.,0.));
#209254=DIRECTION('',(0.,-1.,0.));
#209255=DIRECTION('',(0.,0.,-1.));
#209256=DIRECTION('',(0.,-1.,0.));
#209257=DIRECTION('',(0.,0.,1.));
#209258=DIRECTION('',(0.,0.,-1.));
#209259=DIRECTION('',(0.999723566850497,0.,0.0235114840816023));
#209260=DIRECTION('',(0.121909858591224,0.,-0.992541176162616));
#209261=DIRECTION('',(-0.992541176162616,0.,-0.121909858591224));
#209262=DIRECTION('',(0.,1.,0.));
#209263=DIRECTION('',(-0.992541176162628,0.,-0.121909858591117));
#209264=DIRECTION('',(0.0235109265272449,0.,-0.999723579962897));
#209265=DIRECTION('',(-0.999723579962897,0.,-0.023510926527245));
#209266=DIRECTION('',(0.,1.,0.));
#209267=DIRECTION('',(1.,0.,0.));
#209268=DIRECTION('',(0.,0.,-1.));
#209269=DIRECTION('',(0.,1.,0.));
#209270=DIRECTION('',(-0.0235114840814692,0.,0.9997235668505));
#209271=DIRECTION('',(0.9997235668505,0.,0.0235114840814692));
#209272=DIRECTION('',(0.,-1.,0.));
#209273=DIRECTION('',(-0.121745903296531,0.,0.992561300389307));
#209274=DIRECTION('',(0.992561300389307,0.,0.121745903296531));
#209275=DIRECTION('',(0.,-1.,0.));
#209276=DIRECTION('',(0.992561300389282,0.,0.121745903296735));
#209277=DIRECTION('',(0.,1.,0.));
#209278=DIRECTION('',(-1.,0.,3.6727699897936E-14));
#209279=DIRECTION('',(3.6727699897936E-14,0.,1.));
#209280=DIRECTION('',(4.40732398775231E-14,0.,1.));
#209281=DIRECTION('',(0.,-1.,0.));
#209282=DIRECTION('',(0.,0.,-1.));
#209283=DIRECTION('',(0.,1.,0.));
#209284=DIRECTION('',(0.,0.,1.));
#209285=DIRECTION('',(0.,-1.,0.));
#209286=DIRECTION('',(0.,-1.,0.));
#209287=DIRECTION('',(0.,1.,0.));
#209288=DIRECTION('',(0.9997235668505,0.,0.0235114840814671));
#209289=DIRECTION('',(0.,-1.,0.));
#209290=DIRECTION('',(0.,-1.,0.));
#209291=DIRECTION('',(0.,0.,1.));
#209292=DIRECTION('',(0.,-1.,0.));
#209293=DIRECTION('',(0.,1.,0.));
#209294=DIRECTION('',(0.,0.,1.));
#209295=DIRECTION('',(0.0235114840814671,0.,-0.9997235668505));
#209296=DIRECTION('',(1.,0.,-1.61329283265843E-15));
#209297=DIRECTION('',(-1.61329283265843E-15,0.,-1.));
#209298=DIRECTION('',(-1.61329283265843E-15,0.,-1.));
#209299=DIRECTION('',(-0.9997235668505,0.,-0.0235114840814671));
#209300=DIRECTION('',(-0.0235114840814671,0.,0.9997235668505));
#209301=DIRECTION('',(-0.0235114840814671,0.,0.9997235668505));
#209302=DIRECTION('',(0.,1.,0.));
#209303=DIRECTION('',(0.,0.,1.));
#209304=DIRECTION('',(1.,0.,0.));
#209305=DIRECTION('',(0.,0.,-1.));
#209306=DIRECTION('',(0.,0.,-1.));
#209307=DIRECTION('',(-1.,0.,0.));
#209308=DIRECTION('',(0.,0.,1.));
#209309=DIRECTION('',(0.,0.,1.));
#209310=DIRECTION('',(0.,-1.,0.));
#209311=DIRECTION('',(0.,0.,-1.));
#209312=DIRECTION('',(1.,0.,-1.61329283265843E-15));
#209313=DIRECTION('',(-1.61329283265843E-15,0.,-1.));
#209314=DIRECTION('',(1.61329283265843E-15,0.,1.));
#209315=DIRECTION('',(-0.9997235668505,0.,-0.0235114840814671));
#209316=DIRECTION('',(-0.0235114840814671,0.,0.9997235668505));
#209317=DIRECTION('',(0.0235114840814671,0.,-0.9997235668505));
#209318=DIRECTION('',(0.,-1.,0.));
#209319=DIRECTION('',(0.,0.,-1.));
#209320=DIRECTION('',(1.,0.,0.));
#209321=DIRECTION('',(0.,0.,-1.));
#209322=DIRECTION('',(0.,0.,1.));
#209323=DIRECTION('',(-1.,0.,0.));
#209324=DIRECTION('',(0.,0.,1.));
#209325=DIRECTION('',(0.,0.,-1.));
#209326=DIRECTION('',(0.,1.,0.));
#209327=DIRECTION('',(0.,0.,1.));
#209328=DIRECTION('',(1.,0.,0.));
#209329=DIRECTION('',(0.,0.,-1.));
#209330=DIRECTION('',(0.,1.,0.));
#209331=DIRECTION('',(0.,-1.,0.));
#209332=DIRECTION('',(1.,0.,0.));
#209333=DIRECTION('',(0.,0.,-1.));
#209334=DIRECTION('',(0.,1.,0.));
#209335=DIRECTION('',(0.,-1.,0.));
#209336=DIRECTION('',(-2.89120579329468E-16,1.,0.));
#209337=DIRECTION('',(-1.,-2.89120579329468E-16,0.));
#209338=DIRECTION('',(-2.89120579329468E-16,1.,0.));
#209339=DIRECTION('',(0.,0.,1.));
#209340=DIRECTION('',(1.,0.,0.));
#209341=DIRECTION('',(-1.,0.,0.));
#209342=DIRECTION('',(0.,0.,1.));
#209343=DIRECTION('',(0.,-1.,0.));
#209344=DIRECTION('',(4.40388466434645E-12,1.,0.));
#209345=DIRECTION('',(0.,0.,1.));
#209346=DIRECTION('',(1.,0.,0.));
#209347=DIRECTION('',(1.,0.,0.));
#209348=DIRECTION('',(0.,1.,0.));
#209349=DIRECTION('',(0.,0.,1.));
#209350=DIRECTION('',(0.,-1.,0.));
#209351=DIRECTION('',(0.,0.,-1.));
#209352=DIRECTION('',(-1.,0.,0.));
#209353=DIRECTION('',(0.,0.,1.));
#209354=DIRECTION('',(1.,0.,0.));
#209355=DIRECTION('',(0.,-1.,0.));
#209356=DIRECTION('',(0.,0.,-1.));
#209357=DIRECTION('',(0.,-1.,0.));
#209358=DIRECTION('',(0.,0.,-1.));
#209359=DIRECTION('',(0.,1.,0.));
#209360=DIRECTION('',(0.,0.,1.));
#209361=DIRECTION('',(0.,1.,0.));
#209362=DIRECTION('',(0.,0.,1.));
#209363=DIRECTION('',(0.,1.,0.));
#209364=DIRECTION('',(0.,0.,1.));
#209365=DIRECTION('',(2.89120579329468E-16,-1.,0.));
#209366=DIRECTION('',(1.,2.89120579329468E-16,0.));
#209367=DIRECTION('',(0.,-1.,0.));
#209368=DIRECTION('',(0.,0.,-1.));
#209369=DIRECTION('',(0.,-1.,0.));
#209370=DIRECTION('',(0.,0.,-1.));
#209371=DIRECTION('',(0.,1.,0.));
#209372=DIRECTION('',(0.,0.,1.));
#209373=DIRECTION('',(0.,-1.,0.));
#209374=DIRECTION('',(0.,0.,-1.));
#209375=DIRECTION('',(0.,-1.,0.));
#209376=DIRECTION('',(0.,0.,-1.));
#209377=DIRECTION('',(0.,1.,0.));
#209378=DIRECTION('',(0.,0.,1.));
#209379=DIRECTION('',(0.,1.,0.));
#209380=DIRECTION('',(0.,0.,1.));
#209381=DIRECTION('',(-2.89120579329468E-16,-1.,0.));
#209382=DIRECTION('',(1.,-2.89120579329468E-16,0.));
#209383=DIRECTION('',(0.,-1.,0.));
#209384=DIRECTION('',(0.,0.,-1.));
#209385=DIRECTION('',(0.,1.,0.));
#209386=DIRECTION('',(0.,0.,1.));
#209387=DIRECTION('',(0.,0.,-1.));
#209388=DIRECTION('',(-1.,0.,0.));
#209389=DIRECTION('',(0.,0.,-1.));
#209390=DIRECTION('',(-1.,0.,0.));
#209391=DIRECTION('',(0.,0.,-1.));
#209392=DIRECTION('',(-1.,0.,0.));
#209393=DIRECTION('',(0.,0.,-1.));
#209394=DIRECTION('',(-1.,0.,0.));
#209395=DIRECTION('',(0.,0.,-1.));
#209396=DIRECTION('',(-1.,0.,0.));
#209397=DIRECTION('',(0.,0.,-1.));
#209398=DIRECTION('',(-1.,0.,0.));
#209399=DIRECTION('',(0.,0.,-1.));
#209400=DIRECTION('',(-1.,0.,0.));
#209401=DIRECTION('',(0.,0.,-1.));
#209402=DIRECTION('',(-1.,0.,0.));
#209403=DIRECTION('',(0.,0.,-1.));
#209404=DIRECTION('',(-1.,0.,0.));
#209405=DIRECTION('',(0.,0.,-1.));
#209406=DIRECTION('',(-1.,0.,0.));
#209407=DIRECTION('',(0.,0.,-1.));
#209408=DIRECTION('',(-1.,0.,0.));
#209409=DIRECTION('',(0.,0.,-1.));
#209410=DIRECTION('',(-1.,0.,0.));
#209411=DIRECTION('',(0.,0.,-1.));
#209412=DIRECTION('',(-1.,0.,0.));
#209413=DIRECTION('',(0.,0.,-1.));
#209414=DIRECTION('',(-1.,0.,0.));
#209415=DIRECTION('',(0.,0.,-1.));
#209416=DIRECTION('',(-1.,0.,0.));
#209417=DIRECTION('',(0.,0.,-1.));
#209418=DIRECTION('',(-1.,0.,0.));
#209419=DIRECTION('',(0.,0.,-1.));
#209420=DIRECTION('',(-1.,0.,0.));
#209421=DIRECTION('',(0.,0.,-1.));
#209422=DIRECTION('',(-1.,0.,0.));
#209423=DIRECTION('',(0.,0.,-1.));
#209424=DIRECTION('',(-1.,0.,0.));
#209425=DIRECTION('',(0.,0.,-1.));
#209426=DIRECTION('',(-1.,0.,0.));
#209427=DIRECTION('',(0.,0.,-1.));
#209428=DIRECTION('',(-1.,0.,0.));
#209429=DIRECTION('',(0.,0.,-1.));
#209430=DIRECTION('',(-1.,0.,0.));
#209431=DIRECTION('',(0.,0.,-1.));
#209432=DIRECTION('',(-1.,0.,0.));
#209433=DIRECTION('',(0.,0.,-1.));
#209434=DIRECTION('',(-1.,0.,0.));
#232641=CARTESIAN_POINT('',(0.,0.,0.));
#268596=CARTESIAN_POINT('',(96.419583945732,758.989999915571,816.803715444914));
#268597=CARTESIAN_POINT('',(96.419583945732,541.099999915571,816.803715444914));
#268598=CARTESIAN_POINT('',(96.4195839457119,541.099999915571,816.803715444911));
#268599=CARTESIAN_POINT('',(96.419583945732,541.099999915571,776.1));
#268600=CARTESIAN_POINT('',(96.4195839457119,758.989999915571,816.803715444911));
#268601=CARTESIAN_POINT('',(96.4195839457119,758.989999915571,816.803715444911));
#268602=CARTESIAN_POINT('',(96.419583945732,758.989999915571,816.803715444914));
#268603=CARTESIAN_POINT('',(96.419583945732,758.989999915571,776.1));
#268604=CARTESIAN_POINT('',(96.419583945732,758.989999915571,776.1));
#268605=CARTESIAN_POINT('',(96.419583945732,758.989999915571,776.1));
#268606=CARTESIAN_POINT('',(96.419583945732,541.099999915571,776.1));
#268607=CARTESIAN_POINT('',(98.419583945732,541.099999915571,776.1));
#268608=CARTESIAN_POINT('',(96.419583945732,758.989999915571,776.1));
#268609=CARTESIAN_POINT('',(98.419583945732,758.989999915571,776.1));
#268610=CARTESIAN_POINT('',(98.419583945732,758.989999915571,776.1));
#268611=CARTESIAN_POINT('',(98.419583945732,758.989999915571,776.1));
#268612=CARTESIAN_POINT('',(98.419583945732,541.099999915571,776.1));
#268613=CARTESIAN_POINT('',(98.419583945732,541.099999915571,816.87473978175));
#268614=CARTESIAN_POINT('',(98.419583945732,758.989999915571,776.1));
#268615=CARTESIAN_POINT('',(98.419583945732,758.989999915571,816.87473978175));
#268616=CARTESIAN_POINT('',(98.419583945732,758.989999915571,816.87473978175));
#268617=CARTESIAN_POINT('',(-297.952095506395,758.989999915571,11950.2534082892));
#268618=CARTESIAN_POINT('',(-297.952095506395,541.099999915571,11950.2534082892));
#268619=CARTESIAN_POINT('',(-297.952095506395,758.989999915571,11950.2534082892));
#268620=CARTESIAN_POINT('',(-297.952095506395,758.989999915571,11950.2534082892));
#268621=CARTESIAN_POINT('',(-297.952095506395,541.099999915571,11950.2534082892));
#268622=CARTESIAN_POINT('',(176.41783347496,1213.49026403507,776.1));
#268623=CARTESIAN_POINT('',(176.41783347496,1438.87026403507,776.1));
#268624=CARTESIAN_POINT('',(176.41783347496,1438.87026403507,776.1));
#268625=CARTESIAN_POINT('',(176.417833474958,1438.87026403507,819.925279472525));
#268626=CARTESIAN_POINT('',(176.41783347496,1213.49026403507,776.1));
#268627=CARTESIAN_POINT('',(176.41783347496,1213.49026403507,776.1));
#268628=CARTESIAN_POINT('',(176.41783347496,1213.49026403507,776.1));
#268629=CARTESIAN_POINT('',(176.417833474959,1213.49026403507,819.925279472525));
#268630=CARTESIAN_POINT('',(176.417833474959,1213.49026403507,819.925279472525));
#268631=CARTESIAN_POINT('',(-297.952095499729,1213.49026403507,11950.2534082894));
#268632=CARTESIAN_POINT('',(-297.952095499729,1438.87026403507,11950.2534082894));
#268633=CARTESIAN_POINT('',(178.417833474961,1438.87026403507,820.010698652908));
#268634=CARTESIAN_POINT('',(-297.952095499729,1213.49026403507,11950.2534082894));
#268635=CARTESIAN_POINT('',(178.417833474961,1213.49026403507,820.010698652908));
#268636=CARTESIAN_POINT('',(178.417833474961,1213.49026403507,820.010698652908));
#268637=CARTESIAN_POINT('',(178.41783347496,1213.49026403507,820.01069865291));
#268638=CARTESIAN_POINT('',(178.41783347496,1438.87026403507,820.01069865291));
#268639=CARTESIAN_POINT('',(178.41783347496,1438.87026403507,776.1));
#268640=CARTESIAN_POINT('',(178.41783347496,1213.49026403507,820.01069865291));
#268641=CARTESIAN_POINT('',(178.41783347496,1213.49026403507,776.1));
#268642=CARTESIAN_POINT('',(178.41783347496,1213.49026403507,776.1));
#268643=CARTESIAN_POINT('',(178.41783347496,1213.49026403507,776.1));
#268644=CARTESIAN_POINT('',(178.41783347496,1438.87026403507,776.1));
#268645=CARTESIAN_POINT('',(178.41783347496,1213.49026403507,776.1));
#268646=CARTESIAN_POINT('',(-297.952095499729,1213.49026403507,11950.2534082894));
#268647=CARTESIAN_POINT('',(-297.952095499729,1438.87026403507,11950.2534082894));
#268648=CARTESIAN_POINT('',(821.420416054268,758.989999915571,866.160357307227));
#268649=CARTESIAN_POINT('',(821.420416054268,541.099999915571,866.160357307227));
#268650=CARTESIAN_POINT('',(821.420416054268,541.099999915571,866.160357307227));
#268651=CARTESIAN_POINT('',(821.420416054268,541.099999915571,776.1));
#268652=CARTESIAN_POINT('',(821.420416054268,758.989999915571,866.160357307227));
#268653=CARTESIAN_POINT('',(821.420416054268,758.989999915571,866.160357307227));
#268654=CARTESIAN_POINT('',(821.420416054268,758.989999915571,866.160357307227));
#268655=CARTESIAN_POINT('',(821.420416054268,758.989999915571,776.1));
#268656=CARTESIAN_POINT('',(821.420416054268,758.989999915571,776.1));
#268657=CARTESIAN_POINT('',(821.420416054268,758.989999915571,776.1));
#268658=CARTESIAN_POINT('',(821.420416054268,541.099999915571,776.1));
#268659=CARTESIAN_POINT('',(823.420416054268,541.099999915571,776.1));
#268660=CARTESIAN_POINT('',(821.420416054268,758.989999915571,776.1));
#268661=CARTESIAN_POINT('',(823.420416054268,758.989999915571,776.1));
#268662=CARTESIAN_POINT('',(823.420416054268,758.989999915571,776.1));
#268663=CARTESIAN_POINT('',(823.420416054268,758.989999915571,776.1));
#268664=CARTESIAN_POINT('',(823.420416054268,541.099999915571,776.1));
#268665=CARTESIAN_POINT('',(823.420416054268,541.099999915571,866.160357307227));
#268666=CARTESIAN_POINT('',(823.420416054268,758.989999915571,776.1));
#268667=CARTESIAN_POINT('',(823.420416054268,758.989999915571,866.160357307227));
#268668=CARTESIAN_POINT('',(823.420416054268,758.989999915571,866.160357307227));
#268669=CARTESIAN_POINT('',(823.420416054268,758.989999915571,866.160357307227));
#268670=CARTESIAN_POINT('',(823.420416054268,541.099999915571,866.160357307227));
#268671=CARTESIAN_POINT('',(823.420416054268,758.989999915571,866.160357307227));
#268672=CARTESIAN_POINT('',(0.,758.989999915571,0.));
#268673=CARTESIAN_POINT('',(0.,541.099999915571,0.));
#268674=CARTESIAN_POINT('',(723.859779988575,1213.49026403507,776.1));
#268675=CARTESIAN_POINT('',(723.859779988575,1438.87026403507,776.1));
#268676=CARTESIAN_POINT('',(723.859779988575,1438.87026403507,776.1));
#268677=CARTESIAN_POINT('',(723.859779988576,1438.87026403507,856.78093228989));
#268678=CARTESIAN_POINT('',(723.859779988576,1213.49026403507,856.78093228989));
#268679=CARTESIAN_POINT('',(723.859779988576,1213.49026403507,856.78093228989));
#268680=CARTESIAN_POINT('',(723.859779988575,1213.49026403507,776.1));
#268681=CARTESIAN_POINT('',(723.859779988575,1213.49026403507,776.1));
#268682=CARTESIAN_POINT('',(723.859779988575,1213.49026403507,776.1));
#268683=CARTESIAN_POINT('',(-297.952095499729,1213.49026403507,11950.2534082894));
#268684=CARTESIAN_POINT('',(-297.952095499729,1438.87026403507,11950.2534082894));
#268685=CARTESIAN_POINT('',(721.875861671588,1438.87026403507,856.598373882596));
#268686=CARTESIAN_POINT('',(721.875861671588,1213.49026403507,856.598373882596));
#268687=CARTESIAN_POINT('',(721.875861671588,1213.49026403507,856.598373882596));
#268688=CARTESIAN_POINT('',(-297.952095499729,1213.49026403507,11950.2534082894));
#268689=CARTESIAN_POINT('',(721.875861671582,1213.49026403507,856.598373882595));
#268690=CARTESIAN_POINT('',(721.875861671583,1438.87026403507,856.598373882595));
#268691=CARTESIAN_POINT('',(721.875861671583,1438.87026403507,776.1));
#268692=CARTESIAN_POINT('',(721.875861671582,1213.49026403507,776.1));
#268693=CARTESIAN_POINT('',(721.875861671582,1213.49026403507,776.1));
#268694=CARTESIAN_POINT('',(721.875861671582,1213.49026403507,856.598373882595));
#268695=CARTESIAN_POINT('',(721.875861671582,1213.49026403507,776.1));
#268696=CARTESIAN_POINT('',(721.875861671583,1438.87026403507,776.1));
#268697=CARTESIAN_POINT('',(721.875861671582,1213.49026403507,776.1));
#268698=CARTESIAN_POINT('',(-297.952095499729,1213.49026403507,11950.2534082894));
#268699=CARTESIAN_POINT('',(-297.952095499729,1438.87026403507,11950.2534082894));
#268700=CARTESIAN_POINT('',(173.817833474945,981.,776.1));
#268701=CARTESIAN_POINT('',(173.817833474945,983.,776.1));
#268702=CARTESIAN_POINT('',(173.817833474945,983.,776.1));
#268703=CARTESIAN_POINT('',(173.817833474965,983.,819.814772783483));
#268704=CARTESIAN_POINT('',(173.817833474965,981.,819.814772783483));
#268705=CARTESIAN_POINT('',(173.817833474965,981.,819.814772783483));
#268706=CARTESIAN_POINT('',(173.817833474945,981.,776.1));
#268707=CARTESIAN_POINT('',(173.817833474945,981.,776.1));
#268708=CARTESIAN_POINT('',(173.817833474945,981.,776.1));
#268709=CARTESIAN_POINT('',(-297.952095499729,981.,11950.2534082894));
#268710=CARTESIAN_POINT('',(-297.952095499729,983.,11950.2534082894));
#268711=CARTESIAN_POINT('',(101.019583945741,983.,816.967609225044));
#268712=CARTESIAN_POINT('',(101.019583945741,981.,816.967609225044));
#268713=CARTESIAN_POINT('',(101.019583945741,981.,816.967609225044));
#268714=CARTESIAN_POINT('',(-297.952095499729,981.,11950.2534082894));
#268715=CARTESIAN_POINT('',(101.01958394574,981.,816.967609225044));
#268716=CARTESIAN_POINT('',(101.01958394574,983.,816.967609225044));
#268717=CARTESIAN_POINT('',(101.019583945732,983.,776.1));
#268718=CARTESIAN_POINT('',(101.019583945732,981.,776.1));
#268719=CARTESIAN_POINT('',(101.019583945732,981.,776.1));
#268720=CARTESIAN_POINT('',(101.01958394574,981.,816.967609225044));
#268721=CARTESIAN_POINT('',(101.019583945732,981.,776.1));
#268722=CARTESIAN_POINT('',(101.019583945732,983.,776.1));
#268723=CARTESIAN_POINT('',(101.019583945732,981.,776.1));
#268724=CARTESIAN_POINT('',(-297.952095499729,981.,11950.2534082894));
#268725=CARTESIAN_POINT('',(-297.952095499729,983.,11950.2534082894));
#268726=CARTESIAN_POINT('',(-297.952095499729,1441.,11950.2534082894));
#268727=CARTESIAN_POINT('',(-297.952095499729,1443.,11950.2534082894));
#268728=CARTESIAN_POINT('',(181.017833474965,1443.,820.122281847736));
#268729=CARTESIAN_POINT('',(449.06783347496,1443.,834.895010542512));
#268730=CARTESIAN_POINT('',(181.017833474965,1441.,820.122281847736));
#268731=CARTESIAN_POINT('',(181.017833474965,1441.,820.122281847736));
#268732=CARTESIAN_POINT('',(-297.952095499729,1441.,11950.2534082894));
#268733=CARTESIAN_POINT('',(449.06783347496,1441.,834.895010542512));
#268734=CARTESIAN_POINT('',(449.06783347496,1441.,834.895010542512));
#268735=CARTESIAN_POINT('',(449.06783347496,1441.,834.895010542512));
#268736=CARTESIAN_POINT('',(449.06783347496,1443.,834.895010542512));
#268737=CARTESIAN_POINT('',(449.06783347496,1443.,776.1));
#268738=CARTESIAN_POINT('',(449.06783347496,1441.,834.895010542512));
#268739=CARTESIAN_POINT('',(449.06783347496,1441.,776.1));
#268740=CARTESIAN_POINT('',(449.06783347496,1441.,776.1));
#268741=CARTESIAN_POINT('',(449.06783347496,1441.,776.1));
#268742=CARTESIAN_POINT('',(449.06783347496,1443.,776.1));
#268743=CARTESIAN_POINT('',(181.017833474948,1443.,776.1));
#268744=CARTESIAN_POINT('',(449.06783347496,1441.,776.1));
#268745=CARTESIAN_POINT('',(181.017833474948,1441.,776.1));
#268746=CARTESIAN_POINT('',(181.017833474948,1441.,776.1));
#268747=CARTESIAN_POINT('',(181.017833474948,1441.,776.1));
#268748=CARTESIAN_POINT('',(181.017833474948,1443.,776.1));
#268749=CARTESIAN_POINT('',(181.017833474948,1441.,776.1));
#268750=CARTESIAN_POINT('',(-297.952095499729,1441.,11950.2534082894));
#268751=CARTESIAN_POINT('',(-297.952095499729,1443.,11950.2534082894));
#268752=CARTESIAN_POINT('',(-297.952095499729,539.,11950.2534082894));
#268753=CARTESIAN_POINT('',(-297.952095499729,537.,11950.2534082894));
#268754=CARTESIAN_POINT('',(101.019583945732,537.,816.967609225042));
#268755=CARTESIAN_POINT('',(458.821804945836,537.,835.554836206933));
#268756=CARTESIAN_POINT('',(458.821804945836,539.,835.554836206933));
#268757=CARTESIAN_POINT('',(458.821804945836,539.,835.554836206933));
#268758=CARTESIAN_POINT('',(-297.952095499729,539.,11950.2534082894));
#268759=CARTESIAN_POINT('',(101.019583945732,539.,816.967609225042));
#268760=CARTESIAN_POINT('',(101.019583945732,539.,816.967609225042));
#268761=CARTESIAN_POINT('',(458.821804945836,539.,835.554836206933));
#268762=CARTESIAN_POINT('',(458.821804945836,537.,835.554836206933));
#268763=CARTESIAN_POINT('',(458.821804945836,537.,776.1));
#268764=CARTESIAN_POINT('',(458.821804945836,539.,776.1));
#268765=CARTESIAN_POINT('',(458.821804945836,539.,776.1));
#268766=CARTESIAN_POINT('',(458.821804945836,539.,835.554836206933));
#268767=CARTESIAN_POINT('',(458.821804945836,539.,776.1));
#268768=CARTESIAN_POINT('',(458.821804945836,537.,776.1));
#268769=CARTESIAN_POINT('',(101.019583945721,537.,776.1));
#268770=CARTESIAN_POINT('',(101.019583945721,539.,776.1));
#268771=CARTESIAN_POINT('',(101.019583945721,539.,776.1));
#268772=CARTESIAN_POINT('',(458.821804945836,539.,776.1));
#268773=CARTESIAN_POINT('',(101.019583945721,539.,776.1));
#268774=CARTESIAN_POINT('',(101.019583945721,537.,776.1));
#268775=CARTESIAN_POINT('',(101.019583945721,539.,776.1));
#268776=CARTESIAN_POINT('',(-297.952095499729,539.,11950.2534082894));
#268777=CARTESIAN_POINT('',(-297.952095499729,537.,11950.2534082894));
#268778=CARTESIAN_POINT('',(-297.952095499729,981.5,11950.2534082894));
#268779=CARTESIAN_POINT('',(-297.952095499729,983.5,11950.2534082894));
#268780=CARTESIAN_POINT('',(726.517833474962,983.5,857.026084860289));
#268781=CARTESIAN_POINT('',(818.820416054268,983.5,865.937902039814));
#268782=CARTESIAN_POINT('',(726.517833474962,981.5,857.026084860289));
#268783=CARTESIAN_POINT('',(726.517833474962,981.5,857.026084860289));
#268784=CARTESIAN_POINT('',(-297.952095499729,981.5,11950.2534082894));
#268785=CARTESIAN_POINT('',(818.820416054268,981.5,865.937902039814));
#268786=CARTESIAN_POINT('',(818.820416054268,981.5,865.937902039814));
#268787=CARTESIAN_POINT('',(818.820416054268,981.5,865.937902039814));
#268788=CARTESIAN_POINT('',(818.820416054268,983.5,865.937902039814));
#268789=CARTESIAN_POINT('',(818.820416054268,983.5,776.1));
#268790=CARTESIAN_POINT('',(818.820416054268,981.5,865.937902039814));
#268791=CARTESIAN_POINT('',(818.820416054268,981.5,776.1));
#268792=CARTESIAN_POINT('',(818.820416054268,981.5,776.1));
#268793=CARTESIAN_POINT('',(818.820416054268,981.5,776.1));
#268794=CARTESIAN_POINT('',(818.820416054268,983.5,776.1));
#268795=CARTESIAN_POINT('',(726.51783347496,983.5,776.1));
#268796=CARTESIAN_POINT('',(818.820416054268,981.5,776.1));
#268797=CARTESIAN_POINT('',(726.51783347496,981.5,776.1));
#268798=CARTESIAN_POINT('',(726.51783347496,981.5,776.1));
#268799=CARTESIAN_POINT('',(726.51783347496,981.5,776.1));
#268800=CARTESIAN_POINT('',(726.51783347496,983.5,776.1));
#268801=CARTESIAN_POINT('',(726.51783347496,981.5,776.1));
#268802=CARTESIAN_POINT('',(-297.952095499729,981.5,11950.2534082894));
#268803=CARTESIAN_POINT('',(-297.952095499729,983.5,11950.2534082894));
#268804=CARTESIAN_POINT('',(-297.952095499729,539.,11950.2534082894));
#268805=CARTESIAN_POINT('',(-297.952095499729,537.,11950.2534082894));
#268806=CARTESIAN_POINT('',(818.820416054268,537.,865.937902039816));
#268807=CARTESIAN_POINT('',(461.021804945836,537.,835.704847817407));
#268808=CARTESIAN_POINT('',(818.820416054268,539.,865.937902039816));
#268809=CARTESIAN_POINT('',(818.820416054268,539.,865.937902039816));
#268810=CARTESIAN_POINT('',(-297.952095499729,539.,11950.2534082894));
#268811=CARTESIAN_POINT('',(461.021804945836,539.,835.704847817407));
#268812=CARTESIAN_POINT('',(461.021804945836,539.,835.704847817407));
#268813=CARTESIAN_POINT('',(461.021804945836,539.,835.704847817407));
#268814=CARTESIAN_POINT('',(461.021804945836,537.,835.704847817407));
#268815=CARTESIAN_POINT('',(461.021804945823,537.,776.1));
#268816=CARTESIAN_POINT('',(461.021804945836,539.,835.704847817407));
#268817=CARTESIAN_POINT('',(461.021804945823,539.,776.1));
#268818=CARTESIAN_POINT('',(461.021804945823,539.,776.1));
#268819=CARTESIAN_POINT('',(461.021804945823,539.,776.1));
#268820=CARTESIAN_POINT('',(461.021804945823,537.,776.1));
#268821=CARTESIAN_POINT('',(818.820416054268,537.,776.1));
#268822=CARTESIAN_POINT('',(461.021804945823,539.,776.1));
#268823=CARTESIAN_POINT('',(818.820416054268,539.,776.1));
#268824=CARTESIAN_POINT('',(818.820416054268,539.,776.1));
#268825=CARTESIAN_POINT('',(818.820416054268,539.,776.1));
#268826=CARTESIAN_POINT('',(818.820416054268,537.,776.1));
#268827=CARTESIAN_POINT('',(818.820416054268,539.,776.1));
#268828=CARTESIAN_POINT('',(-297.952095499729,539.,11950.2534082894));
#268829=CARTESIAN_POINT('',(-297.952095499729,537.,11950.2534082894));
#268830=CARTESIAN_POINT('',(-297.952095499729,1441.,11950.2534082894));
#268831=CARTESIAN_POINT('',(-297.952095499729,1443.,11950.2534082894));
#268832=CARTESIAN_POINT('',(451.267833474959,1443.,835.043082673659));
#268833=CARTESIAN_POINT('',(719.31783347496,1443.,856.36351446715));
#268834=CARTESIAN_POINT('',(451.267833474959,1441.,835.043082673659));
#268835=CARTESIAN_POINT('',(451.267833474959,1441.,835.043082673659));
#268836=CARTESIAN_POINT('',(-297.952095499729,1441.,11950.2534082894));
#268837=CARTESIAN_POINT('',(719.31783347496,1441.,856.36351446715));
#268838=CARTESIAN_POINT('',(719.31783347496,1441.,856.36351446715));
#268839=CARTESIAN_POINT('',(719.31783347496,1441.,856.36351446715));
#268840=CARTESIAN_POINT('',(719.31783347496,1443.,856.36351446715));
#268841=CARTESIAN_POINT('',(719.31783347496,1443.,776.1));
#268842=CARTESIAN_POINT('',(719.31783347496,1441.,856.36351446715));
#268843=CARTESIAN_POINT('',(719.31783347496,1441.,776.1));
#268844=CARTESIAN_POINT('',(719.31783347496,1441.,776.1));
#268845=CARTESIAN_POINT('',(719.31783347496,1441.,776.1));
#268846=CARTESIAN_POINT('',(719.31783347496,1443.,776.1));
#268847=CARTESIAN_POINT('',(451.26783347496,1443.,776.1));
#268848=CARTESIAN_POINT('',(719.31783347496,1441.,776.1));
#268849=CARTESIAN_POINT('',(451.26783347496,1441.,776.1));
#268850=CARTESIAN_POINT('',(451.26783347496,1441.,776.1));
#268851=CARTESIAN_POINT('',(451.26783347496,1441.,776.1));
#268852=CARTESIAN_POINT('',(451.26783347496,1443.,776.1));
#268853=CARTESIAN_POINT('',(451.26783347496,1441.,776.1));
#268854=CARTESIAN_POINT('',(-297.952095499729,1441.,11950.2534082894));
#268855=CARTESIAN_POINT('',(-297.952095499729,1443.,11950.2534082894));
#268856=CARTESIAN_POINT('',(-297.952095499729,1211.48,11950.2534082894));
#268857=CARTESIAN_POINT('',(-297.952095499729,986.1,11950.2534082894));
#268858=CARTESIAN_POINT('',(721.875861671583,986.1,856.598373882595));
#268859=CARTESIAN_POINT('',(723.859779988575,986.1,856.780932289889));
#268860=CARTESIAN_POINT('',(723.859779988575,1211.48,856.780932289889));
#268861=CARTESIAN_POINT('',(723.859779988575,1211.48,856.780932289889));
#268862=CARTESIAN_POINT('',(-297.952095499729,1211.48,11950.2534082894));
#268863=CARTESIAN_POINT('',(721.875861671582,1211.48,856.598373882595));
#268864=CARTESIAN_POINT('',(721.875861671582,1211.48,856.598373882595));
#268865=CARTESIAN_POINT('',(723.859779988575,1211.48,856.780932289889));
#268866=CARTESIAN_POINT('',(723.859779988575,986.1,856.780932289889));
#268867=CARTESIAN_POINT('',(723.859779988575,986.1,776.1));
#268868=CARTESIAN_POINT('',(723.859779988575,1211.48,776.1));
#268869=CARTESIAN_POINT('',(723.859779988575,1211.48,776.1));
#268870=CARTESIAN_POINT('',(723.859779988575,1211.48,856.780932289889));
#268871=CARTESIAN_POINT('',(721.875861671582,1211.48,776.1));
#268872=CARTESIAN_POINT('',(721.875861671583,986.1,776.1));
#268873=CARTESIAN_POINT('',(721.875861671583,986.1,776.1));
#268874=CARTESIAN_POINT('',(721.875861671582,1211.48,776.1));
#268875=CARTESIAN_POINT('',(721.875861671582,1211.48,776.1));
#268876=CARTESIAN_POINT('',(721.875861671582,1211.48,776.1));
#268877=CARTESIAN_POINT('',(721.875861671582,1211.48,776.1));
#268878=CARTESIAN_POINT('',(721.875861671583,986.1,776.1));
#268879=CARTESIAN_POINT('',(721.875861671582,1211.48,776.1));
#268880=CARTESIAN_POINT('',(-297.952095499729,1211.48,11950.2534082894));
#268881=CARTESIAN_POINT('',(-297.952095499729,986.1,11950.2534082894));
#268882=CARTESIAN_POINT('',(821.420416054268,761.01,776.1));
#268883=CARTESIAN_POINT('',(821.420416054268,978.9,776.1));
#268884=CARTESIAN_POINT('',(823.420416054268,978.9,776.1));
#268885=CARTESIAN_POINT('',(821.420416054268,978.9,776.1));
#268886=CARTESIAN_POINT('',(823.420416054268,761.01,776.1));
#268887=CARTESIAN_POINT('',(823.420416054268,761.01,776.1));
#268888=CARTESIAN_POINT('',(821.420416054268,761.01,776.1));
#268889=CARTESIAN_POINT('',(821.420416054268,761.01,776.1));
#268890=CARTESIAN_POINT('',(821.420416054268,761.01,776.1));
#268891=CARTESIAN_POINT('',(821.420416054268,761.01,776.1));
#268892=CARTESIAN_POINT('',(821.420416054268,978.9,776.1));
#268893=CARTESIAN_POINT('',(821.420416054268,978.9,866.160357307227));
#268894=CARTESIAN_POINT('',(821.420416054268,761.01,776.1));
#268895=CARTESIAN_POINT('',(821.420416054268,761.01,866.160357307227));
#268896=CARTESIAN_POINT('',(821.420416054268,761.01,866.160357307227));
#268897=CARTESIAN_POINT('',(821.420416054268,761.01,866.160357307227));
#268898=CARTESIAN_POINT('',(821.420416054268,978.9,866.160357307227));
#268899=CARTESIAN_POINT('',(823.420416054268,978.9,866.160357307227));
#268900=CARTESIAN_POINT('',(821.420416054268,761.01,866.160357307227));
#268901=CARTESIAN_POINT('',(823.420416054268,761.01,866.160357307227));
#268902=CARTESIAN_POINT('',(823.420416054268,761.01,866.160357307227));
#268903=CARTESIAN_POINT('',(823.420416054268,761.01,866.160357307227));
#268904=CARTESIAN_POINT('',(823.420416054268,978.9,866.160357307227));
#268905=CARTESIAN_POINT('',(823.420416054268,761.01,866.160357307227));
#268906=CARTESIAN_POINT('',(0.,761.01,0.));
#268907=CARTESIAN_POINT('',(0.,978.9,0.));
#268908=CARTESIAN_POINT('',(-297.952095499729,1211.48,11950.2534082894));
#268909=CARTESIAN_POINT('',(-297.952095499729,986.1,11950.2534082894));
#268910=CARTESIAN_POINT('',(178.41783347496,986.1,820.01069865291));
#268911=CARTESIAN_POINT('',(176.41783347496,986.1,819.925279472525));
#268912=CARTESIAN_POINT('',(178.41783347496,1211.48,820.01069865291));
#268913=CARTESIAN_POINT('',(178.41783347496,1211.48,820.01069865291));
#268914=CARTESIAN_POINT('',(-297.952095499729,1211.48,11950.2534082894));
#268915=CARTESIAN_POINT('',(176.41783347496,1211.48,819.925279472525));
#268916=CARTESIAN_POINT('',(176.41783347496,1211.48,819.925279472525));
#268917=CARTESIAN_POINT('',(176.41783347496,1211.48,819.925279472525));
#268918=CARTESIAN_POINT('',(176.41783347496,986.1,819.925279472525));
#268919=CARTESIAN_POINT('',(176.41783347496,986.1,776.1));
#268920=CARTESIAN_POINT('',(176.41783347496,1211.48,819.925279472525));
#268921=CARTESIAN_POINT('',(176.41783347496,1211.48,776.1));
#268922=CARTESIAN_POINT('',(176.41783347496,1211.48,776.1));
#268923=CARTESIAN_POINT('',(176.41783347496,1211.48,776.1));
#268924=CARTESIAN_POINT('',(176.41783347496,986.1,776.1));
#268925=CARTESIAN_POINT('',(178.41783347496,986.1,776.1));
#268926=CARTESIAN_POINT('',(176.41783347496,1211.48,776.1));
#268927=CARTESIAN_POINT('',(178.41783347496,1211.48,776.1));
#268928=CARTESIAN_POINT('',(178.41783347496,1211.48,776.1));
#268929=CARTESIAN_POINT('',(178.41783347496,1211.48,776.1));
#268930=CARTESIAN_POINT('',(178.41783347496,986.1,776.1));
#268931=CARTESIAN_POINT('',(178.41783347496,1211.48,776.1));
#268932=CARTESIAN_POINT('',(-297.952095499729,1211.48,11950.2534082894));
#268933=CARTESIAN_POINT('',(-297.952095499729,986.1,11950.2534082894));
#268934=CARTESIAN_POINT('',(96.419583945732,761.01,776.1));
#268935=CARTESIAN_POINT('',(96.419583945732,978.9,776.1));
#268936=CARTESIAN_POINT('',(98.419583945732,978.9,776.1));
#268937=CARTESIAN_POINT('',(96.419583945732,978.9,776.1));
#268938=CARTESIAN_POINT('',(98.419583945732,761.01,776.1));
#268939=CARTESIAN_POINT('',(98.419583945732,761.01,776.1));
#268940=CARTESIAN_POINT('',(96.419583945732,761.01,776.1));
#268941=CARTESIAN_POINT('',(96.419583945732,761.01,776.1));
#268942=CARTESIAN_POINT('',(96.419583945732,761.01,776.1));
#268943=CARTESIAN_POINT('',(96.419583945732,761.01,776.1));
#268944=CARTESIAN_POINT('',(96.419583945732,978.9,776.1));
#268945=CARTESIAN_POINT('',(96.419583945732,978.9,816.803715444914));
#268946=CARTESIAN_POINT('',(96.419583945732,761.01,776.1));
#268947=CARTESIAN_POINT('',(96.419583945732,761.01,816.803715444914));
#268948=CARTESIAN_POINT('',(96.419583945732,761.01,816.803715444914));
#268949=CARTESIAN_POINT('',(-297.952095506395,761.01,11950.2534082892));
#268950=CARTESIAN_POINT('',(-297.952095506395,978.9,11950.2534082892));
#268951=CARTESIAN_POINT('',(98.4195839457216,978.9,816.874739781747));
#268952=CARTESIAN_POINT('',(-297.952095506395,761.01,11950.2534082892));
#268953=CARTESIAN_POINT('',(98.4195839457216,761.01,816.874739781747));
#268954=CARTESIAN_POINT('',(98.4195839457216,761.01,816.874739781747));
#268955=CARTESIAN_POINT('',(98.419583945732,761.01,816.87473978175));
#268956=CARTESIAN_POINT('',(98.419583945732,978.9,816.87473978175));
#268957=CARTESIAN_POINT('',(98.419583945732,761.01,816.87473978175));
#268958=CARTESIAN_POINT('',(-297.952095506395,761.01,11950.2534082892));
#268959=CARTESIAN_POINT('',(-297.952095506395,978.9,11950.2534082892));
#268960=CARTESIAN_POINT('',(95.919583945732,541.,3206.07573283645));
#268961=CARTESIAN_POINT('',(98.9195839457197,541.,776.));
#268962=CARTESIAN_POINT('',(98.919583945732,541.,776.));
#268963=CARTESIAN_POINT('',(95.919583945732,541.,776.));
#268964=CARTESIAN_POINT('',(95.919583945732,541.,3206.07573283645));
#268965=CARTESIAN_POINT('',(95.919583945732,541.,816.886078127101));
#268966=CARTESIAN_POINT('',(-297.952095499729,541.,11950.2534082894));
#268967=CARTESIAN_POINT('',(98.919583945732,541.,816.992615590411));
#268968=CARTESIAN_POINT('',(98.919583945732,541.,3206.07573283645));
#268969=CARTESIAN_POINT('',(95.9238839279232,758.999999957786,3206.07573283645));
#268970=CARTESIAN_POINT('',(95.9238839279124,758.999999957786,776.));
#268971=CARTESIAN_POINT('',(95.9238839279232,758.999999957786,776.));
#268972=CARTESIAN_POINT('',(98.9238839279232,758.999999957786,776.));
#268973=CARTESIAN_POINT('',(98.9238839279232,758.999999957786,3206.07573283645));
#268974=CARTESIAN_POINT('',(98.9238839279232,758.999999957786,818.994039463172));
#268975=CARTESIAN_POINT('',(-297.952095499729,758.999999957786,11950.2534082894));
#268976=CARTESIAN_POINT('',(98.9195839457246,758.999999957786,818.993886151643));
#268977=CARTESIAN_POINT('',(98.919583945732,758.999999957786,816.992615590411));
#268978=CARTESIAN_POINT('',(98.919583945732,758.999999957786,816.992615590411));
#268979=CARTESIAN_POINT('',(-297.952095499729,758.999999957786,11950.2534082894));
#268980=CARTESIAN_POINT('',(95.9238839279232,758.999999957786,816.88623025093));
#268981=CARTESIAN_POINT('',(95.9238839279232,758.999999957786,3206.07573283645));
#268982=CARTESIAN_POINT('',(823.916116072077,760.999999957786,3206.07573283645));
#268983=CARTESIAN_POINT('',(820.920416054268,761.000000042214,776.));
#268984=CARTESIAN_POINT('',(820.916116072077,760.999999957786,776.));
#268985=CARTESIAN_POINT('',(823.916116072077,761.000000042214,776.));
#268986=CARTESIAN_POINT('',(820.916116072077,760.999999957786,3206.07573283645));
#268987=CARTESIAN_POINT('',(820.916116072077,760.999999957786,868.259923168484));
#268988=CARTESIAN_POINT('',(-297.952095499729,760.999999957786,11950.2534082894));
#268989=CARTESIAN_POINT('',(820.920416054268,760.999999957786,868.260357307227));
#268990=CARTESIAN_POINT('',(820.920416054268,761.000000042214,866.260357307227));
#268991=CARTESIAN_POINT('',(820.920416054268,761.000000042214,866.260357307227));
#268992=CARTESIAN_POINT('',(823.916116072077,760.999999957786,866.260357307227));
#268993=CARTESIAN_POINT('',(823.916116072077,761.000000042214,866.260357307227));
#268994=CARTESIAN_POINT('',(823.916116072077,760.999999957786,3206.07573283645));
#268995=CARTESIAN_POINT('',(159.92041606126,389.999999998571,3129.75902721443));
#268996=CARTESIAN_POINT('',(167.252725797835,387.661979446788,821.640270761314));
#268997=CARTESIAN_POINT('',(167.588630103747,390.661364844841,821.6543293923));
#268998=CARTESIAN_POINT('',(166.750017065866,393.54531031686,821.619250678646));
#268999=CARTESIAN_POINT('',(164.873902965782,395.88872319857,821.541015332614));
#269000=CARTESIAN_POINT('',(162.246433732559,397.334724333934,821.432008508047));
#269001=CARTESIAN_POINT('',(159.266450081703,397.666928007068,821.3091682318));
#269002=CARTESIAN_POINT('',(156.384498321875,396.834641253892,821.191168991663));
#269003=CARTESIAN_POINT('',(154.036856717936,394.960594097886,821.095628341756));
#269004=CARTESIAN_POINT('',(152.585410042568,392.327893783953,821.03682106923));
#269005=CARTESIAN_POINT('',(152.253327079811,389.343638523522,821.023394350014));
#269006=CARTESIAN_POINT('',(153.087648205197,386.460696042615,821.057147416649));
#269007=CARTESIAN_POINT('',(154.960504902006,384.116898413871,821.13315544283));
#269008=CARTESIAN_POINT('',(157.587126519154,382.667215682218,821.240313949203));
#269009=CARTESIAN_POINT('',(160.570737753114,382.3321279288,821.362829289563));
#269010=CARTESIAN_POINT('',(163.45738892813,383.165425568269,821.48216631625));
#269011=CARTESIAN_POINT('',(165.802399235803,385.039565235343,821.579692699178));
#269012=CARTESIAN_POINT('',(167.252725797835,387.661979446788,821.640270761314));
#269013=CARTESIAN_POINT('',(167.588630103747,390.661364844841,821.6543293923));
#269014=CARTESIAN_POINT('',(166.750017065866,393.54531031686,821.619250678646));
#269015=CARTESIAN_POINT('',(167.392877213115,390.642124857169,821.64613983486));
#269016=CARTESIAN_POINT('',(159.92041606126,389.999999998571,776.));
#269017=CARTESIAN_POINT('',(152.42041606126,389.999999998571,776.));
#269018=CARTESIAN_POINT('',(739.920416054268,389.999999998571,3129.75902721443));
#269019=CARTESIAN_POINT('',(746.67625459582,393.686863714397,861.015475220267));
#269020=CARTESIAN_POINT('',(747.576063584394,390.80117167906,861.100306885692));
#269021=CARTESIAN_POINT('',(747.296284369178,387.804501317077,861.073921793102));
#269022=CARTESIAN_POINT('',(745.892349975687,385.146801090636,860.941633962303));
#269023=CARTESIAN_POINT('',(743.58350349498,383.233548058058,860.724490345794));
#269024=CARTESIAN_POINT('',(740.723577320402,382.347999568692,860.456226132479));
#269025=CARTESIAN_POINT('',(737.742212929648,382.620311752869,860.177403834652));
#269026=CARTESIAN_POINT('',(735.085290131241,384.013243575079,859.929640752803));
#269027=CARTESIAN_POINT('',(733.160012562398,386.322543898742,859.750527712453));
#269028=CARTESIAN_POINT('',(732.266837123983,389.194164819301,859.667554189258));
#269029=CARTESIAN_POINT('',(732.542515275565,392.188790461778,859.693155764815));
#269030=CARTESIAN_POINT('',(733.943189418634,394.846476278509,859.823345784949));
#269031=CARTESIAN_POINT('',(736.250768773707,396.763375656825,860.038240724303));
#269032=CARTESIAN_POINT('',(739.114250601388,397.652307524063,860.30561314983));
#269033=CARTESIAN_POINT('',(742.099807178769,397.379707570275,860.58521997863));
#269034=CARTESIAN_POINT('',(744.754030624593,395.986302193079,860.834512958807));
#269035=CARTESIAN_POINT('',(746.67625459582,393.686863714397,861.015475220267));
#269036=CARTESIAN_POINT('',(747.576063584394,390.80117167906,861.100306885692));
#269037=CARTESIAN_POINT('',(747.296284369178,387.804501317077,861.073921793102));
#269038=CARTESIAN_POINT('',(747.379465550429,390.782675291286,861.081770759356));
#269039=CARTESIAN_POINT('',(739.920416054268,389.999999998571,776.));
#269040=CARTESIAN_POINT('',(732.420416054268,389.999999998571,776.));
#269041=CARTESIAN_POINT('',(159.92041606126,59.9999999999999,3129.75902721443));
#269042=CARTESIAN_POINT('',(167.252725797835,57.6619794482174,821.640270761314));
#269043=CARTESIAN_POINT('',(167.588630103747,60.6613648462703,821.6543293923));
#269044=CARTESIAN_POINT('',(166.750017065866,63.5453103182895,821.619250678646));
#269045=CARTESIAN_POINT('',(164.873902965782,65.8887231999993,821.541015332614));
#269046=CARTESIAN_POINT('',(162.246433732559,67.3347243353634,821.432008508047));
#269047=CARTESIAN_POINT('',(159.266450081702,67.6669280084971,821.3091682318));
#269048=CARTESIAN_POINT('',(156.384498321875,66.8346412553212,821.191168991663));
#269049=CARTESIAN_POINT('',(154.036856717936,64.960594099315,821.095628341757));
#269050=CARTESIAN_POINT('',(152.585410042568,62.3278937853817,821.03682106923));
#269051=CARTESIAN_POINT('',(152.253327079811,59.3436385249509,821.023394350014));
#269052=CARTESIAN_POINT('',(153.087648205197,56.4606960440436,821.057147416649));
#269053=CARTESIAN_POINT('',(154.960504902006,54.1168984152996,821.13315544283));
#269054=CARTESIAN_POINT('',(157.587126519154,52.6672156836469,821.240313949204));
#269055=CARTESIAN_POINT('',(160.570737753114,52.332127930229,821.362829289563));
#269056=CARTESIAN_POINT('',(163.45738892813,53.1654255696976,821.482166316251));
#269057=CARTESIAN_POINT('',(165.802399235803,55.0395652367723,821.579692699177));
#269058=CARTESIAN_POINT('',(167.252725797835,57.6619794482174,821.640270761314));
#269059=CARTESIAN_POINT('',(167.588630103747,60.6613648462703,821.6543293923));
#269060=CARTESIAN_POINT('',(166.750017065866,63.5453103182895,821.619250678646));
#269061=CARTESIAN_POINT('',(167.392877213115,60.642124858598,821.64613983486));
#269062=CARTESIAN_POINT('',(159.92041606126,59.9999999999999,776.));
#269063=CARTESIAN_POINT('',(152.42041606126,59.9999999999999,776.));
#269064=CARTESIAN_POINT('',(739.920416054268,59.9999999999999,3129.75902721443));
#269065=CARTESIAN_POINT('',(732.816763453137,57.0377277307539,859.718631799092));
#269066=CARTESIAN_POINT('',(732.222946181345,60.0023325247887,859.663478716286));
#269067=CARTESIAN_POINT('',(732.81394814709,62.9529421700909,859.718370200622));
#269068=CARTESIAN_POINT('',(734.486643707138,65.4487574387884,859.87390943708));
#269069=CARTESIAN_POINT('',(736.980991005438,67.110608727644,860.106349629777));
#269070=CARTESIAN_POINT('',(739.916805541616,67.6940107729978,860.380691590821));
#269071=CARTESIAN_POINT('',(742.854019386737,67.113343617917,860.655989368728));
#269072=CARTESIAN_POINT('',(745.352538936217,65.4511000816614,860.890819549119));
#269073=CARTESIAN_POINT('',(747.027598474802,62.9525089734131,861.048589785132));
#269074=CARTESIAN_POINT('',(747.616329388082,60.0025602716456,861.104105001784));
#269075=CARTESIAN_POINT('',(747.029577380464,57.0534555365706,861.048776381179));
#269076=CARTESIAN_POINT('',(745.360209074981,54.55748692209,860.891541618074));
#269077=CARTESIAN_POINT('',(742.867096244118,52.8920007886011,860.657216886266));
#269078=CARTESIAN_POINT('',(739.927816716786,52.3053844457654,860.381721614794));
#269079=CARTESIAN_POINT('',(736.986128309607,52.8864810237637,860.106828672776));
#269080=CARTESIAN_POINT('',(734.48984070572,54.5491334917893,859.874207044342));
#269081=CARTESIAN_POINT('',(732.816763453137,57.0377277307539,859.718631799092));
#269082=CARTESIAN_POINT('',(732.222946181345,60.0023325247887,859.663478716286));
#269083=CARTESIAN_POINT('',(732.81394814709,62.9529421700909,859.718370200622));
#269084=CARTESIAN_POINT('',(732.420416054268,59.9999999999999,859.681819477477));
#269085=CARTESIAN_POINT('',(739.920416054268,59.9999999999999,776.));
#269086=CARTESIAN_POINT('',(732.420416054268,59.9999999999999,776.));
#269087=CARTESIAN_POINT('',(839.920416054268,520.,3122.70816700752));
#269088=CARTESIAN_POINT('',(832.817158301002,517.036435445823,869.467923261722));
#269089=CARTESIAN_POINT('',(832.222747143611,520.002322113961,869.407302181732));
#269090=CARTESIAN_POINT('',(832.814349450162,522.954276098332,869.467636683702));
#269091=CARTESIAN_POINT('',(834.488021535258,525.450132579221,869.638508214337));
#269092=CARTESIAN_POINT('',(836.982352949756,527.11102942217,869.893663351347));
#269093=CARTESIAN_POINT('',(839.916919455228,527.693821601116,870.194616231862));
#269094=CARTESIAN_POINT('',(842.852823267896,527.113679886483,870.49653266629));
#269095=CARTESIAN_POINT('',(845.351190912303,525.452426850085,870.754106261748));
#269096=CARTESIAN_POINT('',(847.027197184531,522.953831463133,870.927233456449));
#269097=CARTESIAN_POINT('',(847.616526394831,520.002576657855,870.988173898829));
#269098=CARTESIAN_POINT('',(847.029190612329,517.05215448411,870.927439581765));
#269099=CARTESIAN_POINT('',(845.358837883001,514.556108916776,870.754895804367));
#269100=CARTESIAN_POINT('',(842.86571144839,512.891561369059,870.497859854581));
#269101=CARTESIAN_POINT('',(839.927633964384,512.305580137862,870.195716083698));
#269102=CARTESIAN_POINT('',(836.987354902358,512.886136853869,869.894175331399));
#269103=CARTESIAN_POINT('',(834.491164359975,514.547820419678,869.638829402465));
#269104=CARTESIAN_POINT('',(832.817158301002,517.036435445823,869.467923261722));
#269105=CARTESIAN_POINT('',(832.222747143611,520.002322113961,869.407302181732));
#269106=CARTESIAN_POINT('',(832.814349450162,522.954276098332,869.467636683702));
#269107=CARTESIAN_POINT('',(832.420416054268,520.,869.42746144539));
#269108=CARTESIAN_POINT('',(839.920416054268,520.,776.));
#269109=CARTESIAN_POINT('',(832.420416054268,520.,776.));
#269110=CARTESIAN_POINT('',(839.920416046583,1000.,3122.70816700752));
#269111=CARTESIAN_POINT('',(832.817158293317,997.036435445823,869.467923260937));
#269112=CARTESIAN_POINT('',(832.222747135926,1000.00232211396,869.407302180949));
#269113=CARTESIAN_POINT('',(832.814349442478,1002.95427609833,869.467636682918));
#269114=CARTESIAN_POINT('',(834.488021527573,1005.45013257922,869.638508213554));
#269115=CARTESIAN_POINT('',(836.982352942071,1007.11102942217,869.89366335056));
#269116=CARTESIAN_POINT('',(839.916919447544,1007.69382160112,870.194616231072));
#269117=CARTESIAN_POINT('',(842.852823260212,1007.11367988648,870.4965326655));
#269118=CARTESIAN_POINT('',(845.351190904619,1005.45242685008,870.754106260953));
#269119=CARTESIAN_POINT('',(847.027197176846,1002.95383146313,870.927233455658));
#269120=CARTESIAN_POINT('',(847.616526387147,1000.00257665786,870.988173898032));
#269121=CARTESIAN_POINT('',(847.029190604644,997.05215448411,870.927439580973));
#269122=CARTESIAN_POINT('',(845.358837875317,994.556108916776,870.754895803573));
#269123=CARTESIAN_POINT('',(842.865711440706,992.891561369059,870.497859853788));
#269124=CARTESIAN_POINT('',(839.9276339567,992.305580137862,870.195716082907));
#269125=CARTESIAN_POINT('',(836.987354894673,992.886136853869,869.894175330613));
#269126=CARTESIAN_POINT('',(834.49116435229,994.547820419678,869.638829401681));
#269127=CARTESIAN_POINT('',(832.817158293317,997.036435445823,869.467923260937));
#269128=CARTESIAN_POINT('',(832.222747135926,1000.00232211396,869.407302180949));
#269129=CARTESIAN_POINT('',(832.814349442478,1002.95427609833,869.467636682918));
#269130=CARTESIAN_POINT('',(832.420416046583,1000.,869.427461444607));
#269131=CARTESIAN_POINT('',(839.920416046583,1000.,776.));
#269132=CARTESIAN_POINT('',(832.420416046583,1000.,776.));
#269133=CARTESIAN_POINT('',(79.920416054268,520.,3122.70816700752));
#269134=CARTESIAN_POINT('',(72.8150856959316,517.043233659951,818.093790295116));
#269135=CARTESIAN_POINT('',(72.2237924302538,520.002379204223,818.074133072283));
#269136=CARTESIAN_POINT('',(72.8122409086612,522.94724952316,818.093695610248));
#269137=CARTESIAN_POINT('',(74.4807474128883,525.442857052764,818.149342087809));
#269138=CARTESIAN_POINT('',(76.9751202259097,527.108785189724,818.233023599878));
#269139=CARTESIAN_POINT('',(79.9162695885935,527.694822990088,818.33245020188));
#269140=CARTESIAN_POINT('',(82.8591069351472,527.111916874215,818.432753182645));
#269141=CARTESIAN_POINT('',(85.3582773829637,525.445442988469,818.518578189819));
#269142=CARTESIAN_POINT('',(87.0292977356998,522.946890030535,818.576293485612));
#269143=CARTESIAN_POINT('',(87.6154916245615,520.002507670352,818.596602643489));
#269144=CARTESIAN_POINT('',(87.0312292693572,517.059016900285,818.576360398252));
#269145=CARTESIAN_POINT('',(85.3660669048712,514.563382190583,818.518846887043));
#269146=CARTESIAN_POINT('',(82.8730108743834,512.893877069086,818.43322909146));
#269147=CARTESIAN_POINT('',(79.9285657417795,512.304544525944,818.332867097917));
#269148=CARTESIAN_POINT('',(76.9808566233708,512.887967965753,818.233216378095));
#269149=CARTESIAN_POINT('',(74.4841846993925,514.554757878739,818.149457061543));
#269150=CARTESIAN_POINT('',(72.8150856959316,517.043233659951,818.093790295116));
#269151=CARTESIAN_POINT('',(72.2237924302538,520.002379204223,818.074133072283));
#269152=CARTESIAN_POINT('',(72.8122409086612,522.94724952316,818.093695610248));
#269153=CARTESIAN_POINT('',(72.420416054268,520.,818.080669699079));
#269154=CARTESIAN_POINT('',(79.920416054268,520.,776.));
#269155=CARTESIAN_POINT('',(72.420416054268,520.,776.));
#269156=CARTESIAN_POINT('',(79.920416054268,1000.,3122.70816700752));
#269157=CARTESIAN_POINT('',(72.8150856959317,997.043233659951,818.093790295116));
#269158=CARTESIAN_POINT('',(72.2237924302538,1000.00237920422,818.074133072283));
#269159=CARTESIAN_POINT('',(72.8122409086613,1002.94724952316,818.093695610248));
#269160=CARTESIAN_POINT('',(74.4807474128882,1005.44285705276,818.149342087809));
#269161=CARTESIAN_POINT('',(76.9751202259096,1007.10878518972,818.233023599879));
#269162=CARTESIAN_POINT('',(79.9162695885935,1007.69482299009,818.33245020188));
#269163=CARTESIAN_POINT('',(82.8591069351471,1007.11191687421,818.432753182645));
#269164=CARTESIAN_POINT('',(85.3582773829638,1005.44544298847,818.518578189819));
#269165=CARTESIAN_POINT('',(87.0292977356997,1002.94689003054,818.576293485612));
#269166=CARTESIAN_POINT('',(87.6154916245615,1000.00250767035,818.596602643488));
#269167=CARTESIAN_POINT('',(87.0312292693572,997.059016900285,818.576360398252));
#269168=CARTESIAN_POINT('',(85.3660669048712,994.563382190583,818.518846887043));
#269169=CARTESIAN_POINT('',(82.8730108743834,992.893877069086,818.43322909146));
#269170=CARTESIAN_POINT('',(79.9285657417795,992.304544525944,818.332867097916));
#269171=CARTESIAN_POINT('',(76.9808566233708,992.887967965753,818.233216378096));
#269172=CARTESIAN_POINT('',(74.4841846993924,994.554757878739,818.149457061543));
#269173=CARTESIAN_POINT('',(72.8150856959317,997.043233659951,818.093790295116));
#269174=CARTESIAN_POINT('',(72.2237924302538,1000.00237920422,818.074133072283));
#269175=CARTESIAN_POINT('',(72.8122409086613,1002.94724952316,818.093695610248));
#269176=CARTESIAN_POINT('',(72.420416054268,1000.,818.080669699079));
#269177=CARTESIAN_POINT('',(79.920416054268,1000.,776.));
#269178=CARTESIAN_POINT('',(72.420416054268,1000.,776.));
#269179=CARTESIAN_POINT('',(740.41783347496,1460.,3129.75902721443));
#269180=CARTESIAN_POINT('',(733.314182744354,1457.03772160591,859.764873851829));
#269181=CARTESIAN_POINT('',(732.72036265902,1460.00233247495,859.709693644797));
#269182=CARTESIAN_POINT('',(733.311367469324,1462.9529484943,859.764612128879));
#269183=CARTESIAN_POINT('',(734.984067662918,1465.44876396405,859.920227468052));
#269184=CARTESIAN_POINT('',(737.478414892552,1467.11061072662,860.152780504087));
#269185=CARTESIAN_POINT('',(740.414223508544,1467.69400987509,860.427254742876));
#269186=CARTESIAN_POINT('',(743.351431137133,1467.11334521193,860.702684840532));
#269187=CARTESIAN_POINT('',(745.849949968138,1465.45110637199,860.93762801323));
#269188=CARTESIAN_POINT('',(747.525013995853,1462.95251523814,861.095474474723));
#269189=CARTESIAN_POINT('',(748.113747742132,1460.00256034561,861.151016601965));
#269190=CARTESIAN_POINT('',(747.526992967224,1457.05344936624,861.095661166523));
#269191=CARTESIAN_POINT('',(745.857619992776,1454.55748038482,860.938350418508));
#269192=CARTESIAN_POINT('',(743.364507095527,1452.89199870362,860.703912865299));
#269193=CARTESIAN_POINT('',(740.425233273133,1452.30538537453,860.428285133004));
#269194=CARTESIAN_POINT('',(737.483551550364,1452.88647938975,860.153259719232));
#269195=CARTESIAN_POINT('',(734.987264402669,1454.54912726322,859.920525195849));
#269196=CARTESIAN_POINT('',(733.314182744354,1457.03772160591,859.764873851829));
#269197=CARTESIAN_POINT('',(732.72036265902,1460.00233247495,859.709693644797));
#269198=CARTESIAN_POINT('',(733.311367469324,1462.9529484943,859.764612128879));
#269199=CARTESIAN_POINT('',(732.91783347496,1460.,859.728043426649));
#269200=CARTESIAN_POINT('',(740.41783347496,1460.,776.));
#269201=CARTESIAN_POINT('',(732.91783347496,1460.,776.));
#269202=CARTESIAN_POINT('',(159.920416054268,1460.,3129.75902721443));
#269203=CARTESIAN_POINT('',(152.81520473785,1457.04284199011,821.04611825242));
#269204=CARTESIAN_POINT('',(152.223732359776,1460.00237576905,821.022198205319));
#269205=CARTESIAN_POINT('',(152.812362148654,1462.9476549337,821.046003181986));
#269206=CARTESIAN_POINT('',(154.481168740575,1465.44327978095,821.113670388046));
#269207=CARTESIAN_POINT('',(156.975543768187,1467.10891773001,821.215304919319));
#269208=CARTESIAN_POINT('',(159.916313849339,1467.69476489422,821.335885058974));
#269209=CARTESIAN_POINT('',(162.858747938609,1467.11201684128,821.457353150881));
#269210=CARTESIAN_POINT('',(165.357870066795,1465.44584472243,821.56116497085));
#269211=CARTESIAN_POINT('',(167.029177349971,1462.94728888273,821.630920410623));
#269212=CARTESIAN_POINT('',(167.615551154212,1460.00251056153,821.655456650218));
#269213=CARTESIAN_POINT('',(167.031111531543,1457.05862043187,821.631001337642));
#269214=CARTESIAN_POINT('',(165.365649981441,1454.56296241406,821.561489335512));
#269215=CARTESIAN_POINT('',(162.872591711369,1452.8937445663,821.457926641773));
#269216=CARTESIAN_POINT('',(159.928517571811,1452.30460461568,821.33638665638));
#269217=CARTESIAN_POINT('',(156.981236496813,1452.88785987497,821.215537203777));
#269218=CARTESIAN_POINT('',(154.484588501694,1454.55435531764,821.113809389316));
#269219=CARTESIAN_POINT('',(152.81520473785,1457.04284199011,821.04611825242));
#269220=CARTESIAN_POINT('',(152.223732359776,1460.00237576905,821.022198205319));
#269221=CARTESIAN_POINT('',(152.812362148654,1462.9476549337,821.046003181986));
#269222=CARTESIAN_POINT('',(152.420416054268,1460.,821.030152375946));
#269223=CARTESIAN_POINT('',(159.920416054268,1460.,776.));
#269224=CARTESIAN_POINT('',(152.420416054268,1460.,776.));
#269225=CARTESIAN_POINT('',(818.920416054268,539.,3206.07573283645));
#269226=CARTESIAN_POINT('',(820.920416054268,539.,3206.07573283645));
#269227=CARTESIAN_POINT('',(820.920416054268,539.,868.260357307227));
#269228=CARTESIAN_POINT('',(820.920416054268,539.,776.));
#269229=CARTESIAN_POINT('',(818.920416054268,539.,776.));
#269230=CARTESIAN_POINT('',(818.920416054268,539.,776.));
#269231=CARTESIAN_POINT('',(818.920416054268,539.,3206.07573283645));
#269232=CARTESIAN_POINT('',(818.920416054268,539.,866.048484113312));
#269233=CARTESIAN_POINT('',(-297.952095499729,539.,11950.2534082894));
#269234=CARTESIAN_POINT('',(460.921804945839,539.,835.79825243867));
#269235=CARTESIAN_POINT('',(460.921804945836,539.,3206.07573283645));
#269236=CARTESIAN_POINT('',(460.921804945836,539.,776.));
#269237=CARTESIAN_POINT('',(818.920416054268,539.,776.));
#269238=CARTESIAN_POINT('',(458.921804945836,539.,776.));
#269239=CARTESIAN_POINT('',(458.921804945836,539.,3206.07573283645));
#269240=CARTESIAN_POINT('',(458.921804945836,539.,835.661877017605));
#269241=CARTESIAN_POINT('',(-297.952095499729,539.,11950.2534082894));
#269242=CARTESIAN_POINT('',(100.919583945732,539.,817.064090239935));
#269243=CARTESIAN_POINT('',(100.919583945732,539.,3206.07573283645));
#269244=CARTESIAN_POINT('',(100.919583945732,539.,776.));
#269245=CARTESIAN_POINT('',(818.920416054268,539.,776.));
#269246=CARTESIAN_POINT('',(98.919583945732,539.,776.));
#269247=CARTESIAN_POINT('',(98.919583945732,539.,3206.07573283645));
#269248=CARTESIAN_POINT('',(98.919583945732,539.,818.993886151643));
#269249=CARTESIAN_POINT('',(-297.952095499729,539.,11950.2534082894));
#269250=CARTESIAN_POINT('',(820.920416054268,539.,3206.07573283645));
#269251=CARTESIAN_POINT('',(820.920416054268,541.,3206.07573283645));
#269252=CARTESIAN_POINT('',(820.920416054268,541.,866.260357307227));
#269253=CARTESIAN_POINT('',(820.920416054268,541.,776.));
#269254=CARTESIAN_POINT('',(820.920416054268,539.,776.));
#269255=CARTESIAN_POINT('',(820.920416054268,1020.,868.260357307227));
#269256=CARTESIAN_POINT('',(820.920416054264,758.999999957786,868.260357307229));
#269257=CARTESIAN_POINT('',(820.920416054268,758.999999957786,866.260357307227));
#269258=CARTESIAN_POINT('',(820.920416054268,758.999999957786,866.260357307227));
#269259=CARTESIAN_POINT('',(820.920416054268,-1672.07573287866,866.260357307227));
#269260=CARTESIAN_POINT('',(823.920416054268,541.,3206.07573283645));
#269261=CARTESIAN_POINT('',(823.920416054268,536.,3206.07573283645));
#269262=CARTESIAN_POINT('',(823.920416054268,536.,868.563656859438));
#269263=CARTESIAN_POINT('',(823.920416054268,536.,776.));
#269264=CARTESIAN_POINT('',(823.920416054268,541.,776.));
#269265=CARTESIAN_POINT('',(823.920416054268,541.,776.));
#269266=CARTESIAN_POINT('',(823.920416054268,541.,3206.07573283645));
#269267=CARTESIAN_POINT('',(823.920416054268,541.,866.260357307227));
#269268=CARTESIAN_POINT('',(823.920416054268,-1672.07573287866,866.260357307227));
#269269=CARTESIAN_POINT('',(823.920416054268,758.999999957786,866.260357307227));
#269270=CARTESIAN_POINT('',(823.920416054268,758.999999957786,866.260357307227));
#269271=CARTESIAN_POINT('',(823.920416054268,758.999999957786,868.563656859438));
#269272=CARTESIAN_POINT('',(823.920416054268,1020.,868.563656859438));
#269273=CARTESIAN_POINT('',(823.920416054268,536.,3206.07573283645));
#269274=CARTESIAN_POINT('',(95.919583945732,536.,3206.07573283645));
#269275=CARTESIAN_POINT('',(95.919583945732,536.,818.887329534325));
#269276=CARTESIAN_POINT('',(95.919583945732,536.,776.));
#269277=CARTESIAN_POINT('',(823.920416054268,536.,776.));
#269278=CARTESIAN_POINT('',(100.919583945721,536.,776.));
#269279=CARTESIAN_POINT('',(100.919583945732,536.,3206.07573283645));
#269280=CARTESIAN_POINT('',(100.919583945732,536.,817.064090239935));
#269281=CARTESIAN_POINT('',(-297.952095499729,536.,11950.2534082894));
#269282=CARTESIAN_POINT('',(458.921804945836,536.,835.661877017605));
#269283=CARTESIAN_POINT('',(458.921804945836,536.,3206.07573283645));
#269284=CARTESIAN_POINT('',(458.921804945836,536.,776.));
#269285=CARTESIAN_POINT('',(823.920416054268,536.,776.));
#269286=CARTESIAN_POINT('',(460.921804945836,536.,776.));
#269287=CARTESIAN_POINT('',(460.921804945836,536.,3206.07573283645));
#269288=CARTESIAN_POINT('',(460.921804945836,536.,835.79825243867));
#269289=CARTESIAN_POINT('',(-297.952095499729,536.,11950.2534082894));
#269290=CARTESIAN_POINT('',(818.920416054268,536.,866.048484113312));
#269291=CARTESIAN_POINT('',(818.920416054268,536.,3206.07573283645));
#269292=CARTESIAN_POINT('',(818.920416054268,536.,776.));
#269293=CARTESIAN_POINT('',(823.920416054268,536.,776.));
#269294=CARTESIAN_POINT('',(-297.952095499729,536.,11950.2534082894));
#269295=CARTESIAN_POINT('',(820.920416054268,981.,3206.07573283645));
#269296=CARTESIAN_POINT('',(721.41783347496,981.,3206.07573283645));
#269297=CARTESIAN_POINT('',(721.41783347496,981.,858.665125855254));
#269298=CARTESIAN_POINT('',(721.41783347496,981.,776.));
#269299=CARTESIAN_POINT('',(820.920416054268,981.,776.));
#269300=CARTESIAN_POINT('',(726.41783347496,981.,776.));
#269301=CARTESIAN_POINT('',(726.41783347496,981.,3206.07573283645));
#269302=CARTESIAN_POINT('',(726.41783347496,981.,857.117275670872));
#269303=CARTESIAN_POINT('',(-297.952095499729,981.,11950.2534082894));
#269304=CARTESIAN_POINT('',(818.920416054268,981.,866.048484113312));
#269305=CARTESIAN_POINT('',(818.920416054268,981.,3206.07573283645));
#269306=CARTESIAN_POINT('',(818.920416054268,981.,776.));
#269307=CARTESIAN_POINT('',(820.920416054268,981.,776.));
#269308=CARTESIAN_POINT('',(820.920416054268,981.,776.));
#269309=CARTESIAN_POINT('',(820.920416054268,981.,3206.07573283645));
#269310=CARTESIAN_POINT('',(820.920416054268,981.,868.260357307227));
#269311=CARTESIAN_POINT('',(-297.952095499729,981.,11950.2534082894));
#269312=CARTESIAN_POINT('',(818.920416054268,984.,3206.07573283645));
#269313=CARTESIAN_POINT('',(823.920416054268,984.,3206.07573283645));
#269314=CARTESIAN_POINT('',(823.920416054268,984.,868.563656859438));
#269315=CARTESIAN_POINT('',(823.920416054268,984.,776.));
#269316=CARTESIAN_POINT('',(818.920416054268,984.,776.));
#269317=CARTESIAN_POINT('',(818.920416054268,984.,776.));
#269318=CARTESIAN_POINT('',(818.920416054268,984.,3206.07573283645));
#269319=CARTESIAN_POINT('',(818.920416054268,984.,866.048484113312));
#269320=CARTESIAN_POINT('',(-297.952095499729,984.,11950.2534082894));
#269321=CARTESIAN_POINT('',(726.417833474962,984.,857.117275670872));
#269322=CARTESIAN_POINT('',(726.41783347496,984.,3206.07573283645));
#269323=CARTESIAN_POINT('',(726.41783347496,984.,776.));
#269324=CARTESIAN_POINT('',(818.920416054268,984.,776.));
#269325=CARTESIAN_POINT('',(724.41783347496,984.,776.));
#269326=CARTESIAN_POINT('',(724.41783347496,984.,3206.07573283645));
#269327=CARTESIAN_POINT('',(724.41783347496,984.,858.941249331084));
#269328=CARTESIAN_POINT('',(-297.952095499729,984.,11950.2534082894));
#269329=CARTESIAN_POINT('',(823.920416054268,984.,3206.07573283645));
#269330=CARTESIAN_POINT('',(823.920416054268,979.,3206.07573283645));
#269331=CARTESIAN_POINT('',(823.920416054268,979.,866.260357307227));
#269332=CARTESIAN_POINT('',(823.920416054268,979.,776.));
#269333=CARTESIAN_POINT('',(823.920416054268,984.,776.));
#269334=CARTESIAN_POINT('',(823.920416054268,1020.,868.563656859438));
#269335=CARTESIAN_POINT('',(823.920416054254,761.000000042214,868.56365685944));
#269336=CARTESIAN_POINT('',(823.920416054268,761.000000042214,868.563656859438));
#269337=CARTESIAN_POINT('',(823.920416054268,761.000000042214,866.260357307227));
#269338=CARTESIAN_POINT('',(823.920416054268,3192.07573287866,866.260357307227));
#269339=CARTESIAN_POINT('',(820.920416054268,979.,3206.07573283645));
#269340=CARTESIAN_POINT('',(820.920416054268,979.,776.));
#269341=CARTESIAN_POINT('',(820.920416054268,979.,776.));
#269342=CARTESIAN_POINT('',(820.920416054268,979.,3206.07573283645));
#269343=CARTESIAN_POINT('',(820.920416054268,979.,866.260357307227));
#269344=CARTESIAN_POINT('',(820.920416054268,3192.07573287866,866.260357307227));
#269345=CARTESIAN_POINT('',(820.920416054268,1020.,868.260357307227));
#269346=CARTESIAN_POINT('',(95.919583945732,536.,3206.07573283645));
#269347=CARTESIAN_POINT('',(95.919583945732,536.,776.));
#269348=CARTESIAN_POINT('',(95.919583945732,1020.,818.887329534325));
#269349=CARTESIAN_POINT('',(95.9195839457163,758.999999957786,818.887329534325));
#269350=CARTESIAN_POINT('',(95.9195839457288,758.999999957786,816.886078127101));
#269351=CARTESIAN_POINT('',(95.9195839457307,758.999999957786,816.886078127101));
#269352=CARTESIAN_POINT('',(95.9195839457307,758.999999957786,816.886078127101));
#269353=CARTESIAN_POINT('',(98.919583945732,541.,3206.07573283645));
#269354=CARTESIAN_POINT('',(98.919583945732,541.,776.));
#269355=CARTESIAN_POINT('',(98.919583945732,758.999999957786,816.992615590411));
#269356=CARTESIAN_POINT('',(98.919583945732,1020.,818.993886151643));
#269357=CARTESIAN_POINT('',(100.919583945732,981.,3206.07573283645));
#269358=CARTESIAN_POINT('',(98.919583945732,981.,3206.07573283645));
#269359=CARTESIAN_POINT('',(98.919583945732,981.,818.993886151643));
#269360=CARTESIAN_POINT('',(98.919583945732,981.,776.));
#269361=CARTESIAN_POINT('',(100.919583945732,981.,776.));
#269362=CARTESIAN_POINT('',(100.919583945736,981.,776.));
#269363=CARTESIAN_POINT('',(100.919583945732,981.,3206.07573283645));
#269364=CARTESIAN_POINT('',(100.91958394574,981.,817.064090239935));
#269365=CARTESIAN_POINT('',(-297.952095499729,981.,11950.2534082894));
#269366=CARTESIAN_POINT('',(173.917833474965,981.,819.919101615419));
#269367=CARTESIAN_POINT('',(173.91783347496,981.,3206.07573283645));
#269368=CARTESIAN_POINT('',(173.917833474962,981.,776.));
#269369=CARTESIAN_POINT('',(100.919583945732,981.,776.));
#269370=CARTESIAN_POINT('',(178.91783347496,981.,776.));
#269371=CARTESIAN_POINT('',(178.91783347496,981.,3206.07573283645));
#269372=CARTESIAN_POINT('',(178.91783347496,981.,822.134036626999));
#269373=CARTESIAN_POINT('',(-297.952095499729,981.,11950.2534082894));
#269374=CARTESIAN_POINT('',(98.919583945732,981.,3206.07573283645));
#269375=CARTESIAN_POINT('',(98.919583945732,979.,3206.07573283645));
#269376=CARTESIAN_POINT('',(98.919583945732,979.,816.992615590411));
#269377=CARTESIAN_POINT('',(98.919583945732,979.,776.));
#269378=CARTESIAN_POINT('',(98.919583945732,981.,776.));
#269379=CARTESIAN_POINT('',(98.919583945732,1020.,818.993886151643));
#269380=CARTESIAN_POINT('',(98.9195839457246,760.999999957786,818.993886151643));
#269381=CARTESIAN_POINT('',(98.9195839457269,760.999999957786,816.992615590411));
#269382=CARTESIAN_POINT('',(98.9195839457269,760.999999957786,816.992615590411));
#269383=CARTESIAN_POINT('',(98.9195839457269,760.999999957786,816.992615590411));
#269384=CARTESIAN_POINT('',(95.919583945732,979.,3206.07573283645));
#269385=CARTESIAN_POINT('',(95.919583945732,984.,3206.07573283645));
#269386=CARTESIAN_POINT('',(95.919583945732,984.,818.887329534325));
#269387=CARTESIAN_POINT('',(95.919583945732,984.,776.));
#269388=CARTESIAN_POINT('',(95.919583945732,979.,776.));
#269389=CARTESIAN_POINT('',(95.919583945732,979.,776.));
#269390=CARTESIAN_POINT('',(95.919583945732,979.,3206.07573283645));
#269391=CARTESIAN_POINT('',(95.919583945732,979.,816.886078127101));
#269392=CARTESIAN_POINT('',(95.9195839457258,760.999999957786,816.886078127101));
#269393=CARTESIAN_POINT('',(95.9195839457258,760.999999957786,816.886078127101));
#269394=CARTESIAN_POINT('',(95.919583945732,760.999999957786,818.887329534325));
#269395=CARTESIAN_POINT('',(95.9195839457261,760.999999957786,818.887329534325));
#269396=CARTESIAN_POINT('',(95.919583945732,1020.,818.887329534325));
#269397=CARTESIAN_POINT('',(95.919583945732,984.,3206.07573283645));
#269398=CARTESIAN_POINT('',(175.91783347496,984.,3206.07573283645));
#269399=CARTESIAN_POINT('',(175.91783347496,984.,822.005883654542));
#269400=CARTESIAN_POINT('',(175.91783347496,984.,776.));
#269401=CARTESIAN_POINT('',(95.919583945732,984.,776.));
#269402=CARTESIAN_POINT('',(173.917833474945,984.,776.));
#269403=CARTESIAN_POINT('',(173.91783347496,984.,3206.07573283645));
#269404=CARTESIAN_POINT('',(173.91783347496,984.,819.919101615419));
#269405=CARTESIAN_POINT('',(-297.952095499729,984.,11950.2534082894));
#269406=CARTESIAN_POINT('',(100.91958394574,984.,817.064090239935));
#269407=CARTESIAN_POINT('',(100.919583945732,984.,3206.07573283645));
#269408=CARTESIAN_POINT('',(100.919583945732,984.,776.));
#269409=CARTESIAN_POINT('',(95.919583945732,984.,776.));
#269410=CARTESIAN_POINT('',(-297.952095499729,984.,11950.2534082894));
#269411=CARTESIAN_POINT('',(721.41783347496,981.,3206.07573283645));
#269412=CARTESIAN_POINT('',(721.41783347496,1441.,3206.07573283645));
#269413=CARTESIAN_POINT('',(721.41783347496,1441.,858.665125855254));
#269414=CARTESIAN_POINT('',(721.41783347496,1441.,776.));
#269415=CARTESIAN_POINT('',(721.41783347496,981.,776.));
#269416=CARTESIAN_POINT('',(721.41783347496,1439.,776.));
#269417=CARTESIAN_POINT('',(721.41783347496,1439.,3206.07573283645));
#269418=CARTESIAN_POINT('',(721.417833474958,1439.,856.656698651154));
#269419=CARTESIAN_POINT('',(721.417833474958,3644.56086485398,856.656698651154));
#269420=CARTESIAN_POINT('',(721.417833474958,1213.48513201753,856.656698651154));
#269421=CARTESIAN_POINT('',(721.41783347496,1213.48513201753,3206.07573283645));
#269422=CARTESIAN_POINT('',(721.41783347496,1213.48513201753,776.));
#269423=CARTESIAN_POINT('',(721.41783347496,981.,776.));
#269424=CARTESIAN_POINT('',(721.41783347496,1211.48513201753,776.));
#269425=CARTESIAN_POINT('',(721.41783347496,1211.48513201753,3206.07573283645));
#269426=CARTESIAN_POINT('',(721.41783347496,1211.48513201753,856.656698651156));
#269427=CARTESIAN_POINT('',(721.417833474958,1211.48513201753,856.656698651154));
#269428=CARTESIAN_POINT('',(721.417833474958,986.,856.656698651154));
#269429=CARTESIAN_POINT('',(721.41783347496,986.,3206.07573283645));
#269430=CARTESIAN_POINT('',(721.417833474958,986.,776.));
#269431=CARTESIAN_POINT('',(721.41783347496,981.,776.));
#269432=CARTESIAN_POINT('',(721.41783347496,1020.,858.665125855254));
#269433=CARTESIAN_POINT('',(724.41783347496,984.,3206.07573283645));
#269434=CARTESIAN_POINT('',(724.41783347496,984.,776.));
#269435=CARTESIAN_POINT('',(724.41783347496,986.,776.));
#269436=CARTESIAN_POINT('',(724.41783347496,986.,3206.07573283645));
#269437=CARTESIAN_POINT('',(724.417833474962,986.,856.932772135289));
#269438=CARTESIAN_POINT('',(724.417833474962,1211.48513201753,856.932772135289));
#269439=CARTESIAN_POINT('',(724.417833474962,1211.48513201753,856.932772135289));
#269440=CARTESIAN_POINT('',(724.41783347496,1211.48513201753,3206.07573283645));
#269441=CARTESIAN_POINT('',(724.41783347496,1211.48513201753,776.));
#269442=CARTESIAN_POINT('',(724.41783347496,984.,776.));
#269443=CARTESIAN_POINT('',(724.41783347496,1213.48513201753,776.));
#269444=CARTESIAN_POINT('',(724.41783347496,1213.48513201753,3206.07573283645));
#269445=CARTESIAN_POINT('',(724.417833474962,1213.48513201753,856.932772135289));
#269446=CARTESIAN_POINT('',(724.417833474962,3644.56086485398,856.932772135289));
#269447=CARTESIAN_POINT('',(724.417833474962,1439.,856.932772135289));
#269448=CARTESIAN_POINT('',(724.41783347496,1439.,3206.07573283645));
#269449=CARTESIAN_POINT('',(724.41783347496,1439.,776.));
#269450=CARTESIAN_POINT('',(724.41783347496,984.,776.));
#269451=CARTESIAN_POINT('',(724.41783347496,1444.,776.));
#269452=CARTESIAN_POINT('',(724.41783347496,1444.,3206.07573283645));
#269453=CARTESIAN_POINT('',(724.41783347496,1444.,858.941249331084));
#269454=CARTESIAN_POINT('',(724.41783347496,1020.,858.941249331084));
#269455=CARTESIAN_POINT('',(721.41783347496,1441.,3206.07573283645));
#269456=CARTESIAN_POINT('',(178.91783347496,1441.,3206.07573283645));
#269457=CARTESIAN_POINT('',(178.91783347496,1441.,822.134036626999));
#269458=CARTESIAN_POINT('',(178.91783347496,1441.,776.));
#269459=CARTESIAN_POINT('',(721.41783347496,1441.,776.));
#269460=CARTESIAN_POINT('',(180.917833474956,1441.,776.));
#269461=CARTESIAN_POINT('',(180.91783347496,1441.,3206.07573283645));
#269462=CARTESIAN_POINT('',(180.917833474965,1441.,820.218071448904));
#269463=CARTESIAN_POINT('',(-297.952095499729,1441.,11950.2534082894));
#269464=CARTESIAN_POINT('',(449.16783347496,1441.,835.001957245963));
#269465=CARTESIAN_POINT('',(449.16783347496,1441.,3206.07573283645));
#269466=CARTESIAN_POINT('',(449.16783347496,1441.,776.));
#269467=CARTESIAN_POINT('',(721.41783347496,1441.,776.));
#269468=CARTESIAN_POINT('',(451.16783347496,1441.,776.));
#269469=CARTESIAN_POINT('',(451.16783347496,1441.,3206.07573283645));
#269470=CARTESIAN_POINT('',(451.16783347496,1441.,835.136569487959));
#269471=CARTESIAN_POINT('',(-297.952095499729,1441.,11950.2534082894));
#269472=CARTESIAN_POINT('',(719.41783347496,1441.,856.473104181498));
#269473=CARTESIAN_POINT('',(719.41783347496,1441.,3206.07573283645));
#269474=CARTESIAN_POINT('',(719.41783347496,1441.,776.));
#269475=CARTESIAN_POINT('',(721.41783347496,1441.,776.));
#269476=CARTESIAN_POINT('',(-297.952095499729,1441.,11950.2534082894));
#269477=CARTESIAN_POINT('',(719.41783347496,1444.,3206.07573283645));
#269478=CARTESIAN_POINT('',(719.41783347496,1444.,776.));
#269479=CARTESIAN_POINT('',(719.41783347496,1444.,776.));
#269480=CARTESIAN_POINT('',(719.41783347496,1444.,3206.07573283645));
#269481=CARTESIAN_POINT('',(719.41783347496,1444.,856.473104181498));
#269482=CARTESIAN_POINT('',(-297.952095499729,1444.,11950.2534082894));
#269483=CARTESIAN_POINT('',(451.167833474959,1444.,835.136569487959));
#269484=CARTESIAN_POINT('',(451.16783347496,1444.,3206.07573283645));
#269485=CARTESIAN_POINT('',(451.16783347496,1444.,776.));
#269486=CARTESIAN_POINT('',(719.41783347496,1444.,776.));
#269487=CARTESIAN_POINT('',(449.16783347496,1444.,776.));
#269488=CARTESIAN_POINT('',(449.16783347496,1444.,3206.07573283645));
#269489=CARTESIAN_POINT('',(449.16783347496,1444.,835.001957245963));
#269490=CARTESIAN_POINT('',(-297.952095499729,1444.,11950.2534082894));
#269491=CARTESIAN_POINT('',(180.917833474965,1444.,820.218071448904));
#269492=CARTESIAN_POINT('',(180.91783347496,1444.,3206.07573283645));
#269493=CARTESIAN_POINT('',(180.917833474947,1444.,776.));
#269494=CARTESIAN_POINT('',(719.41783347496,1444.,776.));
#269495=CARTESIAN_POINT('',(175.91783347496,1444.,776.));
#269496=CARTESIAN_POINT('',(175.91783347496,1444.,3206.07573283645));
#269497=CARTESIAN_POINT('',(175.91783347496,1444.,822.005883654542));
#269498=CARTESIAN_POINT('',(-297.952095499729,1444.,11950.2534082894));
#269499=CARTESIAN_POINT('',(175.91783347496,984.,3206.07573283645));
#269500=CARTESIAN_POINT('',(175.91783347496,984.,776.));
#269501=CARTESIAN_POINT('',(175.91783347496,1439.,776.));
#269502=CARTESIAN_POINT('',(175.91783347496,1439.,3206.07573283645));
#269503=CARTESIAN_POINT('',(175.91783347496,1439.,820.004071522146));
#269504=CARTESIAN_POINT('',(175.917833474965,1439.,820.004071522146));
#269505=CARTESIAN_POINT('',(175.917833474965,1213.48513201753,820.004071522146));
#269506=CARTESIAN_POINT('',(175.91783347496,1213.48513201753,3206.07573283645));
#269507=CARTESIAN_POINT('',(175.91783347496,1213.48513201753,776.));
#269508=CARTESIAN_POINT('',(175.91783347496,984.,776.));
#269509=CARTESIAN_POINT('',(175.91783347496,1211.48513201753,776.));
#269510=CARTESIAN_POINT('',(175.91783347496,1211.48513201753,3206.07573283645));
#269511=CARTESIAN_POINT('',(175.91783347496,1211.48513201753,820.004071522146));
#269512=CARTESIAN_POINT('',(175.917833474965,1211.48513201753,820.004071522146));
#269513=CARTESIAN_POINT('',(175.917833474965,986.,820.004071522146));
#269514=CARTESIAN_POINT('',(175.91783347496,986.,3206.07573283645));
#269515=CARTESIAN_POINT('',(175.917833474965,986.,776.));
#269516=CARTESIAN_POINT('',(175.91783347496,984.,776.));
#269517=CARTESIAN_POINT('',(175.91783347496,1020.,822.005883654542));
#269518=CARTESIAN_POINT('',(178.91783347496,986.,3206.07573283645));
#269519=CARTESIAN_POINT('',(178.91783347496,986.,776.));
#269520=CARTESIAN_POINT('',(178.91783347496,986.,776.));
#269521=CARTESIAN_POINT('',(178.91783347496,986.,3206.07573283645));
#269522=CARTESIAN_POINT('',(178.917833474961,986.,820.132201445603));
#269523=CARTESIAN_POINT('',(178.917833474961,1211.48513201753,820.132201445603));
#269524=CARTESIAN_POINT('',(178.917833474961,1211.48513201753,820.132201445603));
#269525=CARTESIAN_POINT('',(178.91783347496,1211.48513201753,3206.07573283645));
#269526=CARTESIAN_POINT('',(178.91783347496,1211.48513201753,776.));
#269527=CARTESIAN_POINT('',(178.91783347496,986.,776.));
#269528=CARTESIAN_POINT('',(178.91783347496,1213.48513201753,776.));
#269529=CARTESIAN_POINT('',(178.91783347496,1213.48513201753,3206.07573283645));
#269530=CARTESIAN_POINT('',(178.91783347496,1213.48513201753,820.132201445603));
#269531=CARTESIAN_POINT('',(178.917833474967,1439.,820.132201445603));
#269532=CARTESIAN_POINT('',(178.91783347496,1439.,820.132201445603));
#269533=CARTESIAN_POINT('',(178.91783347496,1439.,3206.07573283645));
#269534=CARTESIAN_POINT('',(178.91783347496,1439.,776.));
#269535=CARTESIAN_POINT('',(178.91783347496,986.,776.));
#269536=CARTESIAN_POINT('',(178.91783347496,1020.,822.134036626999));
#269537=CARTESIAN_POINT('',(823.916116072077,758.999999957786,3206.07573283645));
#269538=CARTESIAN_POINT('',(823.916116072077,758.999999957786,776.));
#269539=CARTESIAN_POINT('',(823.916116072077,758.999999957786,776.));
#269540=CARTESIAN_POINT('',(823.916116072077,760.999999957786,3206.07573283645));
#269541=CARTESIAN_POINT('',(823.916116072077,761.000000042214,868.563221544738));
#269542=CARTESIAN_POINT('',(823.916116072077,1020.,868.563221544736));
#269543=CARTESIAN_POINT('',(823.916116072077,758.999999957786,868.563221544738));
#269544=CARTESIAN_POINT('',(823.916116072077,758.999999957786,3206.07573283645));
#269545=CARTESIAN_POINT('',(823.916116072077,758.999999957786,866.260357307227));
#269546=CARTESIAN_POINT('',(823.916116072077,758.999999957786,3206.07573283645));
#269547=CARTESIAN_POINT('',(820.916116072077,760.999999957786,3206.07573283645));
#269548=CARTESIAN_POINT('',(820.916116072077,760.999999957786,776.));
#269549=CARTESIAN_POINT('',(820.916116072063,758.999999957786,776.));
#269550=CARTESIAN_POINT('',(820.916116072077,758.999999957786,3206.07573283645));
#269551=CARTESIAN_POINT('',(820.916116072077,758.999999957786,868.259923168484));
#269552=CARTESIAN_POINT('',(820.916116072077,1020.,868.259923168484));
#269553=CARTESIAN_POINT('',(95.9238839279232,760.999999957786,3206.07573283645));
#269554=CARTESIAN_POINT('',(95.9238839279232,760.999999957786,776.));
#269555=CARTESIAN_POINT('',(95.9238839279232,760.999999957786,776.));
#269556=CARTESIAN_POINT('',(95.9238839279232,758.999999957786,3206.07573283645));
#269557=CARTESIAN_POINT('',(95.9238839279232,758.999999957786,818.887481685504));
#269558=CARTESIAN_POINT('',(95.9238839279232,1020.,818.887481685504));
#269559=CARTESIAN_POINT('',(95.9238839279232,760.999999957786,818.887481685504));
#269560=CARTESIAN_POINT('',(95.9238839279232,760.999999957786,3206.07573283645));
#269561=CARTESIAN_POINT('',(95.9238839279232,760.999999957786,816.88623025093));
#269562=CARTESIAN_POINT('',(95.9238839279232,760.999999957786,3206.07573283645));
#269563=CARTESIAN_POINT('',(98.9238839279232,758.999999957786,3206.07573283645));
#269564=CARTESIAN_POINT('',(98.9238839279232,758.999999957786,776.));
#269565=CARTESIAN_POINT('',(98.9238839279232,760.999999957786,776.));
#269566=CARTESIAN_POINT('',(98.9238839279232,760.999999957786,3206.07573283645));
#269567=CARTESIAN_POINT('',(98.9238839279232,760.999999957786,818.994039463172));
#269568=CARTESIAN_POINT('',(98.9238839279232,1020.,818.994039463172));
#269569=CARTESIAN_POINT('',(-297.952095499729,1020.,11950.2534082894));
#269570=CARTESIAN_POINT('',(-297.952095499729,758.999999957786,11950.2534082894));
#269571=CARTESIAN_POINT('',(-297.952095499729,760.999999957786,11950.2534082894));
#269572=CARTESIAN_POINT('',(173.91783347496,981.,3206.07573283645));
#269573=CARTESIAN_POINT('',(173.917833474965,981.,819.919101615419));
#269574=CARTESIAN_POINT('',(173.917833474945,981.,776.));
#269575=CARTESIAN_POINT('',(178.91783347496,1439.,3206.07573283645));
#269576=CARTESIAN_POINT('',(-297.952095499729,1439.,11950.2534082894));
#269577=CARTESIAN_POINT('',(175.917833474965,1439.,776.));
#269578=CARTESIAN_POINT('',(175.91783347496,986.,3206.07573283645));
#269579=CARTESIAN_POINT('',(-297.952095499729,986.,11950.2534082894));
#269580=CARTESIAN_POINT('',(178.917833474961,986.,776.));
#269581=CARTESIAN_POINT('',(98.919583945732,979.,3206.07573283645));
#269582=CARTESIAN_POINT('',(-297.952095499729,979.,11950.2534082894));
#269583=CARTESIAN_POINT('',(95.9195839457352,979.,776.));
#269584=CARTESIAN_POINT('',(98.9238839279232,760.999999957786,3206.07573283645));
#269585=CARTESIAN_POINT('',(-297.952095499729,760.999999957786,11950.2534082894));
#269586=CARTESIAN_POINT('',(98.9238839279232,760.999999957786,776.));
#269587=CARTESIAN_POINT('',(724.41783347496,1439.,3206.07573283645));
#269588=CARTESIAN_POINT('',(-297.952095499729,1439.,11950.2534082894));
#269589=CARTESIAN_POINT('',(721.417833474963,1439.,776.));
#269590=CARTESIAN_POINT('',(721.41783347496,1213.48513201753,3206.07573283645));
#269591=CARTESIAN_POINT('',(-297.952095499729,1213.48513201753,11950.2534082894));
#269592=CARTESIAN_POINT('',(724.41783347496,1213.48513201753,776.));
#269593=CARTESIAN_POINT('',(724.41783347496,1211.48513201753,3206.07573283645));
#269594=CARTESIAN_POINT('',(-297.952095499729,1211.48513201753,11950.2534082894));
#269595=CARTESIAN_POINT('',(724.417833474961,1211.48513201753,776.));
#269596=CARTESIAN_POINT('',(449.16783347496,1441.,3206.07573283645));
#269597=CARTESIAN_POINT('',(449.16783347496,1441.,835.001957245963));
#269598=CARTESIAN_POINT('',(449.16783347496,1444.,776.));
#269599=CARTESIAN_POINT('',(719.41783347496,1441.,3206.07573283645));
#269600=CARTESIAN_POINT('',(719.41783347496,1441.,856.473104181498));
#269601=CARTESIAN_POINT('',(719.41783347496,1444.,776.));
#269602=CARTESIAN_POINT('',(818.920416054268,981.,3206.07573283645));
#269603=CARTESIAN_POINT('',(818.920416054269,981.,866.048484113312));
#269604=CARTESIAN_POINT('',(818.920416054258,981.,776.));
#269605=CARTESIAN_POINT('',(100.919583945732,539.,3206.07573283645));
#269606=CARTESIAN_POINT('',(100.919583945731,539.,817.064090239933));
#269607=CARTESIAN_POINT('',(100.919583945721,536.,776.));
#269608=CARTESIAN_POINT('',(-297.952095499729,1020.,11950.2534082894));
#269609=CARTESIAN_POINT('',(1059.92041605425,1020.,895.));
#269610=CARTESIAN_POINT('',(1059.92041605425,1020.,895.));
#269611=CARTESIAN_POINT('',(1059.92041605425,500.,895.));
#269612=CARTESIAN_POINT('',(-297.952095499729,500.,11950.2534082894));
#269613=CARTESIAN_POINT('',(849.353979253424,500.,871.167956413742));
#269614=CARTESIAN_POINT('',(849.353979253424,40.,871.167956413742));
#269615=CARTESIAN_POINT('',(849.353979253424,40.,871.167956413742));
#269616=CARTESIAN_POINT('',(-297.952095499729,40.,11950.2534082894));
#269617=CARTESIAN_POINT('',(67.9204160542547,40.,817.931863148086));
#269618=CARTESIAN_POINT('',(67.9204160542547,40.,817.931863148086));
#269619=CARTESIAN_POINT('',(67.9204160542547,500.,817.931863148086));
#269620=CARTESIAN_POINT('',(-297.952095499729,500.,11950.2534082894));
#269621=CARTESIAN_POINT('',(-36.079583945732,500.,815.));
#269622=CARTESIAN_POINT('',(-36.079583945732,1020.,815.));
#269623=CARTESIAN_POINT('',(-36.079583945732,1020.,815.));
#269624=CARTESIAN_POINT('',(-297.952095499729,1020.,11950.2534082894));
#269625=CARTESIAN_POINT('',(67.9204160542679,1020.,817.931863148086));
#269626=CARTESIAN_POINT('',(67.9204160542679,1480.,817.931863148086));
#269627=CARTESIAN_POINT('',(67.9204160542679,1480.,817.931863148086));
#269628=CARTESIAN_POINT('',(-297.952095499729,1480.,11950.2534082894));
#269629=CARTESIAN_POINT('',(849.353979253394,1480.,871.167956413739));
#269630=CARTESIAN_POINT('',(849.353979253394,1480.,871.167956413739));
#269631=CARTESIAN_POINT('',(849.353979253394,1020.,871.167956413739));
#269632=CARTESIAN_POINT('',(-297.952095499729,1020.,11950.2534082894));
#269633=CARTESIAN_POINT('',(-297.952095499729,760.999999957786,11950.2534082894));
#269634=CARTESIAN_POINT('',(-297.952095499729,758.999999957786,11950.2534082894));
#269635=CARTESIAN_POINT('',(-297.952095499729,758.999999957786,11950.2534082894));
#269636=CARTESIAN_POINT('',(-297.952095499729,761.000000042214,11950.2534082894));
#269637=CARTESIAN_POINT('',(458.921804945836,539.,3206.07573283645));
#269638=CARTESIAN_POINT('',(458.921804945836,539.,835.661877017605));
#269639=CARTESIAN_POINT('',(458.921804945836,539.,776.));
#269640=CARTESIAN_POINT('',(451.16783347496,1444.,3206.07573283645));
#269641=CARTESIAN_POINT('',(451.167833474959,1441.,835.136569487959));
#269642=CARTESIAN_POINT('',(451.16783347496,1441.,776.));
#269643=CARTESIAN_POINT('',(180.91783347496,1444.,3206.07573283645));
#269644=CARTESIAN_POINT('',(180.917833474965,1441.,820.218071448904));
#269645=CARTESIAN_POINT('',(180.917833474947,1441.,776.));
#269646=CARTESIAN_POINT('',(175.91783347496,1213.48513201753,3206.07573283645));
#269647=CARTESIAN_POINT('',(-297.952095499729,1213.48513201753,11950.2534082894));
#269648=CARTESIAN_POINT('',(178.917833474945,1213.48513201753,776.));
#269649=CARTESIAN_POINT('',(178.91783347496,1211.48513201753,3206.07573283645));
#269650=CARTESIAN_POINT('',(-297.952095499729,1211.48513201753,11950.2534082894));
#269651=CARTESIAN_POINT('',(175.917833474965,1211.48513201753,776.));
#269652=CARTESIAN_POINT('',(818.920416054268,536.,3206.07573283645));
#269653=CARTESIAN_POINT('',(818.920416054268,539.,866.048484113312));
#269654=CARTESIAN_POINT('',(818.920416054268,539.,776.));
#269655=CARTESIAN_POINT('',(820.920416054268,541.,3206.07573283645));
#269656=CARTESIAN_POINT('',(823.920416054268,541.,776.));
#269657=CARTESIAN_POINT('',(820.920416054268,541.,866.260357307227));
#269658=CARTESIAN_POINT('',(823.920416054268,979.,3206.07573283645));
#269659=CARTESIAN_POINT('',(823.920416054268,979.,776.));
#269660=CARTESIAN_POINT('',(823.920416054268,979.,866.260357307227));
#269661=CARTESIAN_POINT('',(820.916116072077,758.999999957786,3206.07573283645));
#269662=CARTESIAN_POINT('',(820.916116072063,758.999999957786,776.));
#269663=CARTESIAN_POINT('',(820.920416054268,758.999999957786,866.260357307227));
#269664=CARTESIAN_POINT('',(-297.952095499729,1020.,11950.2534082894));
#269665=CARTESIAN_POINT('',(1059.92041605425,1020.,895.));
#269666=CARTESIAN_POINT('',(1059.92041605243,1020.,904.887430170405));
#269667=CARTESIAN_POINT('',(849.353979253424,1020.,871.167956413742));
#269668=CARTESIAN_POINT('',(849.353979253397,1020.,881.087850756103));
#269669=CARTESIAN_POINT('',(-297.952095499722,1020.,11975.2534082894));
#269670=CARTESIAN_POINT('',(-297.952095499722,1030.,11975.2534082894));
#269671=CARTESIAN_POINT('',(57.9204160542678,1030.,827.600049728068));
#269672=CARTESIAN_POINT('',(57.9204160542678,1030.,827.600049728067));
#269673=CARTESIAN_POINT('',(57.9204160542679,1030.,842.607701421308));
#269674=CARTESIAN_POINT('',(-297.952095499722,1030.,11975.2534082894));
#269675=CARTESIAN_POINT('',(-35.7207015962409,1030.,825.004298322972));
#269676=CARTESIAN_POINT('',(-46.079583945731,1030.,824.760678280854));
#269677=CARTESIAN_POINT('',(-46.079583945731,1030.,824.760678280854));
#269678=CARTESIAN_POINT('',(-46.079583945731,1030.,839.764825727847));
#269679=CARTESIAN_POINT('',(-46.0795839457311,1030.,839.764825727847));
#269680=CARTESIAN_POINT('',(-36.0795839460668,1030.,839.999999999995));
#269681=CARTESIAN_POINT('',(-36.079583946069,1030.,839.999999999991));
#269682=CARTESIAN_POINT('',(-297.952095499722,1030.,11975.2534082894));
#269683=CARTESIAN_POINT('',(-297.952095499729,500.,11950.2534082894));
#269684=CARTESIAN_POINT('',(1059.92041605425,500.,895.));
#269685=CARTESIAN_POINT('',(1059.92041605243,500.,904.887430170405));
#269686=CARTESIAN_POINT('',(-297.952095499722,500.,11975.2534082894));
#269687=CARTESIAN_POINT('',(849.353979253424,500.,881.087850756108));
#269688=CARTESIAN_POINT('',(849.353979253424,500.,881.087850756108));
#269689=CARTESIAN_POINT('',(-297.952095499729,500.,11950.2534082894));
#269690=CARTESIAN_POINT('',(67.9204160542679,500.,817.931863148086));
#269691=CARTESIAN_POINT('',(67.9204160542679,500.,827.923775035854));
#269692=CARTESIAN_POINT('',(-297.952095499722,500.,11975.2534082894));
#269693=CARTESIAN_POINT('',(-36.079583945732,500.,824.995858133175));
#269694=CARTESIAN_POINT('',(-36.079583945732,500.,815.));
#269695=CARTESIAN_POINT('',(-297.952095499722,490.,11975.2534082894));
#269696=CARTESIAN_POINT('',(1059.92041605243,490.,904.887430170405));
#269697=CARTESIAN_POINT('',(1059.92041605243,490.,904.887430170405));
#269698=CARTESIAN_POINT('',(-297.952095499722,490.,11975.2534082894));
#269699=CARTESIAN_POINT('',(859.353979253426,490.,882.126558908158));
#269700=CARTESIAN_POINT('',(859.353979253424,30.0000000000001,882.12655890816));
#269701=CARTESIAN_POINT('',(859.353979253424,30.0000000000001,882.12655890816));
#269702=CARTESIAN_POINT('',(-297.952095499722,30.0000000000001,11975.2534082894));
#269703=CARTESIAN_POINT('',(57.9204160542679,30.0000000000001,827.600049728068));
#269704=CARTESIAN_POINT('',(57.9204160542679,30.0000000000001,827.600049728068));
#269705=CARTESIAN_POINT('',(57.9204160542679,490.,827.600049728068));
#269706=CARTESIAN_POINT('',(-297.952095499722,490.,11975.2534082894));
#269707=CARTESIAN_POINT('',(-36.0795839457562,490.,824.995858133175));
#269708=CARTESIAN_POINT('',(-36.0795839457562,490.,824.995858133175));
#269709=CARTESIAN_POINT('',(67.9204160542679,40.,827.923775035854));
#269710=CARTESIAN_POINT('',(67.9204160542679,40.,827.923775035854));
#269711=CARTESIAN_POINT('',(-297.952095499722,40.,11975.2534082894));
#269712=CARTESIAN_POINT('',(849.353979253424,40.,881.087850756106));
#269713=CARTESIAN_POINT('',(849.353979253424,40.,881.087850756108));
#269714=CARTESIAN_POINT('',(-297.952095499722,490.,11975.2534082894));
#269715=CARTESIAN_POINT('',(859.000161454032,490.,897.171121437676));
#269716=CARTESIAN_POINT('',(859.000161454032,490.,897.171121437676));
#269717=CARTESIAN_POINT('',(1059.92041605244,490.,904.887430170407));
#269718=CARTESIAN_POINT('',(1069.92041605425,490.,906.114013387693));
#269719=CARTESIAN_POINT('',(1069.92041605425,490.,906.114013387693));
#269720=CARTESIAN_POINT('',(1069.92041605425,490.,921.228259960585));
#269721=CARTESIAN_POINT('',(1059.92041605247,490.,919.999999999782));
#269722=CARTESIAN_POINT('',(1059.92041605246,490.,919.99999999978));
#269723=CARTESIAN_POINT('',(-297.952095499722,490.,11975.2534082894));
#269724=CARTESIAN_POINT('',(-297.952095499722,490.,11975.2534082894));
#269725=CARTESIAN_POINT('',(57.920416054268,490.,842.607701421307));
#269726=CARTESIAN_POINT('',(57.920416054268,490.,842.607701421308));
#269727=CARTESIAN_POINT('',(-297.952095499722,490.,11975.2534082894));
#269728=CARTESIAN_POINT('',(-36.0795839458119,490.,839.999999999998));
#269729=CARTESIAN_POINT('',(-36.0795839457311,490.,840.));
#269730=CARTESIAN_POINT('',(-46.079583945731,490.,839.764825727847));
#269731=CARTESIAN_POINT('',(-46.079583945731,490.,839.764825727847));
#269732=CARTESIAN_POINT('',(-46.079583945731,490.,824.760678280854));
#269733=CARTESIAN_POINT('',(-36.0795839457562,490.,824.995858133175));
#269734=CARTESIAN_POINT('',(-36.079583945732,1020.,815.));
#269735=CARTESIAN_POINT('',(-36.079583945732,-1334.75902721443,824.995858133175));
#269736=CARTESIAN_POINT('',(-36.079583945732,1020.,824.995858133177));
#269737=CARTESIAN_POINT('',(-36.079583945732,1020.,815.));
#269738=CARTESIAN_POINT('',(1059.92041605425,1020.,895.));
#269739=CARTESIAN_POINT('',(1059.92041605243,-1334.75902721443,904.887430170405));
#269740=CARTESIAN_POINT('',(-297.952095499722,1020.,11975.2534082894));
#269741=CARTESIAN_POINT('',(-36.079583945731,1020.,840.));
#269742=CARTESIAN_POINT('',(57.920416054268,30.0000000000001,842.607701421307));
#269743=CARTESIAN_POINT('',(57.920416054268,30.0000000000001,842.607701421307));
#269744=CARTESIAN_POINT('',(-297.952095499722,30.0000000000001,11975.2534082894));
#269745=CARTESIAN_POINT('',(859.000161454032,30.0000000000001,897.171121437676));
#269746=CARTESIAN_POINT('',(859.000161454032,30.0000000000001,897.171121437676));
#269747=CARTESIAN_POINT('',(1059.92041605425,1020.,920.));
#269748=CARTESIAN_POINT('',(1059.9204160537,1030.,919.999999999931));
#269749=CARTESIAN_POINT('',(-297.952095499722,1030.,11975.2534082894));
#269750=CARTESIAN_POINT('',(859.000161454032,1030.,897.171121437676));
#269751=CARTESIAN_POINT('',(859.000161454028,1490.,897.171121437676));
#269752=CARTESIAN_POINT('',(859.000161454028,1490.,897.171121437676));
#269753=CARTESIAN_POINT('',(-297.952095499722,1490.,11975.2534082894));
#269754=CARTESIAN_POINT('',(57.9204160542642,1490.,842.607701421308));
#269755=CARTESIAN_POINT('',(57.9204160542642,1490.,842.607701421308));
#269756=CARTESIAN_POINT('',(-297.952095499729,1020.,11950.2534082894));
#269757=CARTESIAN_POINT('',(-297.952095499722,1020.,11975.2534082894));
#269758=CARTESIAN_POINT('',(-35.7207015962409,1020.,825.004298322972));
#269759=CARTESIAN_POINT('',(67.9204160542424,1020.,827.923775035851));
#269760=CARTESIAN_POINT('',(67.9204160542679,1020.,827.923775035854));
#269761=CARTESIAN_POINT('',(-46.079583945731,1020.,824.760678280854));
#269762=CARTESIAN_POINT('',(1059.92041605247,490.,919.999999999782));
#269763=CARTESIAN_POINT('',(1069.92041605425,490.,921.228259960585));
#269764=CARTESIAN_POINT('',(1069.92041605425,1030.,921.228259960585));
#269765=CARTESIAN_POINT('',(1069.92041605425,1030.,921.228259960585));
#269766=CARTESIAN_POINT('',(-36.0795839457311,490.,840.));
#269767=CARTESIAN_POINT('',(-46.079583945731,490.,839.764825727847));
#269768=CARTESIAN_POINT('',(-46.079583945731,490.,839.764825727847));
#269769=CARTESIAN_POINT('',(-46.079583945731,490.,824.760678280854));
#269770=CARTESIAN_POINT('',(-36.0795839457562,490.,824.995858133175));
#269771=CARTESIAN_POINT('',(-35.7207015962409,1030.,825.004298322972));
#269772=CARTESIAN_POINT('',(1059.92041605244,490.,904.887430170407));
#269773=CARTESIAN_POINT('',(1059.92041605394,1030.,904.887430170589));
#269774=CARTESIAN_POINT('',(1059.92041605394,1030.,904.887430170589));
#269775=CARTESIAN_POINT('',(1059.92041605394,1030.,904.887430170588));
#269776=CARTESIAN_POINT('',(1069.92041605425,1030.,906.114013387693));
#269777=CARTESIAN_POINT('',(1069.92041605425,490.,906.114013387693));
#269778=CARTESIAN_POINT('',(1069.92041605425,490.,906.114013387693));
#269779=CARTESIAN_POINT('',(1069.92041605425,1030.,906.114013387693));
#269780=CARTESIAN_POINT('',(-297.952095499722,1030.,11975.2534082894));
#269781=CARTESIAN_POINT('',(-297.952095499722,1480.,11975.2534082894));
#269782=CARTESIAN_POINT('',(849.353979253397,1480.,881.087850756105));
#269783=CARTESIAN_POINT('',(67.9204160542679,1480.,827.923775035853));
#269784=CARTESIAN_POINT('',(67.9204160542424,1480.,827.923775035853));
#269785=CARTESIAN_POINT('',(57.9204160542688,1490.,827.600049728069));
#269786=CARTESIAN_POINT('',(57.9204160542688,1490.,827.600049728069));
#269787=CARTESIAN_POINT('',(-297.952095499722,1490.,11975.2534082894));
#269788=CARTESIAN_POINT('',(859.353979253426,1490.,882.126558908161));
#269789=CARTESIAN_POINT('',(859.353979253426,1490.,882.126558908161));
#269790=CARTESIAN_POINT('',(859.353979253426,1030.,882.126558908161));
#269791=CARTESIAN_POINT('',(-297.952095499722,1030.,11975.2534082894));
#269792=CARTESIAN_POINT('',(849.353979253397,1480.,881.087850756105));
#269793=CARTESIAN_POINT('',(-297.952095499722,1030.,11975.2534082894));
#269794=CARTESIAN_POINT('',(859.000161454032,1030.,897.171121437676));
#269795=CARTESIAN_POINT('',(57.920416054268,30.0000000000001,842.607701421307));
#269796=CARTESIAN_POINT('',(57.920416054268,30.0000000000001,842.607701421307));
#269797=CARTESIAN_POINT('',(859.000161454032,30.0000000000001,897.171121437676));
#269798=CARTESIAN_POINT('',(859.000161454032,30.0000000000001,897.171121437676));
#269799=CARTESIAN_POINT('',(-297.952095499722,30.0000000000001,11975.2534082894));
#269800=CARTESIAN_POINT('',(849.353979253424,40.,881.087850756108));
#269801=CARTESIAN_POINT('',(849.353979253424,40.,881.087850756108));
#269802=CARTESIAN_POINT('',(67.9204160542679,40.,817.931863148086));
#269803=CARTESIAN_POINT('',(67.9204160542679,40.,817.931863148086));
#269804=CARTESIAN_POINT('',(-297.952095499722,40.,11975.2534082894));
#269805=CARTESIAN_POINT('',(57.9204160542678,1490.,827.600049728068));
#269806=CARTESIAN_POINT('',(57.9204160542678,1490.,827.600049728068));
#269807=CARTESIAN_POINT('',(859.000161454032,1490.,897.171121437676));
#269808=CARTESIAN_POINT('',(859.000161454032,1490.,897.171121437676));
#269809=CARTESIAN_POINT('',(-297.952095499722,1490.,11975.2534082894));
#269810=CARTESIAN_POINT('',(849.353979253424,1480.,871.167956413742));
#269811=CARTESIAN_POINT('',(849.353979253424,1480.,871.167956413742));
#269812=CARTESIAN_POINT('',(67.9204160542679,1480.,827.923775035854));
#269813=CARTESIAN_POINT('',(67.9204160542679,1480.,827.923775035854));
#269814=CARTESIAN_POINT('',(-297.952095499722,1480.,11975.2534082894));
#269815=CARTESIAN_POINT('',(100.919583945732,984.,3206.07573283645));
#269816=CARTESIAN_POINT('',(100.91958394574,981.,817.064090239935));
#269817=CARTESIAN_POINT('',(100.919583945735,984.,776.));
#269818=CARTESIAN_POINT('',(726.41783347496,981.,3206.07573283645));
#269819=CARTESIAN_POINT('',(726.417833474962,981.,857.117275670872));
#269820=CARTESIAN_POINT('',(726.41783347496,984.,776.));
#269821=CARTESIAN_POINT('',(724.41783347496,986.,3206.07573283645));
#269822=CARTESIAN_POINT('',(-297.952095499729,986.,11950.2534082894));
#269823=CARTESIAN_POINT('',(721.41783347496,986.,776.));
#269824=CARTESIAN_POINT('',(460.921804945836,536.,3206.07573283645));
#269825=CARTESIAN_POINT('',(460.921804945839,539.,835.79825243867));
#269826=CARTESIAN_POINT('',(460.921804945823,536.,776.));
#269827=CARTESIAN_POINT('',(820.920416054268,-1672.07573287866,866.260357307227));
#269828=CARTESIAN_POINT('',(820.920416054268,758.999999957786,866.260357307227));
#269829=CARTESIAN_POINT('',(-297.952095499729,758.999999957786,11950.2534082894));
#269830=CARTESIAN_POINT('',(-297.952095499729,761.000000042214,11950.2534082894));
#269831=CARTESIAN_POINT('',(823.920416054268,761.000000042214,866.260357307227));
#269832=CARTESIAN_POINT('',(823.920416054268,3192.07573287866,866.260357307227));
#269833=CARTESIAN_POINT('',(-297.952095499729,539.,11950.2534082894));
#269834=CARTESIAN_POINT('',(-297.952095499729,539.,11950.2534082894));
#269835=CARTESIAN_POINT('',(-297.952095499729,981.,11950.2534082894));
#269836=CARTESIAN_POINT('',(-297.952095499729,1441.,11950.2534082894));
#269837=CARTESIAN_POINT('',(-297.952095499729,1441.,11950.2534082894));
#269838=CARTESIAN_POINT('',(-297.952095499729,1211.48513201753,11950.2534082894));
#269839=CARTESIAN_POINT('',(-297.952095499729,3644.56086485398,11950.2534082894));
#269840=CARTESIAN_POINT('',(-297.952095499729,758.999999957786,11950.2534082894));
#269841=CARTESIAN_POINT('',(-297.952095499729,758.999999957786,11950.2534082894));
#269842=CARTESIAN_POINT('',(-297.952095499729,758.999999957786,11950.2534082894));
#269843=CARTESIAN_POINT('',(-297.952095499729,760.999999957786,11950.2534082894));
#269844=CARTESIAN_POINT('',(-297.952095499729,760.999999957786,11950.2534082894));
#269845=CARTESIAN_POINT('',(-297.952095499729,760.999999957786,11950.2534082894));
#269846=CARTESIAN_POINT('',(-297.952095499729,1211.48513201753,11950.2534082894));
#269847=CARTESIAN_POINT('',(-297.952095499729,1439.,11950.2534082894));
#269848=CARTESIAN_POINT('',(-297.952095499729,981.,11950.2534082894));
#269849=CARTESIAN_POINT('',(-160.,2431.07573283645,776.));
#269850=CARTESIAN_POINT('',(-160.,2431.07573283645,776.));
#269851=CARTESIAN_POINT('',(-160.,2431.07573283645,776.));
#269852=CARTESIAN_POINT('',(-160.,2431.07573283645,776.));
#269853=CARTESIAN_POINT('',(-160.,2431.07573283645,776.));
#269854=CARTESIAN_POINT('',(-160.,2431.07573283645,776.));
#269855=CARTESIAN_POINT('',(-160.,2431.07573283645,776.));
#269856=CARTESIAN_POINT('',(-160.,2431.07573283645,776.));
#269857=CARTESIAN_POINT('',(-160.,2431.07573283645,776.));
#269858=CARTESIAN_POINT('',(-160.,2431.07573283645,776.));
#269859=CARTESIAN_POINT('',(-160.,2431.07573283645,776.));
#269860=CARTESIAN_POINT('',(-160.,2431.07573283645,776.));
#269861=CARTESIAN_POINT('',(-160.,2431.07573283645,776.));
#269862=CARTESIAN_POINT('',(-160.,2431.07573283645,776.));
#269863=CARTESIAN_POINT('',(-160.,2431.07573283645,776.));
#269864=CARTESIAN_POINT('',(-160.,2431.07573283645,776.));
#269865=CARTESIAN_POINT('',(-160.,2431.07573283645,776.));
#269866=CARTESIAN_POINT('',(-160.,2431.07573283645,776.));
#269867=CARTESIAN_POINT('',(-160.,2431.07573283645,776.));
#269868=CARTESIAN_POINT('',(-160.,2431.07573283645,776.));
#269869=CARTESIAN_POINT('',(-160.,2431.07573283645,776.));
#269870=CARTESIAN_POINT('',(-160.,2431.07573283645,776.));
#269871=CARTESIAN_POINT('',(-160.,2431.07573283645,776.));
#269872=CARTESIAN_POINT('',(-160.,2431.07573283645,776.));
#319203=UNCERTAINTY_MEASURE_WITH_UNIT(LENGTH_MEASURE(0.005),#319253, 'DISTANCE_ACCURACY_VALUE','Maximum Tolerance applied to model');
#319204=UNCERTAINTY_MEASURE_WITH_UNIT(LENGTH_MEASURE(0.005),#319253, 'DISTANCE_ACCURACY_VALUE','Maximum Tolerance applied to model');
#319205=UNCERTAINTY_MEASURE_WITH_UNIT(LENGTH_MEASURE(0.005),#319253, 'DISTANCE_ACCURACY_VALUE','Maximum Tolerance applied to model');
#319206=UNCERTAINTY_MEASURE_WITH_UNIT(LENGTH_MEASURE(0.005),#319253, 'DISTANCE_ACCURACY_VALUE','Maximum Tolerance applied to model');
#319207=UNCERTAINTY_MEASURE_WITH_UNIT(LENGTH_MEASURE(0.005),#319253, 'DISTANCE_ACCURACY_VALUE','Maximum Tolerance applied to model');
#319208=UNCERTAINTY_MEASURE_WITH_UNIT(LENGTH_MEASURE(0.005),#319253, 'DISTANCE_ACCURACY_VALUE','Maximum Tolerance applied to model');
#319209=UNCERTAINTY_MEASURE_WITH_UNIT(LENGTH_MEASURE(0.005),#319253, 'DISTANCE_ACCURACY_VALUE','Maximum Tolerance applied to model');
#319210=UNCERTAINTY_MEASURE_WITH_UNIT(LENGTH_MEASURE(0.005),#319253, 'DISTANCE_ACCURACY_VALUE','Maximum Tolerance applied to model');
#319211=UNCERTAINTY_MEASURE_WITH_UNIT(LENGTH_MEASURE(0.005),#319253, 'DISTANCE_ACCURACY_VALUE','Maximum Tolerance applied to model');
#319212=UNCERTAINTY_MEASURE_WITH_UNIT(LENGTH_MEASURE(0.005),#319253, 'DISTANCE_ACCURACY_VALUE','Maximum Tolerance applied to model');
#319213=UNCERTAINTY_MEASURE_WITH_UNIT(LENGTH_MEASURE(0.005),#319253, 'DISTANCE_ACCURACY_VALUE','Maximum Tolerance applied to model');
#319214=UNCERTAINTY_MEASURE_WITH_UNIT(LENGTH_MEASURE(0.005),#319253, 'DISTANCE_ACCURACY_VALUE','Maximum Tolerance applied to model');
#319215=UNCERTAINTY_MEASURE_WITH_UNIT(LENGTH_MEASURE(0.005),#319253, 'DISTANCE_ACCURACY_VALUE','Maximum Tolerance applied to model');
#319216=UNCERTAINTY_MEASURE_WITH_UNIT(LENGTH_MEASURE(0.005),#319253, 'DISTANCE_ACCURACY_VALUE','Maximum Tolerance applied to model');
#319217=UNCERTAINTY_MEASURE_WITH_UNIT(LENGTH_MEASURE(0.005),#319253, 'DISTANCE_ACCURACY_VALUE','Maximum Tolerance applied to model');
#319218=UNCERTAINTY_MEASURE_WITH_UNIT(LENGTH_MEASURE(0.005),#319253, 'DISTANCE_ACCURACY_VALUE','Maximum Tolerance applied to model');
#319219=UNCERTAINTY_MEASURE_WITH_UNIT(LENGTH_MEASURE(0.005),#319253, 'DISTANCE_ACCURACY_VALUE','Maximum Tolerance applied to model');
#319220=UNCERTAINTY_MEASURE_WITH_UNIT(LENGTH_MEASURE(0.005),#319253, 'DISTANCE_ACCURACY_VALUE','Maximum Tolerance applied to model');
#319221=UNCERTAINTY_MEASURE_WITH_UNIT(LENGTH_MEASURE(0.005),#319253, 'DISTANCE_ACCURACY_VALUE','Maximum Tolerance applied to model');
#319222=UNCERTAINTY_MEASURE_WITH_UNIT(LENGTH_MEASURE(0.005),#319253, 'DISTANCE_ACCURACY_VALUE','Maximum Tolerance applied to model');
#319223=UNCERTAINTY_MEASURE_WITH_UNIT(LENGTH_MEASURE(0.005),#319253, 'DISTANCE_ACCURACY_VALUE','Maximum Tolerance applied to model');
#319224=UNCERTAINTY_MEASURE_WITH_UNIT(LENGTH_MEASURE(0.005),#319253, 'DISTANCE_ACCURACY_VALUE','Maximum Tolerance applied to model');
#319225=UNCERTAINTY_MEASURE_WITH_UNIT(LENGTH_MEASURE(0.005),#319253, 'DISTANCE_ACCURACY_VALUE','Maximum Tolerance applied to model');
#319226=UNCERTAINTY_MEASURE_WITH_UNIT(LENGTH_MEASURE(0.005),#319253, 'DISTANCE_ACCURACY_VALUE','Maximum Tolerance applied to model');
#319227=UNCERTAINTY_MEASURE_WITH_UNIT(LENGTH_MEASURE(0.005),#319253, 'DISTANCE_ACCURACY_VALUE','Maximum Tolerance applied to model');
#319228=UNCERTAINTY_MEASURE_WITH_UNIT(LENGTH_MEASURE(0.005),#319253, 'DISTANCE_ACCURACY_VALUE','Maximum Tolerance applied to model');
#319229=UNCERTAINTY_MEASURE_WITH_UNIT(LENGTH_MEASURE(0.005),#319253, 'DISTANCE_ACCURACY_VALUE','Maximum Tolerance applied to model');
#319230=UNCERTAINTY_MEASURE_WITH_UNIT(LENGTH_MEASURE(0.005),#319253, 'DISTANCE_ACCURACY_VALUE','Maximum Tolerance applied to model');
#319231=UNCERTAINTY_MEASURE_WITH_UNIT(LENGTH_MEASURE(0.005),#319253, 'DISTANCE_ACCURACY_VALUE','Maximum Tolerance applied to model');
#319232=UNCERTAINTY_MEASURE_WITH_UNIT(LENGTH_MEASURE(0.005),#319253, 'DISTANCE_ACCURACY_VALUE','Maximum Tolerance applied to model');
#319233=UNCERTAINTY_MEASURE_WITH_UNIT(LENGTH_MEASURE(0.005),#319253, 'DISTANCE_ACCURACY_VALUE','Maximum Tolerance applied to model');
#319234=UNCERTAINTY_MEASURE_WITH_UNIT(LENGTH_MEASURE(0.005),#319253, 'DISTANCE_ACCURACY_VALUE','Maximum Tolerance applied to model');
#319235=UNCERTAINTY_MEASURE_WITH_UNIT(LENGTH_MEASURE(0.005),#319253, 'DISTANCE_ACCURACY_VALUE','Maximum Tolerance applied to model');
#319236=UNCERTAINTY_MEASURE_WITH_UNIT(LENGTH_MEASURE(0.005),#319253, 'DISTANCE_ACCURACY_VALUE','Maximum Tolerance applied to model');
#319237=UNCERTAINTY_MEASURE_WITH_UNIT(LENGTH_MEASURE(0.005),#319253, 'DISTANCE_ACCURACY_VALUE','Maximum Tolerance applied to model');
#319238=UNCERTAINTY_MEASURE_WITH_UNIT(LENGTH_MEASURE(0.005),#319253, 'DISTANCE_ACCURACY_VALUE','Maximum Tolerance applied to model');
#319239=UNCERTAINTY_MEASURE_WITH_UNIT(LENGTH_MEASURE(0.005),#319253, 'DISTANCE_ACCURACY_VALUE','Maximum Tolerance applied to model');
#319240=UNCERTAINTY_MEASURE_WITH_UNIT(LENGTH_MEASURE(0.005),#319253, 'DISTANCE_ACCURACY_VALUE','Maximum Tolerance applied to model');
#319241=UNCERTAINTY_MEASURE_WITH_UNIT(LENGTH_MEASURE(0.005),#319253, 'DISTANCE_ACCURACY_VALUE','Maximum Tolerance applied to model');
#319242=UNCERTAINTY_MEASURE_WITH_UNIT(LENGTH_MEASURE(0.005),#319253, 'DISTANCE_ACCURACY_VALUE','Maximum Tolerance applied to model');
#319243=UNCERTAINTY_MEASURE_WITH_UNIT(LENGTH_MEASURE(0.005),#319253, 'DISTANCE_ACCURACY_VALUE','Maximum Tolerance applied to model');
#319244=UNCERTAINTY_MEASURE_WITH_UNIT(LENGTH_MEASURE(0.005),#319253, 'DISTANCE_ACCURACY_VALUE','Maximum Tolerance applied to model');
#319245=UNCERTAINTY_MEASURE_WITH_UNIT(LENGTH_MEASURE(0.005),#319253, 'DISTANCE_ACCURACY_VALUE','Maximum Tolerance applied to model');
#319246=UNCERTAINTY_MEASURE_WITH_UNIT(LENGTH_MEASURE(0.005),#319253, 'DISTANCE_ACCURACY_VALUE','Maximum Tolerance applied to model');
#319247=UNCERTAINTY_MEASURE_WITH_UNIT(LENGTH_MEASURE(0.005),#319253, 'DISTANCE_ACCURACY_VALUE','Maximum Tolerance applied to model');
#319248=UNCERTAINTY_MEASURE_WITH_UNIT(LENGTH_MEASURE(0.005),#319253, 'DISTANCE_ACCURACY_VALUE','Maximum Tolerance applied to model');
#319249=UNCERTAINTY_MEASURE_WITH_UNIT(LENGTH_MEASURE(0.005),#319253, 'DISTANCE_ACCURACY_VALUE','Maximum Tolerance applied to model');
#319250=UNCERTAINTY_MEASURE_WITH_UNIT(LENGTH_MEASURE(0.005),#319253, 'DISTANCE_ACCURACY_VALUE','Maximum Tolerance applied to model');
#319271=PRODUCT_DEFINITION_SHAPE('','',#319369);
#319369=PRODUCT_DEFINITION('','',#319465,#319417);
#319408=PRODUCT_DEFINITION_CONTEXT('',#319697,'design');
#319409=PRODUCT_DEFINITION_CONTEXT('',#319697,'design');
#319410=PRODUCT_DEFINITION_CONTEXT('',#319697,'design');
#319411=PRODUCT_DEFINITION_CONTEXT('',#319697,'design');
#319412=PRODUCT_DEFINITION_CONTEXT('',#319697,'design');
#319413=PRODUCT_DEFINITION_CONTEXT('',#319697,'design');
#319414=PRODUCT_DEFINITION_CONTEXT('',#319697,'design');
#319415=PRODUCT_DEFINITION_CONTEXT('',#319697,'design');
#319416=PRODUCT_DEFINITION_CONTEXT('',#319697,'design');
#319417=PRODUCT_DEFINITION_CONTEXT('',#319697,'design');
#319418=PRODUCT_DEFINITION_CONTEXT('',#319697,'design');
#319419=PRODUCT_DEFINITION_CONTEXT('',#319697,'design');
#319420=PRODUCT_DEFINITION_CONTEXT('',#319697,'design');
#319421=PRODUCT_DEFINITION_CONTEXT('',#319697,'design');
#319422=PRODUCT_DEFINITION_CONTEXT('',#319697,'design');
#319423=PRODUCT_DEFINITION_CONTEXT('',#319697,'design');
#319424=PRODUCT_DEFINITION_CONTEXT('',#319697,'design');
#319425=PRODUCT_DEFINITION_CONTEXT('',#319697,'design');
#319426=PRODUCT_DEFINITION_CONTEXT('',#319697,'design');
#319427=PRODUCT_DEFINITION_CONTEXT('',#319697,'design');
#319428=PRODUCT_DEFINITION_CONTEXT('',#319697,'design');
#319429=PRODUCT_DEFINITION_CONTEXT('',#319697,'design');
#319430=PRODUCT_DEFINITION_CONTEXT('',#319697,'design');
#319431=PRODUCT_DEFINITION_CONTEXT('',#319697,'design');
#319432=PRODUCT_DEFINITION_CONTEXT('',#319697,'design');
#319433=PRODUCT_DEFINITION_CONTEXT('',#319697,'design');
#319434=PRODUCT_DEFINITION_CONTEXT('',#319697,'design');
#319435=PRODUCT_DEFINITION_CONTEXT('',#319697,'design');
#319436=PRODUCT_DEFINITION_CONTEXT('',#319697,'design');
#319437=PRODUCT_DEFINITION_CONTEXT('',#319697,'design');
#319438=PRODUCT_DEFINITION_CONTEXT('',#319697,'design');
#319439=PRODUCT_DEFINITION_CONTEXT('',#319697,'design');
#319440=PRODUCT_DEFINITION_CONTEXT('',#319697,'design');
#319441=PRODUCT_DEFINITION_CONTEXT('',#319697,'design');
#319442=PRODUCT_DEFINITION_CONTEXT('',#319697,'design');
#319443=PRODUCT_DEFINITION_CONTEXT('',#319697,'design');
#319444=PRODUCT_DEFINITION_CONTEXT('',#319697,'design');
#319445=PRODUCT_DEFINITION_CONTEXT('',#319697,'design');
#319446=PRODUCT_DEFINITION_CONTEXT('',#319697,'design');
#319447=PRODUCT_DEFINITION_CONTEXT('',#319697,'design');
#319448=PRODUCT_DEFINITION_CONTEXT('',#319697,'design');
#319449=PRODUCT_DEFINITION_CONTEXT('',#319697,'design');
#319450=PRODUCT_DEFINITION_CONTEXT('',#319697,'design');
#319451=PRODUCT_DEFINITION_CONTEXT('',#319697,'design');
#319452=PRODUCT_DEFINITION_CONTEXT('',#319697,'design');
#319453=PRODUCT_DEFINITION_CONTEXT('',#319697,'design');
#319454=PRODUCT_DEFINITION_CONTEXT('',#319697,'design');
#319455=PRODUCT_DEFINITION_CONTEXT('',#319697,'design');
#319465=PRODUCT_DEFINITION_FORMATION_WITH_SPECIFIED_SOURCE('','',#319561,  .NOT_KNOWN.);
#319561=PRODUCT('Roof','Roof','Roof',(#319657));
#319648=PRODUCT_CONTEXT('',#319697,'mechanical');
#319649=PRODUCT_CONTEXT('',#319697,'mechanical');
#319650=PRODUCT_CONTEXT('',#319697,'mechanical');
#319651=PRODUCT_CONTEXT('',#319697,'mechanical');
#319652=PRODUCT_CONTEXT('',#319697,'mechanical');
#319653=PRODUCT_CONTEXT('',#319697,'mechanical');
#319654=PRODUCT_CONTEXT('',#319697,'mechanical');
#319655=PRODUCT_CONTEXT('',#319697,'mechanical');
#319656=PRODUCT_CONTEXT('',#319697,'mechanical');
#319657=PRODUCT_CONTEXT('',#319697,'mechanical');
#319658=PRODUCT_CONTEXT('',#319697,'mechanical');
#319659=PRODUCT_CONTEXT('',#319697,'mechanical');
#319660=PRODUCT_CONTEXT('',#319697,'mechanical');
#319661=PRODUCT_CONTEXT('',#319697,'mechanical');
#319662=PRODUCT_CONTEXT('',#319697,'mechanical');
#319663=PRODUCT_CONTEXT('',#319697,'mechanical');
#319664=PRODUCT_CONTEXT('',#319697,'mechanical');
#319665=PRODUCT_CONTEXT('',#319697,'mechanical');
#319666=PRODUCT_CONTEXT('',#319697,'mechanical');
#319667=PRODUCT_CONTEXT('',#319697,'mechanical');
#319668=PRODUCT_CONTEXT('',#319697,'mechanical');
#319669=PRODUCT_CONTEXT('',#319697,'mechanical');
#319670=PRODUCT_CONTEXT('',#319697,'mechanical');
#319671=PRODUCT_CONTEXT('',#319697,'mechanical');
#319672=PRODUCT_CONTEXT('',#319697,'mechanical');
#319673=PRODUCT_CONTEXT('',#319697,'mechanical');
#319674=PRODUCT_CONTEXT('',#319697,'mechanical');
#319675=PRODUCT_CONTEXT('',#319697,'mechanical');
#319676=PRODUCT_CONTEXT('',#319697,'mechanical');
#319677=PRODUCT_CONTEXT('',#319697,'mechanical');
#319678=PRODUCT_CONTEXT('',#319697,'mechanical');
#319679=PRODUCT_CONTEXT('',#319697,'mechanical');
#319680=PRODUCT_CONTEXT('',#319697,'mechanical');
#319681=PRODUCT_CONTEXT('',#319697,'mechanical');
#319682=PRODUCT_CONTEXT('',#319697,'mechanical');
#319683=PRODUCT_CONTEXT('',#319697,'mechanical');
#319684=PRODUCT_CONTEXT('',#319697,'mechanical');
#319685=PRODUCT_CONTEXT('',#319697,'mechanical');
#319686=PRODUCT_CONTEXT('',#319697,'mechanical');
#319687=PRODUCT_CONTEXT('',#319697,'mechanical');
#319688=PRODUCT_CONTEXT('',#319697,'mechanical');
#319689=PRODUCT_CONTEXT('',#319697,'mechanical');
#319690=PRODUCT_CONTEXT('',#319697,'mechanical');
#319691=PRODUCT_CONTEXT('',#319697,'mechanical');
#319692=PRODUCT_CONTEXT('',#319697,'mechanical');
#319693=PRODUCT_CONTEXT('',#319697,'mechanical');
#319694=PRODUCT_CONTEXT('',#319697,'mechanical');
#319695=PRODUCT_CONTEXT('',#319697,'mechanical');
#319696=APPLICATION_PROTOCOL_DEFINITION('international standard', 'automotive_design',2010,#319697);
#319697=APPLICATION_CONTEXT( 'core data for automotive mechanical design processes');
ENDSEC;
END-ISO-10303-21;
