ISO-10303-21;
HEADER;
FILE_DESCRIPTION(('Extracted component: Sofa'), '2;1');
FILE_NAME('Sofa', '2026-01-13T08:35:19.054Z', (''), (''), '', '', '');
FILE_SCHEMA(('AUTOMOTIVE_DESIGN'));
ENDSEC;
DATA;
#275=DEGENERATE_TOROIDAL_SURFACE('',#195309,2.,3.,.T.);
#276=DEGENERATE_TOROIDAL_SURFACE('',#195320,2.,3.,.T.);
#277=DEGENERATE_TOROIDAL_SURFACE('',#195322,2.,3.,.T.);
#278=DEGENERATE_TOROIDAL_SURFACE('',#195328,2.,3.,.T.);
#279=DEGENERATE_TOROIDAL_SURFACE('',#195330,2.,3.,.T.);
#280=DEGENERATE_TOROIDAL_SURFACE('',#195336,2.,3.,.T.);
#281=DEGENERATE_TOROIDAL_SURFACE('',#195340,2.,3.,.T.);
#282=DEGENERATE_TOROIDAL_SURFACE('',#195342,2.,3.,.T.);
#283=DEGENERATE_TOROIDAL_SURFACE('',#195348,2.,3.,.T.);
#284=DEGENERATE_TOROIDAL_SURFACE('',#195350,2.,3.,.T.);
#285=DEGENERATE_TOROIDAL_SURFACE('',#195356,2.,3.,.T.);
#286=DEGENERATE_TOROIDAL_SURFACE('',#195368,2.,3.,.T.);
#287=DEGENERATE_TOROIDAL_SURFACE('',#195418,2.,3.,.T.);
#288=DEGENERATE_TOROIDAL_SURFACE('',#195425,2.,3.,.T.);
#289=DEGENERATE_TOROIDAL_SURFACE('',#195427,2.,3.,.T.);
#290=DEGENERATE_TOROIDAL_SURFACE('',#195433,2.,3.,.T.);
#291=DEGENERATE_TOROIDAL_SURFACE('',#195434,2.,3.,.T.);
#292=DEGENERATE_TOROIDAL_SURFACE('',#195441,2.,3.,.T.);
#293=DEGENERATE_TOROIDAL_SURFACE('',#195443,2.,3.,.T.);
#294=DEGENERATE_TOROIDAL_SURFACE('',#195449,2.,3.,.T.);
#629=TOROIDAL_SURFACE('',#195370,7.,4.);
#630=TOROIDAL_SURFACE('',#195376,7.,4.);
#631=TOROIDAL_SURFACE('',#195465,3.50980943589292,1.5);
#632=TOROIDAL_SURFACE('',#195469,6.99999999999998,1.5);
#633=TOROIDAL_SURFACE('',#195474,3.50980943589292,1.5);
#634=TOROIDAL_SURFACE('',#195478,6.99999999999998,1.5);
#939=ELLIPSE('',#195285,7.57138727241539,7.);
#940=ELLIPSE('',#195286,7.57138727241539,7.);
#941=ELLIPSE('',#195306,7.61577310586391,3.);
#942=ELLIPSE('',#195307,4.16243981684946,3.);
#943=ELLIPSE('',#195312,7.61577310586391,3.);
#944=ELLIPSE('',#195313,7.61577310586393,3.);
#945=ELLIPSE('',#195317,4.16243981684946,3.);
#946=ELLIPSE('',#195318,7.61577310586391,3.);
#947=ELLIPSE('',#195355,7.61577310586391,3.);
#948=ELLIPSE('',#195360,7.61577310586391,3.);
#949=ELLIPSE('',#195361,7.61577310586393,3.);
#950=ELLIPSE('',#195366,7.61577310586391,3.);
#951=ELLIPSE('',#195458,2.12132034355964,1.5);
#952=ELLIPSE('',#195459,2.12132034355964,1.5);
#953=ELLIPSE('',#195460,2.12132034355964,1.5);
#954=ELLIPSE('',#195461,2.12132034355964,1.5);
#1901=CYLINDRICAL_SURFACE('',#195287,5.);
#1902=CYLINDRICAL_SURFACE('',#195290,5.);
#1903=CYLINDRICAL_SURFACE('',#195293,5.);
#1904=CYLINDRICAL_SURFACE('',#195296,5.);
#1905=CYLINDRICAL_SURFACE('',#195299,5.);
#1906=CYLINDRICAL_SURFACE('',#195302,5.);
#1907=CYLINDRICAL_SURFACE('',#195305,3.);
#1908=CYLINDRICAL_SURFACE('',#195311,3.);
#1909=CYLINDRICAL_SURFACE('',#195314,3.);
#1910=CYLINDRICAL_SURFACE('',#195316,3.);
#1911=CYLINDRICAL_SURFACE('',#195324,3.);
#1912=CYLINDRICAL_SURFACE('',#195326,3.);
#1913=CYLINDRICAL_SURFACE('',#195332,3.);
#1914=CYLINDRICAL_SURFACE('',#195334,3.);
#1915=CYLINDRICAL_SURFACE('',#195337,3.);
#1916=CYLINDRICAL_SURFACE('',#195344,3.);
#1917=CYLINDRICAL_SURFACE('',#195346,3.);
#1918=CYLINDRICAL_SURFACE('',#195352,3.);
#1919=CYLINDRICAL_SURFACE('',#195354,3.);
#1920=CYLINDRICAL_SURFACE('',#195358,3.);
#1921=CYLINDRICAL_SURFACE('',#195363,3.);
#1922=CYLINDRICAL_SURFACE('',#195365,3.);
#1923=CYLINDRICAL_SURFACE('',#195372,4.);
#1924=CYLINDRICAL_SURFACE('',#195378,4.);
#1925=CYLINDRICAL_SURFACE('',#195392,1.5);
#1926=CYLINDRICAL_SURFACE('',#195406,5.);
#1927=CYLINDRICAL_SURFACE('',#195409,5.);
#1928=CYLINDRICAL_SURFACE('',#195412,5.);
#1929=CYLINDRICAL_SURFACE('',#195415,5.);
#1930=CYLINDRICAL_SURFACE('',#195421,3.);
#1931=CYLINDRICAL_SURFACE('',#195423,3.);
#1932=CYLINDRICAL_SURFACE('',#195429,3.);
#1933=CYLINDRICAL_SURFACE('',#195431,3.);
#1934=CYLINDRICAL_SURFACE('',#195437,3.);
#1935=CYLINDRICAL_SURFACE('',#195439,3.);
#1936=CYLINDRICAL_SURFACE('',#195445,3.);
#1937=CYLINDRICAL_SURFACE('',#195447,3.);
#1938=CYLINDRICAL_SURFACE('',#195457,1.5);
#1939=CYLINDRICAL_SURFACE('',#195467,1.5);
#1940=CYLINDRICAL_SURFACE('',#195470,1.5);
#1941=CYLINDRICAL_SURFACE('',#195476,1.5);
#1942=CYLINDRICAL_SURFACE('',#195479,1.5);
#1943=CYLINDRICAL_SURFACE('',#195483,1.5);
#9865=LINE('',#281968,#23704);
#9866=LINE('',#281973,#23705);
#9867=LINE('',#281975,#23706);
#9868=LINE('',#281977,#23707);
#9869=LINE('',#281982,#23708);
#9870=LINE('',#281984,#23709);
#9871=LINE('',#281986,#23710);
#9872=LINE('',#281988,#23711);
#9873=LINE('',#281990,#23712);
#9874=LINE('',#281993,#23713);
#9875=LINE('',#281995,#23714);
#9876=LINE('',#281997,#23715);
#9877=LINE('',#281999,#23716);
#9878=LINE('',#282002,#23717);
#9879=LINE('',#282004,#23718);
#9880=LINE('',#282006,#23719);
#9881=LINE('',#282008,#23720);
#9882=LINE('',#282011,#23721);
#9883=LINE('',#282013,#23722);
#9884=LINE('',#282015,#23723);
#9885=LINE('',#282017,#23724);
#9886=LINE('',#282020,#23725);
#9887=LINE('',#282022,#23726);
#9888=LINE('',#282024,#23727);
#9889=LINE('',#282026,#23728);
#9890=LINE('',#282029,#23729);
#9891=LINE('',#282031,#23730);
#9892=LINE('',#282033,#23731);
#9893=LINE('',#282035,#23732);
#9894=LINE('',#282040,#23733);
#9895=LINE('',#282044,#23734);
#9896=LINE('',#282048,#23735);
#9897=LINE('',#282050,#23736);
#9898=LINE('',#282052,#23737);
#9899=LINE('',#282056,#23738);
#9900=LINE('',#282060,#23739);
#9901=LINE('',#282064,#23740);
#9902=LINE('',#282069,#23741);
#9903=LINE('',#282071,#23742);
#9904=LINE('',#282073,#23743);
#9905=LINE('',#282077,#23744);
#9906=LINE('',#282081,#23745);
#9907=LINE('',#282085,#23746);
#9908=LINE('',#282089,#23747);
#9909=LINE('',#282093,#23748);
#9910=LINE('',#282098,#23749);
#9911=LINE('',#282100,#23750);
#9912=LINE('',#282102,#23751);
#9913=LINE('',#282324,#23752);
#9914=LINE('',#282327,#23753);
#9915=LINE('',#282329,#23754);
#9916=LINE('',#282333,#23755);
#9917=LINE('',#282335,#23756);
#9918=LINE('',#282337,#23757);
#9919=LINE('',#282339,#23758);
#9920=LINE('',#282341,#23759);
#9921=LINE('',#282343,#23760);
#9922=LINE('',#282346,#23761);
#9923=LINE('',#282348,#23762);
#9924=LINE('',#282352,#23763);
#9925=LINE('',#282354,#23764);
#9926=LINE('',#282357,#23765);
#9927=LINE('',#282359,#23766);
#9928=LINE('',#282361,#23767);
#9929=LINE('',#282363,#23768);
#9930=LINE('',#282366,#23769);
#9931=LINE('',#282367,#23770);
#9932=LINE('',#282369,#23771);
#9933=LINE('',#282371,#23772);
#9934=LINE('',#282373,#23773);
#9935=LINE('',#282375,#23774);
#9936=LINE('',#282377,#23775);
#9937=LINE('',#282380,#23776);
#9938=LINE('',#282384,#23777);
#9939=LINE('',#282388,#23778);
#9940=LINE('',#282396,#23779);
#9941=LINE('',#282400,#23780);
#9942=LINE('',#282403,#23781);
#9943=LINE('',#282405,#23782);
#9944=LINE('',#282407,#23783);
#9945=LINE('',#282409,#23784);
#9946=LINE('',#282412,#23785);
#9947=LINE('',#282414,#23786);
#9948=LINE('',#282416,#23787);
#9949=LINE('',#282418,#23788);
#9950=LINE('',#282423,#23789);
#9951=LINE('',#282427,#23790);
#9952=LINE('',#282431,#23791);
#9953=LINE('',#282435,#23792);
#9954=LINE('',#282438,#23793);
#9955=LINE('',#282440,#23794);
#9956=LINE('',#282442,#23795);
#9957=LINE('',#282444,#23796);
#9958=LINE('',#282447,#23797);
#9959=LINE('',#282449,#23798);
#9960=LINE('',#282451,#23799);
#9961=LINE('',#282469,#23800);
#9962=LINE('',#282470,#23801);
#9963=LINE('',#282472,#23802);
#9964=LINE('',#282480,#23803);
#9965=LINE('',#282503,#23804);
#9966=LINE('',#282507,#23805);
#9967=LINE('',#282508,#23806);
#9968=LINE('',#282512,#23807);
#9969=LINE('',#282513,#23808);
#9970=LINE('',#282517,#23809);
#9971=LINE('',#282519,#23810);
#9972=LINE('',#282520,#23811);
#9973=LINE('',#282556,#23812);
#9974=LINE('',#282560,#23813);
#9975=LINE('',#282568,#23814);
#9976=LINE('',#282569,#23815);
#9977=LINE('',#282575,#23816);
#9978=LINE('',#282577,#23817);
#9979=LINE('',#282580,#23818);
#9980=LINE('',#282582,#23819);
#23704=VECTOR('',#218555,1000.);
#23705=VECTOR('',#218558,1000.);
#23706=VECTOR('',#218559,1000.);
#23707=VECTOR('',#218560,1000.);
#23708=VECTOR('',#218565,1000.);
#23709=VECTOR('',#218566,1000.);
#23710=VECTOR('',#218567,1000.);
#23711=VECTOR('',#218568,1000.);
#23712=VECTOR('',#218571,1000.);
#23713=VECTOR('',#218572,1000.);
#23714=VECTOR('',#218573,1000.);
#23715=VECTOR('',#218574,1000.);
#23716=VECTOR('',#218577,1000.);
#23717=VECTOR('',#218578,1000.);
#23718=VECTOR('',#218579,1000.);
#23719=VECTOR('',#218580,1000.);
#23720=VECTOR('',#218583,1000.);
#23721=VECTOR('',#218584,1000.);
#23722=VECTOR('',#218585,1000.);
#23723=VECTOR('',#218586,1000.);
#23724=VECTOR('',#218589,1000.);
#23725=VECTOR('',#218590,1000.);
#23726=VECTOR('',#218591,1000.);
#23727=VECTOR('',#218592,1000.);
#23728=VECTOR('',#218595,1000.);
#23729=VECTOR('',#218596,1000.);
#23730=VECTOR('',#218597,1000.);
#23731=VECTOR('',#218598,1000.);
#23732=VECTOR('',#218601,1000.);
#23733=VECTOR('',#218604,1000.);
#23734=VECTOR('',#218607,1000.);
#23735=VECTOR('',#218610,1000.);
#23736=VECTOR('',#218611,1000.);
#23737=VECTOR('',#218612,1000.);
#23738=VECTOR('',#218615,1000.);
#23739=VECTOR('',#218618,1000.);
#23740=VECTOR('',#218623,1000.);
#23741=VECTOR('',#218626,1000.);
#23742=VECTOR('',#218627,1000.);
#23743=VECTOR('',#218628,1000.);
#23744=VECTOR('',#218631,1000.);
#23745=VECTOR('',#218634,1000.);
#23746=VECTOR('',#218637,1000.);
#23747=VECTOR('',#218640,1000.);
#23748=VECTOR('',#218645,1000.);
#23749=VECTOR('',#218648,1000.);
#23750=VECTOR('',#218649,1000.);
#23751=VECTOR('',#218650,1000.);
#23752=VECTOR('',#218843,1000.);
#23753=VECTOR('',#218844,1000.);
#23754=VECTOR('',#218845,1000.);
#23755=VECTOR('',#218848,1000.);
#23756=VECTOR('',#218851,1000.);
#23757=VECTOR('',#218852,1000.);
#23758=VECTOR('',#218853,1000.);
#23759=VECTOR('',#218854,1000.);
#23760=VECTOR('',#218857,1000.);
#23761=VECTOR('',#218858,1000.);
#23762=VECTOR('',#218859,1000.);
#23763=VECTOR('',#218862,1000.);
#23764=VECTOR('',#218865,1000.);
#23765=VECTOR('',#218866,1000.);
#23766=VECTOR('',#218867,1000.);
#23767=VECTOR('',#218868,1000.);
#23768=VECTOR('',#218871,1000.);
#23769=VECTOR('',#218872,1000.);
#23770=VECTOR('',#218873,1000.);
#23771=VECTOR('',#218874,1000.);
#23772=VECTOR('',#218877,1000.);
#23773=VECTOR('',#218878,1000.);
#23774=VECTOR('',#218879,1000.);
#23775=VECTOR('',#218882,1000.);
#23776=VECTOR('',#218883,1000.);
#23777=VECTOR('',#218886,1000.);
#23778=VECTOR('',#218889,1000.);
#23779=VECTOR('',#218898,1000.);
#23780=VECTOR('',#218903,1000.);
#23781=VECTOR('',#218904,1000.);
#23782=VECTOR('',#218905,1000.);
#23783=VECTOR('',#218906,1000.);
#23784=VECTOR('',#218909,1000.);
#23785=VECTOR('',#218910,1000.);
#23786=VECTOR('',#218911,1000.);
#23787=VECTOR('',#218912,1000.);
#23788=VECTOR('',#218915,1000.);
#23789=VECTOR('',#218918,1000.);
#23790=VECTOR('',#218921,1000.);
#23791=VECTOR('',#218924,1000.);
#23792=VECTOR('',#218929,1000.);
#23793=VECTOR('',#218930,1000.);
#23794=VECTOR('',#218931,1000.);
#23795=VECTOR('',#218932,1000.);
#23796=VECTOR('',#218935,1000.);
#23797=VECTOR('',#218936,1000.);
#23798=VECTOR('',#218937,1000.);
#23799=VECTOR('',#218938,1000.);
#23800=VECTOR('',#218973,1000.);
#23801=VECTOR('',#218974,1000.);
#23802=VECTOR('',#218977,1000.);
#23803=VECTOR('',#218992,1000.);
#23804=VECTOR('',#219035,1000.);
#23805=VECTOR('',#219038,1000.);
#23806=VECTOR('',#219039,1000.);
#23807=VECTOR('',#219042,1000.);
#23808=VECTOR('',#219043,1000.);
#23809=VECTOR('',#219048,1000.);
#23810=VECTOR('',#219051,1000.);
#23811=VECTOR('',#219052,1000.);
#23812=VECTOR('',#219099,1000.);
#23813=VECTOR('',#219102,1000.);
#23814=VECTOR('',#219111,1000.);
#23815=VECTOR('',#219112,1000.);
#23816=VECTOR('',#219121,1000.);
#23817=VECTOR('',#219124,1000.);
#23818=VECTOR('',#219129,1000.);
#23819=VECTOR('',#219132,1000.);
#32683=PLANE('',#195261);
#32684=PLANE('',#195263);
#32685=PLANE('',#195265);
#32686=PLANE('',#195266);
#32687=PLANE('',#195267);
#32688=PLANE('',#195268);
#32689=PLANE('',#195269);
#32690=PLANE('',#195270);
#32691=PLANE('',#195277);
#32692=PLANE('',#195284);
#32693=PLANE('',#195381);
#32694=PLANE('',#195383);
#32695=PLANE('',#195384);
#32696=PLANE('',#195386);
#32697=PLANE('',#195387);
#32698=PLANE('',#195388);
#32699=PLANE('',#195389);
#32700=PLANE('',#195397);
#32701=PLANE('',#195398);
#32702=PLANE('',#195399);
#32703=PLANE('',#195404);
#32704=PLANE('',#195405);
#32705=PLANE('',#195450);
#32706=PLANE('',#195454);
#32707=PLANE('',#195456);
#32708=PLANE('',#195464);
#32709=PLANE('',#195473);
#32710=PLANE('',#195482);
#32711=PLANE('',#195486);
#32712=PLANE('',#195487);
#32713=PLANE('',#195488);
#32714=PLANE('',#195489);
#32715=PLANE('',#195490);
#32716=PLANE('',#195491);
#32717=PLANE('',#195492);
#32718=PLANE('',#195493);
#36892=CIRCLE('',#195262,7.);
#36893=CIRCLE('',#195264,7.);
#36894=CIRCLE('',#195271,2.);
#36895=CIRCLE('',#195272,2.);
#36896=CIRCLE('',#195273,2.);
#36897=CIRCLE('',#195274,2.);
#36898=CIRCLE('',#195275,2.);
#36899=CIRCLE('',#195276,2.);
#36900=CIRCLE('',#195278,2.);
#36901=CIRCLE('',#195279,2.);
#36902=CIRCLE('',#195280,2.);
#36903=CIRCLE('',#195281,2.);
#36904=CIRCLE('',#195282,2.);
#36905=CIRCLE('',#195283,2.);
#36906=CIRCLE('',#195288,5.);
#36907=CIRCLE('',#195289,5.);
#36908=CIRCLE('',#195291,5.);
#36909=CIRCLE('',#195292,5.);
#36910=CIRCLE('',#195294,5.);
#36911=CIRCLE('',#195295,5.);
#36912=CIRCLE('',#195297,5.);
#36913=CIRCLE('',#195298,5.);
#36914=CIRCLE('',#195300,5.);
#36915=CIRCLE('',#195301,5.);
#36916=CIRCLE('',#195303,5.);
#36917=CIRCLE('',#195304,5.);
#36918=CIRCLE('',#195308,3.);
#36919=CIRCLE('',#195310,3.);
#36920=CIRCLE('',#195315,3.);
#36921=CIRCLE('',#195319,3.);
#36922=CIRCLE('',#195321,3.);
#36923=CIRCLE('',#195323,3.);
#36924=CIRCLE('',#195325,3.);
#36925=CIRCLE('',#195327,3.);
#36926=CIRCLE('',#195329,3.);
#36927=CIRCLE('',#195331,3.);
#36928=CIRCLE('',#195333,3.);
#36929=CIRCLE('',#195335,3.);
#36930=CIRCLE('',#195338,3.);
#36931=CIRCLE('',#195339,3.);
#36932=CIRCLE('',#195341,3.);
#36933=CIRCLE('',#195343,3.);
#36934=CIRCLE('',#195345,3.);
#36935=CIRCLE('',#195347,3.);
#36936=CIRCLE('',#195349,3.);
#36937=CIRCLE('',#195351,3.);
#36938=CIRCLE('',#195353,3.);
#36939=CIRCLE('',#195357,3.);
#36940=CIRCLE('',#195359,3.);
#36941=CIRCLE('',#195362,3.);
#36942=CIRCLE('',#195364,3.);
#36943=CIRCLE('',#195367,3.);
#36944=CIRCLE('',#195369,4.);
#36945=CIRCLE('',#195371,4.);
#36946=CIRCLE('',#195373,4.);
#36947=CIRCLE('',#195374,4.);
#36948=CIRCLE('',#195375,4.);
#36949=CIRCLE('',#195377,4.);
#36950=CIRCLE('',#195379,4.);
#36951=CIRCLE('',#195380,4.);
#36952=CIRCLE('',#195382,2.);
#36953=CIRCLE('',#195385,2.);
#36954=CIRCLE('',#195390,2.);
#36955=CIRCLE('',#195391,2.);
#36956=CIRCLE('',#195393,1.5);
#36957=CIRCLE('',#195394,1.5);
#36958=CIRCLE('',#195395,1.5);
#36959=CIRCLE('',#195396,1.5);
#36960=CIRCLE('',#195400,2.);
#36961=CIRCLE('',#195401,2.);
#36962=CIRCLE('',#195402,2.);
#36963=CIRCLE('',#195403,2.);
#36964=CIRCLE('',#195407,5.);
#36965=CIRCLE('',#195408,5.);
#36966=CIRCLE('',#195410,5.);
#36967=CIRCLE('',#195411,5.);
#36968=CIRCLE('',#195413,5.);
#36969=CIRCLE('',#195414,5.);
#36970=CIRCLE('',#195416,5.);
#36971=CIRCLE('',#195417,5.);
#36972=CIRCLE('',#195419,3.);
#36973=CIRCLE('',#195420,3.);
#36974=CIRCLE('',#195422,3.);
#36975=CIRCLE('',#195424,3.);
#36976=CIRCLE('',#195426,3.);
#36977=CIRCLE('',#195428,3.);
#36978=CIRCLE('',#195430,3.);
#36979=CIRCLE('',#195432,3.);
#36980=CIRCLE('',#195435,3.);
#36981=CIRCLE('',#195436,3.);
#36982=CIRCLE('',#195438,3.);
#36983=CIRCLE('',#195440,3.);
#36984=CIRCLE('',#195442,3.);
#36985=CIRCLE('',#195444,3.);
#36986=CIRCLE('',#195446,3.);
#36987=CIRCLE('',#195448,3.);
#36988=CIRCLE('',#195451,1.5);
#36989=CIRCLE('',#195452,1.5);
#36990=CIRCLE('',#195453,1.5);
#36991=CIRCLE('',#195455,1.5);
#36992=CIRCLE('',#195462,1.5);
#36993=CIRCLE('',#195463,1.5);
#36994=CIRCLE('',#195466,1.5);
#36995=CIRCLE('',#195468,1.5);
#36996=CIRCLE('',#195471,1.5);
#36997=CIRCLE('',#195472,1.5);
#36998=CIRCLE('',#195475,1.5);
#36999=CIRCLE('',#195477,1.5);
#37000=CIRCLE('',#195480,1.5);
#37001=CIRCLE('',#195481,1.5);
#37002=CIRCLE('',#195484,1.5);
#37003=CIRCLE('',#195485,1.5);
#38236=ADVANCED_BREP_SHAPE_REPRESENTATION('',(#189223,#189224),#319170);
#62334=ORIENTED_EDGE('',*,*,#89740,.T.);
#62335=ORIENTED_EDGE('',*,*,#89741,.T.);
#62336=ORIENTED_EDGE('',*,*,#89742,.T.);
#62337=ORIENTED_EDGE('',*,*,#89743,.T.);
#62338=ORIENTED_EDGE('',*,*,#89744,.T.);
#62339=ORIENTED_EDGE('',*,*,#89745,.T.);
#62340=ORIENTED_EDGE('',*,*,#89746,.T.);
#62341=ORIENTED_EDGE('',*,*,#89747,.T.);
#62342=ORIENTED_EDGE('',*,*,#89748,.T.);
#62343=ORIENTED_EDGE('',*,*,#89749,.T.);
#62344=ORIENTED_EDGE('',*,*,#89750,.T.);
#62345=ORIENTED_EDGE('',*,*,#89751,.T.);
#62346=ORIENTED_EDGE('',*,*,#89752,.T.);
#62347=ORIENTED_EDGE('',*,*,#89753,.T.);
#62348=ORIENTED_EDGE('',*,*,#89754,.T.);
#62349=ORIENTED_EDGE('',*,*,#89755,.T.);
#62350=ORIENTED_EDGE('',*,*,#89756,.T.);
#62351=ORIENTED_EDGE('',*,*,#89757,.T.);
#62352=ORIENTED_EDGE('',*,*,#89758,.T.);
#62353=ORIENTED_EDGE('',*,*,#89759,.T.);
#62354=ORIENTED_EDGE('',*,*,#89760,.T.);
#62355=ORIENTED_EDGE('',*,*,#89761,.T.);
#62356=ORIENTED_EDGE('',*,*,#89762,.T.);
#62357=ORIENTED_EDGE('',*,*,#89763,.T.);
#62358=ORIENTED_EDGE('',*,*,#89764,.T.);
#62359=ORIENTED_EDGE('',*,*,#89765,.T.);
#62360=ORIENTED_EDGE('',*,*,#89766,.T.);
#62361=ORIENTED_EDGE('',*,*,#89767,.T.);
#62362=ORIENTED_EDGE('',*,*,#89768,.T.);
#62363=ORIENTED_EDGE('',*,*,#89769,.T.);
#62364=ORIENTED_EDGE('',*,*,#89770,.T.);
#62365=ORIENTED_EDGE('',*,*,#89771,.T.);
#62366=ORIENTED_EDGE('',*,*,#89772,.T.);
#62367=ORIENTED_EDGE('',*,*,#89773,.T.);
#62368=ORIENTED_EDGE('',*,*,#89774,.T.);
#62369=ORIENTED_EDGE('',*,*,#89775,.T.);
#62370=ORIENTED_EDGE('',*,*,#89776,.T.);
#62371=ORIENTED_EDGE('',*,*,#89777,.T.);
#62372=ORIENTED_EDGE('',*,*,#89778,.T.);
#62373=ORIENTED_EDGE('',*,*,#89779,.T.);
#62374=ORIENTED_EDGE('',*,*,#89780,.T.);
#62375=ORIENTED_EDGE('',*,*,#89781,.T.);
#62376=ORIENTED_EDGE('',*,*,#89782,.T.);
#62377=ORIENTED_EDGE('',*,*,#89783,.T.);
#62378=ORIENTED_EDGE('',*,*,#89784,.T.);
#62379=ORIENTED_EDGE('',*,*,#89785,.T.);
#62380=ORIENTED_EDGE('',*,*,#89786,.T.);
#62381=ORIENTED_EDGE('',*,*,#89787,.T.);
#62382=ORIENTED_EDGE('',*,*,#89788,.T.);
#62383=ORIENTED_EDGE('',*,*,#89789,.T.);
#62384=ORIENTED_EDGE('',*,*,#89790,.T.);
#62385=ORIENTED_EDGE('',*,*,#89791,.T.);
#62386=ORIENTED_EDGE('',*,*,#89792,.T.);
#62387=ORIENTED_EDGE('',*,*,#89793,.T.);
#62388=ORIENTED_EDGE('',*,*,#89794,.T.);
#62389=ORIENTED_EDGE('',*,*,#89795,.T.);
#62390=ORIENTED_EDGE('',*,*,#89796,.T.);
#62391=ORIENTED_EDGE('',*,*,#89797,.T.);
#62392=ORIENTED_EDGE('',*,*,#89798,.T.);
#62393=ORIENTED_EDGE('',*,*,#89799,.T.);
#62394=ORIENTED_EDGE('',*,*,#89800,.T.);
#62395=ORIENTED_EDGE('',*,*,#89801,.T.);
#62396=ORIENTED_EDGE('',*,*,#89802,.T.);
#62397=ORIENTED_EDGE('',*,*,#89803,.T.);
#62398=ORIENTED_EDGE('',*,*,#89756,.F.);
#62399=ORIENTED_EDGE('',*,*,#89804,.T.);
#62400=ORIENTED_EDGE('',*,*,#89750,.F.);
#62401=ORIENTED_EDGE('',*,*,#89805,.T.);
#62402=ORIENTED_EDGE('',*,*,#89764,.F.);
#62403=ORIENTED_EDGE('',*,*,#89806,.T.);
#62404=ORIENTED_EDGE('',*,*,#89758,.F.);
#62405=ORIENTED_EDGE('',*,*,#89807,.T.);
#62406=ORIENTED_EDGE('',*,*,#89760,.F.);
#62407=ORIENTED_EDGE('',*,*,#89808,.T.);
#62408=ORIENTED_EDGE('',*,*,#89754,.F.);
#62409=ORIENTED_EDGE('',*,*,#89809,.T.);
#62410=ORIENTED_EDGE('',*,*,#89768,.F.);
#62411=ORIENTED_EDGE('',*,*,#89810,.T.);
#62412=ORIENTED_EDGE('',*,*,#89762,.F.);
#62413=ORIENTED_EDGE('',*,*,#89811,.T.);
#62414=ORIENTED_EDGE('',*,*,#89743,.F.);
#62415=ORIENTED_EDGE('',*,*,#89812,.T.);
#62416=ORIENTED_EDGE('',*,*,#89766,.F.);
#62417=ORIENTED_EDGE('',*,*,#89813,.T.);
#62418=ORIENTED_EDGE('',*,*,#89752,.F.);
#62419=ORIENTED_EDGE('',*,*,#89814,.T.);
#62420=ORIENTED_EDGE('',*,*,#89748,.F.);
#62421=ORIENTED_EDGE('',*,*,#89815,.T.);
#62422=ORIENTED_EDGE('',*,*,#89778,.F.);
#62423=ORIENTED_EDGE('',*,*,#89816,.T.);
#62424=ORIENTED_EDGE('',*,*,#89817,.T.);
#62425=ORIENTED_EDGE('',*,*,#89744,.F.);
#62426=ORIENTED_EDGE('',*,*,#89818,.F.);
#62427=ORIENTED_EDGE('',*,*,#89818,.T.);
#62428=ORIENTED_EDGE('',*,*,#89813,.F.);
#62429=ORIENTED_EDGE('',*,*,#89819,.F.);
#62430=ORIENTED_EDGE('',*,*,#89779,.F.);
#62431=ORIENTED_EDGE('',*,*,#89777,.F.);
#62432=ORIENTED_EDGE('',*,*,#89820,.T.);
#62433=ORIENTED_EDGE('',*,*,#89798,.F.);
#62434=ORIENTED_EDGE('',*,*,#89821,.T.);
#62435=ORIENTED_EDGE('',*,*,#89819,.T.);
#62436=ORIENTED_EDGE('',*,*,#89769,.F.);
#62437=ORIENTED_EDGE('',*,*,#89822,.F.);
#62438=ORIENTED_EDGE('',*,*,#89780,.F.);
#62439=ORIENTED_EDGE('',*,*,#89823,.T.);
#62440=ORIENTED_EDGE('',*,*,#89824,.T.);
#62441=ORIENTED_EDGE('',*,*,#89776,.F.);
#62442=ORIENTED_EDGE('',*,*,#89825,.F.);
#62443=ORIENTED_EDGE('',*,*,#89747,.F.);
#62444=ORIENTED_EDGE('',*,*,#89822,.T.);
#62445=ORIENTED_EDGE('',*,*,#89811,.F.);
#62446=ORIENTED_EDGE('',*,*,#89826,.F.);
#62447=ORIENTED_EDGE('',*,*,#89781,.F.);
#62448=ORIENTED_EDGE('',*,*,#89825,.T.);
#62449=ORIENTED_EDGE('',*,*,#89775,.F.);
#62450=ORIENTED_EDGE('',*,*,#89827,.F.);
#62451=ORIENTED_EDGE('',*,*,#89815,.F.);
#62452=ORIENTED_EDGE('',*,*,#89826,.T.);
#62453=ORIENTED_EDGE('',*,*,#89765,.F.);
#62454=ORIENTED_EDGE('',*,*,#89828,.F.);
#62455=ORIENTED_EDGE('',*,*,#89782,.F.);
#62456=ORIENTED_EDGE('',*,*,#89827,.T.);
#62457=ORIENTED_EDGE('',*,*,#89774,.F.);
#62458=ORIENTED_EDGE('',*,*,#89829,.F.);
#62459=ORIENTED_EDGE('',*,*,#89753,.F.);
#62460=ORIENTED_EDGE('',*,*,#89828,.T.);
#62461=ORIENTED_EDGE('',*,*,#89807,.F.);
#62462=ORIENTED_EDGE('',*,*,#89830,.F.);
#62463=ORIENTED_EDGE('',*,*,#89783,.F.);
#62464=ORIENTED_EDGE('',*,*,#89829,.T.);
#62465=ORIENTED_EDGE('',*,*,#89773,.F.);
#62466=ORIENTED_EDGE('',*,*,#89831,.F.);
#62467=ORIENTED_EDGE('',*,*,#89805,.F.);
#62468=ORIENTED_EDGE('',*,*,#89830,.T.);
#62469=ORIENTED_EDGE('',*,*,#89761,.F.);
#62470=ORIENTED_EDGE('',*,*,#89832,.F.);
#62471=ORIENTED_EDGE('',*,*,#89770,.F.);
#62472=ORIENTED_EDGE('',*,*,#89831,.T.);
#62473=ORIENTED_EDGE('',*,*,#89772,.F.);
#62474=ORIENTED_EDGE('',*,*,#89833,.F.);
#62475=ORIENTED_EDGE('',*,*,#89757,.F.);
#62476=ORIENTED_EDGE('',*,*,#89832,.T.);
#62477=ORIENTED_EDGE('',*,*,#89809,.F.);
#62478=ORIENTED_EDGE('',*,*,#89833,.T.);
#62479=ORIENTED_EDGE('',*,*,#89771,.F.);
#62480=ORIENTED_EDGE('',*,*,#89834,.F.);
#62481=ORIENTED_EDGE('',*,*,#89755,.F.);
#62482=ORIENTED_EDGE('',*,*,#89835,.F.);
#62483=ORIENTED_EDGE('',*,*,#89792,.F.);
#62484=ORIENTED_EDGE('',*,*,#89835,.T.);
#62485=ORIENTED_EDGE('',*,*,#89808,.F.);
#62486=ORIENTED_EDGE('',*,*,#89836,.F.);
#62487=ORIENTED_EDGE('',*,*,#89793,.F.);
#62488=ORIENTED_EDGE('',*,*,#89834,.T.);
#62489=ORIENTED_EDGE('',*,*,#89791,.F.);
#62490=ORIENTED_EDGE('',*,*,#89837,.F.);
#62491=ORIENTED_EDGE('',*,*,#89804,.F.);
#62492=ORIENTED_EDGE('',*,*,#89836,.T.);
#62493=ORIENTED_EDGE('',*,*,#89759,.F.);
#62494=ORIENTED_EDGE('',*,*,#89838,.F.);
#62495=ORIENTED_EDGE('',*,*,#89794,.F.);
#62496=ORIENTED_EDGE('',*,*,#89837,.T.);
#62497=ORIENTED_EDGE('',*,*,#89790,.F.);
#62498=ORIENTED_EDGE('',*,*,#89839,.F.);
#62499=ORIENTED_EDGE('',*,*,#89751,.F.);
#62500=ORIENTED_EDGE('',*,*,#89838,.T.);
#62501=ORIENTED_EDGE('',*,*,#89806,.F.);
#62502=ORIENTED_EDGE('',*,*,#89840,.F.);
#62503=ORIENTED_EDGE('',*,*,#89795,.F.);
#62504=ORIENTED_EDGE('',*,*,#89839,.T.);
#62505=ORIENTED_EDGE('',*,*,#89789,.F.);
#62506=ORIENTED_EDGE('',*,*,#89841,.F.);
#62507=ORIENTED_EDGE('',*,*,#89814,.F.);
#62508=ORIENTED_EDGE('',*,*,#89840,.T.);
#62509=ORIENTED_EDGE('',*,*,#89763,.F.);
#62510=ORIENTED_EDGE('',*,*,#89842,.F.);
#62511=ORIENTED_EDGE('',*,*,#89796,.F.);
#62512=ORIENTED_EDGE('',*,*,#89788,.F.);
#62513=ORIENTED_EDGE('',*,*,#89843,.T.);
#62514=ORIENTED_EDGE('',*,*,#89749,.F.);
#62515=ORIENTED_EDGE('',*,*,#89841,.T.);
#62516=ORIENTED_EDGE('',*,*,#89842,.T.);
#62517=ORIENTED_EDGE('',*,*,#89810,.F.);
#62518=ORIENTED_EDGE('',*,*,#89844,.F.);
#62519=ORIENTED_EDGE('',*,*,#89797,.F.);
#62520=ORIENTED_EDGE('',*,*,#89801,.F.);
#62521=ORIENTED_EDGE('',*,*,#89845,.T.);
#62522=ORIENTED_EDGE('',*,*,#89846,.T.);
#62523=ORIENTED_EDGE('',*,*,#89787,.F.);
#62524=ORIENTED_EDGE('',*,*,#89847,.T.);
#62525=ORIENTED_EDGE('',*,*,#89848,.T.);
#62526=ORIENTED_EDGE('',*,*,#89844,.T.);
#62527=ORIENTED_EDGE('',*,*,#89767,.F.);
#62528=ORIENTED_EDGE('',*,*,#89849,.F.);
#62529=ORIENTED_EDGE('',*,*,#89784,.F.);
#62530=ORIENTED_EDGE('',*,*,#89742,.F.);
#62531=ORIENTED_EDGE('',*,*,#89850,.T.);
#62532=ORIENTED_EDGE('',*,*,#89786,.F.);
#62533=ORIENTED_EDGE('',*,*,#89851,.F.);
#62534=ORIENTED_EDGE('',*,*,#89849,.T.);
#62535=ORIENTED_EDGE('',*,*,#89812,.F.);
#62536=ORIENTED_EDGE('',*,*,#89851,.T.);
#62537=ORIENTED_EDGE('',*,*,#89785,.F.);
#62538=ORIENTED_EDGE('',*,*,#89847,.F.);
#62539=ORIENTED_EDGE('',*,*,#89850,.F.);
#62540=ORIENTED_EDGE('',*,*,#89852,.F.);
#62541=ORIENTED_EDGE('',*,*,#89852,.T.);
#62542=ORIENTED_EDGE('',*,*,#89741,.F.);
#62543=ORIENTED_EDGE('',*,*,#89853,.F.);
#62544=ORIENTED_EDGE('',*,*,#89848,.F.);
#62545=ORIENTED_EDGE('',*,*,#89853,.T.);
#62546=ORIENTED_EDGE('',*,*,#89740,.F.);
#62547=ORIENTED_EDGE('',*,*,#89854,.F.);
#62548=ORIENTED_EDGE('',*,*,#89802,.F.);
#62549=ORIENTED_EDGE('',*,*,#89854,.T.);
#62550=ORIENTED_EDGE('',*,*,#89817,.F.);
#62551=ORIENTED_EDGE('',*,*,#89855,.F.);
#62552=ORIENTED_EDGE('',*,*,#89803,.F.);
#62553=ORIENTED_EDGE('',*,*,#89855,.T.);
#62554=ORIENTED_EDGE('',*,*,#89816,.F.);
#62555=ORIENTED_EDGE('',*,*,#89821,.F.);
#62556=ORIENTED_EDGE('',*,*,#89843,.F.);
#62557=ORIENTED_EDGE('',*,*,#89846,.F.);
#62558=ORIENTED_EDGE('',*,*,#89856,.F.);
#62559=ORIENTED_EDGE('',*,*,#89856,.T.);
#62560=ORIENTED_EDGE('',*,*,#89845,.F.);
#62561=ORIENTED_EDGE('',*,*,#89857,.F.);
#62562=ORIENTED_EDGE('',*,*,#89745,.F.);
#62563=ORIENTED_EDGE('',*,*,#89857,.T.);
#62564=ORIENTED_EDGE('',*,*,#89800,.F.);
#62565=ORIENTED_EDGE('',*,*,#89858,.F.);
#62566=ORIENTED_EDGE('',*,*,#89746,.F.);
#62567=ORIENTED_EDGE('',*,*,#89858,.T.);
#62568=ORIENTED_EDGE('',*,*,#89799,.F.);
#62569=ORIENTED_EDGE('',*,*,#89859,.F.);
#62570=ORIENTED_EDGE('',*,*,#89823,.F.);
#62571=ORIENTED_EDGE('',*,*,#89859,.T.);
#62572=ORIENTED_EDGE('',*,*,#89820,.F.);
#62573=ORIENTED_EDGE('',*,*,#89824,.F.);
#62574=ORIENTED_EDGE('',*,*,#89860,.T.);
#62575=ORIENTED_EDGE('',*,*,#89861,.F.);
#62576=ORIENTED_EDGE('',*,*,#89862,.T.);
#62577=ORIENTED_EDGE('',*,*,#89863,.T.);
#62578=ORIENTED_EDGE('',*,*,#89864,.T.);
#62579=ORIENTED_EDGE('',*,*,#89865,.T.);
#62580=ORIENTED_EDGE('',*,*,#89866,.F.);
#62581=ORIENTED_EDGE('',*,*,#89867,.F.);
#62582=ORIENTED_EDGE('',*,*,#89868,.T.);
#62583=ORIENTED_EDGE('',*,*,#89861,.T.);
#62584=ORIENTED_EDGE('',*,*,#89869,.F.);
#62585=ORIENTED_EDGE('',*,*,#89870,.F.);
#62586=ORIENTED_EDGE('',*,*,#89871,.T.);
#62587=ORIENTED_EDGE('',*,*,#89872,.T.);
#62588=ORIENTED_EDGE('',*,*,#89873,.T.);
#62589=ORIENTED_EDGE('',*,*,#89874,.F.);
#62590=ORIENTED_EDGE('',*,*,#89875,.T.);
#62591=ORIENTED_EDGE('',*,*,#89876,.T.);
#62592=ORIENTED_EDGE('',*,*,#89877,.F.);
#62593=ORIENTED_EDGE('',*,*,#89878,.F.);
#62594=ORIENTED_EDGE('',*,*,#89879,.F.);
#62595=ORIENTED_EDGE('',*,*,#89869,.T.);
#62596=ORIENTED_EDGE('',*,*,#89880,.F.);
#62597=ORIENTED_EDGE('',*,*,#89881,.T.);
#62598=ORIENTED_EDGE('',*,*,#89882,.T.);
#62599=ORIENTED_EDGE('',*,*,#89877,.T.);
#62600=ORIENTED_EDGE('',*,*,#89883,.F.);
#62601=ORIENTED_EDGE('',*,*,#89884,.F.);
#62602=ORIENTED_EDGE('',*,*,#89885,.T.);
#62603=ORIENTED_EDGE('',*,*,#89886,.T.);
#62604=ORIENTED_EDGE('',*,*,#89887,.T.);
#62605=ORIENTED_EDGE('',*,*,#89888,.T.);
#62606=ORIENTED_EDGE('',*,*,#89889,.T.);
#62607=ORIENTED_EDGE('',*,*,#89890,.T.);
#62608=ORIENTED_EDGE('',*,*,#89891,.T.);
#62609=ORIENTED_EDGE('',*,*,#89892,.F.);
#62610=ORIENTED_EDGE('',*,*,#89881,.F.);
#62611=ORIENTED_EDGE('',*,*,#89893,.F.);
#62612=ORIENTED_EDGE('',*,*,#89894,.T.);
#62613=ORIENTED_EDGE('',*,*,#89895,.F.);
#62614=ORIENTED_EDGE('',*,*,#89896,.T.);
#62615=ORIENTED_EDGE('',*,*,#89897,.T.);
#62616=ORIENTED_EDGE('',*,*,#89898,.T.);
#62617=ORIENTED_EDGE('',*,*,#89899,.T.);
#62618=ORIENTED_EDGE('',*,*,#89900,.T.);
#62619=ORIENTED_EDGE('',*,*,#89901,.T.);
#62620=ORIENTED_EDGE('',*,*,#89902,.T.);
#62621=ORIENTED_EDGE('',*,*,#89903,.T.);
#62622=ORIENTED_EDGE('',*,*,#89904,.T.);
#62623=ORIENTED_EDGE('',*,*,#89905,.T.);
#62624=ORIENTED_EDGE('',*,*,#89906,.T.);
#62625=ORIENTED_EDGE('',*,*,#89907,.T.);
#62626=ORIENTED_EDGE('',*,*,#89908,.T.);
#62627=ORIENTED_EDGE('',*,*,#89909,.T.);
#62628=ORIENTED_EDGE('',*,*,#89910,.T.);
#62629=ORIENTED_EDGE('',*,*,#89911,.T.);
#62630=ORIENTED_EDGE('',*,*,#89912,.T.);
#62631=ORIENTED_EDGE('',*,*,#89913,.T.);
#62632=ORIENTED_EDGE('',*,*,#89914,.T.);
#62633=ORIENTED_EDGE('',*,*,#89915,.T.);
#62634=ORIENTED_EDGE('',*,*,#89916,.T.);
#62635=ORIENTED_EDGE('',*,*,#89917,.T.);
#62636=ORIENTED_EDGE('',*,*,#89918,.T.);
#62637=ORIENTED_EDGE('',*,*,#89919,.T.);
#62638=ORIENTED_EDGE('',*,*,#89914,.F.);
#62639=ORIENTED_EDGE('',*,*,#89920,.T.);
#62640=ORIENTED_EDGE('',*,*,#89900,.F.);
#62641=ORIENTED_EDGE('',*,*,#89921,.T.);
#62642=ORIENTED_EDGE('',*,*,#89898,.F.);
#62643=ORIENTED_EDGE('',*,*,#89922,.T.);
#62644=ORIENTED_EDGE('',*,*,#89912,.F.);
#62645=ORIENTED_EDGE('',*,*,#89923,.T.);
#62646=ORIENTED_EDGE('',*,*,#89902,.F.);
#62647=ORIENTED_EDGE('',*,*,#89924,.T.);
#62648=ORIENTED_EDGE('',*,*,#89916,.F.);
#62649=ORIENTED_EDGE('',*,*,#89925,.T.);
#62650=ORIENTED_EDGE('',*,*,#89918,.F.);
#62651=ORIENTED_EDGE('',*,*,#89926,.T.);
#62652=ORIENTED_EDGE('',*,*,#89896,.F.);
#62653=ORIENTED_EDGE('',*,*,#89927,.T.);
#62654=ORIENTED_EDGE('',*,*,#89928,.F.);
#62655=ORIENTED_EDGE('',*,*,#89923,.F.);
#62656=ORIENTED_EDGE('',*,*,#89929,.F.);
#62657=ORIENTED_EDGE('',*,*,#89863,.F.);
#62658=ORIENTED_EDGE('',*,*,#89929,.T.);
#62659=ORIENTED_EDGE('',*,*,#89915,.F.);
#62660=ORIENTED_EDGE('',*,*,#89930,.F.);
#62661=ORIENTED_EDGE('',*,*,#89871,.F.);
#62662=ORIENTED_EDGE('',*,*,#89931,.F.);
#62663=ORIENTED_EDGE('',*,*,#89875,.F.);
#62664=ORIENTED_EDGE('',*,*,#89932,.F.);
#62665=ORIENTED_EDGE('',*,*,#89864,.F.);
#62666=ORIENTED_EDGE('',*,*,#89928,.T.);
#62667=ORIENTED_EDGE('',*,*,#89862,.F.);
#62668=ORIENTED_EDGE('',*,*,#89933,.F.);
#62669=ORIENTED_EDGE('',*,*,#89890,.F.);
#62670=ORIENTED_EDGE('',*,*,#89934,.F.);
#62671=ORIENTED_EDGE('',*,*,#89899,.F.);
#62672=ORIENTED_EDGE('',*,*,#89930,.T.);
#62673=ORIENTED_EDGE('',*,*,#89921,.F.);
#62674=ORIENTED_EDGE('',*,*,#89935,.F.);
#62675=ORIENTED_EDGE('',*,*,#89872,.F.);
#62676=ORIENTED_EDGE('',*,*,#89934,.T.);
#62677=ORIENTED_EDGE('',*,*,#89889,.F.);
#62678=ORIENTED_EDGE('',*,*,#89936,.F.);
#62679=ORIENTED_EDGE('',*,*,#89927,.F.);
#62680=ORIENTED_EDGE('',*,*,#89935,.T.);
#62681=ORIENTED_EDGE('',*,*,#89903,.F.);
#62682=ORIENTED_EDGE('',*,*,#89937,.F.);
#62683=ORIENTED_EDGE('',*,*,#89886,.F.);
#62684=ORIENTED_EDGE('',*,*,#89938,.T.);
#62685=ORIENTED_EDGE('',*,*,#89873,.F.);
#62686=ORIENTED_EDGE('',*,*,#89936,.T.);
#62687=ORIENTED_EDGE('',*,*,#89888,.F.);
#62688=ORIENTED_EDGE('',*,*,#89939,.F.);
#62689=ORIENTED_EDGE('',*,*,#89919,.F.);
#62690=ORIENTED_EDGE('',*,*,#89937,.T.);
#62691=ORIENTED_EDGE('',*,*,#89925,.F.);
#62692=ORIENTED_EDGE('',*,*,#89939,.T.);
#62693=ORIENTED_EDGE('',*,*,#89887,.F.);
#62694=ORIENTED_EDGE('',*,*,#89940,.F.);
#62695=ORIENTED_EDGE('',*,*,#89922,.F.);
#62696=ORIENTED_EDGE('',*,*,#89941,.F.);
#62697=ORIENTED_EDGE('',*,*,#89909,.F.);
#62698=ORIENTED_EDGE('',*,*,#89941,.T.);
#62699=ORIENTED_EDGE('',*,*,#89897,.F.);
#62700=ORIENTED_EDGE('',*,*,#89942,.F.);
#62701=ORIENTED_EDGE('',*,*,#89910,.F.);
#62702=ORIENTED_EDGE('',*,*,#89940,.T.);
#62703=ORIENTED_EDGE('',*,*,#89908,.F.);
#62704=ORIENTED_EDGE('',*,*,#89943,.F.);
#62705=ORIENTED_EDGE('',*,*,#89913,.F.);
#62706=ORIENTED_EDGE('',*,*,#89942,.T.);
#62707=ORIENTED_EDGE('',*,*,#89926,.F.);
#62708=ORIENTED_EDGE('',*,*,#89944,.F.);
#62709=ORIENTED_EDGE('',*,*,#89911,.F.);
#62710=ORIENTED_EDGE('',*,*,#89943,.T.);
#62711=ORIENTED_EDGE('',*,*,#89907,.F.);
#62712=ORIENTED_EDGE('',*,*,#89945,.F.);
#62713=ORIENTED_EDGE('',*,*,#89920,.F.);
#62714=ORIENTED_EDGE('',*,*,#89944,.T.);
#62715=ORIENTED_EDGE('',*,*,#89917,.F.);
#62716=ORIENTED_EDGE('',*,*,#89946,.F.);
#62717=ORIENTED_EDGE('',*,*,#89904,.F.);
#62718=ORIENTED_EDGE('',*,*,#89945,.T.);
#62719=ORIENTED_EDGE('',*,*,#89906,.F.);
#62720=ORIENTED_EDGE('',*,*,#89947,.F.);
#62721=ORIENTED_EDGE('',*,*,#89901,.F.);
#62722=ORIENTED_EDGE('',*,*,#89946,.T.);
#62723=ORIENTED_EDGE('',*,*,#89924,.F.);
#62724=ORIENTED_EDGE('',*,*,#89947,.T.);
#62725=ORIENTED_EDGE('',*,*,#89905,.F.);
#62726=ORIENTED_EDGE('',*,*,#89948,.F.);
#62727=ORIENTED_EDGE('',*,*,#89866,.T.);
#62728=ORIENTED_EDGE('',*,*,#89949,.F.);
#62729=ORIENTED_EDGE('',*,*,#89950,.F.);
#62730=ORIENTED_EDGE('',*,*,#89951,.T.);
#62731=ORIENTED_EDGE('',*,*,#89884,.T.);
#62732=ORIENTED_EDGE('',*,*,#89952,.F.);
#62733=ORIENTED_EDGE('',*,*,#89953,.T.);
#62734=ORIENTED_EDGE('',*,*,#89954,.T.);
#62735=ORIENTED_EDGE('',*,*,#89878,.T.);
#62736=ORIENTED_EDGE('',*,*,#89892,.T.);
#62737=ORIENTED_EDGE('',*,*,#89955,.F.);
#62738=ORIENTED_EDGE('',*,*,#89956,.F.);
#62739=ORIENTED_EDGE('',*,*,#89957,.T.);
#62740=ORIENTED_EDGE('',*,*,#89933,.T.);
#62741=ORIENTED_EDGE('',*,*,#89868,.F.);
#62742=ORIENTED_EDGE('',*,*,#89957,.F.);
#62743=ORIENTED_EDGE('',*,*,#89958,.T.);
#62744=ORIENTED_EDGE('',*,*,#89955,.T.);
#62745=ORIENTED_EDGE('',*,*,#89894,.F.);
#62746=ORIENTED_EDGE('',*,*,#89959,.T.);
#62747=ORIENTED_EDGE('',*,*,#89885,.F.);
#62748=ORIENTED_EDGE('',*,*,#89960,.T.);
#62749=ORIENTED_EDGE('',*,*,#89961,.T.);
#62750=ORIENTED_EDGE('',*,*,#89962,.T.);
#62751=ORIENTED_EDGE('',*,*,#89963,.T.);
#62752=ORIENTED_EDGE('',*,*,#89964,.F.);
#62753=ORIENTED_EDGE('',*,*,#89965,.F.);
#62754=ORIENTED_EDGE('',*,*,#89891,.F.);
#62755=ORIENTED_EDGE('',*,*,#89966,.T.);
#62756=ORIENTED_EDGE('',*,*,#89895,.T.);
#62757=ORIENTED_EDGE('',*,*,#89967,.T.);
#62758=ORIENTED_EDGE('',*,*,#89966,.F.);
#62759=ORIENTED_EDGE('',*,*,#89964,.T.);
#62760=ORIENTED_EDGE('',*,*,#89967,.F.);
#62761=ORIENTED_EDGE('',*,*,#89948,.T.);
#62762=ORIENTED_EDGE('',*,*,#89958,.F.);
#62763=ORIENTED_EDGE('',*,*,#89956,.T.);
#62764=ORIENTED_EDGE('',*,*,#89867,.T.);
#62765=ORIENTED_EDGE('',*,*,#89968,.T.);
#62766=ORIENTED_EDGE('',*,*,#89969,.F.);
#62767=ORIENTED_EDGE('',*,*,#89968,.F.);
#62768=ORIENTED_EDGE('',*,*,#89970,.T.);
#62769=ORIENTED_EDGE('',*,*,#89969,.T.);
#62770=ORIENTED_EDGE('',*,*,#89971,.T.);
#62771=ORIENTED_EDGE('',*,*,#89970,.F.);
#62772=ORIENTED_EDGE('',*,*,#89965,.T.);
#62773=ORIENTED_EDGE('',*,*,#89971,.F.);
#62774=ORIENTED_EDGE('',*,*,#89972,.F.);
#62775=ORIENTED_EDGE('',*,*,#89973,.F.);
#62776=ORIENTED_EDGE('',*,*,#89974,.T.);
#62777=ORIENTED_EDGE('',*,*,#89953,.F.);
#62778=ORIENTED_EDGE('',*,*,#89975,.T.);
#62779=ORIENTED_EDGE('',*,*,#89962,.F.);
#62780=ORIENTED_EDGE('',*,*,#89963,.F.);
#62781=ORIENTED_EDGE('',*,*,#89975,.F.);
#62782=ORIENTED_EDGE('',*,*,#89976,.T.);
#62783=ORIENTED_EDGE('',*,*,#89977,.T.);
#62784=ORIENTED_EDGE('',*,*,#89950,.T.);
#62785=ORIENTED_EDGE('',*,*,#89978,.F.);
#62786=ORIENTED_EDGE('',*,*,#89960,.F.);
#62787=ORIENTED_EDGE('',*,*,#89961,.F.);
#62788=ORIENTED_EDGE('',*,*,#89979,.T.);
#62789=ORIENTED_EDGE('',*,*,#89979,.F.);
#62790=ORIENTED_EDGE('',*,*,#89938,.F.);
#62791=ORIENTED_EDGE('',*,*,#89959,.F.);
#62792=ORIENTED_EDGE('',*,*,#89893,.T.);
#62793=ORIENTED_EDGE('',*,*,#89880,.T.);
#62794=ORIENTED_EDGE('',*,*,#89980,.F.);
#62795=ORIENTED_EDGE('',*,*,#89972,.T.);
#62796=ORIENTED_EDGE('',*,*,#89952,.T.);
#62797=ORIENTED_EDGE('',*,*,#89883,.T.);
#62798=ORIENTED_EDGE('',*,*,#89876,.F.);
#62799=ORIENTED_EDGE('',*,*,#89974,.F.);
#62800=ORIENTED_EDGE('',*,*,#89981,.T.);
#62801=ORIENTED_EDGE('',*,*,#89870,.T.);
#62802=ORIENTED_EDGE('',*,*,#89879,.T.);
#62803=ORIENTED_EDGE('',*,*,#89954,.F.);
#62804=ORIENTED_EDGE('',*,*,#89980,.T.);
#62805=ORIENTED_EDGE('',*,*,#89931,.T.);
#62806=ORIENTED_EDGE('',*,*,#89981,.F.);
#62807=ORIENTED_EDGE('',*,*,#89973,.T.);
#62808=ORIENTED_EDGE('',*,*,#89977,.F.);
#62809=ORIENTED_EDGE('',*,*,#89982,.T.);
#62810=ORIENTED_EDGE('',*,*,#89874,.T.);
#62811=ORIENTED_EDGE('',*,*,#89882,.F.);
#62812=ORIENTED_EDGE('',*,*,#89951,.F.);
#62813=ORIENTED_EDGE('',*,*,#89983,.T.);
#62814=ORIENTED_EDGE('',*,*,#89932,.T.);
#62815=ORIENTED_EDGE('',*,*,#89982,.F.);
#62816=ORIENTED_EDGE('',*,*,#89976,.F.);
#62817=ORIENTED_EDGE('',*,*,#89983,.F.);
#62818=ORIENTED_EDGE('',*,*,#89978,.T.);
#62819=ORIENTED_EDGE('',*,*,#89949,.T.);
#62820=ORIENTED_EDGE('',*,*,#89865,.F.);
#62821=ORIENTED_EDGE('',*,*,#89860,.F.);
#89740=EDGE_CURVE('',#105359,#105360,#9865,.F.);
#89741=EDGE_CURVE('',#105360,#105361,#36892,.F.);
#89742=EDGE_CURVE('',#105361,#105362,#9866,.F.);
#89743=EDGE_CURVE('',#105362,#105363,#9867,.F.);
#89744=EDGE_CURVE('',#105363,#105359,#9868,.T.);
#89745=EDGE_CURVE('',#105364,#105365,#36893,.F.);
#89746=EDGE_CURVE('',#105365,#105366,#9869,.T.);
#89747=EDGE_CURVE('',#105366,#105367,#9870,.T.);
#89748=EDGE_CURVE('',#105367,#105368,#9871,.T.);
#89749=EDGE_CURVE('',#105368,#105364,#9872,.F.);
#89750=EDGE_CURVE('',#105369,#105370,#9873,.T.);
#89751=EDGE_CURVE('',#105370,#105371,#9874,.F.);
#89752=EDGE_CURVE('',#105371,#105372,#9875,.F.);
#89753=EDGE_CURVE('',#105372,#105369,#9876,.T.);
#89754=EDGE_CURVE('',#105373,#105374,#9877,.T.);
#89755=EDGE_CURVE('',#105374,#105375,#9878,.F.);
#89756=EDGE_CURVE('',#105375,#105376,#9879,.F.);
#89757=EDGE_CURVE('',#105376,#105373,#9880,.T.);
#89758=EDGE_CURVE('',#105377,#105378,#9881,.T.);
#89759=EDGE_CURVE('',#105378,#105379,#9882,.F.);
#89760=EDGE_CURVE('',#105379,#105380,#9883,.F.);
#89761=EDGE_CURVE('',#105380,#105377,#9884,.T.);
#89762=EDGE_CURVE('',#105381,#105382,#9885,.T.);
#89763=EDGE_CURVE('',#105382,#105383,#9886,.F.);
#89764=EDGE_CURVE('',#105383,#105384,#9887,.F.);
#89765=EDGE_CURVE('',#105384,#105381,#9888,.T.);
#89766=EDGE_CURVE('',#105385,#105386,#9889,.T.);
#89767=EDGE_CURVE('',#105386,#105387,#9890,.F.);
#89768=EDGE_CURVE('',#105387,#105388,#9891,.F.);
#89769=EDGE_CURVE('',#105388,#105385,#9892,.T.);
#89770=EDGE_CURVE('',#105389,#105390,#9893,.F.);
#89771=EDGE_CURVE('',#105390,#105391,#36894,.F.);
#89772=EDGE_CURVE('',#105391,#105392,#9894,.F.);
#89773=EDGE_CURVE('',#105392,#105393,#36895,.F.);
#89774=EDGE_CURVE('',#105393,#105394,#9895,.F.);
#89775=EDGE_CURVE('',#105394,#105395,#36896,.F.);
#89776=EDGE_CURVE('',#105395,#105396,#9896,.F.);
#89777=EDGE_CURVE('',#105396,#105397,#9897,.F.);
#89778=EDGE_CURVE('',#105397,#105398,#9898,.F.);
#89779=EDGE_CURVE('',#105398,#105399,#36897,.F.);
#89780=EDGE_CURVE('',#105399,#105400,#9899,.F.);
#89781=EDGE_CURVE('',#105400,#105401,#36898,.F.);
#89782=EDGE_CURVE('',#105401,#105402,#9900,.F.);
#89783=EDGE_CURVE('',#105402,#105389,#36899,.F.);
#89784=EDGE_CURVE('',#105403,#105404,#9901,.T.);
#89785=EDGE_CURVE('',#105404,#105405,#36900,.T.);
#89786=EDGE_CURVE('',#105405,#105406,#9902,.T.);
#89787=EDGE_CURVE('',#105406,#105407,#9903,.F.);
#89788=EDGE_CURVE('',#105407,#105408,#9904,.T.);
#89789=EDGE_CURVE('',#105408,#105409,#36901,.T.);
#89790=EDGE_CURVE('',#105409,#105410,#9905,.T.);
#89791=EDGE_CURVE('',#105410,#105411,#36902,.T.);
#89792=EDGE_CURVE('',#105411,#105412,#9906,.T.);
#89793=EDGE_CURVE('',#105412,#105413,#36903,.T.);
#89794=EDGE_CURVE('',#105413,#105414,#9907,.T.);
#89795=EDGE_CURVE('',#105414,#105415,#36904,.T.);
#89796=EDGE_CURVE('',#105415,#105416,#9908,.T.);
#89797=EDGE_CURVE('',#105416,#105403,#36905,.T.);
#89798=EDGE_CURVE('',#105417,#105418,#9909,.T.);
#89799=EDGE_CURVE('',#105418,#105419,#939,.T.);
#89800=EDGE_CURVE('',#105419,#105420,#9910,.F.);
#89801=EDGE_CURVE('',#105420,#105421,#9911,.T.);
#89802=EDGE_CURVE('',#105421,#105422,#9912,.T.);
#89803=EDGE_CURVE('',#105422,#105417,#940,.T.);
#89804=EDGE_CURVE('',#105375,#105370,#36906,.F.);
#89805=EDGE_CURVE('',#105369,#105376,#36907,.T.);
#89806=EDGE_CURVE('',#105383,#105378,#36908,.F.);
#89807=EDGE_CURVE('',#105377,#105384,#36909,.T.);
#89808=EDGE_CURVE('',#105379,#105374,#36910,.F.);
#89809=EDGE_CURVE('',#105373,#105380,#36911,.T.);
#89810=EDGE_CURVE('',#105387,#105382,#36912,.F.);
#89811=EDGE_CURVE('',#105381,#105388,#36913,.T.);
#89812=EDGE_CURVE('',#105362,#105386,#36914,.F.);
#89813=EDGE_CURVE('',#105385,#105363,#36915,.T.);
#89814=EDGE_CURVE('',#105371,#105368,#36916,.F.);
#89815=EDGE_CURVE('',#105367,#105372,#36917,.T.);
#89816=EDGE_CURVE('',#105397,#105423,#941,.T.);
#89817=EDGE_CURVE('',#105423,#105359,#942,.T.);
#89818=EDGE_CURVE('',#105398,#105363,#36918,.T.);
#89819=EDGE_CURVE('',#105399,#105385,#36919,.T.);
#89820=EDGE_CURVE('',#105396,#105418,#943,.F.);
#89821=EDGE_CURVE('',#105417,#105397,#944,.F.);
#89822=EDGE_CURVE('',#105400,#105388,#36920,.T.);
#89823=EDGE_CURVE('',#105366,#105424,#945,.T.);
#89824=EDGE_CURVE('',#105424,#105396,#946,.T.);
#89825=EDGE_CURVE('',#105367,#105395,#36921,.T.);
#89826=EDGE_CURVE('',#105401,#105381,#36922,.T.);
#89827=EDGE_CURVE('',#105372,#105394,#36923,.T.);
#89828=EDGE_CURVE('',#105402,#105384,#36924,.T.);
#89829=EDGE_CURVE('',#105369,#105393,#36925,.T.);
#89830=EDGE_CURVE('',#105389,#105377,#36926,.T.);
#89831=EDGE_CURVE('',#105376,#105392,#36927,.T.);
#89832=EDGE_CURVE('',#105390,#105380,#36928,.T.);
#89833=EDGE_CURVE('',#105373,#105391,#36929,.T.);
#89834=EDGE_CURVE('',#105375,#105411,#36930,.T.);
#89835=EDGE_CURVE('',#105412,#105374,#36931,.T.);
#89836=EDGE_CURVE('',#105413,#105379,#36932,.T.);
#89837=EDGE_CURVE('',#105370,#105410,#36933,.T.);
#89838=EDGE_CURVE('',#105414,#105378,#36934,.T.);
#89839=EDGE_CURVE('',#105371,#105409,#36935,.T.);
#89840=EDGE_CURVE('',#105415,#105383,#36936,.T.);
#89841=EDGE_CURVE('',#105368,#105408,#36937,.T.);
#89842=EDGE_CURVE('',#105416,#105382,#36938,.T.);
#89843=EDGE_CURVE('',#105407,#105364,#947,.F.);
#89844=EDGE_CURVE('',#105403,#105387,#36939,.T.);
#89845=EDGE_CURVE('',#105420,#105425,#36940,.T.);
#89846=EDGE_CURVE('',#105425,#105407,#948,.T.);
#89847=EDGE_CURVE('',#105406,#105426,#949,.F.);
#89848=EDGE_CURVE('',#105426,#105421,#36941,.T.);
#89849=EDGE_CURVE('',#105404,#105386,#36942,.T.);
#89850=EDGE_CURVE('',#105361,#105406,#950,.T.);
#89851=EDGE_CURVE('',#105362,#105405,#36943,.T.);
#89852=EDGE_CURVE('',#105426,#105361,#36944,.T.);
#89853=EDGE_CURVE('',#105421,#105360,#36945,.T.);
#89854=EDGE_CURVE('',#105422,#105359,#36946,.T.);
#89855=EDGE_CURVE('',#105417,#105423,#36947,.T.);
#89856=EDGE_CURVE('',#105364,#105425,#36948,.T.);
#89857=EDGE_CURVE('',#105365,#105420,#36949,.T.);
#89858=EDGE_CURVE('',#105366,#105419,#36950,.T.);
#89859=EDGE_CURVE('',#105424,#105418,#36951,.T.);
#89860=EDGE_CURVE('',#105427,#105428,#9913,.T.);
#89861=EDGE_CURVE('',#105429,#105428,#9914,.T.);
#89862=EDGE_CURVE('',#105429,#105430,#9915,.F.);
#89863=EDGE_CURVE('',#105430,#105431,#36952,.T.);
#89864=EDGE_CURVE('',#105431,#105427,#9916,.T.);
#89865=EDGE_CURVE('',#105428,#105432,#9917,.T.);
#89866=EDGE_CURVE('',#105433,#105432,#9918,.T.);
#89867=EDGE_CURVE('',#105434,#105433,#9919,.T.);
#89868=EDGE_CURVE('',#105434,#105429,#9920,.T.);
#89869=EDGE_CURVE('',#105435,#105436,#9921,.T.);
#89870=EDGE_CURVE('',#105437,#105435,#9922,.T.);
#89871=EDGE_CURVE('',#105437,#105438,#9923,.T.);
#89872=EDGE_CURVE('',#105438,#105439,#36953,.T.);
#89873=EDGE_CURVE('',#105439,#105436,#9924,.T.);
#89874=EDGE_CURVE('',#105440,#105441,#9925,.T.);
#89875=EDGE_CURVE('',#105440,#105442,#9926,.T.);
#89876=EDGE_CURVE('',#105442,#105443,#9927,.T.);
#89877=EDGE_CURVE('',#105441,#105443,#9928,.T.);
#89878=EDGE_CURVE('',#105444,#105445,#9929,.T.);
#89879=EDGE_CURVE('',#105435,#105444,#9930,.T.);
#89880=EDGE_CURVE('',#105446,#105436,#9931,.T.);
#89881=EDGE_CURVE('',#105446,#105445,#9932,.T.);
#89882=EDGE_CURVE('',#105447,#105441,#9933,.T.);
#89883=EDGE_CURVE('',#105448,#105443,#9934,.T.);
#89884=EDGE_CURVE('',#105447,#105448,#9935,.T.);
#89885=EDGE_CURVE('',#105449,#105450,#9936,.T.);
#89886=EDGE_CURVE('',#105450,#105451,#9937,.T.);
#89887=EDGE_CURVE('',#105451,#105452,#36954,.T.);
#89888=EDGE_CURVE('',#105452,#105453,#9938,.F.);
#89889=EDGE_CURVE('',#105453,#105454,#36955,.T.);
#89890=EDGE_CURVE('',#105454,#105449,#9939,.F.);
#89891=EDGE_CURVE('',#105455,#105455,#36956,.T.);
#89892=EDGE_CURVE('',#105445,#105456,#36957,.T.);
#89893=EDGE_CURVE('',#105457,#105446,#36958,.T.);
#89894=EDGE_CURVE('',#105457,#105456,#9940,.T.);
#89895=EDGE_CURVE('',#105458,#105458,#36959,.T.);
#89896=EDGE_CURVE('',#105459,#105460,#9941,.F.);
#89897=EDGE_CURVE('',#105460,#105461,#9942,.F.);
#89898=EDGE_CURVE('',#105461,#105462,#9943,.T.);
#89899=EDGE_CURVE('',#105462,#105459,#9944,.T.);
#89900=EDGE_CURVE('',#105463,#105464,#9945,.T.);
#89901=EDGE_CURVE('',#105464,#105465,#9946,.T.);
#89902=EDGE_CURVE('',#105465,#105466,#9947,.F.);
#89903=EDGE_CURVE('',#105466,#105463,#9948,.F.);
#89904=EDGE_CURVE('',#105467,#105468,#9949,.F.);
#89905=EDGE_CURVE('',#105468,#105469,#36960,.T.);
#89906=EDGE_CURVE('',#105469,#105470,#9950,.F.);
#89907=EDGE_CURVE('',#105470,#105471,#36961,.T.);
#89908=EDGE_CURVE('',#105471,#105472,#9951,.T.);
#89909=EDGE_CURVE('',#105472,#105473,#36962,.T.);
#89910=EDGE_CURVE('',#105473,#105474,#9952,.T.);
#89911=EDGE_CURVE('',#105474,#105467,#36963,.T.);
#89912=EDGE_CURVE('',#105475,#105476,#9953,.F.);
#89913=EDGE_CURVE('',#105476,#105477,#9954,.F.);
#89914=EDGE_CURVE('',#105477,#105478,#9955,.F.);
#89915=EDGE_CURVE('',#105478,#105475,#9956,.F.);
#89916=EDGE_CURVE('',#105479,#105480,#9957,.T.);
#89917=EDGE_CURVE('',#105480,#105481,#9958,.T.);
#89918=EDGE_CURVE('',#105481,#105482,#9959,.T.);
#89919=EDGE_CURVE('',#105482,#105479,#9960,.T.);
#89920=EDGE_CURVE('',#105477,#105464,#36964,.F.);
#89921=EDGE_CURVE('',#105463,#105478,#36965,.F.);
#89922=EDGE_CURVE('',#105461,#105476,#36966,.F.);
#89923=EDGE_CURVE('',#105475,#105462,#36967,.F.);
#89924=EDGE_CURVE('',#105465,#105480,#36968,.F.);
#89925=EDGE_CURVE('',#105479,#105466,#36969,.F.);
#89926=EDGE_CURVE('',#105481,#105460,#36970,.F.);
#89927=EDGE_CURVE('',#105459,#105482,#36971,.F.);
#89928=EDGE_CURVE('',#105462,#105430,#36972,.T.);
#89929=EDGE_CURVE('',#105431,#105475,#36973,.T.);
#89930=EDGE_CURVE('',#105438,#105478,#36974,.T.);
#89931=EDGE_CURVE('',#105442,#105437,#9961,.F.);
#89932=EDGE_CURVE('',#105427,#105440,#9962,.F.);
#89933=EDGE_CURVE('',#105449,#105429,#9963,.F.);
#89934=EDGE_CURVE('',#105459,#105454,#36975,.T.);
#89935=EDGE_CURVE('',#105439,#105463,#36976,.T.);
#89936=EDGE_CURVE('',#105482,#105453,#36977,.T.);
#89937=EDGE_CURVE('',#105451,#105466,#36978,.T.);
#89938=EDGE_CURVE('',#105450,#105436,#9964,.F.);
#89939=EDGE_CURVE('',#105479,#105452,#36979,.T.);
#89940=EDGE_CURVE('',#105476,#105472,#36980,.T.);
#89941=EDGE_CURVE('',#105473,#105461,#36981,.T.);
#89942=EDGE_CURVE('',#105474,#105460,#36982,.T.);
#89943=EDGE_CURVE('',#105477,#105471,#36983,.T.);
#89944=EDGE_CURVE('',#105467,#105481,#36984,.T.);
#89945=EDGE_CURVE('',#105464,#105470,#36985,.T.);
#89946=EDGE_CURVE('',#105468,#105480,#36986,.T.);
#89947=EDGE_CURVE('',#105465,#105469,#36987,.T.);
#89948=EDGE_CURVE('',#105433,#105483,#36988,.T.);
#89949=EDGE_CURVE('',#105484,#105432,#9965,.T.);
#89950=EDGE_CURVE('',#105485,#105484,#36989,.T.);
#89951=EDGE_CURVE('',#105485,#105447,#9966,.T.);
#89952=EDGE_CURVE('',#105486,#105448,#9967,.T.);
#89953=EDGE_CURVE('',#105486,#105487,#36990,.T.);
#89954=EDGE_CURVE('',#105487,#105444,#9968,.T.);
#89955=EDGE_CURVE('',#105483,#105456,#9969,.T.);
#89956=EDGE_CURVE('',#105488,#105434,#36991,.T.);
#89957=EDGE_CURVE('',#105488,#105449,#9970,.T.);
#89958=EDGE_CURVE('',#105488,#105483,#9971,.T.);
#89959=EDGE_CURVE('',#105457,#105450,#9972,.T.);
#89960=EDGE_CURVE('',#105489,#105490,#951,.F.);
#89961=EDGE_CURVE('',#105490,#105489,#952,.T.);
#89962=EDGE_CURVE('',#105491,#105492,#953,.F.);
#89963=EDGE_CURVE('',#105492,#105491,#954,.T.);
#89964=EDGE_CURVE('',#105493,#105493,#36992,.T.);
#89965=EDGE_CURVE('',#105494,#105494,#36993,.T.);
#89966=EDGE_CURVE('',#105495,#105495,#36994,.T.);
#89967=EDGE_CURVE('',#105496,#105496,#36995,.T.);
#89968=EDGE_CURVE('',#105497,#105497,#36996,.T.);
#89969=EDGE_CURVE('',#105498,#105498,#36997,.T.);
#89970=EDGE_CURVE('',#105499,#105499,#36998,.T.);
#89971=EDGE_CURVE('',#105500,#105500,#36999,.T.);
#89972=EDGE_CURVE('',#105501,#105486,#9973,.T.);
#89973=EDGE_CURVE('',#105502,#105501,#37000,.T.);
#89974=EDGE_CURVE('',#105502,#105487,#9974,.T.);
#89975=EDGE_CURVE('',#105503,#105503,#37001,.T.);
#89976=EDGE_CURVE('',#105504,#105505,#37002,.T.);
#89977=EDGE_CURVE('',#105505,#105485,#9975,.T.);
#89978=EDGE_CURVE('',#105504,#105484,#9976,.T.);
#89979=EDGE_CURVE('',#105506,#105506,#37003,.T.);
#89980=EDGE_CURVE('',#105501,#105442,#9977,.T.);
#89981=EDGE_CURVE('',#105502,#105437,#9978,.T.);
#89982=EDGE_CURVE('',#105505,#105440,#9979,.T.);
#89983=EDGE_CURVE('',#105504,#105427,#9980,.T.);
#105359=VERTEX_POINT('',#281969);
#105360=VERTEX_POINT('',#281970);
#105361=VERTEX_POINT('',#281972);
#105362=VERTEX_POINT('',#281974);
#105363=VERTEX_POINT('',#281976);
#105364=VERTEX_POINT('',#281980);
#105365=VERTEX_POINT('',#281981);
#105366=VERTEX_POINT('',#281983);
#105367=VERTEX_POINT('',#281985);
#105368=VERTEX_POINT('',#281987);
#105369=VERTEX_POINT('',#281991);
#105370=VERTEX_POINT('',#281992);
#105371=VERTEX_POINT('',#281994);
#105372=VERTEX_POINT('',#281996);
#105373=VERTEX_POINT('',#282000);
#105374=VERTEX_POINT('',#282001);
#105375=VERTEX_POINT('',#282003);
#105376=VERTEX_POINT('',#282005);
#105377=VERTEX_POINT('',#282009);
#105378=VERTEX_POINT('',#282010);
#105379=VERTEX_POINT('',#282012);
#105380=VERTEX_POINT('',#282014);
#105381=VERTEX_POINT('',#282018);
#105382=VERTEX_POINT('',#282019);
#105383=VERTEX_POINT('',#282021);
#105384=VERTEX_POINT('',#282023);
#105385=VERTEX_POINT('',#282027);
#105386=VERTEX_POINT('',#282028);
#105387=VERTEX_POINT('',#282030);
#105388=VERTEX_POINT('',#282032);
#105389=VERTEX_POINT('',#282036);
#105390=VERTEX_POINT('',#282037);
#105391=VERTEX_POINT('',#282039);
#105392=VERTEX_POINT('',#282041);
#105393=VERTEX_POINT('',#282043);
#105394=VERTEX_POINT('',#282045);
#105395=VERTEX_POINT('',#282047);
#105396=VERTEX_POINT('',#282049);
#105397=VERTEX_POINT('',#282051);
#105398=VERTEX_POINT('',#282053);
#105399=VERTEX_POINT('',#282055);
#105400=VERTEX_POINT('',#282057);
#105401=VERTEX_POINT('',#282059);
#105402=VERTEX_POINT('',#282061);
#105403=VERTEX_POINT('',#282065);
#105404=VERTEX_POINT('',#282066);
#105405=VERTEX_POINT('',#282068);
#105406=VERTEX_POINT('',#282070);
#105407=VERTEX_POINT('',#282072);
#105408=VERTEX_POINT('',#282074);
#105409=VERTEX_POINT('',#282076);
#105410=VERTEX_POINT('',#282078);
#105411=VERTEX_POINT('',#282080);
#105412=VERTEX_POINT('',#282082);
#105413=VERTEX_POINT('',#282084);
#105414=VERTEX_POINT('',#282086);
#105415=VERTEX_POINT('',#282088);
#105416=VERTEX_POINT('',#282090);
#105417=VERTEX_POINT('',#282094);
#105418=VERTEX_POINT('',#282095);
#105419=VERTEX_POINT('',#282097);
#105420=VERTEX_POINT('',#282099);
#105421=VERTEX_POINT('',#282101);
#105422=VERTEX_POINT('',#282103);
#105423=VERTEX_POINT('',#282125);
#105424=VERTEX_POINT('',#282137);
#105425=VERTEX_POINT('',#282180);
#105426=VERTEX_POINT('',#282183);
#105427=VERTEX_POINT('',#282325);
#105428=VERTEX_POINT('',#282326);
#105429=VERTEX_POINT('',#282328);
#105430=VERTEX_POINT('',#282330);
#105431=VERTEX_POINT('',#282332);
#105432=VERTEX_POINT('',#282336);
#105433=VERTEX_POINT('',#282338);
#105434=VERTEX_POINT('',#282340);
#105435=VERTEX_POINT('',#282344);
#105436=VERTEX_POINT('',#282345);
#105437=VERTEX_POINT('',#282347);
#105438=VERTEX_POINT('',#282349);
#105439=VERTEX_POINT('',#282351);
#105440=VERTEX_POINT('',#282355);
#105441=VERTEX_POINT('',#282356);
#105442=VERTEX_POINT('',#282358);
#105443=VERTEX_POINT('',#282360);
#105444=VERTEX_POINT('',#282364);
#105445=VERTEX_POINT('',#282365);
#105446=VERTEX_POINT('',#282368);
#105447=VERTEX_POINT('',#282372);
#105448=VERTEX_POINT('',#282374);
#105449=VERTEX_POINT('',#282378);
#105450=VERTEX_POINT('',#282379);
#105451=VERTEX_POINT('',#282381);
#105452=VERTEX_POINT('',#282383);
#105453=VERTEX_POINT('',#282385);
#105454=VERTEX_POINT('',#282387);
#105455=VERTEX_POINT('',#282391);
#105456=VERTEX_POINT('',#282393);
#105457=VERTEX_POINT('',#282395);
#105458=VERTEX_POINT('',#282398);
#105459=VERTEX_POINT('',#282401);
#105460=VERTEX_POINT('',#282402);
#105461=VERTEX_POINT('',#282404);
#105462=VERTEX_POINT('',#282406);
#105463=VERTEX_POINT('',#282410);
#105464=VERTEX_POINT('',#282411);
#105465=VERTEX_POINT('',#282413);
#105466=VERTEX_POINT('',#282415);
#105467=VERTEX_POINT('',#282419);
#105468=VERTEX_POINT('',#282420);
#105469=VERTEX_POINT('',#282422);
#105470=VERTEX_POINT('',#282424);
#105471=VERTEX_POINT('',#282426);
#105472=VERTEX_POINT('',#282428);
#105473=VERTEX_POINT('',#282430);
#105474=VERTEX_POINT('',#282432);
#105475=VERTEX_POINT('',#282436);
#105476=VERTEX_POINT('',#282437);
#105477=VERTEX_POINT('',#282439);
#105478=VERTEX_POINT('',#282441);
#105479=VERTEX_POINT('',#282445);
#105480=VERTEX_POINT('',#282446);
#105481=VERTEX_POINT('',#282448);
#105482=VERTEX_POINT('',#282450);
#105483=VERTEX_POINT('',#282502);
#105484=VERTEX_POINT('',#282504);
#105485=VERTEX_POINT('',#282506);
#105486=VERTEX_POINT('',#282509);
#105487=VERTEX_POINT('',#282511);
#105488=VERTEX_POINT('',#282516);
#105489=VERTEX_POINT('',#282523);
#105490=VERTEX_POINT('',#282524);
#105491=VERTEX_POINT('',#282527);
#105492=VERTEX_POINT('',#282528);
#105493=VERTEX_POINT('',#282531);
#105494=VERTEX_POINT('',#282533);
#105495=VERTEX_POINT('',#282537);
#105496=VERTEX_POINT('',#282540);
#105497=VERTEX_POINT('',#282544);
#105498=VERTEX_POINT('',#282546);
#105499=VERTEX_POINT('',#282550);
#105500=VERTEX_POINT('',#282553);
#105501=VERTEX_POINT('',#282557);
#105502=VERTEX_POINT('',#282559);
#105503=VERTEX_POINT('',#282562);
#105504=VERTEX_POINT('',#282566);
#105505=VERTEX_POINT('',#282567);
#105506=VERTEX_POINT('',#282571);
#118539=EDGE_LOOP('',(#62334,#62335,#62336,#62337,#62338));
#118540=EDGE_LOOP('',(#62339,#62340,#62341,#62342,#62343));
#118541=EDGE_LOOP('',(#62344,#62345,#62346,#62347));
#118542=EDGE_LOOP('',(#62348,#62349,#62350,#62351));
#118543=EDGE_LOOP('',(#62352,#62353,#62354,#62355));
#118544=EDGE_LOOP('',(#62356,#62357,#62358,#62359));
#118545=EDGE_LOOP('',(#62360,#62361,#62362,#62363));
#118546=EDGE_LOOP('',(#62364,#62365,#62366,#62367,#62368,#62369,#62370, #62371,#62372,#62373,#62374,#62375,#62376,#62377));
#118547=EDGE_LOOP('',(#62378,#62379,#62380,#62381,#62382,#62383,#62384, #62385,#62386,#62387,#62388,#62389,#62390,#62391));
#118548=EDGE_LOOP('',(#62392,#62393,#62394,#62395,#62396,#62397));
#118549=EDGE_LOOP('',(#62398,#62399,#62400,#62401));
#118550=EDGE_LOOP('',(#62402,#62403,#62404,#62405));
#118551=EDGE_LOOP('',(#62406,#62407,#62408,#62409));
#118552=EDGE_LOOP('',(#62410,#62411,#62412,#62413));
#118553=EDGE_LOOP('',(#62414,#62415,#62416,#62417));
#118554=EDGE_LOOP('',(#62418,#62419,#62420,#62421));
#118555=EDGE_LOOP('',(#62422,#62423,#62424,#62425,#62426));
#118556=EDGE_LOOP('',(#62427,#62428,#62429,#62430));
#118557=EDGE_LOOP('',(#62431,#62432,#62433,#62434));
#118558=EDGE_LOOP('',(#62435,#62436,#62437,#62438));
#118559=EDGE_LOOP('',(#62439,#62440,#62441,#62442,#62443));
#118560=EDGE_LOOP('',(#62444,#62445,#62446,#62447));
#118561=EDGE_LOOP('',(#62448,#62449,#62450,#62451));
#118562=EDGE_LOOP('',(#62452,#62453,#62454,#62455));
#118563=EDGE_LOOP('',(#62456,#62457,#62458,#62459));
#118564=EDGE_LOOP('',(#62460,#62461,#62462,#62463));
#118565=EDGE_LOOP('',(#62464,#62465,#62466,#62467));
#118566=EDGE_LOOP('',(#62468,#62469,#62470,#62471));
#118567=EDGE_LOOP('',(#62472,#62473,#62474,#62475));
#118568=EDGE_LOOP('',(#62476,#62477,#62478,#62479));
#118569=EDGE_LOOP('',(#62480,#62481,#62482,#62483));
#118570=EDGE_LOOP('',(#62484,#62485,#62486,#62487));
#118571=EDGE_LOOP('',(#62488,#62489,#62490,#62491));
#118572=EDGE_LOOP('',(#62492,#62493,#62494,#62495));
#118573=EDGE_LOOP('',(#62496,#62497,#62498,#62499));
#118574=EDGE_LOOP('',(#62500,#62501,#62502,#62503));
#118575=EDGE_LOOP('',(#62504,#62505,#62506,#62507));
#118576=EDGE_LOOP('',(#62508,#62509,#62510,#62511));
#118577=EDGE_LOOP('',(#62512,#62513,#62514,#62515));
#118578=EDGE_LOOP('',(#62516,#62517,#62518,#62519));
#118579=EDGE_LOOP('',(#62520,#62521,#62522,#62523,#62524,#62525));
#118580=EDGE_LOOP('',(#62526,#62527,#62528,#62529));
#118581=EDGE_LOOP('',(#62530,#62531,#62532,#62533));
#118582=EDGE_LOOP('',(#62534,#62535,#62536,#62537));
#118583=EDGE_LOOP('',(#62538,#62539,#62540));
#118584=EDGE_LOOP('',(#62541,#62542,#62543,#62544));
#118585=EDGE_LOOP('',(#62545,#62546,#62547,#62548));
#118586=EDGE_LOOP('',(#62549,#62550,#62551,#62552));
#118587=EDGE_LOOP('',(#62553,#62554,#62555));
#118588=EDGE_LOOP('',(#62556,#62557,#62558));
#118589=EDGE_LOOP('',(#62559,#62560,#62561,#62562));
#118590=EDGE_LOOP('',(#62563,#62564,#62565,#62566));
#118591=EDGE_LOOP('',(#62567,#62568,#62569,#62570));
#118592=EDGE_LOOP('',(#62571,#62572,#62573));
#118593=EDGE_LOOP('',(#62574,#62575,#62576,#62577,#62578));
#118594=EDGE_LOOP('',(#62579,#62580,#62581,#62582,#62583));
#118595=EDGE_LOOP('',(#62584,#62585,#62586,#62587,#62588));
#118596=EDGE_LOOP('',(#62589,#62590,#62591,#62592));
#118597=EDGE_LOOP('',(#62593,#62594,#62595,#62596,#62597));
#118598=EDGE_LOOP('',(#62598,#62599,#62600,#62601));
#118599=EDGE_LOOP('',(#62602,#62603,#62604,#62605,#62606,#62607));
#118600=EDGE_LOOP('',(#62608));
#118601=EDGE_LOOP('',(#62609,#62610,#62611,#62612));
#118602=EDGE_LOOP('',(#62613));
#118603=EDGE_LOOP('',(#62614,#62615,#62616,#62617));
#118604=EDGE_LOOP('',(#62618,#62619,#62620,#62621));
#118605=EDGE_LOOP('',(#62622,#62623,#62624,#62625,#62626,#62627,#62628, #62629));
#118606=EDGE_LOOP('',(#62630,#62631,#62632,#62633));
#118607=EDGE_LOOP('',(#62634,#62635,#62636,#62637));
#118608=EDGE_LOOP('',(#62638,#62639,#62640,#62641));
#118609=EDGE_LOOP('',(#62642,#62643,#62644,#62645));
#118610=EDGE_LOOP('',(#62646,#62647,#62648,#62649));
#118611=EDGE_LOOP('',(#62650,#62651,#62652,#62653));
#118612=EDGE_LOOP('',(#62654,#62655,#62656,#62657));
#118613=EDGE_LOOP('',(#62658,#62659,#62660,#62661,#62662,#62663,#62664, #62665));
#118614=EDGE_LOOP('',(#62666,#62667,#62668,#62669,#62670,#62671));
#118615=EDGE_LOOP('',(#62672,#62673,#62674,#62675));
#118616=EDGE_LOOP('',(#62676,#62677,#62678,#62679));
#118617=EDGE_LOOP('',(#62680,#62681,#62682,#62683,#62684,#62685));
#118618=EDGE_LOOP('',(#62686,#62687,#62688,#62689));
#118619=EDGE_LOOP('',(#62690,#62691,#62692,#62693));
#118620=EDGE_LOOP('',(#62694,#62695,#62696,#62697));
#118621=EDGE_LOOP('',(#62698,#62699,#62700,#62701));
#118622=EDGE_LOOP('',(#62702,#62703,#62704,#62705));
#118623=EDGE_LOOP('',(#62706,#62707,#62708,#62709));
#118624=EDGE_LOOP('',(#62710,#62711,#62712,#62713));
#118625=EDGE_LOOP('',(#62714,#62715,#62716,#62717));
#118626=EDGE_LOOP('',(#62718,#62719,#62720,#62721));
#118627=EDGE_LOOP('',(#62722,#62723,#62724,#62725));
#118628=EDGE_LOOP('',(#62726,#62727,#62728,#62729,#62730,#62731,#62732, #62733,#62734,#62735,#62736,#62737));
#118629=EDGE_LOOP('',(#62738,#62739,#62740,#62741));
#118630=EDGE_LOOP('',(#62742,#62743,#62744,#62745,#62746,#62747));
#118631=EDGE_LOOP('',(#62748,#62749));
#118632=EDGE_LOOP('',(#62750,#62751));
#118633=EDGE_LOOP('',(#62752));
#118634=EDGE_LOOP('',(#62753));
#118635=EDGE_LOOP('',(#62754));
#118636=EDGE_LOOP('',(#62755));
#118637=EDGE_LOOP('',(#62756));
#118638=EDGE_LOOP('',(#62757));
#118639=EDGE_LOOP('',(#62758));
#118640=EDGE_LOOP('',(#62759));
#118641=EDGE_LOOP('',(#62760));
#118642=EDGE_LOOP('',(#62761,#62762,#62763,#62764));
#118643=EDGE_LOOP('',(#62765));
#118644=EDGE_LOOP('',(#62766));
#118645=EDGE_LOOP('',(#62767));
#118646=EDGE_LOOP('',(#62768));
#118647=EDGE_LOOP('',(#62769));
#118648=EDGE_LOOP('',(#62770));
#118649=EDGE_LOOP('',(#62771));
#118650=EDGE_LOOP('',(#62772));
#118651=EDGE_LOOP('',(#62773));
#118652=EDGE_LOOP('',(#62774,#62775,#62776,#62777));
#118653=EDGE_LOOP('',(#62778));
#118654=EDGE_LOOP('',(#62779,#62780));
#118655=EDGE_LOOP('',(#62781));
#118656=EDGE_LOOP('',(#62782,#62783,#62784,#62785));
#118657=EDGE_LOOP('',(#62786,#62787));
#118658=EDGE_LOOP('',(#62788));
#118659=EDGE_LOOP('',(#62789));
#118660=EDGE_LOOP('',(#62790,#62791,#62792,#62793));
#118661=EDGE_LOOP('',(#62794,#62795,#62796,#62797,#62798));
#118662=EDGE_LOOP('',(#62799,#62800,#62801,#62802,#62803));
#118663=EDGE_LOOP('',(#62804,#62805,#62806,#62807));
#118664=EDGE_LOOP('',(#62808,#62809,#62810,#62811,#62812));
#118665=EDGE_LOOP('',(#62813,#62814,#62815,#62816));
#118666=EDGE_LOOP('',(#62817,#62818,#62819,#62820,#62821));
#127426=FACE_BOUND('',#118539,.T.);
#127427=FACE_BOUND('',#118540,.T.);
#127428=FACE_BOUND('',#118541,.T.);
#127429=FACE_BOUND('',#118542,.T.);
#127430=FACE_BOUND('',#118543,.T.);
#127431=FACE_BOUND('',#118544,.T.);
#127432=FACE_BOUND('',#118545,.T.);
#127433=FACE_BOUND('',#118546,.T.);
#127434=FACE_BOUND('',#118547,.T.);
#127435=FACE_BOUND('',#118548,.T.);
#127436=FACE_BOUND('',#118549,.T.);
#127437=FACE_BOUND('',#118550,.T.);
#127438=FACE_BOUND('',#118551,.T.);
#127439=FACE_BOUND('',#118552,.T.);
#127440=FACE_BOUND('',#118553,.T.);
#127441=FACE_BOUND('',#118554,.T.);
#127442=FACE_BOUND('',#118555,.T.);
#127443=FACE_BOUND('',#118556,.T.);
#127444=FACE_BOUND('',#118557,.T.);
#127445=FACE_BOUND('',#118558,.T.);
#127446=FACE_BOUND('',#118559,.T.);
#127447=FACE_BOUND('',#118560,.T.);
#127448=FACE_BOUND('',#118561,.T.);
#127449=FACE_BOUND('',#118562,.T.);
#127450=FACE_BOUND('',#118563,.T.);
#127451=FACE_BOUND('',#118564,.T.);
#127452=FACE_BOUND('',#118565,.T.);
#127453=FACE_BOUND('',#118566,.T.);
#127454=FACE_BOUND('',#118567,.T.);
#127455=FACE_BOUND('',#118568,.T.);
#127456=FACE_BOUND('',#118569,.T.);
#127457=FACE_BOUND('',#118570,.T.);
#127458=FACE_BOUND('',#118571,.T.);
#127459=FACE_BOUND('',#118572,.T.);
#127460=FACE_BOUND('',#118573,.T.);
#127461=FACE_BOUND('',#118574,.T.);
#127462=FACE_BOUND('',#118575,.T.);
#127463=FACE_BOUND('',#118576,.T.);
#127464=FACE_BOUND('',#118577,.T.);
#127465=FACE_BOUND('',#118578,.T.);
#127466=FACE_BOUND('',#118579,.T.);
#127467=FACE_BOUND('',#118580,.T.);
#127468=FACE_BOUND('',#118581,.T.);
#127469=FACE_BOUND('',#118582,.T.);
#127470=FACE_BOUND('',#118583,.T.);
#127471=FACE_BOUND('',#118584,.T.);
#127472=FACE_BOUND('',#118585,.T.);
#127473=FACE_BOUND('',#118586,.T.);
#127474=FACE_BOUND('',#118587,.T.);
#127475=FACE_BOUND('',#118588,.T.);
#127476=FACE_BOUND('',#118589,.T.);
#127477=FACE_BOUND('',#118590,.T.);
#127478=FACE_BOUND('',#118591,.T.);
#127479=FACE_BOUND('',#118592,.T.);
#127480=FACE_BOUND('',#118593,.T.);
#127481=FACE_BOUND('',#118594,.T.);
#127482=FACE_BOUND('',#118595,.T.);
#127483=FACE_BOUND('',#118596,.T.);
#127484=FACE_BOUND('',#118597,.T.);
#127485=FACE_BOUND('',#118598,.T.);
#127486=FACE_BOUND('',#118599,.T.);
#127487=FACE_BOUND('',#118600,.T.);
#127488=FACE_BOUND('',#118601,.T.);
#127489=FACE_BOUND('',#118602,.T.);
#127490=FACE_BOUND('',#118603,.T.);
#127491=FACE_BOUND('',#118604,.T.);
#127492=FACE_BOUND('',#118605,.T.);
#127493=FACE_BOUND('',#118606,.T.);
#127494=FACE_BOUND('',#118607,.T.);
#127495=FACE_BOUND('',#118608,.T.);
#127496=FACE_BOUND('',#118609,.T.);
#127497=FACE_BOUND('',#118610,.T.);
#127498=FACE_BOUND('',#118611,.T.);
#127499=FACE_BOUND('',#118612,.T.);
#127500=FACE_BOUND('',#118613,.T.);
#127501=FACE_BOUND('',#118614,.T.);
#127502=FACE_BOUND('',#118615,.T.);
#127503=FACE_BOUND('',#118616,.T.);
#127504=FACE_BOUND('',#118617,.T.);
#127505=FACE_BOUND('',#118618,.T.);
#127506=FACE_BOUND('',#118619,.T.);
#127507=FACE_BOUND('',#118620,.T.);
#127508=FACE_BOUND('',#118621,.T.);
#127509=FACE_BOUND('',#118622,.T.);
#127510=FACE_BOUND('',#118623,.T.);
#127511=FACE_BOUND('',#118624,.T.);
#127512=FACE_BOUND('',#118625,.T.);
#127513=FACE_BOUND('',#118626,.T.);
#127514=FACE_BOUND('',#118627,.T.);
#127515=FACE_BOUND('',#118628,.T.);
#127516=FACE_BOUND('',#118629,.T.);
#127517=FACE_BOUND('',#118630,.T.);
#127518=FACE_BOUND('',#118631,.T.);
#127519=FACE_BOUND('',#118632,.T.);
#127520=FACE_BOUND('',#118633,.T.);
#127521=FACE_BOUND('',#118634,.T.);
#127522=FACE_BOUND('',#118635,.T.);
#127523=FACE_BOUND('',#118636,.T.);
#127524=FACE_BOUND('',#118637,.T.);
#127525=FACE_BOUND('',#118638,.T.);
#127526=FACE_BOUND('',#118639,.T.);
#127527=FACE_BOUND('',#118640,.T.);
#127528=FACE_BOUND('',#118641,.T.);
#127529=FACE_BOUND('',#118642,.T.);
#127530=FACE_BOUND('',#118643,.T.);
#127531=FACE_BOUND('',#118644,.T.);
#127532=FACE_BOUND('',#118645,.T.);
#127533=FACE_BOUND('',#118646,.T.);
#127534=FACE_BOUND('',#118647,.T.);
#127535=FACE_BOUND('',#118648,.T.);
#127536=FACE_BOUND('',#118649,.T.);
#127537=FACE_BOUND('',#118650,.T.);
#127538=FACE_BOUND('',#118651,.T.);
#127539=FACE_BOUND('',#118652,.T.);
#127540=FACE_BOUND('',#118653,.T.);
#127541=FACE_BOUND('',#118654,.T.);
#127542=FACE_BOUND('',#118655,.T.);
#127543=FACE_BOUND('',#118656,.T.);
#127544=FACE_BOUND('',#118657,.T.);
#127545=FACE_BOUND('',#118658,.T.);
#127546=FACE_BOUND('',#118659,.T.);
#127547=FACE_BOUND('',#118660,.T.);
#127548=FACE_BOUND('',#118661,.T.);
#127549=FACE_BOUND('',#118662,.T.);
#127550=FACE_BOUND('',#118663,.T.);
#127551=FACE_BOUND('',#118664,.T.);
#127552=FACE_BOUND('',#118665,.T.);
#127553=FACE_BOUND('',#118666,.T.);
#136050=ADVANCED_FACE('',(#127426),#32683,.T.);
#136051=ADVANCED_FACE('',(#127427),#32684,.T.);
#136052=ADVANCED_FACE('',(#127428),#32685,.T.);
#136053=ADVANCED_FACE('',(#127429),#32686,.T.);
#136054=ADVANCED_FACE('',(#127430),#32687,.T.);
#136055=ADVANCED_FACE('',(#127431),#32688,.T.);
#136056=ADVANCED_FACE('',(#127432),#32689,.T.);
#136057=ADVANCED_FACE('',(#127433),#32690,.F.);
#136058=ADVANCED_FACE('',(#127434),#32691,.T.);
#136059=ADVANCED_FACE('',(#127435),#32692,.F.);
#136060=ADVANCED_FACE('',(#127436),#1901,.T.);
#136061=ADVANCED_FACE('',(#127437),#1902,.T.);
#136062=ADVANCED_FACE('',(#127438),#1903,.T.);
#136063=ADVANCED_FACE('',(#127439),#1904,.T.);
#136064=ADVANCED_FACE('',(#127440),#1905,.T.);
#136065=ADVANCED_FACE('',(#127441),#1906,.T.);
#136066=ADVANCED_FACE('',(#127442),#1907,.T.);
#136067=ADVANCED_FACE('',(#127443),#275,.T.);
#136068=ADVANCED_FACE('',(#127444),#1908,.T.);
#136069=ADVANCED_FACE('',(#127445),#1909,.T.);
#136070=ADVANCED_FACE('',(#127446),#1910,.T.);
#136071=ADVANCED_FACE('',(#127447),#276,.T.);
#136072=ADVANCED_FACE('',(#127448),#277,.T.);
#136073=ADVANCED_FACE('',(#127449),#1911,.T.);
#136074=ADVANCED_FACE('',(#127450),#1912,.T.);
#136075=ADVANCED_FACE('',(#127451),#278,.T.);
#136076=ADVANCED_FACE('',(#127452),#279,.T.);
#136077=ADVANCED_FACE('',(#127453),#1913,.T.);
#136078=ADVANCED_FACE('',(#127454),#1914,.T.);
#136079=ADVANCED_FACE('',(#127455),#280,.T.);
#136080=ADVANCED_FACE('',(#127456),#1915,.T.);
#136081=ADVANCED_FACE('',(#127457),#281,.T.);
#136082=ADVANCED_FACE('',(#127458),#282,.T.);
#136083=ADVANCED_FACE('',(#127459),#1916,.T.);
#136084=ADVANCED_FACE('',(#127460),#1917,.T.);
#136085=ADVANCED_FACE('',(#127461),#283,.T.);
#136086=ADVANCED_FACE('',(#127462),#284,.T.);
#136087=ADVANCED_FACE('',(#127463),#1918,.T.);
#136088=ADVANCED_FACE('',(#127464),#1919,.T.);
#136089=ADVANCED_FACE('',(#127465),#285,.T.);
#136090=ADVANCED_FACE('',(#127466),#1920,.T.);
#136091=ADVANCED_FACE('',(#127467),#1921,.T.);
#136092=ADVANCED_FACE('',(#127468),#1922,.T.);
#136093=ADVANCED_FACE('',(#127469),#286,.T.);
#136094=ADVANCED_FACE('',(#127470),#38036,.T.);
#136095=ADVANCED_FACE('',(#127471),#629,.F.);
#136096=ADVANCED_FACE('',(#127472),#1923,.F.);
#136097=ADVANCED_FACE('',(#127473),#38037,.T.);
#136098=ADVANCED_FACE('',(#127474),#38038,.T.);
#136099=ADVANCED_FACE('',(#127475),#38039,.T.);
#136100=ADVANCED_FACE('',(#127476),#630,.F.);
#136101=ADVANCED_FACE('',(#127477),#1924,.F.);
#136102=ADVANCED_FACE('',(#127478),#38040,.T.);
#136103=ADVANCED_FACE('',(#127479),#38041,.T.);
#136104=ADVANCED_FACE('',(#127480),#32693,.T.);
#136105=ADVANCED_FACE('',(#127481),#32694,.T.);
#136106=ADVANCED_FACE('',(#127482),#32695,.T.);
#136107=ADVANCED_FACE('',(#127483),#32696,.T.);
#136108=ADVANCED_FACE('',(#127484),#32697,.T.);
#136109=ADVANCED_FACE('',(#127485),#32698,.T.);
#136110=ADVANCED_FACE('',(#127486),#32699,.T.);
#136111=ADVANCED_FACE('',(#127487,#127488,#127489),#1925,.T.);
#136112=ADVANCED_FACE('',(#127490),#32700,.T.);
#136113=ADVANCED_FACE('',(#127491),#32701,.T.);
#136114=ADVANCED_FACE('',(#127492),#32702,.T.);
#136115=ADVANCED_FACE('',(#127493),#32703,.F.);
#136116=ADVANCED_FACE('',(#127494),#32704,.T.);
#136117=ADVANCED_FACE('',(#127495),#1926,.T.);
#136118=ADVANCED_FACE('',(#127496),#1927,.T.);
#136119=ADVANCED_FACE('',(#127497),#1928,.T.);
#136120=ADVANCED_FACE('',(#127498),#1929,.T.);
#136121=ADVANCED_FACE('',(#127499),#287,.T.);
#136122=ADVANCED_FACE('',(#127500),#1930,.T.);
#136123=ADVANCED_FACE('',(#127501),#1931,.T.);
#136124=ADVANCED_FACE('',(#127502),#288,.T.);
#136125=ADVANCED_FACE('',(#127503),#289,.T.);
#136126=ADVANCED_FACE('',(#127504),#1932,.T.);
#136127=ADVANCED_FACE('',(#127505),#1933,.T.);
#136128=ADVANCED_FACE('',(#127506),#290,.T.);
#136129=ADVANCED_FACE('',(#127507),#291,.T.);
#136130=ADVANCED_FACE('',(#127508),#1934,.T.);
#136131=ADVANCED_FACE('',(#127509),#1935,.T.);
#136132=ADVANCED_FACE('',(#127510),#292,.T.);
#136133=ADVANCED_FACE('',(#127511),#293,.T.);
#136134=ADVANCED_FACE('',(#127512),#1936,.T.);
#136135=ADVANCED_FACE('',(#127513),#1937,.T.);
#136136=ADVANCED_FACE('',(#127514),#294,.T.);
#136137=ADVANCED_FACE('',(#127515),#32705,.T.);
#136138=ADVANCED_FACE('',(#127516),#32706,.T.);
#136139=ADVANCED_FACE('',(#127517),#32707,.T.);
#136140=ADVANCED_FACE('',(#127518,#127519,#127520,#127521),#1938,.T.);
#136141=ADVANCED_FACE('',(#127522),#32708,.F.);
#136142=ADVANCED_FACE('',(#127523,#127524),#631,.T.);
#136143=ADVANCED_FACE('',(#127525,#127526),#1939,.T.);
#136144=ADVANCED_FACE('',(#127527,#127528),#632,.T.);
#136145=ADVANCED_FACE('',(#127529,#127530,#127531),#1940,.T.);
#136146=ADVANCED_FACE('',(#127532),#32709,.F.);
#136147=ADVANCED_FACE('',(#127533,#127534),#633,.T.);
#136148=ADVANCED_FACE('',(#127535,#127536),#1941,.T.);
#136149=ADVANCED_FACE('',(#127537,#127538),#634,.T.);
#136150=ADVANCED_FACE('',(#127539,#127540,#127541),#1942,.T.);
#136151=ADVANCED_FACE('',(#127542),#32710,.F.);
#136152=ADVANCED_FACE('',(#127543,#127544,#127545),#1943,.T.);
#136153=ADVANCED_FACE('',(#127546),#32711,.F.);
#136154=ADVANCED_FACE('',(#127547),#32712,.F.);
#136155=ADVANCED_FACE('',(#127548),#32713,.F.);
#136156=ADVANCED_FACE('',(#127549),#32714,.F.);
#136157=ADVANCED_FACE('',(#127550),#32715,.F.);
#136158=ADVANCED_FACE('',(#127551),#32716,.T.);
#136159=ADVANCED_FACE('',(#127552),#32717,.T.);
#136160=ADVANCED_FACE('',(#127553),#32718,.T.);
#139385=CLOSED_SHELL('',(#136050,#136051,#136052,#136053,#136054,#136055, #136056,#136057,#136058,#136059,#136060,#136061,#136062,#136063,#136064, #136065,#136066,#136067,#136068,#136069,#136070,#136071,#136072,#136073, #136074,#136075,#136076,#136077,#136078,#136079,#136080,#136081,#136082, #136083,#136084,#136085,#136086,#136087,#136088,#136089,#136090,#136091, #136092,#136093,#136094,#136095,#136096,#136097,#136098,#136099,#136100, #136101,#136102,#136103));
#139386=CLOSED_SHELL('',(#136104,#136105,#136106,#136107,#136108,#136109, #136110,#136111,#136112,#136113,#136114,#136115,#136116,#136117,#136118, #136119,#136120,#136121,#136122,#136123,#136124,#136125,#136126,#136127, #136128,#136129,#136130,#136131,#136132,#136133,#136134,#136135,#136136, #136137,#136138,#136139,#136140,#136141,#136142,#136143,#136144,#136145, #136146,#136147,#136148,#136149,#136150,#136151,#136152,#136153,#136154, #136155,#136156,#136157,#136158,#136159,#136160));
#189223=MANIFOLD_SOLID_BREP('',#139385);
#189224=MANIFOLD_SOLID_BREP('',#139386);
#189303=SHAPE_DEFINITION_REPRESENTATION(#319281,#189351);
#189351=SHAPE_REPRESENTATION('Sofa',(#189384),#319170);
#189384=AXIS2_PLACEMENT_3D('',#232641,#199190,#199191);
#195261=AXIS2_PLACEMENT_3D('',#281967,#218553,#218554);
#195262=AXIS2_PLACEMENT_3D('',#281971,#218556,#218557);
#195263=AXIS2_PLACEMENT_3D('',#281978,#218561,#218562);
#195264=AXIS2_PLACEMENT_3D('',#281979,#218563,#218564);
#195265=AXIS2_PLACEMENT_3D('',#281989,#218569,#218570);
#195266=AXIS2_PLACEMENT_3D('',#281998,#218575,#218576);
#195267=AXIS2_PLACEMENT_3D('',#282007,#218581,#218582);
#195268=AXIS2_PLACEMENT_3D('',#282016,#218587,#218588);
#195269=AXIS2_PLACEMENT_3D('',#282025,#218593,#218594);
#195270=AXIS2_PLACEMENT_3D('',#282034,#218599,#218600);
#195271=AXIS2_PLACEMENT_3D('',#282038,#218602,#218603);
#195272=AXIS2_PLACEMENT_3D('',#282042,#218605,#218606);
#195273=AXIS2_PLACEMENT_3D('',#282046,#218608,#218609);
#195274=AXIS2_PLACEMENT_3D('',#282054,#218613,#218614);
#195275=AXIS2_PLACEMENT_3D('',#282058,#218616,#218617);
#195276=AXIS2_PLACEMENT_3D('',#282062,#218619,#218620);
#195277=AXIS2_PLACEMENT_3D('',#282063,#218621,#218622);
#195278=AXIS2_PLACEMENT_3D('',#282067,#218624,#218625);
#195279=AXIS2_PLACEMENT_3D('',#282075,#218629,#218630);
#195280=AXIS2_PLACEMENT_3D('',#282079,#218632,#218633);
#195281=AXIS2_PLACEMENT_3D('',#282083,#218635,#218636);
#195282=AXIS2_PLACEMENT_3D('',#282087,#218638,#218639);
#195283=AXIS2_PLACEMENT_3D('',#282091,#218641,#218642);
#195284=AXIS2_PLACEMENT_3D('',#282092,#218643,#218644);
#195285=AXIS2_PLACEMENT_3D('',#282096,#218646,#218647);
#195286=AXIS2_PLACEMENT_3D('',#282104,#218651,#218652);
#195287=AXIS2_PLACEMENT_3D('',#282105,#218653,#218654);
#195288=AXIS2_PLACEMENT_3D('',#282106,#218655,#218656);
#195289=AXIS2_PLACEMENT_3D('',#282107,#218657,#218658);
#195290=AXIS2_PLACEMENT_3D('',#282108,#218659,#218660);
#195291=AXIS2_PLACEMENT_3D('',#282109,#218661,#218662);
#195292=AXIS2_PLACEMENT_3D('',#282110,#218663,#218664);
#195293=AXIS2_PLACEMENT_3D('',#282111,#218665,#218666);
#195294=AXIS2_PLACEMENT_3D('',#282112,#218667,#218668);
#195295=AXIS2_PLACEMENT_3D('',#282113,#218669,#218670);
#195296=AXIS2_PLACEMENT_3D('',#282114,#218671,#218672);
#195297=AXIS2_PLACEMENT_3D('',#282115,#218673,#218674);
#195298=AXIS2_PLACEMENT_3D('',#282116,#218675,#218676);
#195299=AXIS2_PLACEMENT_3D('',#282117,#218677,#218678);
#195300=AXIS2_PLACEMENT_3D('',#282118,#218679,#218680);
#195301=AXIS2_PLACEMENT_3D('',#282119,#218681,#218682);
#195302=AXIS2_PLACEMENT_3D('',#282120,#218683,#218684);
#195303=AXIS2_PLACEMENT_3D('',#282121,#218685,#218686);
#195304=AXIS2_PLACEMENT_3D('',#282122,#218687,#218688);
#195305=AXIS2_PLACEMENT_3D('',#282123,#218689,#218690);
#195306=AXIS2_PLACEMENT_3D('',#282124,#218691,#218692);
#195307=AXIS2_PLACEMENT_3D('',#282126,#218693,#218694);
#195308=AXIS2_PLACEMENT_3D('',#282127,#218695,#218696);
#195309=AXIS2_PLACEMENT_3D('',#282128,#218697,#218698);
#195310=AXIS2_PLACEMENT_3D('',#282129,#218699,#218700);
#195311=AXIS2_PLACEMENT_3D('',#282130,#218701,#218702);
#195312=AXIS2_PLACEMENT_3D('',#282131,#218703,#218704);
#195313=AXIS2_PLACEMENT_3D('',#282132,#218705,#218706);
#195314=AXIS2_PLACEMENT_3D('',#282133,#218707,#218708);
#195315=AXIS2_PLACEMENT_3D('',#282134,#218709,#218710);
#195316=AXIS2_PLACEMENT_3D('',#282135,#218711,#218712);
#195317=AXIS2_PLACEMENT_3D('',#282136,#218713,#218714);
#195318=AXIS2_PLACEMENT_3D('',#282138,#218715,#218716);
#195319=AXIS2_PLACEMENT_3D('',#282139,#218717,#218718);
#195320=AXIS2_PLACEMENT_3D('',#282140,#218719,#218720);
#195321=AXIS2_PLACEMENT_3D('',#282141,#218721,#218722);
#195322=AXIS2_PLACEMENT_3D('',#282142,#218723,#218724);
#195323=AXIS2_PLACEMENT_3D('',#282143,#218725,#218726);
#195324=AXIS2_PLACEMENT_3D('',#282144,#218727,#218728);
#195325=AXIS2_PLACEMENT_3D('',#282145,#218729,#218730);
#195326=AXIS2_PLACEMENT_3D('',#282146,#218731,#218732);
#195327=AXIS2_PLACEMENT_3D('',#282147,#218733,#218734);
#195328=AXIS2_PLACEMENT_3D('',#282148,#218735,#218736);
#195329=AXIS2_PLACEMENT_3D('',#282149,#218737,#218738);
#195330=AXIS2_PLACEMENT_3D('',#282150,#218739,#218740);
#195331=AXIS2_PLACEMENT_3D('',#282151,#218741,#218742);
#195332=AXIS2_PLACEMENT_3D('',#282152,#218743,#218744);
#195333=AXIS2_PLACEMENT_3D('',#282153,#218745,#218746);
#195334=AXIS2_PLACEMENT_3D('',#282154,#218747,#218748);
#195335=AXIS2_PLACEMENT_3D('',#282155,#218749,#218750);
#195336=AXIS2_PLACEMENT_3D('',#282156,#218751,#218752);
#195337=AXIS2_PLACEMENT_3D('',#282157,#218753,#218754);
#195338=AXIS2_PLACEMENT_3D('',#282158,#218755,#218756);
#195339=AXIS2_PLACEMENT_3D('',#282159,#218757,#218758);
#195340=AXIS2_PLACEMENT_3D('',#282160,#218759,#218760);
#195341=AXIS2_PLACEMENT_3D('',#282161,#218761,#218762);
#195342=AXIS2_PLACEMENT_3D('',#282162,#218763,#218764);
#195343=AXIS2_PLACEMENT_3D('',#282163,#218765,#218766);
#195344=AXIS2_PLACEMENT_3D('',#282164,#218767,#218768);
#195345=AXIS2_PLACEMENT_3D('',#282165,#218769,#218770);
#195346=AXIS2_PLACEMENT_3D('',#282166,#218771,#218772);
#195347=AXIS2_PLACEMENT_3D('',#282167,#218773,#218774);
#195348=AXIS2_PLACEMENT_3D('',#282168,#218775,#218776);
#195349=AXIS2_PLACEMENT_3D('',#282169,#218777,#218778);
#195350=AXIS2_PLACEMENT_3D('',#282170,#218779,#218780);
#195351=AXIS2_PLACEMENT_3D('',#282171,#218781,#218782);
#195352=AXIS2_PLACEMENT_3D('',#282172,#218783,#218784);
#195353=AXIS2_PLACEMENT_3D('',#282173,#218785,#218786);
#195354=AXIS2_PLACEMENT_3D('',#282174,#218787,#218788);
#195355=AXIS2_PLACEMENT_3D('',#282175,#218789,#218790);
#195356=AXIS2_PLACEMENT_3D('',#282176,#218791,#218792);
#195357=AXIS2_PLACEMENT_3D('',#282177,#218793,#218794);
#195358=AXIS2_PLACEMENT_3D('',#282178,#218795,#218796);
#195359=AXIS2_PLACEMENT_3D('',#282179,#218797,#218798);
#195360=AXIS2_PLACEMENT_3D('',#282181,#218799,#218800);
#195361=AXIS2_PLACEMENT_3D('',#282182,#218801,#218802);
#195362=AXIS2_PLACEMENT_3D('',#282184,#218803,#218804);
#195363=AXIS2_PLACEMENT_3D('',#282185,#218805,#218806);
#195364=AXIS2_PLACEMENT_3D('',#282186,#218807,#218808);
#195365=AXIS2_PLACEMENT_3D('',#282187,#218809,#218810);
#195366=AXIS2_PLACEMENT_3D('',#282188,#218811,#218812);
#195367=AXIS2_PLACEMENT_3D('',#282189,#218813,#218814);
#195368=AXIS2_PLACEMENT_3D('',#282190,#218815,#218816);
#195369=AXIS2_PLACEMENT_3D('',#282218,#218817,#218818);
#195370=AXIS2_PLACEMENT_3D('',#282219,#218819,#218820);
#195371=AXIS2_PLACEMENT_3D('',#282220,#218821,#218822);
#195372=AXIS2_PLACEMENT_3D('',#282221,#218823,#218824);
#195373=AXIS2_PLACEMENT_3D('',#282222,#218825,#218826);
#195374=AXIS2_PLACEMENT_3D('',#282235,#218827,#218828);
#195375=AXIS2_PLACEMENT_3D('',#282284,#218829,#218830);
#195376=AXIS2_PLACEMENT_3D('',#282285,#218831,#218832);
#195377=AXIS2_PLACEMENT_3D('',#282286,#218833,#218834);
#195378=AXIS2_PLACEMENT_3D('',#282287,#218835,#218836);
#195379=AXIS2_PLACEMENT_3D('',#282288,#218837,#218838);
#195380=AXIS2_PLACEMENT_3D('',#282301,#218839,#218840);
#195381=AXIS2_PLACEMENT_3D('',#282323,#218841,#218842);
#195382=AXIS2_PLACEMENT_3D('',#282331,#218846,#218847);
#195383=AXIS2_PLACEMENT_3D('',#282334,#218849,#218850);
#195384=AXIS2_PLACEMENT_3D('',#282342,#218855,#218856);
#195385=AXIS2_PLACEMENT_3D('',#282350,#218860,#218861);
#195386=AXIS2_PLACEMENT_3D('',#282353,#218863,#218864);
#195387=AXIS2_PLACEMENT_3D('',#282362,#218869,#218870);
#195388=AXIS2_PLACEMENT_3D('',#282370,#218875,#218876);
#195389=AXIS2_PLACEMENT_3D('',#282376,#218880,#218881);
#195390=AXIS2_PLACEMENT_3D('',#282382,#218884,#218885);
#195391=AXIS2_PLACEMENT_3D('',#282386,#218887,#218888);
#195392=AXIS2_PLACEMENT_3D('',#282389,#218890,#218891);
#195393=AXIS2_PLACEMENT_3D('',#282390,#218892,#218893);
#195394=AXIS2_PLACEMENT_3D('',#282392,#218894,#218895);
#195395=AXIS2_PLACEMENT_3D('',#282394,#218896,#218897);
#195396=AXIS2_PLACEMENT_3D('',#282397,#218899,#218900);
#195397=AXIS2_PLACEMENT_3D('',#282399,#218901,#218902);
#195398=AXIS2_PLACEMENT_3D('',#282408,#218907,#218908);
#195399=AXIS2_PLACEMENT_3D('',#282417,#218913,#218914);
#195400=AXIS2_PLACEMENT_3D('',#282421,#218916,#218917);
#195401=AXIS2_PLACEMENT_3D('',#282425,#218919,#218920);
#195402=AXIS2_PLACEMENT_3D('',#282429,#218922,#218923);
#195403=AXIS2_PLACEMENT_3D('',#282433,#218925,#218926);
#195404=AXIS2_PLACEMENT_3D('',#282434,#218927,#218928);
#195405=AXIS2_PLACEMENT_3D('',#282443,#218933,#218934);
#195406=AXIS2_PLACEMENT_3D('',#282452,#218939,#218940);
#195407=AXIS2_PLACEMENT_3D('',#282453,#218941,#218942);
#195408=AXIS2_PLACEMENT_3D('',#282454,#218943,#218944);
#195409=AXIS2_PLACEMENT_3D('',#282455,#218945,#218946);
#195410=AXIS2_PLACEMENT_3D('',#282456,#218947,#218948);
#195411=AXIS2_PLACEMENT_3D('',#282457,#218949,#218950);
#195412=AXIS2_PLACEMENT_3D('',#282458,#218951,#218952);
#195413=AXIS2_PLACEMENT_3D('',#282459,#218953,#218954);
#195414=AXIS2_PLACEMENT_3D('',#282460,#218955,#218956);
#195415=AXIS2_PLACEMENT_3D('',#282461,#218957,#218958);
#195416=AXIS2_PLACEMENT_3D('',#282462,#218959,#218960);
#195417=AXIS2_PLACEMENT_3D('',#282463,#218961,#218962);
#195418=AXIS2_PLACEMENT_3D('',#282464,#218963,#218964);
#195419=AXIS2_PLACEMENT_3D('',#282465,#218965,#218966);
#195420=AXIS2_PLACEMENT_3D('',#282466,#218967,#218968);
#195421=AXIS2_PLACEMENT_3D('',#282467,#218969,#218970);
#195422=AXIS2_PLACEMENT_3D('',#282468,#218971,#218972);
#195423=AXIS2_PLACEMENT_3D('',#282471,#218975,#218976);
#195424=AXIS2_PLACEMENT_3D('',#282473,#218978,#218979);
#195425=AXIS2_PLACEMENT_3D('',#282474,#218980,#218981);
#195426=AXIS2_PLACEMENT_3D('',#282475,#218982,#218983);
#195427=AXIS2_PLACEMENT_3D('',#282476,#218984,#218985);
#195428=AXIS2_PLACEMENT_3D('',#282477,#218986,#218987);
#195429=AXIS2_PLACEMENT_3D('',#282478,#218988,#218989);
#195430=AXIS2_PLACEMENT_3D('',#282479,#218990,#218991);
#195431=AXIS2_PLACEMENT_3D('',#282481,#218993,#218994);
#195432=AXIS2_PLACEMENT_3D('',#282482,#218995,#218996);
#195433=AXIS2_PLACEMENT_3D('',#282483,#218997,#218998);
#195434=AXIS2_PLACEMENT_3D('',#282484,#218999,#219000);
#195435=AXIS2_PLACEMENT_3D('',#282485,#219001,#219002);
#195436=AXIS2_PLACEMENT_3D('',#282486,#219003,#219004);
#195437=AXIS2_PLACEMENT_3D('',#282487,#219005,#219006);
#195438=AXIS2_PLACEMENT_3D('',#282488,#219007,#219008);
#195439=AXIS2_PLACEMENT_3D('',#282489,#219009,#219010);
#195440=AXIS2_PLACEMENT_3D('',#282490,#219011,#219012);
#195441=AXIS2_PLACEMENT_3D('',#282491,#219013,#219014);
#195442=AXIS2_PLACEMENT_3D('',#282492,#219015,#219016);
#195443=AXIS2_PLACEMENT_3D('',#282493,#219017,#219018);
#195444=AXIS2_PLACEMENT_3D('',#282494,#219019,#219020);
#195445=AXIS2_PLACEMENT_3D('',#282495,#219021,#219022);
#195446=AXIS2_PLACEMENT_3D('',#282496,#219023,#219024);
#195447=AXIS2_PLACEMENT_3D('',#282497,#219025,#219026);
#195448=AXIS2_PLACEMENT_3D('',#282498,#219027,#219028);
#195449=AXIS2_PLACEMENT_3D('',#282499,#219029,#219030);
#195450=AXIS2_PLACEMENT_3D('',#282500,#219031,#219032);
#195451=AXIS2_PLACEMENT_3D('',#282501,#219033,#219034);
#195452=AXIS2_PLACEMENT_3D('',#282505,#219036,#219037);
#195453=AXIS2_PLACEMENT_3D('',#282510,#219040,#219041);
#195454=AXIS2_PLACEMENT_3D('',#282514,#219044,#219045);
#195455=AXIS2_PLACEMENT_3D('',#282515,#219046,#219047);
#195456=AXIS2_PLACEMENT_3D('',#282518,#219049,#219050);
#195457=AXIS2_PLACEMENT_3D('',#282521,#219053,#219054);
#195458=AXIS2_PLACEMENT_3D('',#282522,#219055,#219056);
#195459=AXIS2_PLACEMENT_3D('',#282525,#219057,#219058);
#195460=AXIS2_PLACEMENT_3D('',#282526,#219059,#219060);
#195461=AXIS2_PLACEMENT_3D('',#282529,#219061,#219062);
#195462=AXIS2_PLACEMENT_3D('',#282530,#219063,#219064);
#195463=AXIS2_PLACEMENT_3D('',#282532,#219065,#219066);
#195464=AXIS2_PLACEMENT_3D('',#282534,#219067,#219068);
#195465=AXIS2_PLACEMENT_3D('',#282535,#219069,#219070);
#195466=AXIS2_PLACEMENT_3D('',#282536,#219071,#219072);
#195467=AXIS2_PLACEMENT_3D('',#282538,#219073,#219074);
#195468=AXIS2_PLACEMENT_3D('',#282539,#219075,#219076);
#195469=AXIS2_PLACEMENT_3D('',#282541,#219077,#219078);
#195470=AXIS2_PLACEMENT_3D('',#282542,#219079,#219080);
#195471=AXIS2_PLACEMENT_3D('',#282543,#219081,#219082);
#195472=AXIS2_PLACEMENT_3D('',#282545,#219083,#219084);
#195473=AXIS2_PLACEMENT_3D('',#282547,#219085,#219086);
#195474=AXIS2_PLACEMENT_3D('',#282548,#219087,#219088);
#195475=AXIS2_PLACEMENT_3D('',#282549,#219089,#219090);
#195476=AXIS2_PLACEMENT_3D('',#282551,#219091,#219092);
#195477=AXIS2_PLACEMENT_3D('',#282552,#219093,#219094);
#195478=AXIS2_PLACEMENT_3D('',#282554,#219095,#219096);
#195479=AXIS2_PLACEMENT_3D('',#282555,#219097,#219098);
#195480=AXIS2_PLACEMENT_3D('',#282558,#219100,#219101);
#195481=AXIS2_PLACEMENT_3D('',#282561,#219103,#219104);
#195482=AXIS2_PLACEMENT_3D('',#282563,#219105,#219106);
#195483=AXIS2_PLACEMENT_3D('',#282564,#219107,#219108);
#195484=AXIS2_PLACEMENT_3D('',#282565,#219109,#219110);
#195485=AXIS2_PLACEMENT_3D('',#282570,#219113,#219114);
#195486=AXIS2_PLACEMENT_3D('',#282572,#219115,#219116);
#195487=AXIS2_PLACEMENT_3D('',#282573,#219117,#219118);
#195488=AXIS2_PLACEMENT_3D('',#282574,#219119,#219120);
#195489=AXIS2_PLACEMENT_3D('',#282576,#219122,#219123);
#195490=AXIS2_PLACEMENT_3D('',#282578,#219125,#219126);
#195491=AXIS2_PLACEMENT_3D('',#282579,#219127,#219128);
#195492=AXIS2_PLACEMENT_3D('',#282581,#219130,#219131);
#195493=AXIS2_PLACEMENT_3D('',#282583,#219133,#219134);
#199190=DIRECTION('',(0.,0.,1.));
#199191=DIRECTION('',(1.,0.,0.));
#218553=DIRECTION('',(-1.,0.,-1.38777878078145E-16));
#218554=DIRECTION('',(-1.38777878078145E-16,0.,1.));
#218555=DIRECTION('',(-1.28304775808556E-16,0.38110116017929,0.92453334483403));
#218556=DIRECTION('',(-1.,0.,-1.38777878078145E-16));
#218557=DIRECTION('',(-1.38777878078145E-16,0.,1.));
#218558=DIRECTION('',(0.,1.,0.));
#218559=DIRECTION('',(1.38777878078145E-16,0.,-1.));
#218560=DIRECTION('',(0.,1.,0.));
#218561=DIRECTION('',(1.,1.87537673078574E-16,1.38777878078145E-16));
#218562=DIRECTION('',(-1.87537673078574E-16,1.,0.));
#218563=DIRECTION('',(1.,1.87537673078574E-16,1.38777878078145E-16));
#218564=DIRECTION('',(-1.87537673078574E-16,1.,0.));
#218565=DIRECTION('',(-1.99775600596125E-16,0.38110116017929,0.92453334483403));
#218566=DIRECTION('',(1.87537673078574E-16,-1.,2.36600730268702E-32));
#218567=DIRECTION('',(1.38777878078145E-16,0.,-1.));
#218568=DIRECTION('',(1.87537673078574E-16,-1.,2.36600730268702E-32));
#218569=DIRECTION('',(0.,-1.,0.));
#218570=DIRECTION('',(0.,0.,-1.));
#218571=DIRECTION('',(1.38777878078145E-16,0.,-1.));
#218572=DIRECTION('',(-1.,0.,-1.26161707343768E-16));
#218573=DIRECTION('',(1.38777878078145E-16,0.,-1.));
#218574=DIRECTION('',(-1.,0.,-1.26161707343768E-16));
#218575=DIRECTION('',(-1.,0.,-1.38777878078145E-16));
#218576=DIRECTION('',(-1.38777878078145E-16,0.,1.));
#218577=DIRECTION('',(1.38777878078145E-16,0.,-1.));
#218578=DIRECTION('',(0.,1.,0.));
#218579=DIRECTION('',(1.38777878078145E-16,0.,-1.));
#218580=DIRECTION('',(0.,1.,0.));
#218581=DIRECTION('',(0.,1.,0.));
#218582=DIRECTION('',(0.,0.,1.));
#218583=DIRECTION('',(1.38777878078145E-16,0.,-1.));
#218584=DIRECTION('',(1.,0.,1.26161707343768E-16));
#218585=DIRECTION('',(1.38777878078145E-16,0.,-1.));
#218586=DIRECTION('',(1.,0.,1.26161707343768E-16));
#218587=DIRECTION('',(1.,0.,1.38777878078145E-16));
#218588=DIRECTION('',(1.38777878078145E-16,0.,-1.));
#218589=DIRECTION('',(1.38777878078145E-16,0.,-1.));
#218590=DIRECTION('',(0.,-1.,0.));
#218591=DIRECTION('',(1.38777878078145E-16,0.,-1.));
#218592=DIRECTION('',(0.,-1.,0.));
#218593=DIRECTION('',(0.,-1.,0.));
#218594=DIRECTION('',(0.,0.,-1.));
#218595=DIRECTION('',(1.38777878078145E-16,0.,-1.));
#218596=DIRECTION('',(-1.,0.,-1.26161707343768E-16));
#218597=DIRECTION('',(1.38777878078145E-16,0.,-1.));
#218598=DIRECTION('',(-1.,0.,-1.26161707343768E-16));
#218599=DIRECTION('',(1.26161707343768E-16,0.,-1.));
#218600=DIRECTION('',(-1.,0.,-1.26161707343768E-16));
#218601=DIRECTION('',(1.,0.,1.26161707343768E-16));
#218602=DIRECTION('',(1.26161707343768E-16,0.,-1.));
#218603=DIRECTION('',(-1.,0.,-1.26161707343768E-16));
#218604=DIRECTION('',(0.,1.,0.));
#218605=DIRECTION('',(1.26161707343768E-16,0.,-1.));
#218606=DIRECTION('',(-1.,0.,-1.26161707343768E-16));
#218607=DIRECTION('',(-1.,0.,-1.26161707343768E-16));
#218608=DIRECTION('',(1.26161707343768E-16,0.,-1.));
#218609=DIRECTION('',(-1.,0.,-1.26161707343768E-16));
#218610=DIRECTION('',(1.87537673078574E-16,-1.,2.36600730268702E-32));
#218611=DIRECTION('',(-1.,5.20050177828266E-18,-1.26161707343768E-16));
#218612=DIRECTION('',(0.,1.,0.));
#218613=DIRECTION('',(1.26161707343768E-16,0.,-1.));
#218614=DIRECTION('',(-1.,0.,-1.26161707343768E-16));
#218615=DIRECTION('',(-1.,0.,-1.26161707343768E-16));
#218616=DIRECTION('',(1.26161707343768E-16,0.,-1.));
#218617=DIRECTION('',(-1.,0.,-1.26161707343768E-16));
#218618=DIRECTION('',(0.,-1.,0.));
#218619=DIRECTION('',(1.26161707343768E-16,0.,-1.));
#218620=DIRECTION('',(-1.,0.,-1.26161707343768E-16));
#218621=DIRECTION('',(1.26161707343768E-16,0.,-1.));
#218622=DIRECTION('',(-1.,0.,-1.26161707343768E-16));
#218623=DIRECTION('',(-1.,0.,-1.26161707343768E-16));
#218624=DIRECTION('',(1.26161707343768E-16,0.,-1.));
#218625=DIRECTION('',(-1.,0.,-1.26161707343768E-16));
#218626=DIRECTION('',(0.,1.,0.));
#218627=DIRECTION('',(1.,-5.20050177828266E-18,1.26161707343768E-16));
#218628=DIRECTION('',(1.87537673078574E-16,-1.,2.36600730268702E-32));
#218629=DIRECTION('',(1.26161707343768E-16,0.,-1.));
#218630=DIRECTION('',(-1.,0.,-1.26161707343768E-16));
#218631=DIRECTION('',(-1.,0.,-1.26161707343768E-16));
#218632=DIRECTION('',(1.26161707343768E-16,0.,-1.));
#218633=DIRECTION('',(-1.,0.,-1.26161707343768E-16));
#218634=DIRECTION('',(0.,1.,0.));
#218635=DIRECTION('',(1.26161707343768E-16,0.,-1.));
#218636=DIRECTION('',(-1.,0.,-1.26161707343768E-16));
#218637=DIRECTION('',(1.,0.,1.26161707343768E-16));
#218638=DIRECTION('',(1.26161707343768E-16,0.,-1.));
#218639=DIRECTION('',(-1.,0.,-1.26161707343768E-16));
#218640=DIRECTION('',(0.,-1.,0.));
#218641=DIRECTION('',(1.26161707343768E-16,0.,-1.));
#218642=DIRECTION('',(-1.,0.,-1.26161707343768E-16));
#218643=DIRECTION('',(5.28884103428009E-17,0.92453334483403,-0.38110116017929));
#218644=DIRECTION('',(0.,0.38110116017929,0.92453334483403));
#218645=DIRECTION('',(-1.,5.20050177828266E-18,-1.26161707343768E-16));
#218646=DIRECTION('',(5.28884103428009E-17,0.92453334483403,-0.38110116017929));
#218647=DIRECTION('',(-6.20398982476272E-16,0.38110116017929,0.92453334483403));
#218648=DIRECTION('',(-1.99775600596125E-16,0.38110116017929,0.92453334483403));
#218649=DIRECTION('',(1.,-5.20050177828266E-18,1.26161707343768E-16));
#218650=DIRECTION('',(-1.28304775808556E-16,0.38110116017929,0.92453334483403));
#218651=DIRECTION('',(5.28884103428009E-17,0.92453334483403,-0.38110116017929));
#218652=DIRECTION('',(1.28304775808556E-16,-0.38110116017929,-0.92453334483403));
#218653=DIRECTION('',(1.38777878078145E-16,0.,-1.));
#218654=DIRECTION('',(-1.,0.,-1.38777878078145E-16));
#218655=DIRECTION('',(1.26161707343768E-16,0.,-1.));
#218656=DIRECTION('',(-1.,0.,-1.26161707343768E-16));
#218657=DIRECTION('',(1.26161707343768E-16,0.,-1.));
#218658=DIRECTION('',(-1.,0.,-1.26161707343768E-16));
#218659=DIRECTION('',(1.38777878078145E-16,0.,-1.));
#218660=DIRECTION('',(-1.,0.,-1.38777878078145E-16));
#218661=DIRECTION('',(1.26161707343768E-16,0.,-1.));
#218662=DIRECTION('',(-1.,0.,-1.26161707343768E-16));
#218663=DIRECTION('',(1.26161707343768E-16,0.,-1.));
#218664=DIRECTION('',(-1.,0.,-1.26161707343768E-16));
#218665=DIRECTION('',(1.38777878078145E-16,0.,-1.));
#218666=DIRECTION('',(-1.,0.,-1.38777878078145E-16));
#218667=DIRECTION('',(1.26161707343768E-16,0.,-1.));
#218668=DIRECTION('',(-1.,0.,-1.26161707343768E-16));
#218669=DIRECTION('',(1.26161707343768E-16,0.,-1.));
#218670=DIRECTION('',(-1.,0.,-1.26161707343768E-16));
#218671=DIRECTION('',(1.38777878078145E-16,0.,-1.));
#218672=DIRECTION('',(-1.,0.,-1.38777878078145E-16));
#218673=DIRECTION('',(1.26161707343768E-16,0.,-1.));
#218674=DIRECTION('',(-1.,0.,-1.26161707343768E-16));
#218675=DIRECTION('',(1.26161707343768E-16,0.,-1.));
#218676=DIRECTION('',(-1.,0.,-1.26161707343768E-16));
#218677=DIRECTION('',(1.38777878078145E-16,0.,-1.));
#218678=DIRECTION('',(-1.,0.,-1.38777878078145E-16));
#218679=DIRECTION('',(1.26161707343768E-16,0.,-1.));
#218680=DIRECTION('',(-1.,0.,-1.26161707343768E-16));
#218681=DIRECTION('',(1.26161707343768E-16,0.,-1.));
#218682=DIRECTION('',(-1.,0.,-1.26161707343768E-16));
#218683=DIRECTION('',(1.38777878078145E-16,0.,-1.));
#218684=DIRECTION('',(-1.,0.,-1.38777878078145E-16));
#218685=DIRECTION('',(1.26161707343768E-16,0.,-1.));
#218686=DIRECTION('',(-1.,0.,-1.26161707343768E-16));
#218687=DIRECTION('',(1.26161707343768E-16,0.,-1.));
#218688=DIRECTION('',(-1.,0.,-1.26161707343768E-16));
#218689=DIRECTION('',(0.,-1.,0.));
#218690=DIRECTION('',(0.,0.,-1.));
#218691=DIRECTION('',(0.919145030018058,-0.393919298579168,1.15960906283617E-16));
#218692=DIRECTION('',(-0.393919298579168,-0.919145030018058,0.));
#218693=DIRECTION('',(-9.62028652779074E-17,-0.720731141350338,0.693214701148093));
#218694=DIRECTION('',(0.,-0.693214701148093,-0.720731141350338));
#218695=DIRECTION('',(0.,-1.,0.));
#218696=DIRECTION('',(0.,0.,-1.));
#218697=DIRECTION('',(1.26161707343768E-16,0.,-1.));
#218698=DIRECTION('',(-1.,0.,-1.26161707343768E-16));
#218699=DIRECTION('',(1.,0.,0.));
#218700=DIRECTION('',(0.,0.,-1.));
#218701=DIRECTION('',(-1.,5.20050177828266E-18,-1.26161707343768E-16));
#218702=DIRECTION('',(-1.26161707343768E-16,0.,1.));
#218703=DIRECTION('',(-0.393919298579168,-0.919145030018058,-4.96975312644073E-17));
#218704=DIRECTION('',(-0.919145030018058,0.393919298579168,-9.11121406514133E-16));
#218705=DIRECTION('',(0.393919298579167,-0.919145030018058,4.96975312644071E-17));
#218706=DIRECTION('',(-0.919145030018058,-0.393919298579167,0.));
#218707=DIRECTION('',(1.,0.,1.26161707343768E-16));
#218708=DIRECTION('',(1.26161707343768E-16,0.,-1.));
#218709=DIRECTION('',(1.,0.,0.));
#218710=DIRECTION('',(0.,0.,-1.));
#218711=DIRECTION('',(-1.87537673078574E-16,1.,-2.36600730268702E-32));
#218712=DIRECTION('',(-1.,-1.87537673078574E-16,0.));
#218713=DIRECTION('',(-2.76421853496717E-16,-0.720731141350338,0.693214701148093));
#218714=DIRECTION('',(0.,0.693214701148093,0.720731141350338));
#218715=DIRECTION('',(-0.919145030018058,-0.393919298579167,-1.15960906283617E-16));
#218716=DIRECTION('',(-0.393919298579167,0.919145030018058,0.));
#218717=DIRECTION('',(2.89120579329468E-16,-1.,2.89120579329468E-16));
#218718=DIRECTION('',(1.,2.89120579329468E-16,0.));
#218719=DIRECTION('',(1.26161707343768E-16,0.,-1.));
#218720=DIRECTION('',(-1.,0.,-1.26161707343768E-16));
#218721=DIRECTION('',(0.,1.,0.));
#218722=DIRECTION('',(0.,0.,1.));
#218723=DIRECTION('',(1.26161707343768E-16,0.,-1.));
#218724=DIRECTION('',(-1.,0.,-1.26161707343768E-16));
#218725=DIRECTION('',(-1.,0.,0.));
#218726=DIRECTION('',(0.,0.,1.));
#218727=DIRECTION('',(0.,1.,0.));
#218728=DIRECTION('',(0.,0.,1.));
#218729=DIRECTION('',(0.,1.,0.));
#218730=DIRECTION('',(0.,0.,1.));
#218731=DIRECTION('',(1.,0.,1.26161707343768E-16));
#218732=DIRECTION('',(1.26161707343768E-16,0.,-1.));
#218733=DIRECTION('',(-1.,0.,0.));
#218734=DIRECTION('',(0.,0.,1.));
#218735=DIRECTION('',(1.26161707343768E-16,0.,-1.));
#218736=DIRECTION('',(-1.,0.,-1.26161707343768E-16));
#218737=DIRECTION('',(-1.,0.,0.));
#218738=DIRECTION('',(0.,0.,1.));
#218739=DIRECTION('',(1.26161707343768E-16,0.,-1.));
#218740=DIRECTION('',(-1.,0.,-1.26161707343768E-16));
#218741=DIRECTION('',(0.,1.,0.));
#218742=DIRECTION('',(0.,0.,1.));
#218743=DIRECTION('',(-1.,0.,-1.26161707343768E-16));
#218744=DIRECTION('',(-1.26161707343768E-16,0.,1.));
#218745=DIRECTION('',(-1.,0.,0.));
#218746=DIRECTION('',(0.,0.,1.));
#218747=DIRECTION('',(0.,-1.,0.));
#218748=DIRECTION('',(0.,0.,-1.));
#218749=DIRECTION('',(0.,1.,0.));
#218750=DIRECTION('',(0.,0.,1.));
#218751=DIRECTION('',(1.26161707343768E-16,0.,-1.));
#218752=DIRECTION('',(-1.,0.,-1.26161707343768E-16));
#218753=DIRECTION('',(0.,1.,0.));
#218754=DIRECTION('',(0.,0.,1.));
#218755=DIRECTION('',(0.,-1.,0.));
#218756=DIRECTION('',(0.,0.,-1.));
#218757=DIRECTION('',(0.,1.,0.));
#218758=DIRECTION('',(0.,0.,1.));
#218759=DIRECTION('',(1.26161707343768E-16,0.,-1.));
#218760=DIRECTION('',(-1.,0.,-1.26161707343768E-16));
#218761=DIRECTION('',(1.,0.,0.));
#218762=DIRECTION('',(0.,0.,-1.));
#218763=DIRECTION('',(1.26161707343768E-16,0.,-1.));
#218764=DIRECTION('',(-1.,0.,-1.26161707343768E-16));
#218765=DIRECTION('',(1.,0.,0.));
#218766=DIRECTION('',(0.,0.,-1.));
#218767=DIRECTION('',(1.,0.,1.26161707343768E-16));
#218768=DIRECTION('',(1.26161707343768E-16,0.,-1.));
#218769=DIRECTION('',(1.,0.,0.));
#218770=DIRECTION('',(0.,0.,-1.));
#218771=DIRECTION('',(-1.,0.,-1.26161707343768E-16));
#218772=DIRECTION('',(-1.26161707343768E-16,0.,1.));
#218773=DIRECTION('',(1.,0.,0.));
#218774=DIRECTION('',(0.,0.,-1.));
#218775=DIRECTION('',(1.26161707343768E-16,0.,-1.));
#218776=DIRECTION('',(-1.,0.,-1.26161707343768E-16));
#218777=DIRECTION('',(0.,-1.,0.));
#218778=DIRECTION('',(0.,0.,-1.));
#218779=DIRECTION('',(1.26161707343768E-16,0.,-1.));
#218780=DIRECTION('',(-1.,0.,-1.26161707343768E-16));
#218781=DIRECTION('',(0.,1.,-2.89120579329468E-16));
#218782=DIRECTION('',(0.,2.89120579329468E-16,1.));
#218783=DIRECTION('',(0.,-1.,0.));
#218784=DIRECTION('',(0.,0.,-1.));
#218785=DIRECTION('',(0.,-1.,0.));
#218786=DIRECTION('',(0.,0.,-1.));
#218787=DIRECTION('',(1.87537673078574E-16,-1.,2.36600730268702E-32));
#218788=DIRECTION('',(1.,1.87537673078574E-16,0.));
#218789=DIRECTION('',(0.919145030018058,0.393919298579168,1.15960906283617E-16));
#218790=DIRECTION('',(-0.393919298579168,0.919145030018058,0.));
#218791=DIRECTION('',(1.26161707343768E-16,0.,-1.));
#218792=DIRECTION('',(-1.,0.,-1.26161707343768E-16));
#218793=DIRECTION('',(-1.,0.,0.));
#218794=DIRECTION('',(0.,0.,1.));
#218795=DIRECTION('',(-1.,5.20050177828266E-18,-1.26161707343768E-16));
#218796=DIRECTION('',(-1.26161707343768E-16,0.,1.));
#218797=DIRECTION('',(1.,1.87537673078574E-16,1.38777878078145E-16));
#218798=DIRECTION('',(-1.87537673078574E-16,1.,0.));
#218799=DIRECTION('',(0.393919298579168,0.919145030018058,4.96975312644073E-17));
#218800=DIRECTION('',(-0.919145030018058,0.393919298579168,0.));
#218801=DIRECTION('',(0.393919298579167,-0.919145030018058,4.96975312644071E-17));
#218802=DIRECTION('',(0.919145030018058,0.393919298579167,4.55560703257065E-16));
#218803=DIRECTION('',(-1.,0.,-1.38777878078145E-16));
#218804=DIRECTION('',(-1.38777878078145E-16,0.,1.));
#218805=DIRECTION('',(-1.,0.,-1.26161707343768E-16));
#218806=DIRECTION('',(-1.26161707343768E-16,0.,1.));
#218807=DIRECTION('',(-1.,0.,0.));
#218808=DIRECTION('',(0.,0.,1.));
#218809=DIRECTION('',(0.,1.,0.));
#218810=DIRECTION('',(0.,0.,1.));
#218811=DIRECTION('',(0.919145030018058,-0.393919298579168,1.15960906283617E-16));
#218812=DIRECTION('',(0.393919298579168,0.919145030018058,0.));
#218813=DIRECTION('',(0.,-1.,0.));
#218814=DIRECTION('',(0.,0.,-1.));
#218815=DIRECTION('',(1.26161707343768E-16,0.,-1.));
#218816=DIRECTION('',(-1.,0.,-1.26161707343768E-16));
#218817=DIRECTION('',(-1.7347234759768E-15,-1.73472347597681E-15,-1.));
#218818=DIRECTION('',(0.,1.,-1.73472347597681E-15));
#218819=DIRECTION('',(-1.,0.,-1.38777878078145E-16));
#218820=DIRECTION('',(-1.38777878078145E-16,0.,1.));
#218821=DIRECTION('',(-2.54651426592889E-15,-0.38110116017929,-0.92453334483403));
#218822=DIRECTION('',(0.,0.92453334483403,-0.38110116017929));
#218823=DIRECTION('',(-1.28304775808556E-16,0.38110116017929,0.92453334483403));
#218824=DIRECTION('',(0.,-0.92453334483403,0.38110116017929));
#218825=DIRECTION('',(-1.88540913664387E-15,-0.381101160179291,-0.924533344834029));
#218826=DIRECTION('',(0.,0.924533344834029,-0.381101160179291));
#218827=DIRECTION('',(-0.356116730997376,-0.356116730997376,-0.863922304265542));
#218828=DIRECTION('',(-0.924533344834029,0.,0.381101160179291));
#218829=DIRECTION('',(0.,0.,-1.));
#218830=DIRECTION('',(-1.,0.,0.));
#218831=DIRECTION('',(1.,1.87537673078574E-16,1.38777878078145E-16));
#218832=DIRECTION('',(-1.87537673078574E-16,1.,0.));
#218833=DIRECTION('',(0.,-0.381101160179289,-0.92453334483403));
#218834=DIRECTION('',(0.,0.92453334483403,-0.381101160179289));
#218835=DIRECTION('',(-1.99775600596125E-16,0.38110116017929,0.92453334483403));
#218836=DIRECTION('',(0.,-0.92453334483403,0.38110116017929));
#218837=DIRECTION('',(0.,-0.381101160179291,-0.924533344834029));
#218838=DIRECTION('',(0.,0.924533344834029,-0.381101160179291));
#218839=DIRECTION('',(0.35611673099738,-0.356116730997379,-0.86392230426554));
#218840=DIRECTION('',(-0.924533344834028,0.,-0.381101160179295));
#218841=DIRECTION('',(0.,0.,-1.));
#218842=DIRECTION('',(-1.,0.,0.));
#218843=DIRECTION('',(0.,-1.,0.));
#218844=DIRECTION('',(1.,0.,0.));
#218845=DIRECTION('',(0.,-1.,0.));
#218846=DIRECTION('',(0.,0.,-1.));
#218847=DIRECTION('',(-1.,0.,0.));
#218848=DIRECTION('',(1.,0.,0.));
#218849=DIRECTION('',(0.,1.,0.));
#218850=DIRECTION('',(0.,0.,1.));
#218851=DIRECTION('',(0.,0.,-1.));
#218852=DIRECTION('',(1.,0.,0.));
#218853=DIRECTION('',(0.,0.,-1.));
#218854=DIRECTION('',(1.,0.,0.));
#218855=DIRECTION('',(0.,0.,-1.));
#218856=DIRECTION('',(-1.,0.,0.));
#218857=DIRECTION('',(1.,0.,0.));
#218858=DIRECTION('',(0.,-1.,0.));
#218859=DIRECTION('',(1.,0.,0.));
#218860=DIRECTION('',(0.,0.,-1.));
#218861=DIRECTION('',(-1.,0.,0.));
#218862=DIRECTION('',(0.,-1.,0.));
#218863=DIRECTION('',(0.,0.,-1.));
#218864=DIRECTION('',(-1.,0.,0.));
#218865=DIRECTION('',(0.,-1.,0.));
#218866=DIRECTION('',(1.,0.,0.));
#218867=DIRECTION('',(0.,-1.,0.));
#218868=DIRECTION('',(1.,0.,0.));
#218869=DIRECTION('',(0.,1.,0.));
#218870=DIRECTION('',(0.,0.,1.));
#218871=DIRECTION('',(1.,0.,0.));
#218872=DIRECTION('',(0.,0.,-1.));
#218873=DIRECTION('',(-1.,0.,0.));
#218874=DIRECTION('',(0.,0.,-1.));
#218875=DIRECTION('',(0.,1.,0.));
#218876=DIRECTION('',(0.,0.,1.));
#218877=DIRECTION('',(0.,0.,1.));
#218878=DIRECTION('',(0.,0.,1.));
#218879=DIRECTION('',(1.,0.,0.));
#218880=DIRECTION('',(0.,0.,-1.));
#218881=DIRECTION('',(-1.,0.,0.));
#218882=DIRECTION('',(1.,0.,0.));
#218883=DIRECTION('',(0.,-1.,0.));
#218884=DIRECTION('',(0.,0.,-1.));
#218885=DIRECTION('',(-1.,0.,0.));
#218886=DIRECTION('',(1.,0.,0.));
#218887=DIRECTION('',(0.,0.,-1.));
#218888=DIRECTION('',(-1.,0.,0.));
#218889=DIRECTION('',(0.,-1.,0.));
#218890=DIRECTION('',(0.,0.,-1.));
#218891=DIRECTION('',(-1.,0.,0.));
#218892=DIRECTION('',(0.,0.,1.));
#218893=DIRECTION('',(1.,0.,0.));
#218894=DIRECTION('',(0.,0.,1.));
#218895=DIRECTION('',(1.,0.,0.));
#218896=DIRECTION('',(0.,0.,-1.));
#218897=DIRECTION('',(-1.,0.,0.));
#218898=DIRECTION('',(0.,0.,-1.));
#218899=DIRECTION('',(0.,0.,1.));
#218900=DIRECTION('',(1.,0.,0.));
#218901=DIRECTION('',(-1.,0.,-2.72487680411244E-16));
#218902=DIRECTION('',(-2.72487680411244E-16,0.,1.));
#218903=DIRECTION('',(2.72487680411244E-16,0.,-1.));
#218904=DIRECTION('',(0.,-1.,0.));
#218905=DIRECTION('',(2.72487680411244E-16,0.,-1.));
#218906=DIRECTION('',(0.,-1.,0.));
#218907=DIRECTION('',(1.,0.,0.));
#218908=DIRECTION('',(0.,0.,-1.));
#218909=DIRECTION('',(0.,0.,1.));
#218910=DIRECTION('',(0.,-1.,0.));
#218911=DIRECTION('',(0.,0.,1.));
#218912=DIRECTION('',(0.,-1.,0.));
#218913=DIRECTION('',(-1.26161707343768E-16,0.,1.));
#218914=DIRECTION('',(1.,0.,1.26161707343768E-16));
#218915=DIRECTION('',(-1.,0.,-1.26161707343768E-16));
#218916=DIRECTION('',(-1.26161707343768E-16,0.,1.));
#218917=DIRECTION('',(1.,0.,1.26161707343768E-16));
#218918=DIRECTION('',(0.,-1.,0.));
#218919=DIRECTION('',(-1.26161707343768E-16,0.,1.));
#218920=DIRECTION('',(1.,0.,1.26161707343768E-16));
#218921=DIRECTION('',(-1.,0.,-1.26161707343768E-16));
#218922=DIRECTION('',(-1.26161707343768E-16,0.,1.));
#218923=DIRECTION('',(1.,0.,1.26161707343768E-16));
#218924=DIRECTION('',(0.,-1.,0.));
#218925=DIRECTION('',(-1.26161707343768E-16,0.,1.));
#218926=DIRECTION('',(1.,0.,1.26161707343768E-16));
#218927=DIRECTION('',(0.,-1.,0.));
#218928=DIRECTION('',(0.,0.,-1.));
#218929=DIRECTION('',(2.72487680411244E-16,0.,-1.));
#218930=DIRECTION('',(-1.,0.,-1.26161707343768E-16));
#218931=DIRECTION('',(0.,0.,1.));
#218932=DIRECTION('',(1.,0.,0.));
#218933=DIRECTION('',(0.,-1.,0.));
#218934=DIRECTION('',(0.,0.,-1.));
#218935=DIRECTION('',(0.,0.,1.));
#218936=DIRECTION('',(-1.,0.,-1.26161707343768E-16));
#218937=DIRECTION('',(2.72487680411244E-16,0.,-1.));
#218938=DIRECTION('',(1.,0.,0.));
#218939=DIRECTION('',(0.,0.,-1.));
#218940=DIRECTION('',(-1.,0.,0.));
#218941=DIRECTION('',(-1.26161707343768E-16,0.,1.));
#218942=DIRECTION('',(1.,0.,1.26161707343768E-16));
#218943=DIRECTION('',(0.,0.,-1.));
#218944=DIRECTION('',(-1.,0.,0.));
#218945=DIRECTION('',(-2.72487680411244E-16,0.,1.));
#218946=DIRECTION('',(1.,0.,2.72487680411244E-16));
#218947=DIRECTION('',(-1.26161707343768E-16,0.,1.));
#218948=DIRECTION('',(1.,0.,1.26161707343768E-16));
#218949=DIRECTION('',(0.,0.,-1.));
#218950=DIRECTION('',(-1.,0.,0.));
#218951=DIRECTION('',(0.,0.,1.));
#218952=DIRECTION('',(1.,0.,0.));
#218953=DIRECTION('',(-1.26161707343768E-16,0.,1.));
#218954=DIRECTION('',(1.,0.,1.26161707343768E-16));
#218955=DIRECTION('',(0.,0.,-1.));
#218956=DIRECTION('',(-1.,0.,0.));
#218957=DIRECTION('',(2.72487680411244E-16,0.,-1.));
#218958=DIRECTION('',(-1.,0.,-2.72487680411244E-16));
#218959=DIRECTION('',(-1.26161707343768E-16,0.,1.));
#218960=DIRECTION('',(1.,0.,1.26161707343768E-16));
#218961=DIRECTION('',(0.,0.,-1.));
#218962=DIRECTION('',(-1.,0.,0.));
#218963=DIRECTION('',(0.,0.,-1.));
#218964=DIRECTION('',(-1.,0.,0.));
#218965=DIRECTION('',(0.,-1.,0.));
#218966=DIRECTION('',(0.,0.,-1.));
#218967=DIRECTION('',(1.,0.,0.));
#218968=DIRECTION('',(0.,0.,-1.));
#218969=DIRECTION('',(-1.,0.,0.));
#218970=DIRECTION('',(0.,0.,1.));
#218971=DIRECTION('',(1.,0.,0.));
#218972=DIRECTION('',(0.,0.,-1.));
#218973=DIRECTION('',(-1.,0.,0.));
#218974=DIRECTION('',(-1.,0.,0.));
#218975=DIRECTION('',(0.,-1.,0.));
#218976=DIRECTION('',(0.,0.,-1.));
#218977=DIRECTION('',(0.,-1.,0.));
#218978=DIRECTION('',(0.,-1.,8.67361737988404E-16));
#218979=DIRECTION('',(0.,-8.67361737988404E-16,-1.));
#218980=DIRECTION('',(0.,0.,-1.));
#218981=DIRECTION('',(-1.,0.,0.));
#218982=DIRECTION('',(0.,-1.,0.));
#218983=DIRECTION('',(0.,0.,-1.));
#218984=DIRECTION('',(0.,0.,-1.));
#218985=DIRECTION('',(-1.,0.,0.));
#218986=DIRECTION('',(1.,0.,0.));
#218987=DIRECTION('',(0.,0.,-1.));
#218988=DIRECTION('',(0.,-1.,0.));
#218989=DIRECTION('',(0.,0.,-1.));
#218990=DIRECTION('',(8.67361737988403E-16,-1.,0.));
#218991=DIRECTION('',(1.,8.67361737988403E-16,0.));
#218992=DIRECTION('',(0.,-1.,0.));
#218993=DIRECTION('',(1.,0.,0.));
#218994=DIRECTION('',(0.,0.,-1.));
#218995=DIRECTION('',(1.,0.,0.));
#218996=DIRECTION('',(0.,0.,-1.));
#218997=DIRECTION('',(0.,0.,-1.));
#218998=DIRECTION('',(-1.,0.,0.));
#218999=DIRECTION('',(-1.26161707343768E-16,0.,1.));
#219000=DIRECTION('',(1.,0.,1.26161707343768E-16));
#219001=DIRECTION('',(1.,0.,0.));
#219002=DIRECTION('',(0.,0.,-1.));
#219003=DIRECTION('',(0.,-1.,0.));
#219004=DIRECTION('',(0.,0.,-1.));
#219005=DIRECTION('',(0.,-1.,0.));
#219006=DIRECTION('',(0.,0.,-1.));
#219007=DIRECTION('',(-8.67361737988402E-16,-1.,-1.2538606408771E-31));
#219008=DIRECTION('',(1.,-8.67361737988402E-16,0.));
#219009=DIRECTION('',(1.,0.,1.26161707343768E-16));
#219010=DIRECTION('',(1.26161707343768E-16,0.,-1.));
#219011=DIRECTION('',(1.,0.,0.));
#219012=DIRECTION('',(0.,0.,-1.));
#219013=DIRECTION('',(-1.26161707343768E-16,0.,1.));
#219014=DIRECTION('',(1.,0.,1.26161707343768E-16));
#219015=DIRECTION('',(1.,0.,0.));
#219016=DIRECTION('',(0.,0.,-1.));
#219017=DIRECTION('',(-1.26161707343768E-16,0.,1.));
#219018=DIRECTION('',(1.,0.,1.26161707343768E-16));
#219019=DIRECTION('',(0.,-1.,0.));
#219020=DIRECTION('',(0.,0.,-1.));
#219021=DIRECTION('',(-1.,0.,-1.26161707343768E-16));
#219022=DIRECTION('',(-1.26161707343768E-16,0.,1.));
#219023=DIRECTION('',(1.,0.,0.));
#219024=DIRECTION('',(0.,0.,-1.));
#219025=DIRECTION('',(0.,-1.,0.));
#219026=DIRECTION('',(0.,0.,-1.));
#219027=DIRECTION('',(0.,-1.,-8.67361737988403E-16));
#219028=DIRECTION('',(0.,8.67361737988403E-16,-1.));
#219029=DIRECTION('',(-1.26161707343768E-16,0.,1.));
#219030=DIRECTION('',(1.,0.,1.26161707343768E-16));
#219031=DIRECTION('',(0.,0.,-1.));
#219032=DIRECTION('',(-1.,0.,0.));
#219033=DIRECTION('',(0.,0.,-1.));
#219034=DIRECTION('',(-1.,0.,0.));
#219035=DIRECTION('',(0.,-1.,0.));
#219036=DIRECTION('',(1.0842021724855E-16,0.,-1.));
#219037=DIRECTION('',(-1.,0.,-1.0842021724855E-16));
#219038=DIRECTION('',(0.,-1.,0.));
#219039=DIRECTION('',(0.,-1.,0.));
#219040=DIRECTION('',(0.,0.,1.));
#219041=DIRECTION('',(1.,0.,0.));
#219042=DIRECTION('',(0.,-1.,0.));
#219043=DIRECTION('',(1.,0.,0.));
#219044=DIRECTION('',(0.,0.,1.));
#219045=DIRECTION('',(1.,0.,0.));
#219046=DIRECTION('',(0.,0.,1.));
#219047=DIRECTION('',(1.,0.,0.));
#219048=DIRECTION('',(1.,0.,0.));
#219049=DIRECTION('',(0.,-1.,0.));
#219050=DIRECTION('',(0.,0.,-1.));
#219051=DIRECTION('',(0.,0.,-1.));
#219052=DIRECTION('',(-1.,0.,0.));
#219053=DIRECTION('',(-1.,-6.12323399573677E-17,-1.82602471155453E-16));
#219054=DIRECTION('',(-1.82602471155453E-16,0.,1.));
#219055=DIRECTION('',(-0.707106781186547,-4.32978028117747E-17,-0.707106781186548));
#219056=DIRECTION('',(-0.707106781186548,-4.32978028117747E-17,0.707106781186547));
#219057=DIRECTION('',(-0.707106781186548,-4.32978028117747E-17,0.707106781186547));
#219058=DIRECTION('',(-0.707106781186547,-4.32978028117747E-17,-0.707106781186548));
#219059=DIRECTION('',(-0.707106781186547,-4.32978028117747E-17,-0.707106781186548));
#219060=DIRECTION('',(-0.707106781186548,-4.32978028117747E-17,0.707106781186547));
#219061=DIRECTION('',(-0.707106781186548,-4.32978028117747E-17,0.707106781186547));
#219062=DIRECTION('',(-0.707106781186547,-4.32978028117747E-17,-0.707106781186548));
#219063=DIRECTION('',(1.,-6.12323399573677E-17,-6.12323399573677E-17));
#219064=DIRECTION('',(6.12323399573677E-17,1.,0.));
#219065=DIRECTION('',(-1.,0.,-1.82602471155453E-16));
#219066=DIRECTION('',(0.,1.,0.));
#219067=DIRECTION('',(0.,0.,1.));
#219068=DIRECTION('',(1.,0.,0.));
#219069=DIRECTION('',(1.,0.,0.));
#219070=DIRECTION('',(0.,0.,-1.));
#219071=DIRECTION('',(0.,-1.,-6.12323399573677E-17));
#219072=DIRECTION('',(1.,0.,0.));
#219073=DIRECTION('',(0.,-1.,-6.12323399573677E-17));
#219074=DIRECTION('',(0.,6.12323399573677E-17,-1.));
#219075=DIRECTION('',(0.,-1.,-6.12323399573677E-17));
#219076=DIRECTION('',(1.,0.,0.));
#219077=DIRECTION('',(0.,0.,-1.));
#219078=DIRECTION('',(-1.,0.,0.));
#219079=DIRECTION('',(0.,0.,-1.));
#219080=DIRECTION('',(-1.,0.,0.));
#219081=DIRECTION('',(0.,0.,1.));
#219082=DIRECTION('',(-1.,0.,0.));
#219083=DIRECTION('',(0.,0.,1.));
#219084=DIRECTION('',(-1.,0.,0.));
#219085=DIRECTION('',(0.,0.,1.));
#219086=DIRECTION('',(1.,0.,0.));
#219087=DIRECTION('',(1.,0.,0.));
#219088=DIRECTION('',(0.,0.,-1.));
#219089=DIRECTION('',(0.,-1.,-6.12323399573677E-17));
#219090=DIRECTION('',(-1.,0.,0.));
#219091=DIRECTION('',(0.,-1.,-6.12323399573677E-17));
#219092=DIRECTION('',(0.,6.12323399573677E-17,-1.));
#219093=DIRECTION('',(0.,-1.,-6.12323399573677E-17));
#219094=DIRECTION('',(-1.,0.,0.));
#219095=DIRECTION('',(-1.82602471155453E-16,-6.12323399573677E-17,1.));
#219096=DIRECTION('',(1.,0.,1.82602471155453E-16));
#219097=DIRECTION('',(0.,0.,-1.));
#219098=DIRECTION('',(-1.,0.,0.));
#219099=DIRECTION('',(0.,0.,-1.));
#219100=DIRECTION('',(0.,0.,-1.));
#219101=DIRECTION('',(-1.,0.,0.));
#219102=DIRECTION('',(0.,0.,-1.));
#219103=DIRECTION('',(0.,0.,1.));
#219104=DIRECTION('',(-1.,0.,0.));
#219105=DIRECTION('',(0.,0.,1.));
#219106=DIRECTION('',(1.,0.,0.));
#219107=DIRECTION('',(0.,0.,-1.));
#219108=DIRECTION('',(-1.,0.,0.));
#219109=DIRECTION('',(-1.0842021724855E-16,0.,1.));
#219110=DIRECTION('',(1.,0.,1.0842021724855E-16));
#219111=DIRECTION('',(0.,0.,-1.));
#219112=DIRECTION('',(0.,0.,-1.));
#219113=DIRECTION('',(0.,0.,1.));
#219114=DIRECTION('',(1.,0.,0.));
#219115=DIRECTION('',(0.,0.,1.));
#219116=DIRECTION('',(1.,0.,0.));
#219117=DIRECTION('',(0.,0.,-1.));
#219118=DIRECTION('',(-1.,0.,0.));
#219119=DIRECTION('',(1.,0.,0.));
#219120=DIRECTION('',(0.,0.,-1.));
#219121=DIRECTION('',(0.,-1.,0.));
#219122=DIRECTION('',(-1.,0.,0.));
#219123=DIRECTION('',(0.,0.,1.));
#219124=DIRECTION('',(0.,-1.,0.));
#219125=DIRECTION('',(0.,0.,-1.));
#219126=DIRECTION('',(-1.,0.,0.));
#219127=DIRECTION('',(1.,0.,0.));
#219128=DIRECTION('',(0.,0.,-1.));
#219129=DIRECTION('',(0.,-1.,0.));
#219130=DIRECTION('',(-1.0842021724855E-16,0.,1.));
#219131=DIRECTION('',(1.,0.,1.0842021724855E-16));
#219132=DIRECTION('',(0.,-1.,0.));
#219133=DIRECTION('',(-1.,0.,0.));
#219134=DIRECTION('',(0.,0.,1.));
#232641=CARTESIAN_POINT('',(0.,0.,0.));
#281967=CARTESIAN_POINT('',(200.,0.,75.));
#281968=CARTESIAN_POINT('',(200.,59.5542476432038,50.4511905955063));
#281969=CARTESIAN_POINT('',(200.,68.4368653556122,72.));
#281970=CARTESIAN_POINT('',(200.,61.7045442141894,55.667708121255));
#281971=CARTESIAN_POINT('',(200.,68.1762776280276,53.));
#281972=CARTESIAN_POINT('',(200.,61.1762776280276,53.));
#281973=CARTESIAN_POINT('',(200.,0.,53.));
#281974=CARTESIAN_POINT('',(200.,5.,53.));
#281975=CARTESIAN_POINT('',(200.,5.,75.));
#281976=CARTESIAN_POINT('',(200.,5.,72.));
#281977=CARTESIAN_POINT('',(200.,74.,72.));
#281978=CARTESIAN_POINT('',(20.,74.,75.));
#281979=CARTESIAN_POINT('',(20.,68.1762776280276,53.));
#281980=CARTESIAN_POINT('',(20.,61.1762776280276,53.));
#281981=CARTESIAN_POINT('',(20.,61.7045442141894,55.667708121255));
#281982=CARTESIAN_POINT('',(20.,70.3018666206639,76.5244046407172));
#281983=CARTESIAN_POINT('',(20.,68.4368653556122,72.));
#281984=CARTESIAN_POINT('',(20.,5.00000000000001,72.));
#281985=CARTESIAN_POINT('',(20.,5.,72.));
#281986=CARTESIAN_POINT('',(20.,5.,75.));
#281987=CARTESIAN_POINT('',(20.,5.,53.));
#281988=CARTESIAN_POINT('',(20.,74.,53.));
#281989=CARTESIAN_POINT('',(20.,0.,75.));
#281990=CARTESIAN_POINT('',(5.,0.,75.));
#281991=CARTESIAN_POINT('',(5.,0.,72.));
#281992=CARTESIAN_POINT('',(5.,0.,53.));
#281993=CARTESIAN_POINT('',(20.,0.,53.));
#281994=CARTESIAN_POINT('',(15.,0.,53.));
#281995=CARTESIAN_POINT('',(15.,0.,75.));
#281996=CARTESIAN_POINT('',(15.,0.,72.));
#281997=CARTESIAN_POINT('',(5.,0.,72.));
#281998=CARTESIAN_POINT('',(-3.46944695195361E-15,0.,75.));
#281999=CARTESIAN_POINT('',(-3.46944695195361E-15,81.,75.));
#282000=CARTESIAN_POINT('',(-3.05311331771918E-15,81.,72.));
#282001=CARTESIAN_POINT('',(-4.16333634234433E-16,81.,53.));
#282002=CARTESIAN_POINT('',(-4.16333634234433E-16,0.,53.));
#282003=CARTESIAN_POINT('',(-4.16333634234433E-16,5.,53.));
#282004=CARTESIAN_POINT('',(-3.46944695195361E-15,5.,75.));
#282005=CARTESIAN_POINT('',(-3.05311331771918E-15,5.,72.));
#282006=CARTESIAN_POINT('',(-3.05311331771918E-15,81.,72.));
#282007=CARTESIAN_POINT('',(-3.46944695195361E-15,86.,75.));
#282008=CARTESIAN_POINT('',(215.,86.,75.));
#282009=CARTESIAN_POINT('',(215.,86.,72.));
#282010=CARTESIAN_POINT('',(215.,86.,53.));
#282011=CARTESIAN_POINT('',(-6.93889390390722E-16,86.,53.));
#282012=CARTESIAN_POINT('',(5.,86.,53.));
#282013=CARTESIAN_POINT('',(5.,86.,75.));
#282014=CARTESIAN_POINT('',(5.,86.,72.));
#282015=CARTESIAN_POINT('',(215.,86.,72.));
#282016=CARTESIAN_POINT('',(220.,86.,75.));
#282017=CARTESIAN_POINT('',(220.,5.,75.));
#282018=CARTESIAN_POINT('',(220.,5.,72.));
#282019=CARTESIAN_POINT('',(220.,5.,53.));
#282020=CARTESIAN_POINT('',(220.,86.,53.));
#282021=CARTESIAN_POINT('',(220.,81.,53.));
#282022=CARTESIAN_POINT('',(220.,81.,75.));
#282023=CARTESIAN_POINT('',(220.,81.,72.));
#282024=CARTESIAN_POINT('',(220.,5.,72.));
#282025=CARTESIAN_POINT('',(220.,0.,75.));
#282026=CARTESIAN_POINT('',(205.,0.,75.));
#282027=CARTESIAN_POINT('',(205.,0.,72.));
#282028=CARTESIAN_POINT('',(205.,0.,53.));
#282029=CARTESIAN_POINT('',(220.,0.,53.));
#282030=CARTESIAN_POINT('',(215.,0.,53.));
#282031=CARTESIAN_POINT('',(215.,0.,75.));
#282032=CARTESIAN_POINT('',(215.,0.,72.));
#282033=CARTESIAN_POINT('',(205.,0.,72.));
#282034=CARTESIAN_POINT('',(-9.777532319142E-15,0.,75.));
#282035=CARTESIAN_POINT('',(5.,83.,75.));
#282036=CARTESIAN_POINT('',(215.,83.,75.));
#282037=CARTESIAN_POINT('',(5.,83.,75.));
#282038=CARTESIAN_POINT('',(5.,81.,75.));
#282039=CARTESIAN_POINT('',(3.,81.,75.));
#282040=CARTESIAN_POINT('',(3.,5.,75.));
#282041=CARTESIAN_POINT('',(3.,5.,75.));
#282042=CARTESIAN_POINT('',(5.,5.,75.));
#282043=CARTESIAN_POINT('',(5.,3.,75.));
#282044=CARTESIAN_POINT('',(15.,3.,75.));
#282045=CARTESIAN_POINT('',(15.,3.,75.));
#282046=CARTESIAN_POINT('',(15.,5.,75.));
#282047=CARTESIAN_POINT('',(17.,5.,75.));
#282048=CARTESIAN_POINT('',(17.,74.,75.));
#282049=CARTESIAN_POINT('',(17.,76.0082526280276,75.));
#282050=CARTESIAN_POINT('',(-9.38225126618579E-15,76.0082526280276,75.));
#282051=CARTESIAN_POINT('',(203.,76.0082526280276,75.));
#282052=CARTESIAN_POINT('',(203.,5.,75.));
#282053=CARTESIAN_POINT('',(203.,5.,75.));
#282054=CARTESIAN_POINT('',(205.,5.,75.));
#282055=CARTESIAN_POINT('',(205.,3.,75.));
#282056=CARTESIAN_POINT('',(215.,3.,75.));
#282057=CARTESIAN_POINT('',(215.,3.,75.));
#282058=CARTESIAN_POINT('',(215.,5.,75.));
#282059=CARTESIAN_POINT('',(217.,5.,75.));
#282060=CARTESIAN_POINT('',(217.,81.,75.));
#282061=CARTESIAN_POINT('',(217.,81.,75.));
#282062=CARTESIAN_POINT('',(215.,81.,75.));
#282063=CARTESIAN_POINT('',(-6.30808536718839E-15,0.,50.));
#282064=CARTESIAN_POINT('',(-6.30808536718839E-15,3.,50.));
#282065=CARTESIAN_POINT('',(215.,3.,50.));
#282066=CARTESIAN_POINT('',(205.,3.,50.));
#282067=CARTESIAN_POINT('',(205.,5.,50.));
#282068=CARTESIAN_POINT('',(203.,5.,50.));
#282069=CARTESIAN_POINT('',(203.,0.,50.));
#282070=CARTESIAN_POINT('',(203.,68.1762776280276,50.));
#282071=CARTESIAN_POINT('',(20.,68.1762776280276,50.));
#282072=CARTESIAN_POINT('',(17.,68.1762776280276,50.));
#282073=CARTESIAN_POINT('',(17.,3.18814044233576E-15,50.));
#282074=CARTESIAN_POINT('',(17.,5.,50.));
#282075=CARTESIAN_POINT('',(15.,5.,50.));
#282076=CARTESIAN_POINT('',(15.,3.,50.));
#282077=CARTESIAN_POINT('',(-6.30808536718839E-15,3.,50.));
#282078=CARTESIAN_POINT('',(5.,3.,50.));
#282079=CARTESIAN_POINT('',(5.,5.,50.));
#282080=CARTESIAN_POINT('',(3.,5.,50.));
#282081=CARTESIAN_POINT('',(3.,0.,50.));
#282082=CARTESIAN_POINT('',(3.,81.,50.));
#282083=CARTESIAN_POINT('',(5.,81.,50.));
#282084=CARTESIAN_POINT('',(5.,83.,50.));
#282085=CARTESIAN_POINT('',(-6.30808536718839E-15,83.,50.));
#282086=CARTESIAN_POINT('',(215.,83.,50.));
#282087=CARTESIAN_POINT('',(215.,81.,50.));
#282088=CARTESIAN_POINT('',(217.,81.,50.));
#282089=CARTESIAN_POINT('',(217.,0.,50.));
#282090=CARTESIAN_POINT('',(217.,5.,50.));
#282091=CARTESIAN_POINT('',(215.,5.,50.));
#282092=CARTESIAN_POINT('',(-41.4456460572441,63.6947697368421,50.));
#282093=CARTESIAN_POINT('',(-41.4456460572441,73.2346525935255,73.1433034805379));
#282094=CARTESIAN_POINT('',(196.528266586162,73.2346525935255,73.1433034805379));
#282095=CARTESIAN_POINT('',(23.4717334138382,73.2346525935255,73.1433034805379));
#282096=CARTESIAN_POINT('',(17.,72.1349987349484,70.4755953592828));
#282097=CARTESIAN_POINT('',(24.,72.1349987349484,70.4755953592828));
#282098=CARTESIAN_POINT('',(24.,63.6947697368421,50.));
#282099=CARTESIAN_POINT('',(24.,65.4026775935255,54.1433034805379));
#282100=CARTESIAN_POINT('',(200.,65.4026775935255,54.1433034805379));
#282101=CARTESIAN_POINT('',(196.,65.4026775935255,54.1433034805379));
#282102=CARTESIAN_POINT('',(196.,63.6947697368421,50.));
#282103=CARTESIAN_POINT('',(196.,72.1349987349484,70.4755953592829));
#282104=CARTESIAN_POINT('',(203.,72.1349987349484,70.4755953592829));
#282105=CARTESIAN_POINT('',(5.,5.,75.));
#282106=CARTESIAN_POINT('',(5.,5.,53.));
#282107=CARTESIAN_POINT('',(5.,5.,72.));
#282108=CARTESIAN_POINT('',(215.,81.,75.));
#282109=CARTESIAN_POINT('',(215.,81.,53.));
#282110=CARTESIAN_POINT('',(215.,81.,72.));
#282111=CARTESIAN_POINT('',(5.,81.,75.));
#282112=CARTESIAN_POINT('',(5.,81.,53.));
#282113=CARTESIAN_POINT('',(5.,81.,72.));
#282114=CARTESIAN_POINT('',(215.,5.,75.));
#282115=CARTESIAN_POINT('',(215.,5.,53.));
#282116=CARTESIAN_POINT('',(215.,5.,72.));
#282117=CARTESIAN_POINT('',(205.,5.,75.));
#282118=CARTESIAN_POINT('',(205.,5.,53.));
#282119=CARTESIAN_POINT('',(205.,5.,72.));
#282120=CARTESIAN_POINT('',(15.,5.,75.));
#282121=CARTESIAN_POINT('',(15.,5.,53.));
#282122=CARTESIAN_POINT('',(15.,5.,72.));
#282123=CARTESIAN_POINT('',(203.,0.,72.));
#282124=CARTESIAN_POINT('',(203.,76.0082526280276,72.));
#282125=CARTESIAN_POINT('',(200.226399965498,69.5365192141894,73.1433034805379));
#282126=CARTESIAN_POINT('',(203.,68.4368653556122,72.));
#282127=CARTESIAN_POINT('',(203.,5.,72.));
#282128=CARTESIAN_POINT('',(205.,5.,72.));
#282129=CARTESIAN_POINT('',(205.,3.,72.));
#282130=CARTESIAN_POINT('',(-41.4456460572441,76.0082526280276,72.));
#282131=CARTESIAN_POINT('',(17.,76.0082526280276,72.));
#282132=CARTESIAN_POINT('',(203.,76.0082526280276,72.));
#282133=CARTESIAN_POINT('',(220.,3.,72.));
#282134=CARTESIAN_POINT('',(215.,3.,72.));
#282135=CARTESIAN_POINT('',(17.,74.,72.));
#282136=CARTESIAN_POINT('',(17.,68.4368653556122,72.));
#282137=CARTESIAN_POINT('',(19.7736000345021,69.5365192141894,73.1433034805379));
#282138=CARTESIAN_POINT('',(17.,76.0082526280276,72.));
#282139=CARTESIAN_POINT('',(17.,5.,72.));
#282140=CARTESIAN_POINT('',(215.,5.,72.));
#282141=CARTESIAN_POINT('',(217.,5.,72.));
#282142=CARTESIAN_POINT('',(15.,5.,72.));
#282143=CARTESIAN_POINT('',(15.,3.,72.));
#282144=CARTESIAN_POINT('',(217.,86.,72.));
#282145=CARTESIAN_POINT('',(217.,81.,72.));
#282146=CARTESIAN_POINT('',(20.,3.,72.));
#282147=CARTESIAN_POINT('',(5.,3.,72.));
#282148=CARTESIAN_POINT('',(215.,81.,72.));
#282149=CARTESIAN_POINT('',(215.,83.,72.));
#282150=CARTESIAN_POINT('',(5.,5.,72.));
#282151=CARTESIAN_POINT('',(3.,5.,72.));
#282152=CARTESIAN_POINT('',(-3.09096182992231E-15,83.,72.));
#282153=CARTESIAN_POINT('',(5.,83.,72.));
#282154=CARTESIAN_POINT('',(3.,0.,72.));
#282155=CARTESIAN_POINT('',(3.,81.,72.));
#282156=CARTESIAN_POINT('',(5.,81.,72.));
#282157=CARTESIAN_POINT('',(3.,0.,53.));
#282158=CARTESIAN_POINT('',(3.,5.,53.));
#282159=CARTESIAN_POINT('',(3.,81.,53.));
#282160=CARTESIAN_POINT('',(5.,81.,53.));
#282161=CARTESIAN_POINT('',(5.,83.,53.));
#282162=CARTESIAN_POINT('',(5.,5.,53.));
#282163=CARTESIAN_POINT('',(5.,3.,53.));
#282164=CARTESIAN_POINT('',(-6.68657048921969E-15,83.,53.));
#282165=CARTESIAN_POINT('',(215.,83.,53.));
#282166=CARTESIAN_POINT('',(-6.68657048921969E-15,3.,53.));
#282167=CARTESIAN_POINT('',(15.,3.,53.));
#282168=CARTESIAN_POINT('',(215.,81.,53.));
#282169=CARTESIAN_POINT('',(217.,81.,53.));
#282170=CARTESIAN_POINT('',(15.,5.,53.));
#282171=CARTESIAN_POINT('',(17.,5.,53.));
#282172=CARTESIAN_POINT('',(217.,0.,53.));
#282173=CARTESIAN_POINT('',(217.,5.,53.));
#282174=CARTESIAN_POINT('',(17.,3.18814044233576E-15,53.));
#282175=CARTESIAN_POINT('',(17.,68.1762776280276,53.));
#282176=CARTESIAN_POINT('',(215.,5.,53.));
#282177=CARTESIAN_POINT('',(215.,3.,53.));
#282178=CARTESIAN_POINT('',(-41.4456460572441,68.1762776280276,53.));
#282179=CARTESIAN_POINT('',(24.,68.1762776280276,53.));
#282180=CARTESIAN_POINT('',(24.,65.1762776280276,53.));
#282181=CARTESIAN_POINT('',(17.,68.1762776280276,53.));
#282182=CARTESIAN_POINT('',(203.,68.1762776280276,53.));
#282183=CARTESIAN_POINT('',(196.,65.1762776280276,53.));
#282184=CARTESIAN_POINT('',(196.,68.1762776280276,53.));
#282185=CARTESIAN_POINT('',(-6.68657048921969E-15,3.,53.));
#282186=CARTESIAN_POINT('',(205.,3.,53.));
#282187=CARTESIAN_POINT('',(203.,0.,53.));
#282188=CARTESIAN_POINT('',(203.,68.1762776280276,53.));
#282189=CARTESIAN_POINT('',(203.,5.,53.));
#282190=CARTESIAN_POINT('',(205.,5.,53.));
#282218=CARTESIAN_POINT('',(196.,61.1762776280276,53.));
#282219=CARTESIAN_POINT('',(196.,68.1762776280276,53.));
#282220=CARTESIAN_POINT('',(196.,61.7045442141894,55.6677081212551));
#282221=CARTESIAN_POINT('',(196.,59.996636357506,51.5244046407172));
#282222=CARTESIAN_POINT('',(196.,68.4368653556122,72.0000000000001));
#282235=CARTESIAN_POINT('',(196.528266586162,69.5365192141894,74.6677081212551));
#282284=CARTESIAN_POINT('',(24.,61.1762776280276,53.));
#282285=CARTESIAN_POINT('',(24.,68.1762776280276,53.));
#282286=CARTESIAN_POINT('',(24.,61.7045442141894,55.667708121255));
#282287=CARTESIAN_POINT('',(24.,70.3018666206639,76.5244046407172));
#282288=CARTESIAN_POINT('',(24.,68.4368653556122,72.));
#282301=CARTESIAN_POINT('',(23.4717334138382,69.5365192141894,74.6677081212551));
#282323=CARTESIAN_POINT('',(4.08731520616866E-15,86.,25.));
#282324=CARTESIAN_POINT('',(13.5,264.772893194714,25.));
#282325=CARTESIAN_POINT('',(13.5,83.,25.));
#282326=CARTESIAN_POINT('',(13.5,9.5,25.));
#282327=CARTESIAN_POINT('',(-145.272893194714,9.5,25.));
#282328=CARTESIAN_POINT('',(3.,9.49999999999999,25.));
#282329=CARTESIAN_POINT('',(3.,86.,25.));
#282330=CARTESIAN_POINT('',(3.,81.,25.));
#282331=CARTESIAN_POINT('',(5.,81.,25.));
#282332=CARTESIAN_POINT('',(5.,83.,25.));
#282333=CARTESIAN_POINT('',(215.,83.,25.));
#282334=CARTESIAN_POINT('',(-145.272893194714,9.5,23.7485465094638));
#282335=CARTESIAN_POINT('',(13.5,9.5,25.));
#282336=CARTESIAN_POINT('',(13.5,9.5,23.7485465094638));
#282337=CARTESIAN_POINT('',(-145.272893194714,9.5,23.7485465094638));
#282338=CARTESIAN_POINT('',(-2.,9.5,23.7485465094638));
#282339=CARTESIAN_POINT('',(-2.,9.5,64.));
#282340=CARTESIAN_POINT('',(-2.,9.5,25.));
#282341=CARTESIAN_POINT('',(-145.272893194714,9.5,25.));
#282342=CARTESIAN_POINT('',(4.08731520616866E-15,86.,25.));
#282343=CARTESIAN_POINT('',(-145.272893194714,9.5,25.));
#282344=CARTESIAN_POINT('',(206.5,9.5,25.));
#282345=CARTESIAN_POINT('',(217.,9.5,25.));
#282346=CARTESIAN_POINT('',(206.5,264.772893194714,25.));
#282347=CARTESIAN_POINT('',(206.5,83.,25.));
#282348=CARTESIAN_POINT('',(215.,83.,25.));
#282349=CARTESIAN_POINT('',(215.,83.,25.));
#282350=CARTESIAN_POINT('',(215.,81.,25.));
#282351=CARTESIAN_POINT('',(217.,81.,25.));
#282352=CARTESIAN_POINT('',(217.,86.,25.));
#282353=CARTESIAN_POINT('',(4.08731520616866E-15,86.,25.));
#282354=CARTESIAN_POINT('',(16.5,264.772893194714,25.));
#282355=CARTESIAN_POINT('',(16.5,83.,25.));
#282356=CARTESIAN_POINT('',(16.5,9.5,25.));
#282357=CARTESIAN_POINT('',(215.,83.,25.));
#282358=CARTESIAN_POINT('',(203.5,83.,25.));
#282359=CARTESIAN_POINT('',(203.5,264.772893194714,25.));
#282360=CARTESIAN_POINT('',(203.5,9.5,25.));
#282361=CARTESIAN_POINT('',(-145.272893194714,9.5,25.));
#282362=CARTESIAN_POINT('',(-145.272893194714,9.5,23.7485465094638));
#282363=CARTESIAN_POINT('',(-145.272893194714,9.5,23.7485465094638));
#282364=CARTESIAN_POINT('',(206.5,9.5,23.7485465094638));
#282365=CARTESIAN_POINT('',(222.,9.5,23.7485465094638));
#282366=CARTESIAN_POINT('',(206.5,9.5,25.));
#282367=CARTESIAN_POINT('',(365.272893194714,9.5,25.));
#282368=CARTESIAN_POINT('',(222.,9.5,25.));
#282369=CARTESIAN_POINT('',(222.,9.5,64.));
#282370=CARTESIAN_POINT('',(-145.272893194714,9.5,23.7485465094638));
#282371=CARTESIAN_POINT('',(16.5,9.5,23.7485465094638));
#282372=CARTESIAN_POINT('',(16.5,9.5,23.7485465094638));
#282373=CARTESIAN_POINT('',(203.5,9.5,23.7485465094638));
#282374=CARTESIAN_POINT('',(203.5,9.5,23.7485465094638));
#282375=CARTESIAN_POINT('',(-145.272893194714,9.5,23.7485465094638));
#282376=CARTESIAN_POINT('',(4.08731520616866E-15,86.,25.));
#282377=CARTESIAN_POINT('',(-145.272893194714,6.5,25.));
#282378=CARTESIAN_POINT('',(3.,6.50000000000001,25.));
#282379=CARTESIAN_POINT('',(217.,6.50000000000001,25.));
#282380=CARTESIAN_POINT('',(217.,86.,25.));
#282381=CARTESIAN_POINT('',(217.,5.,25.));
#282382=CARTESIAN_POINT('',(215.,5.,25.));
#282383=CARTESIAN_POINT('',(215.,3.,25.));
#282384=CARTESIAN_POINT('',(4.08731520616866E-15,3.,25.));
#282385=CARTESIAN_POINT('',(5.,3.,25.));
#282386=CARTESIAN_POINT('',(5.,5.,25.));
#282387=CARTESIAN_POINT('',(3.,5.,25.));
#282388=CARTESIAN_POINT('',(3.,86.,25.));
#282389=CARTESIAN_POINT('',(222.,8.,64.));
#282390=CARTESIAN_POINT('',(222.,8.,0.));
#282391=CARTESIAN_POINT('',(223.5,8.,0.));
#282392=CARTESIAN_POINT('',(222.,8.,23.7485465094638));
#282393=CARTESIAN_POINT('',(222.,6.5,23.7485465094638));
#282394=CARTESIAN_POINT('',(222.,8.,25.));
#282395=CARTESIAN_POINT('',(222.,6.5,25.));
#282396=CARTESIAN_POINT('',(222.,6.5,64.));
#282397=CARTESIAN_POINT('',(222.,8.,64.));
#282398=CARTESIAN_POINT('',(223.5,8.,64.));
#282399=CARTESIAN_POINT('',(-2.04365760308433E-15,86.,40.));
#282400=CARTESIAN_POINT('',(-2.04365760308433E-15,5.,40.));
#282401=CARTESIAN_POINT('',(1.2261945618506E-15,5.,28.));
#282402=CARTESIAN_POINT('',(-1.22619456185059E-15,5.,37.));
#282403=CARTESIAN_POINT('',(-1.22619456185059E-15,86.,37.));
#282404=CARTESIAN_POINT('',(-1.2261945618506E-15,81.,37.));
#282405=CARTESIAN_POINT('',(2.04365760308433E-15,81.,25.));
#282406=CARTESIAN_POINT('',(1.2261945618506E-15,81.,28.));
#282407=CARTESIAN_POINT('',(1.2261945618506E-15,86.,28.));
#282408=CARTESIAN_POINT('',(220.,86.,25.));
#282409=CARTESIAN_POINT('',(220.,81.,40.));
#282410=CARTESIAN_POINT('',(220.,81.,28.));
#282411=CARTESIAN_POINT('',(220.,81.,37.));
#282412=CARTESIAN_POINT('',(220.,86.,37.));
#282413=CARTESIAN_POINT('',(220.,5.,37.));
#282414=CARTESIAN_POINT('',(220.,5.,25.));
#282415=CARTESIAN_POINT('',(220.,5.,28.));
#282416=CARTESIAN_POINT('',(220.,86.,28.));
#282417=CARTESIAN_POINT('',(220.,86.,40.));
#282418=CARTESIAN_POINT('',(220.,3.,40.));
#282419=CARTESIAN_POINT('',(5.,3.,40.));
#282420=CARTESIAN_POINT('',(215.,3.,40.));
#282421=CARTESIAN_POINT('',(215.,5.,40.));
#282422=CARTESIAN_POINT('',(217.,5.,40.));
#282423=CARTESIAN_POINT('',(217.,86.,40.));
#282424=CARTESIAN_POINT('',(217.,81.,40.));
#282425=CARTESIAN_POINT('',(215.,81.,40.));
#282426=CARTESIAN_POINT('',(215.,83.,40.));
#282427=CARTESIAN_POINT('',(5.,83.,40.));
#282428=CARTESIAN_POINT('',(5.,83.,40.));
#282429=CARTESIAN_POINT('',(5.,81.,40.));
#282430=CARTESIAN_POINT('',(3.,81.,40.));
#282431=CARTESIAN_POINT('',(3.,86.,40.));
#282432=CARTESIAN_POINT('',(3.,5.,40.));
#282433=CARTESIAN_POINT('',(5.,5.,40.));
#282434=CARTESIAN_POINT('',(0.,86.,0.));
#282435=CARTESIAN_POINT('',(5.,86.,40.));
#282436=CARTESIAN_POINT('',(5.,86.,28.));
#282437=CARTESIAN_POINT('',(5.,86.,37.));
#282438=CARTESIAN_POINT('',(215.,86.,37.));
#282439=CARTESIAN_POINT('',(215.,86.,37.));
#282440=CARTESIAN_POINT('',(215.,86.,25.));
#282441=CARTESIAN_POINT('',(215.,86.,28.));
#282442=CARTESIAN_POINT('',(5.,86.,28.));
#282443=CARTESIAN_POINT('',(0.,0.,0.));
#282444=CARTESIAN_POINT('',(215.,0.,0.));
#282445=CARTESIAN_POINT('',(215.,0.,28.));
#282446=CARTESIAN_POINT('',(215.,0.,37.));
#282447=CARTESIAN_POINT('',(-4.66798317171941E-15,0.,37.));
#282448=CARTESIAN_POINT('',(5.,0.,37.));
#282449=CARTESIAN_POINT('',(5.00000000000001,0.,1.36243840205622E-15));
#282450=CARTESIAN_POINT('',(5.,0.,28.));
#282451=CARTESIAN_POINT('',(0.,0.,28.));
#282452=CARTESIAN_POINT('',(215.,81.,25.));
#282453=CARTESIAN_POINT('',(215.,81.,37.));
#282454=CARTESIAN_POINT('',(215.,81.,28.));
#282455=CARTESIAN_POINT('',(5.,81.,40.));
#282456=CARTESIAN_POINT('',(5.,81.,37.));
#282457=CARTESIAN_POINT('',(5.,81.,28.));
#282458=CARTESIAN_POINT('',(215.,5.,0.));
#282459=CARTESIAN_POINT('',(215.,5.,37.));
#282460=CARTESIAN_POINT('',(215.,5.,28.));
#282461=CARTESIAN_POINT('',(5.00000000000001,5.,1.36243840205622E-15));
#282462=CARTESIAN_POINT('',(5.,5.,37.));
#282463=CARTESIAN_POINT('',(5.,5.,28.));
#282464=CARTESIAN_POINT('',(5.,81.,28.));
#282465=CARTESIAN_POINT('',(3.,81.,28.));
#282466=CARTESIAN_POINT('',(5.,83.,28.));
#282467=CARTESIAN_POINT('',(4.08731520616866E-15,83.,28.));
#282468=CARTESIAN_POINT('',(215.,83.,28.));
#282469=CARTESIAN_POINT('',(4.08731520616866E-15,83.,25.));
#282470=CARTESIAN_POINT('',(4.41257585791431E-15,83.,25.));
#282471=CARTESIAN_POINT('',(3.,86.,28.));
#282472=CARTESIAN_POINT('',(3.,86.,25.));
#282473=CARTESIAN_POINT('',(3.,5.,28.));
#282474=CARTESIAN_POINT('',(215.,81.,28.));
#282475=CARTESIAN_POINT('',(217.,81.,28.));
#282476=CARTESIAN_POINT('',(5.,5.,28.));
#282477=CARTESIAN_POINT('',(5.,3.,28.));
#282478=CARTESIAN_POINT('',(217.,86.,28.));
#282479=CARTESIAN_POINT('',(217.,5.,28.));
#282480=CARTESIAN_POINT('',(217.,86.,25.));
#282481=CARTESIAN_POINT('',(0.,3.,28.));
#282482=CARTESIAN_POINT('',(215.,3.,28.));
#282483=CARTESIAN_POINT('',(215.,5.,28.));
#282484=CARTESIAN_POINT('',(5.,81.,37.));
#282485=CARTESIAN_POINT('',(5.,83.,37.));
#282486=CARTESIAN_POINT('',(3.,81.,37.));
#282487=CARTESIAN_POINT('',(3.,86.,37.));
#282488=CARTESIAN_POINT('',(3.,5.,37.));
#282489=CARTESIAN_POINT('',(220.,83.,37.));
#282490=CARTESIAN_POINT('',(215.,83.,37.));
#282491=CARTESIAN_POINT('',(5.,5.,37.));
#282492=CARTESIAN_POINT('',(5.,3.,37.));
#282493=CARTESIAN_POINT('',(215.,81.,37.));
#282494=CARTESIAN_POINT('',(217.,81.,37.));
#282495=CARTESIAN_POINT('',(-4.66798317171941E-15,3.,37.));
#282496=CARTESIAN_POINT('',(215.,3.,37.));
#282497=CARTESIAN_POINT('',(217.,86.,37.));
#282498=CARTESIAN_POINT('',(217.,5.,37.));
#282499=CARTESIAN_POINT('',(215.,5.,37.));
#282500=CARTESIAN_POINT('',(-145.272893194714,6.5,23.7485465094638));
#282501=CARTESIAN_POINT('',(-2.,8.,23.7485465094638));
#282502=CARTESIAN_POINT('',(-2.,6.5,23.7485465094638));
#282503=CARTESIAN_POINT('',(13.5,264.772893194714,23.7485465094638));
#282504=CARTESIAN_POINT('',(13.5,88.,23.7485465094638));
#282505=CARTESIAN_POINT('',(15.,88.,23.7485465094638));
#282506=CARTESIAN_POINT('',(16.5,88.,23.7485465094638));
#282507=CARTESIAN_POINT('',(16.5,264.772893194714,23.7485465094638));
#282508=CARTESIAN_POINT('',(203.5,264.772893194714,23.7485465094638));
#282509=CARTESIAN_POINT('',(203.5,88.,23.7485465094638));
#282510=CARTESIAN_POINT('',(205.,88.,23.7485465094638));
#282511=CARTESIAN_POINT('',(206.5,88.,23.7485465094638));
#282512=CARTESIAN_POINT('',(206.5,264.772893194714,23.7485465094638));
#282513=CARTESIAN_POINT('',(-145.272893194714,6.5,23.7485465094638));
#282514=CARTESIAN_POINT('',(-145.272893194714,9.5,25.));
#282515=CARTESIAN_POINT('',(-2.,8.,25.));
#282516=CARTESIAN_POINT('',(-2.,6.5,25.));
#282517=CARTESIAN_POINT('',(-145.272893194714,6.5,25.));
#282518=CARTESIAN_POINT('',(-145.272893194714,6.5,25.));
#282519=CARTESIAN_POINT('',(-2.,6.5,64.));
#282520=CARTESIAN_POINT('',(365.272893194714,6.5,25.));
#282521=CARTESIAN_POINT('',(215.,88.,67.509809435893));
#282522=CARTESIAN_POINT('',(15.,88.,67.5098094358929));
#282523=CARTESIAN_POINT('',(15.,86.5,67.5098094358929));
#282524=CARTESIAN_POINT('',(15.,89.5,67.5098094358929));
#282525=CARTESIAN_POINT('',(15.,88.,67.5098094358929));
#282526=CARTESIAN_POINT('',(205.,88.,67.509809435893));
#282527=CARTESIAN_POINT('',(205.,86.5,67.509809435893));
#282528=CARTESIAN_POINT('',(205.,89.5,67.509809435893));
#282529=CARTESIAN_POINT('',(205.,88.,67.509809435893));
#282530=CARTESIAN_POINT('',(215.,88.,67.5098094358929));
#282531=CARTESIAN_POINT('',(215.,89.5,67.5098094358929));
#282532=CARTESIAN_POINT('',(4.99999999999999,88.,67.5098094358929));
#282533=CARTESIAN_POINT('',(4.99999999999999,89.5,67.5098094358929));
#282534=CARTESIAN_POINT('',(222.,8.,0.));
#282535=CARTESIAN_POINT('',(222.,11.5098094358929,64.));
#282536=CARTESIAN_POINT('',(222.,11.5098094358929,67.5098094358929));
#282537=CARTESIAN_POINT('',(223.5,11.5098094358929,67.5098094358929));
#282538=CARTESIAN_POINT('',(222.,81.,67.5098094358929));
#282539=CARTESIAN_POINT('',(222.,81.,67.5098094358929));
#282540=CARTESIAN_POINT('',(223.5,81.,67.5098094358929));
#282541=CARTESIAN_POINT('',(215.,81.,67.5098094358929));
#282542=CARTESIAN_POINT('',(-2.,8.,64.));
#282543=CARTESIAN_POINT('',(-2.,8.,0.));
#282544=CARTESIAN_POINT('',(-3.5,8.,0.));
#282545=CARTESIAN_POINT('',(-2.,8.,64.));
#282546=CARTESIAN_POINT('',(-3.5,8.,64.));
#282547=CARTESIAN_POINT('',(-2.,8.,0.));
#282548=CARTESIAN_POINT('',(-2.,11.5098094358929,64.));
#282549=CARTESIAN_POINT('',(-2.,11.5098094358929,67.5098094358929));
#282550=CARTESIAN_POINT('',(-3.5,11.5098094358929,67.5098094358929));
#282551=CARTESIAN_POINT('',(-2.,81.,67.5098094358929));
#282552=CARTESIAN_POINT('',(-2.,81.,67.5098094358929));
#282553=CARTESIAN_POINT('',(-3.5,81.,67.5098094358929));
#282554=CARTESIAN_POINT('',(5.,81.,67.5098094358929));
#282555=CARTESIAN_POINT('',(205.,88.,255.272893194714));
#282556=CARTESIAN_POINT('',(203.5,88.,255.272893194714));
#282557=CARTESIAN_POINT('',(203.5,88.,25.));
#282558=CARTESIAN_POINT('',(205.,88.,25.));
#282559=CARTESIAN_POINT('',(206.5,88.,25.));
#282560=CARTESIAN_POINT('',(206.5,88.,255.272893194714));
#282561=CARTESIAN_POINT('',(205.,88.,0.));
#282562=CARTESIAN_POINT('',(203.5,88.,0.));
#282563=CARTESIAN_POINT('',(205.,88.,0.));
#282564=CARTESIAN_POINT('',(15.,88.,255.272893194714));
#282565=CARTESIAN_POINT('',(15.,88.,25.));
#282566=CARTESIAN_POINT('',(13.5,88.,25.));
#282567=CARTESIAN_POINT('',(16.5,88.,25.));
#282568=CARTESIAN_POINT('',(16.5,88.,255.272893194714));
#282569=CARTESIAN_POINT('',(13.5,88.,255.272893194714));
#282570=CARTESIAN_POINT('',(15.,88.,0.));
#282571=CARTESIAN_POINT('',(16.5,88.,0.));
#282572=CARTESIAN_POINT('',(15.,88.,0.));
#282573=CARTESIAN_POINT('',(365.272893194714,9.5,25.));
#282574=CARTESIAN_POINT('',(203.5,264.772893194714,23.7485465094638));
#282575=CARTESIAN_POINT('',(203.5,264.772893194714,25.));
#282576=CARTESIAN_POINT('',(206.5,264.772893194714,25.));
#282577=CARTESIAN_POINT('',(206.5,264.772893194714,25.));
#282578=CARTESIAN_POINT('',(203.5,264.772893194714,25.));
#282579=CARTESIAN_POINT('',(16.5,264.772893194714,23.7485465094638));
#282580=CARTESIAN_POINT('',(16.5,264.772893194714,25.));
#282581=CARTESIAN_POINT('',(16.5,264.772893194714,25.));
#282582=CARTESIAN_POINT('',(13.5,264.772893194714,25.));
#282583=CARTESIAN_POINT('',(13.5,264.772893194714,25.));
#319203=UNCERTAINTY_MEASURE_WITH_UNIT(LENGTH_MEASURE(0.005),#319253, 'DISTANCE_ACCURACY_VALUE','Maximum Tolerance applied to model');
#319204=UNCERTAINTY_MEASURE_WITH_UNIT(LENGTH_MEASURE(0.005),#319253, 'DISTANCE_ACCURACY_VALUE','Maximum Tolerance applied to model');
#319205=UNCERTAINTY_MEASURE_WITH_UNIT(LENGTH_MEASURE(0.005),#319253, 'DISTANCE_ACCURACY_VALUE','Maximum Tolerance applied to model');
#319206=UNCERTAINTY_MEASURE_WITH_UNIT(LENGTH_MEASURE(0.005),#319253, 'DISTANCE_ACCURACY_VALUE','Maximum Tolerance applied to model');
#319207=UNCERTAINTY_MEASURE_WITH_UNIT(LENGTH_MEASURE(0.005),#319253, 'DISTANCE_ACCURACY_VALUE','Maximum Tolerance applied to model');
#319208=UNCERTAINTY_MEASURE_WITH_UNIT(LENGTH_MEASURE(0.005),#319253, 'DISTANCE_ACCURACY_VALUE','Maximum Tolerance applied to model');
#319209=UNCERTAINTY_MEASURE_WITH_UNIT(LENGTH_MEASURE(0.005),#319253, 'DISTANCE_ACCURACY_VALUE','Maximum Tolerance applied to model');
#319210=UNCERTAINTY_MEASURE_WITH_UNIT(LENGTH_MEASURE(0.005),#319253, 'DISTANCE_ACCURACY_VALUE','Maximum Tolerance applied to model');
#319211=UNCERTAINTY_MEASURE_WITH_UNIT(LENGTH_MEASURE(0.005),#319253, 'DISTANCE_ACCURACY_VALUE','Maximum Tolerance applied to model');
#319212=UNCERTAINTY_MEASURE_WITH_UNIT(LENGTH_MEASURE(0.005),#319253, 'DISTANCE_ACCURACY_VALUE','Maximum Tolerance applied to model');
#319213=UNCERTAINTY_MEASURE_WITH_UNIT(LENGTH_MEASURE(0.005),#319253, 'DISTANCE_ACCURACY_VALUE','Maximum Tolerance applied to model');
#319214=UNCERTAINTY_MEASURE_WITH_UNIT(LENGTH_MEASURE(0.005),#319253, 'DISTANCE_ACCURACY_VALUE','Maximum Tolerance applied to model');
#319215=UNCERTAINTY_MEASURE_WITH_UNIT(LENGTH_MEASURE(0.005),#319253, 'DISTANCE_ACCURACY_VALUE','Maximum Tolerance applied to model');
#319216=UNCERTAINTY_MEASURE_WITH_UNIT(LENGTH_MEASURE(0.005),#319253, 'DISTANCE_ACCURACY_VALUE','Maximum Tolerance applied to model');
#319217=UNCERTAINTY_MEASURE_WITH_UNIT(LENGTH_MEASURE(0.005),#319253, 'DISTANCE_ACCURACY_VALUE','Maximum Tolerance applied to model');
#319218=UNCERTAINTY_MEASURE_WITH_UNIT(LENGTH_MEASURE(0.005),#319253, 'DISTANCE_ACCURACY_VALUE','Maximum Tolerance applied to model');
#319219=UNCERTAINTY_MEASURE_WITH_UNIT(LENGTH_MEASURE(0.005),#319253, 'DISTANCE_ACCURACY_VALUE','Maximum Tolerance applied to model');
#319220=UNCERTAINTY_MEASURE_WITH_UNIT(LENGTH_MEASURE(0.005),#319253, 'DISTANCE_ACCURACY_VALUE','Maximum Tolerance applied to model');
#319221=UNCERTAINTY_MEASURE_WITH_UNIT(LENGTH_MEASURE(0.005),#319253, 'DISTANCE_ACCURACY_VALUE','Maximum Tolerance applied to model');
#319222=UNCERTAINTY_MEASURE_WITH_UNIT(LENGTH_MEASURE(0.005),#319253, 'DISTANCE_ACCURACY_VALUE','Maximum Tolerance applied to model');
#319223=UNCERTAINTY_MEASURE_WITH_UNIT(LENGTH_MEASURE(0.005),#319253, 'DISTANCE_ACCURACY_VALUE','Maximum Tolerance applied to model');
#319224=UNCERTAINTY_MEASURE_WITH_UNIT(LENGTH_MEASURE(0.005),#319253, 'DISTANCE_ACCURACY_VALUE','Maximum Tolerance applied to model');
#319225=UNCERTAINTY_MEASURE_WITH_UNIT(LENGTH_MEASURE(0.005),#319253, 'DISTANCE_ACCURACY_VALUE','Maximum Tolerance applied to model');
#319226=UNCERTAINTY_MEASURE_WITH_UNIT(LENGTH_MEASURE(0.005),#319253, 'DISTANCE_ACCURACY_VALUE','Maximum Tolerance applied to model');
#319227=UNCERTAINTY_MEASURE_WITH_UNIT(LENGTH_MEASURE(0.005),#319253, 'DISTANCE_ACCURACY_VALUE','Maximum Tolerance applied to model');
#319228=UNCERTAINTY_MEASURE_WITH_UNIT(LENGTH_MEASURE(0.005),#319253, 'DISTANCE_ACCURACY_VALUE','Maximum Tolerance applied to model');
#319229=UNCERTAINTY_MEASURE_WITH_UNIT(LENGTH_MEASURE(0.005),#319253, 'DISTANCE_ACCURACY_VALUE','Maximum Tolerance applied to model');
#319230=UNCERTAINTY_MEASURE_WITH_UNIT(LENGTH_MEASURE(0.005),#319253, 'DISTANCE_ACCURACY_VALUE','Maximum Tolerance applied to model');
#319231=UNCERTAINTY_MEASURE_WITH_UNIT(LENGTH_MEASURE(0.005),#319253, 'DISTANCE_ACCURACY_VALUE','Maximum Tolerance applied to model');
#319232=UNCERTAINTY_MEASURE_WITH_UNIT(LENGTH_MEASURE(0.005),#319253, 'DISTANCE_ACCURACY_VALUE','Maximum Tolerance applied to model');
#319233=UNCERTAINTY_MEASURE_WITH_UNIT(LENGTH_MEASURE(0.005),#319253, 'DISTANCE_ACCURACY_VALUE','Maximum Tolerance applied to model');
#319234=UNCERTAINTY_MEASURE_WITH_UNIT(LENGTH_MEASURE(0.005),#319253, 'DISTANCE_ACCURACY_VALUE','Maximum Tolerance applied to model');
#319235=UNCERTAINTY_MEASURE_WITH_UNIT(LENGTH_MEASURE(0.005),#319253, 'DISTANCE_ACCURACY_VALUE','Maximum Tolerance applied to model');
#319236=UNCERTAINTY_MEASURE_WITH_UNIT(LENGTH_MEASURE(0.005),#319253, 'DISTANCE_ACCURACY_VALUE','Maximum Tolerance applied to model');
#319237=UNCERTAINTY_MEASURE_WITH_UNIT(LENGTH_MEASURE(0.005),#319253, 'DISTANCE_ACCURACY_VALUE','Maximum Tolerance applied to model');
#319238=UNCERTAINTY_MEASURE_WITH_UNIT(LENGTH_MEASURE(0.005),#319253, 'DISTANCE_ACCURACY_VALUE','Maximum Tolerance applied to model');
#319239=UNCERTAINTY_MEASURE_WITH_UNIT(LENGTH_MEASURE(0.005),#319253, 'DISTANCE_ACCURACY_VALUE','Maximum Tolerance applied to model');
#319240=UNCERTAINTY_MEASURE_WITH_UNIT(LENGTH_MEASURE(0.005),#319253, 'DISTANCE_ACCURACY_VALUE','Maximum Tolerance applied to model');
#319241=UNCERTAINTY_MEASURE_WITH_UNIT(LENGTH_MEASURE(0.005),#319253, 'DISTANCE_ACCURACY_VALUE','Maximum Tolerance applied to model');
#319242=UNCERTAINTY_MEASURE_WITH_UNIT(LENGTH_MEASURE(0.005),#319253, 'DISTANCE_ACCURACY_VALUE','Maximum Tolerance applied to model');
#319243=UNCERTAINTY_MEASURE_WITH_UNIT(LENGTH_MEASURE(0.005),#319253, 'DISTANCE_ACCURACY_VALUE','Maximum Tolerance applied to model');
#319244=UNCERTAINTY_MEASURE_WITH_UNIT(LENGTH_MEASURE(0.005),#319253, 'DISTANCE_ACCURACY_VALUE','Maximum Tolerance applied to model');
#319245=UNCERTAINTY_MEASURE_WITH_UNIT(LENGTH_MEASURE(0.005),#319253, 'DISTANCE_ACCURACY_VALUE','Maximum Tolerance applied to model');
#319246=UNCERTAINTY_MEASURE_WITH_UNIT(LENGTH_MEASURE(0.005),#319253, 'DISTANCE_ACCURACY_VALUE','Maximum Tolerance applied to model');
#319247=UNCERTAINTY_MEASURE_WITH_UNIT(LENGTH_MEASURE(0.005),#319253, 'DISTANCE_ACCURACY_VALUE','Maximum Tolerance applied to model');
#319248=UNCERTAINTY_MEASURE_WITH_UNIT(LENGTH_MEASURE(0.005),#319253, 'DISTANCE_ACCURACY_VALUE','Maximum Tolerance applied to model');
#319249=UNCERTAINTY_MEASURE_WITH_UNIT(LENGTH_MEASURE(0.005),#319253, 'DISTANCE_ACCURACY_VALUE','Maximum Tolerance applied to model');
#319250=UNCERTAINTY_MEASURE_WITH_UNIT(LENGTH_MEASURE(0.005),#319253, 'DISTANCE_ACCURACY_VALUE','Maximum Tolerance applied to model');
#319281=PRODUCT_DEFINITION_SHAPE('','',#319375);
#319375=PRODUCT_DEFINITION('','',#319471,#319423);
#319408=PRODUCT_DEFINITION_CONTEXT('',#319697,'design');
#319409=PRODUCT_DEFINITION_CONTEXT('',#319697,'design');
#319410=PRODUCT_DEFINITION_CONTEXT('',#319697,'design');
#319411=PRODUCT_DEFINITION_CONTEXT('',#319697,'design');
#319412=PRODUCT_DEFINITION_CONTEXT('',#319697,'design');
#319413=PRODUCT_DEFINITION_CONTEXT('',#319697,'design');
#319414=PRODUCT_DEFINITION_CONTEXT('',#319697,'design');
#319415=PRODUCT_DEFINITION_CONTEXT('',#319697,'design');
#319416=PRODUCT_DEFINITION_CONTEXT('',#319697,'design');
#319417=PRODUCT_DEFINITION_CONTEXT('',#319697,'design');
#319418=PRODUCT_DEFINITION_CONTEXT('',#319697,'design');
#319419=PRODUCT_DEFINITION_CONTEXT('',#319697,'design');
#319420=PRODUCT_DEFINITION_CONTEXT('',#319697,'design');
#319421=PRODUCT_DEFINITION_CONTEXT('',#319697,'design');
#319422=PRODUCT_DEFINITION_CONTEXT('',#319697,'design');
#319423=PRODUCT_DEFINITION_CONTEXT('',#319697,'design');
#319424=PRODUCT_DEFINITION_CONTEXT('',#319697,'design');
#319425=PRODUCT_DEFINITION_CONTEXT('',#319697,'design');
#319426=PRODUCT_DEFINITION_CONTEXT('',#319697,'design');
#319427=PRODUCT_DEFINITION_CONTEXT('',#319697,'design');
#319428=PRODUCT_DEFINITION_CONTEXT('',#319697,'design');
#319429=PRODUCT_DEFINITION_CONTEXT('',#319697,'design');
#319430=PRODUCT_DEFINITION_CONTEXT('',#319697,'design');
#319431=PRODUCT_DEFINITION_CONTEXT('',#319697,'design');
#319432=PRODUCT_DEFINITION_CONTEXT('',#319697,'design');
#319433=PRODUCT_DEFINITION_CONTEXT('',#319697,'design');
#319434=PRODUCT_DEFINITION_CONTEXT('',#319697,'design');
#319435=PRODUCT_DEFINITION_CONTEXT('',#319697,'design');
#319436=PRODUCT_DEFINITION_CONTEXT('',#319697,'design');
#319437=PRODUCT_DEFINITION_CONTEXT('',#319697,'design');
#319438=PRODUCT_DEFINITION_CONTEXT('',#319697,'design');
#319439=PRODUCT_DEFINITION_CONTEXT('',#319697,'design');
#319440=PRODUCT_DEFINITION_CONTEXT('',#319697,'design');
#319441=PRODUCT_DEFINITION_CONTEXT('',#319697,'design');
#319442=PRODUCT_DEFINITION_CONTEXT('',#319697,'design');
#319443=PRODUCT_DEFINITION_CONTEXT('',#319697,'design');
#319444=PRODUCT_DEFINITION_CONTEXT('',#319697,'design');
#319445=PRODUCT_DEFINITION_CONTEXT('',#319697,'design');
#319446=PRODUCT_DEFINITION_CONTEXT('',#319697,'design');
#319447=PRODUCT_DEFINITION_CONTEXT('',#319697,'design');
#319448=PRODUCT_DEFINITION_CONTEXT('',#319697,'design');
#319449=PRODUCT_DEFINITION_CONTEXT('',#319697,'design');
#319450=PRODUCT_DEFINITION_CONTEXT('',#319697,'design');
#319451=PRODUCT_DEFINITION_CONTEXT('',#319697,'design');
#319452=PRODUCT_DEFINITION_CONTEXT('',#319697,'design');
#319453=PRODUCT_DEFINITION_CONTEXT('',#319697,'design');
#319454=PRODUCT_DEFINITION_CONTEXT('',#319697,'design');
#319455=PRODUCT_DEFINITION_CONTEXT('',#319697,'design');
#319471=PRODUCT_DEFINITION_FORMATION_WITH_SPECIFIED_SOURCE('','',#319567,  .NOT_KNOWN.);
#319567=PRODUCT('Sofa','Sofa','Sofa',(#319663));
#319648=PRODUCT_CONTEXT('',#319697,'mechanical');
#319649=PRODUCT_CONTEXT('',#319697,'mechanical');
#319650=PRODUCT_CONTEXT('',#319697,'mechanical');
#319651=PRODUCT_CONTEXT('',#319697,'mechanical');
#319652=PRODUCT_CONTEXT('',#319697,'mechanical');
#319653=PRODUCT_CONTEXT('',#319697,'mechanical');
#319654=PRODUCT_CONTEXT('',#319697,'mechanical');
#319655=PRODUCT_CONTEXT('',#319697,'mechanical');
#319656=PRODUCT_CONTEXT('',#319697,'mechanical');
#319657=PRODUCT_CONTEXT('',#319697,'mechanical');
#319658=PRODUCT_CONTEXT('',#319697,'mechanical');
#319659=PRODUCT_CONTEXT('',#319697,'mechanical');
#319660=PRODUCT_CONTEXT('',#319697,'mechanical');
#319661=PRODUCT_CONTEXT('',#319697,'mechanical');
#319662=PRODUCT_CONTEXT('',#319697,'mechanical');
#319663=PRODUCT_CONTEXT('',#319697,'mechanical');
#319664=PRODUCT_CONTEXT('',#319697,'mechanical');
#319665=PRODUCT_CONTEXT('',#319697,'mechanical');
#319666=PRODUCT_CONTEXT('',#319697,'mechanical');
#319667=PRODUCT_CONTEXT('',#319697,'mechanical');
#319668=PRODUCT_CONTEXT('',#319697,'mechanical');
#319669=PRODUCT_CONTEXT('',#319697,'mechanical');
#319670=PRODUCT_CONTEXT('',#319697,'mechanical');
#319671=PRODUCT_CONTEXT('',#319697,'mechanical');
#319672=PRODUCT_CONTEXT('',#319697,'mechanical');
#319673=PRODUCT_CONTEXT('',#319697,'mechanical');
#319674=PRODUCT_CONTEXT('',#319697,'mechanical');
#319675=PRODUCT_CONTEXT('',#319697,'mechanical');
#319676=PRODUCT_CONTEXT('',#319697,'mechanical');
#319677=PRODUCT_CONTEXT('',#319697,'mechanical');
#319678=PRODUCT_CONTEXT('',#319697,'mechanical');
#319679=PRODUCT_CONTEXT('',#319697,'mechanical');
#319680=PRODUCT_CONTEXT('',#319697,'mechanical');
#319681=PRODUCT_CONTEXT('',#319697,'mechanical');
#319682=PRODUCT_CONTEXT('',#319697,'mechanical');
#319683=PRODUCT_CONTEXT('',#319697,'mechanical');
#319684=PRODUCT_CONTEXT('',#319697,'mechanical');
#319685=PRODUCT_CONTEXT('',#319697,'mechanical');
#319686=PRODUCT_CONTEXT('',#319697,'mechanical');
#319687=PRODUCT_CONTEXT('',#319697,'mechanical');
#319688=PRODUCT_CONTEXT('',#319697,'mechanical');
#319689=PRODUCT_CONTEXT('',#319697,'mechanical');
#319690=PRODUCT_CONTEXT('',#319697,'mechanical');
#319691=PRODUCT_CONTEXT('',#319697,'mechanical');
#319692=PRODUCT_CONTEXT('',#319697,'mechanical');
#319693=PRODUCT_CONTEXT('',#319697,'mechanical');
#319694=PRODUCT_CONTEXT('',#319697,'mechanical');
#319695=PRODUCT_CONTEXT('',#319697,'mechanical');
#319696=APPLICATION_PROTOCOL_DEFINITION('international standard', 'automotive_design',2010,#319697);
#319697=APPLICATION_CONTEXT( 'core data for automotive mechanical design processes');
ENDSEC;
END-ISO-10303-21;
